solid OpenSCAD_Model
  facet normal -0.906305 0.422625 0
    outer loop
      vertex 43.8611 -21.3925 1.8
      vertex 44.581 -19.8487 4.5
      vertex 44.581 -19.8487 1.8
    endloop
  endfacet
  facet normal -0.906305 0.422625 0
    outer loop
      vertex 44.581 -19.8487 4.5
      vertex 43.8611 -21.3925 1.8
      vertex 43.8611 -21.3925 4.5
    endloop
  endfacet
  facet normal -0.974366 0.224967 0
    outer loop
      vertex 47.3504 -11.8058 1.8
      vertex 47.7336 -10.1461 4.5
      vertex 47.7336 -10.1461 1.8
    endloop
  endfacet
  facet normal -0.974366 0.224967 0
    outer loop
      vertex 47.7336 -10.1461 4.5
      vertex 47.3504 -11.8058 1.8
      vertex 47.3504 -11.8058 4.5
    endloop
  endfacet
  facet normal 0.891008 0.453987 0
    outer loop
      vertex -43.0878 -22.9102 4.5
      vertex -43.8611 -21.3925 1.8
      vertex -43.8611 -21.3925 4.5
    endloop
  endfacet
  facet normal 0.891008 0.453987 0
    outer loop
      vertex -43.8611 -21.3925 1.8
      vertex -43.0878 -22.9102 4.5
      vertex -43.0878 -22.9102 1.8
    endloop
  endfacet
  facet normal 0.358357 0.933584 -0
    outer loop
      vertex -16.6906 -45.857 1.8
      vertex -18.2808 -45.2466 4.5
      vertex -16.6906 -45.857 4.5
    endloop
  endfacet
  facet normal 0.358357 0.933584 0
    outer loop
      vertex -18.2808 -45.2466 4.5
      vertex -16.6906 -45.857 1.8
      vertex -18.2808 -45.2466 1.8
    endloop
  endfacet
  facet normal 0.601802 0.798645 -0
    outer loop
      vertex -28.6839 -39.48 1.8
      vertex -30.0443 -38.4549 4.5
      vertex -28.6839 -39.48 4.5
    endloop
  endfacet
  facet normal 0.601802 0.798645 0
    outer loop
      vertex -30.0443 -38.4549 4.5
      vertex -28.6839 -39.48 1.8
      vertex -30.0443 -38.4549 1.8
    endloop
  endfacet
  facet normal -0.998628 -0.0523672 0
    outer loop
      vertex 48.7703 1.7031 1.8
      vertex 48.6811 3.40412 4.5
      vertex 48.6811 3.40412 1.8
    endloop
  endfacet
  facet normal -0.998628 -0.0523672 0
    outer loop
      vertex 48.6811 3.40412 4.5
      vertex 48.7703 1.7031 1.8
      vertex 48.7703 1.7031 4.5
    endloop
  endfacet
  facet normal -0.857172 0.515031 0
    outer loop
      vertex 41.3847 -25.8601 1.8
      vertex 42.262 -24.4 4.5
      vertex 42.262 -24.4 1.8
    endloop
  endfacet
  facet normal -0.857172 0.515031 0
    outer loop
      vertex 42.262 -24.4 4.5
      vertex 41.3847 -25.8601 1.8
      vertex 41.3847 -25.8601 4.5
    endloop
  endfacet
  facet normal -0.190799 0.981629 0
    outer loop
      vertex 10.1461 -47.7336 1.8
      vertex 8.47403 -48.0586 4.5
      vertex 10.1461 -47.7336 4.5
    endloop
  endfacet
  facet normal -0.190799 0.981629 0
    outer loop
      vertex 8.47403 -48.0586 4.5
      vertex 10.1461 -47.7336 1.8
      vertex 8.47403 -48.0586 1.8
    endloop
  endfacet
  facet normal -0.0871226 0.996198 0
    outer loop
      vertex 5.10099 -48.5327 1.8
      vertex 3.40412 -48.6811 4.5
      vertex 5.10099 -48.5327 4.5
    endloop
  endfacet
  facet normal -0.0871226 0.996198 0
    outer loop
      vertex 3.40412 -48.6811 4.5
      vertex 5.10099 -48.5327 1.8
      vertex 3.40412 -48.6811 1.8
    endloop
  endfacet
  facet normal -0.629316 0.777149 0
    outer loop
      vertex 31.368 -37.383 1.8
      vertex 30.0443 -38.4549 4.5
      vertex 31.368 -37.383 4.5
    endloop
  endfacet
  facet normal -0.629316 0.777149 0
    outer loop
      vertex 30.0443 -38.4549 4.5
      vertex 31.368 -37.383 1.8
      vertex 30.0443 -38.4549 1.8
    endloop
  endfacet
  facet normal -0.453987 0.891008 0
    outer loop
      vertex 22.9102 -43.0878 1.8
      vertex 21.3925 -43.8611 4.5
      vertex 22.9102 -43.0878 4.5
    endloop
  endfacet
  facet normal -0.453987 0.891008 0
    outer loop
      vertex 21.3925 -43.8611 4.5
      vertex 22.9102 -43.0878 1.8
      vertex 21.3925 -43.8611 1.8
    endloop
  endfacet
  facet normal 0.974366 0.224967 0
    outer loop
      vertex -47.3504 -11.8058 4.5
      vertex -47.7336 -10.1461 1.8
      vertex -47.7336 -10.1461 4.5
    endloop
  endfacet
  facet normal 0.974366 0.224967 0
    outer loop
      vertex -47.7336 -10.1461 1.8
      vertex -47.3504 -11.8058 4.5
      vertex -47.3504 -11.8058 1.8
    endloop
  endfacet
  facet normal 0.992545 0.121877 0
    outer loop
      vertex -48.3251 -6.79165 4.5
      vertex -48.5327 -5.10099 1.8
      vertex -48.5327 -5.10099 4.5
    endloop
  endfacet
  facet normal 0.992545 0.121877 0
    outer loop
      vertex -48.5327 -5.10099 1.8
      vertex -48.3251 -6.79165 4.5
      vertex -48.3251 -6.79165 1.8
    endloop
  endfacet
  facet normal 0.754726 0.656041 0
    outer loop
      vertex -36.2655 -32.6536 4.5
      vertex -37.383 -31.368 1.8
      vertex -37.383 -31.368 4.5
    endloop
  endfacet
  facet normal 0.754726 0.656041 0
    outer loop
      vertex -37.383 -31.368 1.8
      vertex -36.2655 -32.6536 4.5
      vertex -36.2655 -32.6536 1.8
    endloop
  endfacet
  facet normal 0.874622 0.484805 0
    outer loop
      vertex -42.262 -24.4 4.5
      vertex -43.0878 -22.9102 1.8
      vertex -43.0878 -22.9102 4.5
    endloop
  endfacet
  facet normal 0.874622 0.484805 0
    outer loop
      vertex -43.0878 -22.9102 1.8
      vertex -42.262 -24.4 4.5
      vertex -42.262 -24.4 1.8
    endloop
  endfacet
  facet normal 0.121877 0.992545 -0
    outer loop
      vertex -5.10099 -48.5327 1.8
      vertex -6.79165 -48.3251 4.5
      vertex -5.10099 -48.5327 4.5
    endloop
  endfacet
  facet normal 0.121877 0.992545 0
    outer loop
      vertex -6.79165 -48.3251 4.5
      vertex -5.10099 -48.5327 1.8
      vertex -6.79165 -48.3251 1.8
    endloop
  endfacet
  facet normal 0.325582 0.945514 -0
    outer loop
      vertex -15.08 -46.4116 1.8
      vertex -16.6906 -45.857 4.5
      vertex -15.08 -46.4116 4.5
    endloop
  endfacet
  facet normal 0.325582 0.945514 0
    outer loop
      vertex -16.6906 -45.857 4.5
      vertex -15.08 -46.4116 1.8
      vertex -16.6906 -45.857 1.8
    endloop
  endfacet
  facet normal 0.484805 0.874622 -0
    outer loop
      vertex -22.9102 -43.0878 1.8
      vertex -24.4 -42.262 4.5
      vertex -22.9102 -43.0878 4.5
    endloop
  endfacet
  facet normal 0.484805 0.874622 0
    outer loop
      vertex -24.4 -42.262 4.5
      vertex -22.9102 -43.0878 1.8
      vertex -24.4 -42.262 1.8
    endloop
  endfacet
  facet normal -0.838665 -0.544648 0
    outer loop
      vertex 41.3847 25.8601 1.8
      vertex 40.457 27.2886 4.5
      vertex 40.457 27.2886 1.8
    endloop
  endfacet
  facet normal -0.838665 -0.544648 0
    outer loop
      vertex 40.457 27.2886 4.5
      vertex 41.3847 25.8601 1.8
      vertex 41.3847 25.8601 4.5
    endloop
  endfacet
  facet normal 0.974366 -0.224967 0
    outer loop
      vertex -47.7336 10.1461 4.5
      vertex -47.3504 11.8058 1.8
      vertex -47.3504 11.8058 4.5
    endloop
  endfacet
  facet normal 0.974366 -0.224967 0
    outer loop
      vertex -47.3504 11.8058 1.8
      vertex -47.7336 10.1461 4.5
      vertex -47.7336 10.1461 1.8
    endloop
  endfacet
  facet normal -0.0523672 -0.998628 0
    outer loop
      vertex 1.7031 48.7703 1.8
      vertex 3.40412 48.6811 4.5
      vertex 1.7031 48.7703 4.5
    endloop
  endfacet
  facet normal -0.0523672 -0.998628 -0
    outer loop
      vertex 3.40412 48.6811 4.5
      vertex 1.7031 48.7703 1.8
      vertex 3.40412 48.6811 1.8
    endloop
  endfacet
  facet normal -0.998628 0.0523672 0
    outer loop
      vertex 48.6811 -3.40412 1.8
      vertex 48.7703 -1.7031 4.5
      vertex 48.7703 -1.7031 1.8
    endloop
  endfacet
  facet normal -0.998628 0.0523672 0
    outer loop
      vertex 48.7703 -1.7031 4.5
      vertex 48.6811 -3.40412 1.8
      vertex 48.6811 -3.40412 4.5
    endloop
  endfacet
  facet normal -0.945514 0.325582 0
    outer loop
      vertex 45.857 -16.6906 1.8
      vertex 46.4116 -15.08 4.5
      vertex 46.4116 -15.08 1.8
    endloop
  endfacet
  facet normal -0.945514 0.325582 0
    outer loop
      vertex 46.4116 -15.08 4.5
      vertex 45.857 -16.6906 1.8
      vertex 45.857 -16.6906 4.5
    endloop
  endfacet
  facet normal -0.707107 0.707107 0
    outer loop
      vertex 33.8993 -35.1038 1.8
      vertex 35.1038 -33.8993 4.5
      vertex 35.1038 -33.8993 1.8
    endloop
  endfacet
  facet normal -0.707107 0.707107 0
    outer loop
      vertex 35.1038 -33.8993 4.5
      vertex 33.8993 -35.1038 1.8
      vertex 33.8993 -35.1038 4.5
    endloop
  endfacet
  facet normal -0.891008 0.453987 0
    outer loop
      vertex 43.0878 -22.9102 1.8
      vertex 43.8611 -21.3925 4.5
      vertex 43.8611 -21.3925 1.8
    endloop
  endfacet
  facet normal -0.891008 0.453987 0
    outer loop
      vertex 43.8611 -21.3925 4.5
      vertex 43.0878 -22.9102 1.8
      vertex 43.0878 -22.9102 4.5
    endloop
  endfacet
  facet normal -0.819152 0.573577 0
    outer loop
      vertex 39.48 -28.6839 1.8
      vertex 40.457 -27.2886 4.5
      vertex 40.457 -27.2886 1.8
    endloop
  endfacet
  facet normal -0.819152 0.573577 0
    outer loop
      vertex 40.457 -27.2886 4.5
      vertex 39.48 -28.6839 1.8
      vertex 39.48 -28.6839 4.5
    endloop
  endfacet
  facet normal -0.798645 0.601802 0
    outer loop
      vertex 38.4549 -30.0443 1.8
      vertex 39.48 -28.6839 4.5
      vertex 39.48 -28.6839 1.8
    endloop
  endfacet
  facet normal -0.798645 0.601802 0
    outer loop
      vertex 39.48 -28.6839 4.5
      vertex 38.4549 -30.0443 1.8
      vertex 38.4549 -30.0443 4.5
    endloop
  endfacet
  facet normal -0.777149 0.629316 0
    outer loop
      vertex 37.383 -31.368 1.8
      vertex 38.4549 -30.0443 4.5
      vertex 38.4549 -30.0443 1.8
    endloop
  endfacet
  facet normal -0.777149 0.629316 0
    outer loop
      vertex 38.4549 -30.0443 4.5
      vertex 37.383 -31.368 1.8
      vertex 37.383 -31.368 4.5
    endloop
  endfacet
  facet normal -0.731334 0.682019 0
    outer loop
      vertex 35.1038 -33.8993 1.8
      vertex 36.2655 -32.6536 4.5
      vertex 36.2655 -32.6536 1.8
    endloop
  endfacet
  facet normal -0.731334 0.682019 0
    outer loop
      vertex 36.2655 -32.6536 4.5
      vertex 35.1038 -33.8993 1.8
      vertex 35.1038 -33.8993 4.5
    endloop
  endfacet
  facet normal -0.0174361 0.999848 0
    outer loop
      vertex 1.7031 -48.7703 1.8
      vertex 0 -48.8 4.5
      vertex 1.7031 -48.7703 4.5
    endloop
  endfacet
  facet normal -0.0174361 0.999848 0
    outer loop
      vertex 0 -48.8 4.5
      vertex 1.7031 -48.7703 1.8
      vertex 0 -48.8 1.8
    endloop
  endfacet
  facet normal -0.258788 0.965934 0
    outer loop
      vertex 13.4511 -46.9096 1.8
      vertex 11.8058 -47.3504 4.5
      vertex 13.4511 -46.9096 4.5
    endloop
  endfacet
  facet normal -0.258788 0.965934 0
    outer loop
      vertex 11.8058 -47.3504 4.5
      vertex 13.4511 -46.9096 1.8
      vertex 11.8058 -47.3504 1.8
    endloop
  endfacet
  facet normal -0.224967 0.974366 0
    outer loop
      vertex 11.8058 -47.3504 1.8
      vertex 10.1461 -47.7336 4.5
      vertex 11.8058 -47.3504 4.5
    endloop
  endfacet
  facet normal -0.224967 0.974366 0
    outer loop
      vertex 10.1461 -47.7336 4.5
      vertex 11.8058 -47.3504 1.8
      vertex 10.1461 -47.7336 1.8
    endloop
  endfacet
  facet normal -0.156456 0.987685 0
    outer loop
      vertex 8.47403 -48.0586 1.8
      vertex 6.79165 -48.3251 4.5
      vertex 8.47403 -48.0586 4.5
    endloop
  endfacet
  facet normal -0.156456 0.987685 0
    outer loop
      vertex 6.79165 -48.3251 4.5
      vertex 8.47403 -48.0586 1.8
      vertex 6.79165 -48.3251 1.8
    endloop
  endfacet
  facet normal -0.358357 0.933584 0
    outer loop
      vertex 18.2808 -45.2466 1.8
      vertex 16.6906 -45.857 4.5
      vertex 18.2808 -45.2466 4.5
    endloop
  endfacet
  facet normal -0.358357 0.933584 0
    outer loop
      vertex 16.6906 -45.857 4.5
      vertex 18.2808 -45.2466 1.8
      vertex 16.6906 -45.857 1.8
    endloop
  endfacet
  facet normal -0.515031 0.857172 -0.000285687
    outer loop
      vertex 24.7212 -42.0691 4.22162
      vertex 24.4 -42.262 4.5
      vertex 25.8601 -41.3847 4.5
    endloop
  endfacet
  facet normal -0.515132 0.857111 0
    outer loop
      vertex 24.4 -42.262 4.5
      vertex 24.5386 -42.1787 4.27871
      vertex 24.4 -42.262 4.3
    endloop
  endfacet
  facet normal -0.514132 0.857711 0.000852193
    outer loop
      vertex 24.4 -42.262 4.5
      vertex 24.633 -42.1221 4.26422
      vertex 24.5386 -42.1787 4.27871
    endloop
  endfacet
  facet normal -0.515342 0.856984 -0.000774203
    outer loop
      vertex 24.4 -42.262 4.5
      vertex 24.7212 -42.0691 4.22162
      vertex 24.633 -42.1221 4.26422
    endloop
  endfacet
  facet normal -0.515148 0.857101 0.000365787
    outer loop
      vertex 25.8601 -41.3847 4.5
      vertex 24.8501 -41.9916 4.15933
      vertex 24.7212 -42.0691 4.22162
    endloop
  endfacet
  facet normal -0.514997 0.857192 -0.000241761
    outer loop
      vertex 25.8601 -41.3847 4.5
      vertex 24.9605 -41.9253 4.0605
      vertex 24.8501 -41.9916 4.15933
    endloop
  endfacet
  facet normal -0.515169 0.857089 0.000236624
    outer loop
      vertex 25.8601 -41.3847 4.5
      vertex 25.0365 -41.8796 3.99246
      vertex 24.9605 -41.9253 4.0605
    endloop
  endfacet
  facet normal -0.515076 0.857144 3.20413e-05
    outer loop
      vertex 25.8601 -41.3847 4.5
      vertex 25.1796 -41.7936 3.775
      vertex 25.0365 -41.8796 3.99246
    endloop
  endfacet
  facet normal -0.514993 0.857194 -7.46591e-05
    outer loop
      vertex 25.8601 -41.3847 4.5
      vertex 25.2164 -41.7715 3.6713
      vertex 25.1796 -41.7936 3.775
    endloop
  endfacet
  facet normal -0.515034 0.85717 -3.08614e-05
    outer loop
      vertex 25.8601 -41.3847 4.5
      vertex 25.2695 -41.7396 3.52176
      vertex 25.2164 -41.7715 3.6713
    endloop
  endfacet
  facet normal -0.515296 0.857012 0.000184526
    outer loop
      vertex 25.8601 -41.3847 4.5
      vertex 25.2821 -41.732 3.41036
      vertex 25.2695 -41.7396 3.52176
    endloop
  endfacet
  facet normal -0.514579 0.857443 -0.000333563
    outer loop
      vertex 25.8601 -41.3847 4.5
      vertex 25.3002 -41.7212 3.25
      vertex 25.2821 -41.732 3.41036
    endloop
  endfacet
  facet normal -0.515126 0.857114 0
    outer loop
      vertex 25.8601 -41.3847 1.8
      vertex 25.3002 -41.7212 3.25
      vertex 25.8601 -41.3847 4.5
    endloop
  endfacet
  facet normal -0.514511 0.857484 0.000323171
    outer loop
      vertex 25.3002 -41.7212 3.25
      vertex 25.8601 -41.3847 1.8
      vertex 25.2821 -41.732 3.08964
    endloop
  endfacet
  facet normal -0.515334 0.856989 -0.000178755
    outer loop
      vertex 25.2821 -41.732 3.08964
      vertex 25.8601 -41.3847 1.8
      vertex 25.2695 -41.7396 2.97824
    endloop
  endfacet
  facet normal -0.51503 0.857172 2.86893e-05
    outer loop
      vertex 25.2695 -41.7396 2.97824
      vertex 25.8601 -41.3847 1.8
      vertex 25.2164 -41.7715 2.8287
    endloop
  endfacet
  facet normal -0.515191 0.857076 -0.000203867
    outer loop
      vertex 25.8601 -41.3847 1.8
      vertex 24.9605 -41.9253 2.4395
      vertex 25.0365 -41.8796 2.50754
    endloop
  endfacet
  facet normal -0.51418 0.857682 -0.000426099
    outer loop
      vertex 24.4 -42.262 1.8
      vertex 24.5386 -42.1787 2.22129
      vertex 24.633 -42.1221 2.23578
    endloop
  endfacet
  facet normal -0.514982 0.857201 6.94068e-05
    outer loop
      vertex 25.2164 -41.7715 2.8287
      vertex 25.8601 -41.3847 1.8
      vertex 25.1796 -41.7936 2.725
    endloop
  endfacet
  facet normal -0.51508 0.857142 -2.87702e-05
    outer loop
      vertex 25.8601 -41.3847 1.8
      vertex 25.0365 -41.8796 2.50754
      vertex 25.1796 -41.7936 2.725
    endloop
  endfacet
  facet normal -0.514975 0.857205 0.000208298
    outer loop
      vertex 24.9605 -41.9253 2.4395
      vertex 25.8601 -41.3847 1.8
      vertex 24.8501 -41.9916 2.34067
    endloop
  endfacet
  facet normal -0.515031 0.857172 6.69835e-05
    outer loop
      vertex 24.4 -42.262 1.8
      vertex 24.8501 -41.9916 2.34067
      vertex 25.8601 -41.3847 1.8
    endloop
  endfacet
  facet normal -0.515483 0.856899 0.000579897
    outer loop
      vertex 24.8501 -41.9916 2.34067
      vertex 24.4 -42.262 1.8
      vertex 24.7212 -42.0691 2.27838
    endloop
  endfacet
  facet normal -0.515172 0.857087 0.000295215
    outer loop
      vertex 24.7212 -42.0691 2.27838
      vertex 24.4 -42.262 1.8
      vertex 24.633 -42.1221 2.23578
    endloop
  endfacet
  facet normal -0.515132 0.857111 0
    outer loop
      vertex 24.5386 -42.1787 2.22129
      vertex 24.4 -42.262 1.8
      vertex 24.4 -42.262 2.2
    endloop
  endfacet
  facet normal -0.682019 0.731334 0
    outer loop
      vertex 33.8993 -35.1038 1.8
      vertex 32.6536 -36.2655 4.5
      vertex 33.8993 -35.1038 4.5
    endloop
  endfacet
  facet normal -0.682019 0.731334 0
    outer loop
      vertex 32.6536 -36.2655 4.5
      vertex 33.8993 -35.1038 1.8
      vertex 32.6536 -36.2655 1.8
    endloop
  endfacet
  facet normal -0.601802 0.798645 0
    outer loop
      vertex 30.0443 -38.4549 1.8
      vertex 28.6839 -39.48 4.5
      vertex 30.0443 -38.4549 4.5
    endloop
  endfacet
  facet normal -0.601802 0.798645 0
    outer loop
      vertex 28.6839 -39.48 4.5
      vertex 30.0443 -38.4549 1.8
      vertex 28.6839 -39.48 1.8
    endloop
  endfacet
  facet normal 0.99985 0.0172921 0
    outer loop
      vertex -48.8 0 4.5
      vertex -48.7953 -0.27176 4.26422
      vertex -48.8 0 4.3
    endloop
  endfacet
  facet normal 0.999834 0.0182006 -0.00104751
    outer loop
      vertex -48.8 0 4.5
      vertex -48.7908 -0.525 4.15933
      vertex -48.7953 -0.27176 4.26422
    endloop
  endfacet
  facet normal 0.99985 0.0173145 -7.21367e-05
    outer loop
      vertex -48.7823 -1.01422 3.52176
      vertex -48.7703 -1.7031 4.5
      vertex -48.7817 -1.05 3.25
    endloop
  endfacet
  facet normal 0.99985 0.017321 -6.75992e-05
    outer loop
      vertex -48.7841 -0.909327 3.775
      vertex -48.7703 -1.7031 4.5
      vertex -48.7823 -1.01422 3.52176
    endloop
  endfacet
  facet normal 0.999849 0.0173802 -2.75545e-06
    outer loop
      vertex -48.787 -0.742461 3.99246
      vertex -48.7703 -1.7031 4.5
      vertex -48.7841 -0.909327 3.775
    endloop
  endfacet
  facet normal 0.999848 0.0174184 6.95552e-05
    outer loop
      vertex -48.7908 -0.525 4.15933
      vertex -48.7703 -1.7031 4.5
      vertex -48.787 -0.742461 3.99246
    endloop
  endfacet
  facet normal 0.999848 0.0174361 0.000131005
    outer loop
      vertex -48.7703 -1.7031 4.5
      vertex -48.7908 -0.525 4.15933
      vertex -48.8 0 4.5
    endloop
  endfacet
  facet normal 0.99985 0.0172921 0
    outer loop
      vertex -48.7953 -0.27176 2.23578
      vertex -48.8 0 1.8
      vertex -48.8 0 2.2
    endloop
  endfacet
  facet normal 0.999839 0.0179322 0.000399339
    outer loop
      vertex -48.7908 -0.525 2.34067
      vertex -48.8 0 1.8
      vertex -48.7953 -0.27176 2.23578
    endloop
  endfacet
  facet normal 0.999848 0.0174258 -5.99261e-05
    outer loop
      vertex -48.7703 -1.7031 1.8
      vertex -48.7908 -0.525 2.34067
      vertex -48.787 -0.742461 2.50754
    endloop
  endfacet
  facet normal 0.999848 0.0174526 -0
    outer loop
      vertex -48.7703 -1.7031 1.8
      vertex -48.7817 -1.05 3.25
      vertex -48.7703 -1.7031 4.5
    endloop
  endfacet
  facet normal 0.99985 0.0172974 6.98861e-05
    outer loop
      vertex -48.7817 -1.05 3.25
      vertex -48.7703 -1.7031 1.8
      vertex -48.7823 -1.01422 2.97824
    endloop
  endfacet
  facet normal 0.999848 0.0174361 -8.25447e-05
    outer loop
      vertex -48.7908 -0.525 2.34067
      vertex -48.7703 -1.7031 1.8
      vertex -48.8 0 1.8
    endloop
  endfacet
  facet normal 0.999849 0.0173798 2.4742e-06
    outer loop
      vertex -48.7841 -0.909327 2.725
      vertex -48.7703 -1.7031 1.8
      vertex -48.787 -0.742461 2.50754
    endloop
  endfacet
  facet normal 0.99985 0.0173095 6.2841e-05
    outer loop
      vertex -48.7823 -1.01422 2.97824
      vertex -48.7703 -1.7031 1.8
      vertex -48.7841 -0.909327 2.725
    endloop
  endfacet
  facet normal 0.998628 0.0523672 0
    outer loop
      vertex -48.6811 -3.40412 4.5
      vertex -48.7703 -1.7031 1.8
      vertex -48.7703 -1.7031 4.5
    endloop
  endfacet
  facet normal 0.998628 0.0523672 0
    outer loop
      vertex -48.7703 -1.7031 1.8
      vertex -48.6811 -3.40412 4.5
      vertex -48.6811 -3.40412 1.8
    endloop
  endfacet
  facet normal 0.933584 0.358357 0
    outer loop
      vertex -45.2466 -18.2808 4.5
      vertex -45.857 -16.6906 1.8
      vertex -45.857 -16.6906 4.5
    endloop
  endfacet
  facet normal 0.933584 0.358357 0
    outer loop
      vertex -45.857 -16.6906 1.8
      vertex -45.2466 -18.2808 4.5
      vertex -45.2466 -18.2808 1.8
    endloop
  endfacet
  facet normal 0.956306 0.292369 0
    outer loop
      vertex -46.4116 -15.08 4.5
      vertex -46.9096 -13.4511 1.8
      vertex -46.9096 -13.4511 4.5
    endloop
  endfacet
  facet normal 0.956306 0.292369 0
    outer loop
      vertex -46.9096 -13.4511 1.8
      vertex -46.4116 -15.08 4.5
      vertex -46.4116 -15.08 1.8
    endloop
  endfacet
  facet normal 0.965934 0.258788 0
    outer loop
      vertex -46.9096 -13.4511 4.5
      vertex -47.3504 -11.8058 1.8
      vertex -47.3504 -11.8058 4.5
    endloop
  endfacet
  facet normal 0.965934 0.258788 0
    outer loop
      vertex -47.3504 -11.8058 1.8
      vertex -46.9096 -13.4511 4.5
      vertex -46.9096 -13.4511 1.8
    endloop
  endfacet
  facet normal 0.981629 0.190799 0
    outer loop
      vertex -47.7336 -10.1461 4.5
      vertex -48.0586 -8.47403 1.8
      vertex -48.0586 -8.47403 4.5
    endloop
  endfacet
  facet normal 0.981629 0.190799 0
    outer loop
      vertex -48.0586 -8.47403 1.8
      vertex -47.7336 -10.1461 4.5
      vertex -47.7336 -10.1461 1.8
    endloop
  endfacet
  facet normal 0.920491 0.390764 0
    outer loop
      vertex -44.581 -19.8487 4.5
      vertex -45.2466 -18.2808 1.8
      vertex -45.2466 -18.2808 4.5
    endloop
  endfacet
  facet normal 0.920491 0.390764 0
    outer loop
      vertex -45.2466 -18.2808 1.8
      vertex -44.581 -19.8487 4.5
      vertex -44.581 -19.8487 1.8
    endloop
  endfacet
  facet normal 0.838665 0.544648 0
    outer loop
      vertex -40.457 -27.2886 4.5
      vertex -41.3847 -25.8601 1.8
      vertex -41.3847 -25.8601 4.5
    endloop
  endfacet
  facet normal 0.838665 0.544648 0
    outer loop
      vertex -41.3847 -25.8601 1.8
      vertex -40.457 -27.2886 4.5
      vertex -40.457 -27.2886 1.8
    endloop
  endfacet
  facet normal 0.731334 0.682019 0
    outer loop
      vertex -35.1038 -33.8993 4.5
      vertex -36.2655 -32.6536 1.8
      vertex -36.2655 -32.6536 4.5
    endloop
  endfacet
  facet normal 0.731334 0.682019 0
    outer loop
      vertex -36.2655 -32.6536 1.8
      vertex -35.1038 -33.8993 4.5
      vertex -35.1038 -33.8993 1.8
    endloop
  endfacet
  facet normal 0.819152 0.573577 0
    outer loop
      vertex -39.48 -28.6839 4.5
      vertex -40.457 -27.2886 1.8
      vertex -40.457 -27.2886 4.5
    endloop
  endfacet
  facet normal 0.819152 0.573577 0
    outer loop
      vertex -40.457 -27.2886 1.8
      vertex -39.48 -28.6839 4.5
      vertex -39.48 -28.6839 1.8
    endloop
  endfacet
  facet normal 0.390764 0.920491 -0
    outer loop
      vertex -18.2808 -45.2466 1.8
      vertex -19.8487 -44.581 4.5
      vertex -18.2808 -45.2466 4.5
    endloop
  endfacet
  facet normal 0.390764 0.920491 0
    outer loop
      vertex -19.8487 -44.581 4.5
      vertex -18.2808 -45.2466 1.8
      vertex -19.8487 -44.581 1.8
    endloop
  endfacet
  facet normal 0.258788 0.965934 -0
    outer loop
      vertex -11.8058 -47.3504 1.8
      vertex -13.4511 -46.9096 4.5
      vertex -11.8058 -47.3504 4.5
    endloop
  endfacet
  facet normal 0.258788 0.965934 0
    outer loop
      vertex -13.4511 -46.9096 4.5
      vertex -11.8058 -47.3504 1.8
      vertex -13.4511 -46.9096 1.8
    endloop
  endfacet
  facet normal 0.0523672 0.998628 -0
    outer loop
      vertex -1.7031 -48.7703 1.8
      vertex -3.40412 -48.6811 4.5
      vertex -1.7031 -48.7703 4.5
    endloop
  endfacet
  facet normal 0.0523672 0.998628 0
    outer loop
      vertex -3.40412 -48.6811 4.5
      vertex -1.7031 -48.7703 1.8
      vertex -3.40412 -48.6811 1.8
    endloop
  endfacet
  facet normal 0.224967 0.974366 -0
    outer loop
      vertex -10.1461 -47.7336 1.8
      vertex -11.8058 -47.3504 4.5
      vertex -10.1461 -47.7336 4.5
    endloop
  endfacet
  facet normal 0.224967 0.974366 0
    outer loop
      vertex -11.8058 -47.3504 4.5
      vertex -10.1461 -47.7336 1.8
      vertex -11.8058 -47.3504 1.8
    endloop
  endfacet
  facet normal 0.422625 0.906305 -0
    outer loop
      vertex -19.8487 -44.581 1.8
      vertex -21.3925 -43.8611 4.5
      vertex -19.8487 -44.581 4.5
    endloop
  endfacet
  facet normal 0.422625 0.906305 0
    outer loop
      vertex -21.3925 -43.8611 4.5
      vertex -19.8487 -44.581 1.8
      vertex -21.3925 -43.8611 1.8
    endloop
  endfacet
  facet normal 0.573577 0.819152 -0
    outer loop
      vertex -27.2886 -40.457 1.8
      vertex -28.6839 -39.48 4.5
      vertex -27.2886 -40.457 4.5
    endloop
  endfacet
  facet normal 0.573577 0.819152 0
    outer loop
      vertex -28.6839 -39.48 4.5
      vertex -27.2886 -40.457 1.8
      vertex -28.6839 -39.48 1.8
    endloop
  endfacet
  facet normal 0.629316 0.777149 -0
    outer loop
      vertex -30.0443 -38.4549 1.8
      vertex -31.368 -37.383 4.5
      vertex -30.0443 -38.4549 4.5
    endloop
  endfacet
  facet normal 0.629316 0.777149 0
    outer loop
      vertex -31.368 -37.383 4.5
      vertex -30.0443 -38.4549 1.8
      vertex -31.368 -37.383 1.8
    endloop
  endfacet
  facet normal 0.707107 0.707107 0
    outer loop
      vertex -33.8993 -35.1038 4.5
      vertex -35.1038 -33.8993 1.8
      vertex -35.1038 -33.8993 4.5
    endloop
  endfacet
  facet normal 0.707107 0.707107 0
    outer loop
      vertex -35.1038 -33.8993 1.8
      vertex -33.8993 -35.1038 4.5
      vertex -33.8993 -35.1038 1.8
    endloop
  endfacet
  facet normal 0.682019 0.731334 -0
    outer loop
      vertex -32.6536 -36.2655 1.8
      vertex -33.8993 -35.1038 4.5
      vertex -32.6536 -36.2655 4.5
    endloop
  endfacet
  facet normal 0.682019 0.731334 0
    outer loop
      vertex -33.8993 -35.1038 4.5
      vertex -32.6536 -36.2655 1.8
      vertex -33.8993 -35.1038 1.8
    endloop
  endfacet
  facet normal -0.999847 0.0174889 0
    outer loop
      vertex 48.7703 -1.7031 1.8
      vertex 48.7791 -1.2 4.5
      vertex 48.7791 -1.2 1.8
    endloop
  endfacet
  facet normal -0.999847 0.0174889 0
    outer loop
      vertex 48.7791 -1.2 4.5
      vertex 48.7703 -1.7031 1.8
      vertex 48.7703 -1.7031 4.5
    endloop
  endfacet
  facet normal -0.996198 -0.0871226 0
    outer loop
      vertex 48.6811 3.40412 1.8
      vertex 48.5327 5.10099 4.5
      vertex 48.5327 5.10099 1.8
    endloop
  endfacet
  facet normal -0.996198 -0.0871226 0
    outer loop
      vertex 48.5327 5.10099 4.5
      vertex 48.6811 3.40412 1.8
      vertex 48.6811 3.40412 4.5
    endloop
  endfacet
  facet normal -0.933584 -0.358357 0
    outer loop
      vertex 45.857 16.6906 1.8
      vertex 45.2466 18.2808 4.5
      vertex 45.2466 18.2808 1.8
    endloop
  endfacet
  facet normal -0.933584 -0.358357 0
    outer loop
      vertex 45.2466 18.2808 4.5
      vertex 45.857 16.6906 1.8
      vertex 45.857 16.6906 4.5
    endloop
  endfacet
  facet normal -0.974366 -0.224967 0
    outer loop
      vertex 47.7336 10.1461 1.8
      vertex 47.3504 11.8058 4.5
      vertex 47.3504 11.8058 1.8
    endloop
  endfacet
  facet normal -0.974366 -0.224967 0
    outer loop
      vertex 47.3504 11.8058 4.5
      vertex 47.7336 10.1461 1.8
      vertex 47.7336 10.1461 4.5
    endloop
  endfacet
  facet normal 0.992545 -0.121877 0
    outer loop
      vertex -48.5327 5.10099 4.5
      vertex -48.3251 6.79165 1.8
      vertex -48.3251 6.79165 4.5
    endloop
  endfacet
  facet normal 0.992545 -0.121877 0
    outer loop
      vertex -48.3251 6.79165 1.8
      vertex -48.5327 5.10099 4.5
      vertex -48.5327 5.10099 1.8
    endloop
  endfacet
  facet normal -0.390764 -0.920491 0
    outer loop
      vertex 18.2808 45.2466 1.8
      vertex 19.8487 44.581 4.5
      vertex 18.2808 45.2466 4.5
    endloop
  endfacet
  facet normal -0.390764 -0.920491 -0
    outer loop
      vertex 19.8487 44.581 4.5
      vertex 18.2808 45.2466 1.8
      vertex 19.8487 44.581 1.8
    endloop
  endfacet
  facet normal -0.325582 -0.945514 0
    outer loop
      vertex 15.08 46.4116 1.8
      vertex 16.6906 45.857 4.5
      vertex 15.08 46.4116 4.5
    endloop
  endfacet
  facet normal -0.325582 -0.945514 -0
    outer loop
      vertex 16.6906 45.857 4.5
      vertex 15.08 46.4116 1.8
      vertex 16.6906 45.857 1.8
    endloop
  endfacet
  facet normal -0.996198 0.0871226 0
    outer loop
      vertex 48.5327 -5.10099 1.8
      vertex 48.6811 -3.40412 4.5
      vertex 48.6811 -3.40412 1.8
    endloop
  endfacet
  facet normal -0.996198 0.0871226 0
    outer loop
      vertex 48.6811 -3.40412 4.5
      vertex 48.5327 -5.10099 1.8
      vertex 48.5327 -5.10099 4.5
    endloop
  endfacet
  facet normal -0.981629 0.190799 0
    outer loop
      vertex 47.7336 -10.1461 1.8
      vertex 48.0586 -8.47403 4.5
      vertex 48.0586 -8.47403 1.8
    endloop
  endfacet
  facet normal -0.981629 0.190799 0
    outer loop
      vertex 48.0586 -8.47403 4.5
      vertex 47.7336 -10.1461 1.8
      vertex 47.7336 -10.1461 4.5
    endloop
  endfacet
  facet normal -0.992545 0.121877 0
    outer loop
      vertex 48.3251 -6.79165 1.8
      vertex 48.5327 -5.10099 4.5
      vertex 48.5327 -5.10099 1.8
    endloop
  endfacet
  facet normal -0.992545 0.121877 0
    outer loop
      vertex 48.5327 -5.10099 4.5
      vertex 48.3251 -6.79165 1.8
      vertex 48.3251 -6.79165 4.5
    endloop
  endfacet
  facet normal -0.920491 0.390764 0
    outer loop
      vertex 44.581 -19.8487 1.8
      vertex 45.2466 -18.2808 4.5
      vertex 45.2466 -18.2808 1.8
    endloop
  endfacet
  facet normal -0.920491 0.390764 0
    outer loop
      vertex 45.2466 -18.2808 4.5
      vertex 44.581 -19.8487 1.8
      vertex 44.581 -19.8487 4.5
    endloop
  endfacet
  facet normal -0.933584 0.358357 0
    outer loop
      vertex 45.2466 -18.2808 1.8
      vertex 45.857 -16.6906 4.5
      vertex 45.857 -16.6906 1.8
    endloop
  endfacet
  facet normal -0.933584 0.358357 0
    outer loop
      vertex 45.857 -16.6906 4.5
      vertex 45.2466 -18.2808 1.8
      vertex 45.2466 -18.2808 4.5
    endloop
  endfacet
  facet normal -0.874622 0.484805 0
    outer loop
      vertex 42.262 -24.4 1.8
      vertex 43.0878 -22.9102 4.5
      vertex 43.0878 -22.9102 1.8
    endloop
  endfacet
  facet normal -0.874622 0.484805 0
    outer loop
      vertex 43.0878 -22.9102 4.5
      vertex 42.262 -24.4 1.8
      vertex 42.262 -24.4 4.5
    endloop
  endfacet
  facet normal -0.838665 0.544648 0
    outer loop
      vertex 40.457 -27.2886 1.8
      vertex 41.3847 -25.8601 4.5
      vertex 41.3847 -25.8601 1.8
    endloop
  endfacet
  facet normal -0.838665 0.544648 0
    outer loop
      vertex 41.3847 -25.8601 4.5
      vertex 40.457 -27.2886 1.8
      vertex 40.457 -27.2886 4.5
    endloop
  endfacet
  facet normal -0.754726 0.656041 0
    outer loop
      vertex 36.2655 -32.6536 1.8
      vertex 37.383 -31.368 4.5
      vertex 37.383 -31.368 1.8
    endloop
  endfacet
  facet normal -0.754726 0.656041 0
    outer loop
      vertex 37.383 -31.368 4.5
      vertex 36.2655 -32.6536 1.8
      vertex 36.2655 -32.6536 4.5
    endloop
  endfacet
  facet normal 0.0174361 0.999848 -0
    outer loop
      vertex 0 -48.8 1.8
      vertex -1.7031 -48.7703 4.5
      vertex 0 -48.8 4.5
    endloop
  endfacet
  facet normal 0.0174361 0.999848 0
    outer loop
      vertex -1.7031 -48.7703 4.5
      vertex 0 -48.8 1.8
      vertex -1.7031 -48.7703 1.8
    endloop
  endfacet
  facet normal -0.325582 0.945514 0
    outer loop
      vertex 16.6906 -45.857 1.8
      vertex 15.08 -46.4116 4.5
      vertex 16.6906 -45.857 4.5
    endloop
  endfacet
  facet normal -0.325582 0.945514 0
    outer loop
      vertex 15.08 -46.4116 4.5
      vertex 16.6906 -45.857 1.8
      vertex 15.08 -46.4116 1.8
    endloop
  endfacet
  facet normal -0.0523672 0.998628 0
    outer loop
      vertex 3.40412 -48.6811 1.8
      vertex 1.7031 -48.7703 4.5
      vertex 3.40412 -48.6811 4.5
    endloop
  endfacet
  facet normal -0.0523672 0.998628 0
    outer loop
      vertex 1.7031 -48.7703 4.5
      vertex 3.40412 -48.6811 1.8
      vertex 1.7031 -48.7703 1.8
    endloop
  endfacet
  facet normal -0.292369 0.956306 0
    outer loop
      vertex 15.08 -46.4116 1.8
      vertex 13.4511 -46.9096 4.5
      vertex 15.08 -46.4116 4.5
    endloop
  endfacet
  facet normal -0.292369 0.956306 0
    outer loop
      vertex 13.4511 -46.9096 4.5
      vertex 15.08 -46.4116 1.8
      vertex 13.4511 -46.9096 1.8
    endloop
  endfacet
  facet normal -0.121877 0.992545 0
    outer loop
      vertex 6.79165 -48.3251 1.8
      vertex 5.10099 -48.5327 4.5
      vertex 6.79165 -48.3251 4.5
    endloop
  endfacet
  facet normal -0.121877 0.992545 0
    outer loop
      vertex 5.10099 -48.5327 4.5
      vertex 6.79165 -48.3251 1.8
      vertex 5.10099 -48.5327 1.8
    endloop
  endfacet
  facet normal -0.422625 0.906305 0
    outer loop
      vertex 21.3925 -43.8611 1.8
      vertex 19.8487 -44.581 4.5
      vertex 21.3925 -43.8611 4.5
    endloop
  endfacet
  facet normal -0.422625 0.906305 0
    outer loop
      vertex 19.8487 -44.581 4.5
      vertex 21.3925 -43.8611 1.8
      vertex 19.8487 -44.581 1.8
    endloop
  endfacet
  facet normal -0.390764 0.920491 0
    outer loop
      vertex 19.8487 -44.581 1.8
      vertex 18.2808 -45.2466 4.5
      vertex 19.8487 -44.581 4.5
    endloop
  endfacet
  facet normal -0.390764 0.920491 0
    outer loop
      vertex 18.2808 -45.2466 4.5
      vertex 19.8487 -44.581 1.8
      vertex 18.2808 -45.2466 1.8
    endloop
  endfacet
  facet normal -0.485334 0.874329 0
    outer loop
      vertex 24.3038 -42.3154 4.28552
      vertex 24.4 -42.262 4.5
      vertex 24.4 -42.262 4.3
    endloop
  endfacet
  facet normal -0.484595 0.874738 -0.000433353
    outer loop
      vertex 24.1623 -42.3938 4.26422
      vertex 24.4 -42.262 4.5
      vertex 24.3038 -42.3154 4.28552
    endloop
  endfacet
  facet normal -0.484878 0.874582 -6.0701e-05
    outer loop
      vertex 24.0723 -42.4437 4.22162
      vertex 24.4 -42.262 4.5
      vertex 24.1623 -42.3938 4.26422
    endloop
  endfacet
  facet normal -0.484805 0.874622 -0.000172929
    outer loop
      vertex 24.4 -42.262 4.5
      vertex 24.0723 -42.4437 4.22162
      vertex 22.9102 -43.0878 4.5
    endloop
  endfacet
  facet normal -0.4848 0.874625 -0.00014396
    outer loop
      vertex 23.9408 -42.5166 4.15933
      vertex 22.9102 -43.0878 4.5
      vertex 24.0723 -42.4437 4.22162
    endloop
  endfacet
  facet normal -0.484824 0.874612 -0.000238597
    outer loop
      vertex 23.8281 -42.5791 4.0605
      vertex 22.9102 -43.0878 4.5
      vertex 23.9408 -42.5166 4.15933
    endloop
  endfacet
  facet normal -0.484414 0.874839 0.000880736
    outer loop
      vertex 23.7505 -42.622 3.99246
      vertex 22.9102 -43.0878 4.5
      vertex 23.8281 -42.5791 4.0605
    endloop
  endfacet
  facet normal -0.485022 0.874502 -0.000435472
    outer loop
      vertex 23.6909 -42.6551 3.90359
      vertex 22.9102 -43.0878 4.5
      vertex 23.7505 -42.622 3.99246
    endloop
  endfacet
  facet normal -0.484948 0.874543 -0.000308214
    outer loop
      vertex 23.6046 -42.703 3.775
      vertex 22.9102 -43.0878 4.5
      vertex 23.6909 -42.6551 3.90359
    endloop
  endfacet
  facet normal -0.484584 0.874745 0.000147663
    outer loop
      vertex 23.5504 -42.733 3.62548
      vertex 22.9102 -43.0878 4.5
      vertex 23.6046 -42.703 3.775
    endloop
  endfacet
  facet normal -0.484514 0.874784 0.000214283
    outer loop
      vertex 23.5128 -42.7538 3.52176
      vertex 22.9102 -43.0878 4.5
      vertex 23.5504 -42.733 3.62548
    endloop
  endfacet
  facet normal -0.484825 0.874611 -3.57965e-05
    outer loop
      vertex 23.5 -42.7609 3.41036
      vertex 22.9102 -43.0878 4.5
      vertex 23.5128 -42.7538 3.52176
    endloop
  endfacet
  facet normal -0.485068 0.874477 -0.00020799
    outer loop
      vertex 23.4815 -42.7712 3.25
      vertex 22.9102 -43.0878 4.5
      vertex 23.5 -42.7609 3.41036
    endloop
  endfacet
  facet normal -0.485111 0.874453 0.000201487
    outer loop
      vertex 22.9102 -43.0878 1.8
      vertex 23.4815 -42.7712 3.25
      vertex 23.5 -42.7609 3.08964
    endloop
  endfacet
  facet normal -0.484832 0.874607 3.46817e-05
    outer loop
      vertex 22.9102 -43.0878 1.8
      vertex 23.5 -42.7609 3.08964
      vertex 23.5128 -42.7538 2.97824
    endloop
  endfacet
  facet normal -0.484482 0.874801 -0.000199199
    outer loop
      vertex 22.9102 -43.0878 1.8
      vertex 23.5128 -42.7538 2.97824
      vertex 23.5504 -42.733 2.87452
    endloop
  endfacet
  facet normal -0.484562 0.874757 -0.000137269
    outer loop
      vertex 22.9102 -43.0878 1.8
      vertex 23.5504 -42.733 2.87452
      vertex 23.6046 -42.703 2.725
    endloop
  endfacet
  facet normal -0.485334 0.874329 0
    outer loop
      vertex 24.4 -42.262 1.8
      vertex 24.3038 -42.3154 2.21448
      vertex 24.4 -42.262 2.2
    endloop
  endfacet
  facet normal -0.48462 0.874725 0.000216673
    outer loop
      vertex 24.4 -42.262 1.8
      vertex 24.1623 -42.3938 2.23578
      vertex 24.3038 -42.3154 2.21448
    endloop
  endfacet
  facet normal -0.484892 0.874574 2.31463e-05
    outer loop
      vertex 24.4 -42.262 1.8
      vertex 24.0723 -42.4437 2.27838
      vertex 24.1623 -42.3938 2.23578
    endloop
  endfacet
  facet normal -0.484821 0.874614 8.68551e-05
    outer loop
      vertex 24.4 -42.262 1.8
      vertex 23.9408 -42.5166 2.34067
      vertex 24.0723 -42.4437 2.27838
    endloop
  endfacet
  facet normal -0.484805 0.874622 0.000103935
    outer loop
      vertex 22.9102 -43.0878 1.8
      vertex 23.9408 -42.5166 2.34067
      vertex 24.4 -42.262 1.8
    endloop
  endfacet
  facet normal -0.484846 0.874599 0.000205557
    outer loop
      vertex 23.9408 -42.5166 2.34067
      vertex 22.9102 -43.0878 1.8
      vertex 23.8281 -42.5791 2.4395
    endloop
  endfacet
  facet normal -0.48472 0.87467 0
    outer loop
      vertex 23.4815 -42.7712 3.25
      vertex 22.9102 -43.0878 1.8
      vertex 22.9102 -43.0878 4.5
    endloop
  endfacet
  facet normal -0.484984 0.874523 0.000276752
    outer loop
      vertex 23.6909 -42.6551 2.59641
      vertex 22.9102 -43.0878 1.8
      vertex 23.6046 -42.703 2.725
    endloop
  endfacet
  facet normal -0.485073 0.874474 0.000391035
    outer loop
      vertex 23.7505 -42.622 2.50754
      vertex 22.9102 -43.0878 1.8
      vertex 23.6909 -42.6551 2.59641
    endloop
  endfacet
  facet normal -0.484332 0.874884 -0.000758816
    outer loop
      vertex 23.8281 -42.5791 2.4395
      vertex 22.9102 -43.0878 1.8
      vertex 23.7505 -42.622 2.50754
    endloop
  endfacet
  facet normal -0.656041 0.754726 0
    outer loop
      vertex 32.6536 -36.2655 1.8
      vertex 31.368 -37.383 4.5
      vertex 32.6536 -36.2655 4.5
    endloop
  endfacet
  facet normal -0.656041 0.754726 0
    outer loop
      vertex 31.368 -37.383 4.5
      vertex 32.6536 -36.2655 1.8
      vertex 31.368 -37.383 1.8
    endloop
  endfacet
  facet normal -0.573577 0.819152 0
    outer loop
      vertex 28.6839 -39.48 1.8
      vertex 27.2886 -40.457 4.5
      vertex 28.6839 -39.48 4.5
    endloop
  endfacet
  facet normal -0.573577 0.819152 0
    outer loop
      vertex 27.2886 -40.457 4.5
      vertex 28.6839 -39.48 1.8
      vertex 27.2886 -40.457 1.8
    endloop
  endfacet
  facet normal -0.544648 0.838665 0
    outer loop
      vertex 27.2886 -40.457 1.8
      vertex 25.8601 -41.3847 4.5
      vertex 27.2886 -40.457 4.5
    endloop
  endfacet
  facet normal -0.544648 0.838665 0
    outer loop
      vertex 25.8601 -41.3847 4.5
      vertex 27.2886 -40.457 1.8
      vertex 25.8601 -41.3847 1.8
    endloop
  endfacet
  facet normal 0 0 1
    outer loop
      vertex 46.7715 1.6333 1.8
      vertex 48.7703 1.7031 1.8
      vertex 48.6811 3.40412 1.8
    endloop
  endfacet
  facet normal 0 0 1
    outer loop
      vertex 46.686 3.2646 1.8
      vertex 48.6811 3.40412 1.8
      vertex 48.5327 5.10099 1.8
    endloop
  endfacet
  facet normal 0 0 1
    outer loop
      vertex 46.5436 4.89193 1.8
      vertex 48.5327 5.10099 1.8
      vertex 48.3251 6.79165 1.8
    endloop
  endfacet
  facet normal 0 -0 1
    outer loop
      vertex 46.7715 1.6333 1.8
      vertex 48.6811 3.40412 1.8
      vertex 46.686 3.2646 1.8
    endloop
  endfacet
  facet normal 0 0 1
    outer loop
      vertex 48.5327 5.10099 1.8
      vertex 46.5436 4.89193 1.8
      vertex 46.686 3.2646 1.8
    endloop
  endfacet
  facet normal 0 0 1
    outer loop
      vertex 46.5436 4.89193 1.8
      vertex 48.3251 6.79165 1.8
      vertex 48.0586 8.47403 1.8
    endloop
  endfacet
  facet normal -0 0 1
    outer loop
      vertex 48.1 -1.2 1.8
      vertex 48.7703 -1.7031 1.8
      vertex 48.7791 -1.2 1.8
    endloop
  endfacet
  facet normal -0 0 1
    outer loop
      vertex 46.7715 -1.6333 1.8
      vertex 48.7703 -1.7031 1.8
      vertex 48.1 -1.2 1.8
    endloop
  endfacet
  facet normal 0 0 1
    outer loop
      vertex 48.6811 -3.40412 1.8
      vertex 46.686 -3.2646 1.8
      vertex 48.5327 -5.10099 1.8
    endloop
  endfacet
  facet normal 0 0 1
    outer loop
      vertex 48.7703 -1.7031 1.8
      vertex 46.7715 -1.6333 1.8
      vertex 48.6811 -3.40412 1.8
    endloop
  endfacet
  facet normal -0 0 1
    outer loop
      vertex 46.5436 -4.89193 1.8
      vertex 48.5327 -5.10099 1.8
      vertex 46.686 -3.2646 1.8
    endloop
  endfacet
  facet normal 0 0 1
    outer loop
      vertex 48.7703 1.7031 1.8
      vertex 46.7715 1.6333 1.8
      vertex 48.1 1.2 1.8
    endloop
  endfacet
  facet normal 0 0 1
    outer loop
      vertex 46.089 8.12673 1.8
      vertex 48.0586 8.47403 1.8
      vertex 47.7336 10.1461 1.8
    endloop
  endfacet
  facet normal 0 0 1
    outer loop
      vertex 46.7715 -1.6333 1.8
      vertex 48.1 -1.2 1.8
      vertex 46.8 0 1.8
    endloop
  endfacet
  facet normal 0 0 1
    outer loop
      vertex 45.7773 9.73027 1.8
      vertex 47.7336 10.1461 1.8
      vertex 47.3504 11.8058 1.8
    endloop
  endfacet
  facet normal 0 0 1
    outer loop
      vertex 48.6811 -3.40412 1.8
      vertex 46.7715 -1.6333 1.8
      vertex 46.686 -3.2646 1.8
    endloop
  endfacet
  facet normal 0 0 1
    outer loop
      vertex 45.4098 11.3219 1.8
      vertex 47.3504 11.8058 1.8
      vertex 46.9096 13.4511 1.8
    endloop
  endfacet
  facet normal 0 0 1
    outer loop
      vertex 48.5327 -5.10099 1.8
      vertex 46.5436 -4.89193 1.8
      vertex 48.3251 -6.79165 1.8
    endloop
  endfacet
  facet normal -0 0 1
    outer loop
      vertex 46.3445 -6.5133 1.8
      vertex 48.3251 -6.79165 1.8
      vertex 46.5436 -4.89193 1.8
    endloop
  endfacet
  facet normal 0 0 1
    outer loop
      vertex 48.1 1.2 1.8
      vertex 46.8 0 1.8
      vertex 48.1 -1.2 1.8
    endloop
  endfacet
  facet normal 0 -0 1
    outer loop
      vertex 46.8 0 1.8
      vertex 48.1 1.2 1.8
      vertex 46.7715 1.6333 1.8
    endloop
  endfacet
  facet normal 0 0 1
    outer loop
      vertex 48.7703 1.7031 1.8
      vertex 48.1 1.2 1.8
      vertex 48.7791 1.2 1.8
    endloop
  endfacet
  facet normal 0 0 1
    outer loop
      vertex 44.987 12.8998 1.8
      vertex 46.9096 13.4511 1.8
      vertex 46.4116 15.08 1.8
    endloop
  endfacet
  facet normal 0 0 1
    outer loop
      vertex 48.0586 8.47403 1.8
      vertex 46.3445 6.5133 1.8
      vertex 46.5436 4.89193 1.8
    endloop
  endfacet
  facet normal 0 0 1
    outer loop
      vertex 48.0586 8.47403 1.8
      vertex 46.089 8.12673 1.8
      vertex 46.3445 6.5133 1.8
    endloop
  endfacet
  facet normal 0 0 1
    outer loop
      vertex 44.5094 14.462 1.8
      vertex 46.4116 15.08 1.8
      vertex 45.857 16.6906 1.8
    endloop
  endfacet
  facet normal 0 0 1
    outer loop
      vertex 47.7336 10.1461 1.8
      vertex 45.7773 9.73027 1.8
      vertex 46.089 8.12673 1.8
    endloop
  endfacet
  facet normal 0 0 1
    outer loop
      vertex 47.3504 11.8058 1.8
      vertex 45.4098 11.3219 1.8
      vertex 45.7773 9.73027 1.8
    endloop
  endfacet
  facet normal 0 0 1
    outer loop
      vertex 43.9776 16.0065 1.8
      vertex 45.857 16.6906 1.8
      vertex 45.2466 18.2808 1.8
    endloop
  endfacet
  facet normal 0 0 1
    outer loop
      vertex 46.9096 13.4511 1.8
      vertex 44.987 12.8998 1.8
      vertex 45.4098 11.3219 1.8
    endloop
  endfacet
  facet normal 0 0 1
    outer loop
      vertex 43.3922 17.5316 1.8
      vertex 45.2466 18.2808 1.8
      vertex 44.581 19.8487 1.8
    endloop
  endfacet
  facet normal 0 0 1
    outer loop
      vertex 46.4116 15.08 1.8
      vertex 44.5094 14.462 1.8
      vertex 44.987 12.8998 1.8
    endloop
  endfacet
  facet normal 0 0 1
    outer loop
      vertex 45.857 16.6906 1.8
      vertex 43.9776 16.0065 1.8
      vertex 44.5094 14.462 1.8
    endloop
  endfacet
  facet normal 0 0 1
    outer loop
      vertex 42.7539 19.0353 1.8
      vertex 44.581 19.8487 1.8
      vertex 43.8611 21.3925 1.8
    endloop
  endfacet
  facet normal 0 0 1
    outer loop
      vertex 45.2466 18.2808 1.8
      vertex 43.3922 17.5316 1.8
      vertex 43.9776 16.0065 1.8
    endloop
  endfacet
  facet normal 0 0 1
    outer loop
      vertex 42.0636 20.5158 1.8
      vertex 43.8611 21.3925 1.8
      vertex 43.0878 22.9102 1.8
    endloop
  endfacet
  facet normal 0 0 1
    outer loop
      vertex 44.581 19.8487 1.8
      vertex 42.7539 19.0353 1.8
      vertex 43.3922 17.5316 1.8
    endloop
  endfacet
  facet normal 0 0 1
    outer loop
      vertex 41.3219 21.9713 1.8
      vertex 43.0878 22.9102 1.8
      vertex 42.262 24.4 1.8
    endloop
  endfacet
  facet normal 0 0 1
    outer loop
      vertex 43.8611 21.3925 1.8
      vertex 42.0636 20.5158 1.8
      vertex 42.7539 19.0353 1.8
    endloop
  endfacet
  facet normal 0 0 1
    outer loop
      vertex 40.53 23.4 1.8
      vertex 42.262 24.4 1.8
      vertex 41.3847 25.8601 1.8
    endloop
  endfacet
  facet normal 0 0 1
    outer loop
      vertex 43.0878 22.9102 1.8
      vertex 41.3219 21.9713 1.8
      vertex 42.0636 20.5158 1.8
    endloop
  endfacet
  facet normal 0 0 1
    outer loop
      vertex 42.262 24.4 1.8
      vertex 40.53 23.4 1.8
      vertex 41.3219 21.9713 1.8
    endloop
  endfacet
  facet normal 0 0 1
    outer loop
      vertex 39.6887 24.8002 1.8
      vertex 41.3847 25.8601 1.8
      vertex 40.457 27.2886 1.8
    endloop
  endfacet
  facet normal 0 0 1
    outer loop
      vertex 41.3847 25.8601 1.8
      vertex 39.6887 24.8002 1.8
      vertex 40.53 23.4 1.8
    endloop
  endfacet
  facet normal 0 0 1
    outer loop
      vertex 38.799 26.1702 1.8
      vertex 40.457 27.2886 1.8
      vertex 39.48 28.6839 1.8
    endloop
  endfacet
  facet normal 0 0 1
    outer loop
      vertex 40.457 27.2886 1.8
      vertex 38.799 26.1702 1.8
      vertex 39.6887 24.8002 1.8
    endloop
  endfacet
  facet normal 0 0 1
    outer loop
      vertex 37.862 27.5084 1.8
      vertex 39.48 28.6839 1.8
      vertex 38.4549 30.0443 1.8
    endloop
  endfacet
  facet normal 0 0 1
    outer loop
      vertex 39.48 28.6839 1.8
      vertex 37.862 27.5084 1.8
      vertex 38.799 26.1702 1.8
    endloop
  endfacet
  facet normal 0 0 1
    outer loop
      vertex 36.8789 28.813 1.8
      vertex 38.4549 30.0443 1.8
      vertex 37.383 31.368 1.8
    endloop
  endfacet
  facet normal 0 0 1
    outer loop
      vertex 38.4549 30.0443 1.8
      vertex 36.8789 28.813 1.8
      vertex 37.862 27.5084 1.8
    endloop
  endfacet
  facet normal 0 0 1
    outer loop
      vertex 35.8509 30.0825 1.8
      vertex 37.383 31.368 1.8
      vertex 36.2655 32.6536 1.8
    endloop
  endfacet
  facet normal 0 0 1
    outer loop
      vertex 37.383 31.368 1.8
      vertex 35.8509 30.0825 1.8
      vertex 36.8789 28.813 1.8
    endloop
  endfacet
  facet normal 0 0 1
    outer loop
      vertex 34.7792 31.3153 1.8
      vertex 36.2655 32.6536 1.8
      vertex 35.1038 33.8993 1.8
    endloop
  endfacet
  facet normal 0 0 1
    outer loop
      vertex 36.2655 32.6536 1.8
      vertex 34.7792 31.3153 1.8
      vertex 35.8509 30.0825 1.8
    endloop
  endfacet
  facet normal 0 0 1
    outer loop
      vertex 33.6651 32.51 1.8
      vertex 35.1038 33.8993 1.8
      vertex 33.8993 35.1038 1.8
    endloop
  endfacet
  facet normal 0 0 1
    outer loop
      vertex 35.1038 33.8993 1.8
      vertex 33.6651 32.51 1.8
      vertex 34.7792 31.3153 1.8
    endloop
  endfacet
  facet normal 0 0 1
    outer loop
      vertex 32.51 33.6651 1.8
      vertex 33.8993 35.1038 1.8
      vertex 32.6536 36.2655 1.8
    endloop
  endfacet
  facet normal 0 0 1
    outer loop
      vertex 33.8993 35.1038 1.8
      vertex 32.51 33.6651 1.8
      vertex 33.6651 32.51 1.8
    endloop
  endfacet
  facet normal 0 0 1
    outer loop
      vertex 31.3153 34.7792 1.8
      vertex 32.6536 36.2655 1.8
      vertex 31.368 37.383 1.8
    endloop
  endfacet
  facet normal 0 0 1
    outer loop
      vertex 32.6536 36.2655 1.8
      vertex 31.3153 34.7792 1.8
      vertex 32.51 33.6651 1.8
    endloop
  endfacet
  facet normal 0 0 1
    outer loop
      vertex 31.368 37.383 1.8
      vertex 30.0825 35.8509 1.8
      vertex 31.3153 34.7792 1.8
    endloop
  endfacet
  facet normal 0 0 1
    outer loop
      vertex 30.0443 38.4549 1.8
      vertex 30.0825 35.8509 1.8
      vertex 31.368 37.383 1.8
    endloop
  endfacet
  facet normal 0 0 1
    outer loop
      vertex 30.0443 38.4549 1.8
      vertex 28.813 36.8789 1.8
      vertex 30.0825 35.8509 1.8
    endloop
  endfacet
  facet normal 0 0 1
    outer loop
      vertex 28.6839 39.48 1.8
      vertex 28.813 36.8789 1.8
      vertex 30.0443 38.4549 1.8
    endloop
  endfacet
  facet normal 0 0 1
    outer loop
      vertex 28.6839 39.48 1.8
      vertex 27.5084 37.862 1.8
      vertex 28.813 36.8789 1.8
    endloop
  endfacet
  facet normal 0 0 1
    outer loop
      vertex 27.2886 40.457 1.8
      vertex 27.5084 37.862 1.8
      vertex 28.6839 39.48 1.8
    endloop
  endfacet
  facet normal 0 0 1
    outer loop
      vertex 27.2886 40.457 1.8
      vertex 26.1702 38.799 1.8
      vertex 27.5084 37.862 1.8
    endloop
  endfacet
  facet normal 0 0 1
    outer loop
      vertex 25.8601 41.3847 1.8
      vertex 26.1702 38.799 1.8
      vertex 27.2886 40.457 1.8
    endloop
  endfacet
  facet normal 0 0 1
    outer loop
      vertex 25.8601 41.3847 1.8
      vertex 24.8002 39.6887 1.8
      vertex 26.1702 38.799 1.8
    endloop
  endfacet
  facet normal 0 0 1
    outer loop
      vertex 24.4 42.262 1.8
      vertex 24.8002 39.6887 1.8
      vertex 25.8601 41.3847 1.8
    endloop
  endfacet
  facet normal 0 0 1
    outer loop
      vertex 24.4 42.262 1.8
      vertex 23.4 40.53 1.8
      vertex 24.8002 39.6887 1.8
    endloop
  endfacet
  facet normal 0 0 1
    outer loop
      vertex 22.9102 43.0878 1.8
      vertex 23.4 40.53 1.8
      vertex 24.4 42.262 1.8
    endloop
  endfacet
  facet normal 0 0 1
    outer loop
      vertex 22.9102 43.0878 1.8
      vertex 21.9713 41.3219 1.8
      vertex 23.4 40.53 1.8
    endloop
  endfacet
  facet normal 0 0 1
    outer loop
      vertex 21.3925 43.8611 1.8
      vertex 21.9713 41.3219 1.8
      vertex 22.9102 43.0878 1.8
    endloop
  endfacet
  facet normal 0 0 1
    outer loop
      vertex 21.3925 43.8611 1.8
      vertex 20.5158 42.0636 1.8
      vertex 21.9713 41.3219 1.8
    endloop
  endfacet
  facet normal 0 0 1
    outer loop
      vertex 19.8487 44.581 1.8
      vertex 20.5158 42.0636 1.8
      vertex 21.3925 43.8611 1.8
    endloop
  endfacet
  facet normal 0 0 1
    outer loop
      vertex 19.8487 44.581 1.8
      vertex 19.0353 42.7539 1.8
      vertex 20.5158 42.0636 1.8
    endloop
  endfacet
  facet normal 0 0 1
    outer loop
      vertex 18.2808 45.2466 1.8
      vertex 19.0353 42.7539 1.8
      vertex 19.8487 44.581 1.8
    endloop
  endfacet
  facet normal 0 0 1
    outer loop
      vertex 18.2808 45.2466 1.8
      vertex 17.5316 43.3922 1.8
      vertex 19.0353 42.7539 1.8
    endloop
  endfacet
  facet normal 0 0 1
    outer loop
      vertex 16.6906 45.857 1.8
      vertex 17.5316 43.3922 1.8
      vertex 18.2808 45.2466 1.8
    endloop
  endfacet
  facet normal 0 0 1
    outer loop
      vertex 16.6906 45.857 1.8
      vertex 16.0065 43.9776 1.8
      vertex 17.5316 43.3922 1.8
    endloop
  endfacet
  facet normal 0 0 1
    outer loop
      vertex 15.08 46.4116 1.8
      vertex 16.0065 43.9776 1.8
      vertex 16.6906 45.857 1.8
    endloop
  endfacet
  facet normal 0 0 1
    outer loop
      vertex 15.08 46.4116 1.8
      vertex 14.462 44.5094 1.8
      vertex 16.0065 43.9776 1.8
    endloop
  endfacet
  facet normal 0 0 1
    outer loop
      vertex 13.4511 46.9096 1.8
      vertex 14.462 44.5094 1.8
      vertex 15.08 46.4116 1.8
    endloop
  endfacet
  facet normal 0 0 1
    outer loop
      vertex 13.4511 46.9096 1.8
      vertex 12.8998 44.987 1.8
      vertex 14.462 44.5094 1.8
    endloop
  endfacet
  facet normal 0 0 1
    outer loop
      vertex 11.8058 47.3504 1.8
      vertex 12.8998 44.987 1.8
      vertex 13.4511 46.9096 1.8
    endloop
  endfacet
  facet normal 0 0 1
    outer loop
      vertex 11.8058 47.3504 1.8
      vertex 11.3219 45.4098 1.8
      vertex 12.8998 44.987 1.8
    endloop
  endfacet
  facet normal 0 0 1
    outer loop
      vertex 10.1461 47.7336 1.8
      vertex 11.3219 45.4098 1.8
      vertex 11.8058 47.3504 1.8
    endloop
  endfacet
  facet normal 0 0 1
    outer loop
      vertex 10.1461 47.7336 1.8
      vertex 9.73027 45.7773 1.8
      vertex 11.3219 45.4098 1.8
    endloop
  endfacet
  facet normal 0 0 1
    outer loop
      vertex 8.47403 48.0586 1.8
      vertex 9.73027 45.7773 1.8
      vertex 10.1461 47.7336 1.8
    endloop
  endfacet
  facet normal 0 0 1
    outer loop
      vertex 8.47403 48.0586 1.8
      vertex 8.12673 46.089 1.8
      vertex 9.73027 45.7773 1.8
    endloop
  endfacet
  facet normal 0 0 1
    outer loop
      vertex 6.79165 48.3251 1.8
      vertex 8.12673 46.089 1.8
      vertex 8.47403 48.0586 1.8
    endloop
  endfacet
  facet normal 0 0 1
    outer loop
      vertex 6.79165 48.3251 1.8
      vertex 6.5133 46.3445 1.8
      vertex 8.12673 46.089 1.8
    endloop
  endfacet
  facet normal 0 0 1
    outer loop
      vertex 5.10099 48.5327 1.8
      vertex 6.5133 46.3445 1.8
      vertex 6.79165 48.3251 1.8
    endloop
  endfacet
  facet normal 0 0 1
    outer loop
      vertex 5.10099 48.5327 1.8
      vertex 4.89193 46.5436 1.8
      vertex 6.5133 46.3445 1.8
    endloop
  endfacet
  facet normal 0 0 1
    outer loop
      vertex 3.40412 48.6811 1.8
      vertex 4.89193 46.5436 1.8
      vertex 5.10099 48.5327 1.8
    endloop
  endfacet
  facet normal 0 0 1
    outer loop
      vertex 3.40412 48.6811 1.8
      vertex 3.2646 46.686 1.8
      vertex 4.89193 46.5436 1.8
    endloop
  endfacet
  facet normal 0 0 1
    outer loop
      vertex 1.7031 48.7703 1.8
      vertex 3.2646 46.686 1.8
      vertex 3.40412 48.6811 1.8
    endloop
  endfacet
  facet normal 0 0 1
    outer loop
      vertex 1.7031 48.7703 1.8
      vertex 1.6333 46.7715 1.8
      vertex 3.2646 46.686 1.8
    endloop
  endfacet
  facet normal 0 0 1
    outer loop
      vertex 0 48.8 1.8
      vertex 1.6333 46.7715 1.8
      vertex 1.7031 48.7703 1.8
    endloop
  endfacet
  facet normal 0 0 1
    outer loop
      vertex 0 48.8 1.8
      vertex 0 46.8 1.8
      vertex 1.6333 46.7715 1.8
    endloop
  endfacet
  facet normal 0 0 1
    outer loop
      vertex 0 48.8 1.8
      vertex -1.6333 46.7715 1.8
      vertex 0 46.8 1.8
    endloop
  endfacet
  facet normal -0 0 1
    outer loop
      vertex -1.7031 48.7703 1.8
      vertex -1.6333 46.7715 1.8
      vertex 0 48.8 1.8
    endloop
  endfacet
  facet normal 0 0 1
    outer loop
      vertex -1.7031 48.7703 1.8
      vertex -3.2646 46.686 1.8
      vertex -1.6333 46.7715 1.8
    endloop
  endfacet
  facet normal -0 0 1
    outer loop
      vertex -3.40412 48.6811 1.8
      vertex -3.2646 46.686 1.8
      vertex -1.7031 48.7703 1.8
    endloop
  endfacet
  facet normal 0 0 1
    outer loop
      vertex -3.40412 48.6811 1.8
      vertex -4.89193 46.5436 1.8
      vertex -3.2646 46.686 1.8
    endloop
  endfacet
  facet normal -0 0 1
    outer loop
      vertex -5.10099 48.5327 1.8
      vertex -4.89193 46.5436 1.8
      vertex -3.40412 48.6811 1.8
    endloop
  endfacet
  facet normal 0 0 1
    outer loop
      vertex -5.10099 48.5327 1.8
      vertex -6.5133 46.3445 1.8
      vertex -4.89193 46.5436 1.8
    endloop
  endfacet
  facet normal -0 0 1
    outer loop
      vertex -6.79165 48.3251 1.8
      vertex -6.5133 46.3445 1.8
      vertex -5.10099 48.5327 1.8
    endloop
  endfacet
  facet normal 0 0 1
    outer loop
      vertex -6.79165 48.3251 1.8
      vertex -8.12673 46.089 1.8
      vertex -6.5133 46.3445 1.8
    endloop
  endfacet
  facet normal -0 0 1
    outer loop
      vertex -8.47403 48.0586 1.8
      vertex -8.12673 46.089 1.8
      vertex -6.79165 48.3251 1.8
    endloop
  endfacet
  facet normal 0 0 1
    outer loop
      vertex -8.47403 48.0586 1.8
      vertex -9.73027 45.7773 1.8
      vertex -8.12673 46.089 1.8
    endloop
  endfacet
  facet normal -0 0 1
    outer loop
      vertex -10.1461 47.7336 1.8
      vertex -9.73027 45.7773 1.8
      vertex -8.47403 48.0586 1.8
    endloop
  endfacet
  facet normal 0 0 1
    outer loop
      vertex -10.1461 47.7336 1.8
      vertex -11.3219 45.4098 1.8
      vertex -9.73027 45.7773 1.8
    endloop
  endfacet
  facet normal -0 0 1
    outer loop
      vertex -11.8058 47.3504 1.8
      vertex -11.3219 45.4098 1.8
      vertex -10.1461 47.7336 1.8
    endloop
  endfacet
  facet normal 0 0 1
    outer loop
      vertex -11.8058 47.3504 1.8
      vertex -12.8998 44.987 1.8
      vertex -11.3219 45.4098 1.8
    endloop
  endfacet
  facet normal -0 0 1
    outer loop
      vertex -13.4511 46.9096 1.8
      vertex -12.8998 44.987 1.8
      vertex -11.8058 47.3504 1.8
    endloop
  endfacet
  facet normal 0 0 1
    outer loop
      vertex -13.4511 46.9096 1.8
      vertex -14.462 44.5094 1.8
      vertex -12.8998 44.987 1.8
    endloop
  endfacet
  facet normal -0 0 1
    outer loop
      vertex -15.08 46.4116 1.8
      vertex -14.462 44.5094 1.8
      vertex -13.4511 46.9096 1.8
    endloop
  endfacet
  facet normal 0 0 1
    outer loop
      vertex -15.08 46.4116 1.8
      vertex -16.0065 43.9776 1.8
      vertex -14.462 44.5094 1.8
    endloop
  endfacet
  facet normal -0 0 1
    outer loop
      vertex -16.6906 45.857 1.8
      vertex -16.0065 43.9776 1.8
      vertex -15.08 46.4116 1.8
    endloop
  endfacet
  facet normal 0 0 1
    outer loop
      vertex -16.6906 45.857 1.8
      vertex -17.5316 43.3922 1.8
      vertex -16.0065 43.9776 1.8
    endloop
  endfacet
  facet normal -0 0 1
    outer loop
      vertex -18.2808 45.2466 1.8
      vertex -17.5316 43.3922 1.8
      vertex -16.6906 45.857 1.8
    endloop
  endfacet
  facet normal 0 0 1
    outer loop
      vertex -18.2808 45.2466 1.8
      vertex -19.0353 42.7539 1.8
      vertex -17.5316 43.3922 1.8
    endloop
  endfacet
  facet normal -0 0 1
    outer loop
      vertex -19.8487 44.581 1.8
      vertex -19.0353 42.7539 1.8
      vertex -18.2808 45.2466 1.8
    endloop
  endfacet
  facet normal 0 0 1
    outer loop
      vertex -19.8487 44.581 1.8
      vertex -20.5158 42.0636 1.8
      vertex -19.0353 42.7539 1.8
    endloop
  endfacet
  facet normal -0 0 1
    outer loop
      vertex -21.3925 43.8611 1.8
      vertex -20.5158 42.0636 1.8
      vertex -19.8487 44.581 1.8
    endloop
  endfacet
  facet normal 0 0 1
    outer loop
      vertex -21.3925 43.8611 1.8
      vertex -21.9713 41.3219 1.8
      vertex -20.5158 42.0636 1.8
    endloop
  endfacet
  facet normal -0 0 1
    outer loop
      vertex -22.9102 43.0878 1.8
      vertex -21.9713 41.3219 1.8
      vertex -21.3925 43.8611 1.8
    endloop
  endfacet
  facet normal 0 0 1
    outer loop
      vertex -22.9102 43.0878 1.8
      vertex -23.4 40.53 1.8
      vertex -21.9713 41.3219 1.8
    endloop
  endfacet
  facet normal -0 0 1
    outer loop
      vertex -24.4 42.262 1.8
      vertex -23.4 40.53 1.8
      vertex -22.9102 43.0878 1.8
    endloop
  endfacet
  facet normal 0 0 1
    outer loop
      vertex -24.4 42.262 1.8
      vertex -24.8002 39.6887 1.8
      vertex -23.4 40.53 1.8
    endloop
  endfacet
  facet normal -0 0 1
    outer loop
      vertex -25.8601 41.3847 1.8
      vertex -24.8002 39.6887 1.8
      vertex -24.4 42.262 1.8
    endloop
  endfacet
  facet normal 0 0 1
    outer loop
      vertex -25.8601 41.3847 1.8
      vertex -26.1702 38.799 1.8
      vertex -24.8002 39.6887 1.8
    endloop
  endfacet
  facet normal -0 0 1
    outer loop
      vertex -27.2886 40.457 1.8
      vertex -26.1702 38.799 1.8
      vertex -25.8601 41.3847 1.8
    endloop
  endfacet
  facet normal 0 0 1
    outer loop
      vertex -27.2886 40.457 1.8
      vertex -27.5084 37.862 1.8
      vertex -26.1702 38.799 1.8
    endloop
  endfacet
  facet normal -0 0 1
    outer loop
      vertex -28.6839 39.48 1.8
      vertex -27.5084 37.862 1.8
      vertex -27.2886 40.457 1.8
    endloop
  endfacet
  facet normal 0 0 1
    outer loop
      vertex -28.6839 39.48 1.8
      vertex -28.813 36.8789 1.8
      vertex -27.5084 37.862 1.8
    endloop
  endfacet
  facet normal -0 0 1
    outer loop
      vertex -30.0443 38.4549 1.8
      vertex -28.813 36.8789 1.8
      vertex -28.6839 39.48 1.8
    endloop
  endfacet
  facet normal 0 0 1
    outer loop
      vertex -30.0443 38.4549 1.8
      vertex -30.0825 35.8509 1.8
      vertex -28.813 36.8789 1.8
    endloop
  endfacet
  facet normal -0 0 1
    outer loop
      vertex -31.368 37.383 1.8
      vertex -30.0825 35.8509 1.8
      vertex -30.0443 38.4549 1.8
    endloop
  endfacet
  facet normal 0 0 1
    outer loop
      vertex -30.0825 35.8509 1.8
      vertex -31.368 37.383 1.8
      vertex -31.3153 34.7792 1.8
    endloop
  endfacet
  facet normal -0 0 1
    outer loop
      vertex -32.6536 36.2655 1.8
      vertex -31.3153 34.7792 1.8
      vertex -31.368 37.383 1.8
    endloop
  endfacet
  facet normal 0 0 1
    outer loop
      vertex -31.3153 34.7792 1.8
      vertex -32.6536 36.2655 1.8
      vertex -32.51 33.6651 1.8
    endloop
  endfacet
  facet normal -0 0 1
    outer loop
      vertex -33.8993 35.1038 1.8
      vertex -32.51 33.6651 1.8
      vertex -32.6536 36.2655 1.8
    endloop
  endfacet
  facet normal 0 0 1
    outer loop
      vertex -32.51 33.6651 1.8
      vertex -33.8993 35.1038 1.8
      vertex -33.6651 32.51 1.8
    endloop
  endfacet
  facet normal -0 0 1
    outer loop
      vertex -35.1038 33.8993 1.8
      vertex -33.6651 32.51 1.8
      vertex -33.8993 35.1038 1.8
    endloop
  endfacet
  facet normal 0 0 1
    outer loop
      vertex -33.6651 32.51 1.8
      vertex -35.1038 33.8993 1.8
      vertex -34.7792 31.3153 1.8
    endloop
  endfacet
  facet normal -0 0 1
    outer loop
      vertex -36.2655 32.6536 1.8
      vertex -34.7792 31.3153 1.8
      vertex -35.1038 33.8993 1.8
    endloop
  endfacet
  facet normal 0 0 1
    outer loop
      vertex -34.7792 31.3153 1.8
      vertex -36.2655 32.6536 1.8
      vertex -35.8509 30.0825 1.8
    endloop
  endfacet
  facet normal -0 0 1
    outer loop
      vertex -37.383 31.368 1.8
      vertex -35.8509 30.0825 1.8
      vertex -36.2655 32.6536 1.8
    endloop
  endfacet
  facet normal 0 0 1
    outer loop
      vertex -35.8509 30.0825 1.8
      vertex -37.383 31.368 1.8
      vertex -36.8789 28.813 1.8
    endloop
  endfacet
  facet normal -0 0 1
    outer loop
      vertex -38.4549 30.0443 1.8
      vertex -36.8789 28.813 1.8
      vertex -37.383 31.368 1.8
    endloop
  endfacet
  facet normal 0 0 1
    outer loop
      vertex -36.8789 28.813 1.8
      vertex -38.4549 30.0443 1.8
      vertex -37.862 27.5084 1.8
    endloop
  endfacet
  facet normal -0 0 1
    outer loop
      vertex -39.48 28.6839 1.8
      vertex -37.862 27.5084 1.8
      vertex -38.4549 30.0443 1.8
    endloop
  endfacet
  facet normal 0 0 1
    outer loop
      vertex -37.862 27.5084 1.8
      vertex -39.48 28.6839 1.8
      vertex -38.799 26.1702 1.8
    endloop
  endfacet
  facet normal -0 0 1
    outer loop
      vertex -40.457 27.2886 1.8
      vertex -38.799 26.1702 1.8
      vertex -39.48 28.6839 1.8
    endloop
  endfacet
  facet normal 0 0 1
    outer loop
      vertex -38.799 26.1702 1.8
      vertex -40.457 27.2886 1.8
      vertex -39.6887 24.8002 1.8
    endloop
  endfacet
  facet normal -0 0 1
    outer loop
      vertex -41.3847 25.8601 1.8
      vertex -39.6887 24.8002 1.8
      vertex -40.457 27.2886 1.8
    endloop
  endfacet
  facet normal 0 0 1
    outer loop
      vertex -39.6887 24.8002 1.8
      vertex -41.3847 25.8601 1.8
      vertex -40.53 23.4 1.8
    endloop
  endfacet
  facet normal -0 0 1
    outer loop
      vertex -42.262 24.4 1.8
      vertex -40.53 23.4 1.8
      vertex -41.3847 25.8601 1.8
    endloop
  endfacet
  facet normal 0 0 1
    outer loop
      vertex -40.53 23.4 1.8
      vertex -42.262 24.4 1.8
      vertex -41.3219 21.9713 1.8
    endloop
  endfacet
  facet normal -0 0 1
    outer loop
      vertex -43.0878 22.9102 1.8
      vertex -41.3219 21.9713 1.8
      vertex -42.262 24.4 1.8
    endloop
  endfacet
  facet normal 0 0 1
    outer loop
      vertex -41.3219 21.9713 1.8
      vertex -43.0878 22.9102 1.8
      vertex -42.0636 20.5158 1.8
    endloop
  endfacet
  facet normal -0 0 1
    outer loop
      vertex -43.8611 21.3925 1.8
      vertex -42.0636 20.5158 1.8
      vertex -43.0878 22.9102 1.8
    endloop
  endfacet
  facet normal 0 0 1
    outer loop
      vertex -42.0636 20.5158 1.8
      vertex -43.8611 21.3925 1.8
      vertex -42.7539 19.0353 1.8
    endloop
  endfacet
  facet normal -0 0 1
    outer loop
      vertex -44.581 19.8487 1.8
      vertex -42.7539 19.0353 1.8
      vertex -43.8611 21.3925 1.8
    endloop
  endfacet
  facet normal 0 0 1
    outer loop
      vertex -42.7539 19.0353 1.8
      vertex -44.581 19.8487 1.8
      vertex -43.3922 17.5316 1.8
    endloop
  endfacet
  facet normal -0 0 1
    outer loop
      vertex -45.2466 18.2808 1.8
      vertex -43.3922 17.5316 1.8
      vertex -44.581 19.8487 1.8
    endloop
  endfacet
  facet normal 0 0 1
    outer loop
      vertex -43.3922 17.5316 1.8
      vertex -45.2466 18.2808 1.8
      vertex -43.9776 16.0065 1.8
    endloop
  endfacet
  facet normal -0 0 1
    outer loop
      vertex -45.857 16.6906 1.8
      vertex -43.9776 16.0065 1.8
      vertex -45.2466 18.2808 1.8
    endloop
  endfacet
  facet normal 0 0 1
    outer loop
      vertex -43.9776 16.0065 1.8
      vertex -45.857 16.6906 1.8
      vertex -44.5094 14.462 1.8
    endloop
  endfacet
  facet normal -0 0 1
    outer loop
      vertex -46.4116 15.08 1.8
      vertex -44.5094 14.462 1.8
      vertex -45.857 16.6906 1.8
    endloop
  endfacet
  facet normal 0 0 1
    outer loop
      vertex -44.5094 14.462 1.8
      vertex -46.4116 15.08 1.8
      vertex -44.987 12.8998 1.8
    endloop
  endfacet
  facet normal -0 0 1
    outer loop
      vertex -46.9096 13.4511 1.8
      vertex -44.987 12.8998 1.8
      vertex -46.4116 15.08 1.8
    endloop
  endfacet
  facet normal 0 0 1
    outer loop
      vertex -44.987 12.8998 1.8
      vertex -46.9096 13.4511 1.8
      vertex -45.4098 11.3219 1.8
    endloop
  endfacet
  facet normal -0 0 1
    outer loop
      vertex -47.3504 11.8058 1.8
      vertex -45.4098 11.3219 1.8
      vertex -46.9096 13.4511 1.8
    endloop
  endfacet
  facet normal 0 0 1
    outer loop
      vertex -45.4098 11.3219 1.8
      vertex -47.3504 11.8058 1.8
      vertex -45.7773 9.73027 1.8
    endloop
  endfacet
  facet normal -0 0 1
    outer loop
      vertex -47.7336 10.1461 1.8
      vertex -45.7773 9.73027 1.8
      vertex -47.3504 11.8058 1.8
    endloop
  endfacet
  facet normal 0 0 1
    outer loop
      vertex -45.7773 9.73027 1.8
      vertex -47.7336 10.1461 1.8
      vertex -46.089 8.12673 1.8
    endloop
  endfacet
  facet normal -0 0 1
    outer loop
      vertex -48.0586 8.47403 1.8
      vertex -46.089 8.12673 1.8
      vertex -47.7336 10.1461 1.8
    endloop
  endfacet
  facet normal -0 0 1
    outer loop
      vertex -48.3251 6.79165 1.8
      vertex -46.3445 6.5133 1.8
      vertex -48.0586 8.47403 1.8
    endloop
  endfacet
  facet normal 0 0 1
    outer loop
      vertex -46.089 8.12673 1.8
      vertex -48.0586 8.47403 1.8
      vertex -46.3445 6.5133 1.8
    endloop
  endfacet
  facet normal 0 0 1
    outer loop
      vertex 48.3251 -6.79165 1.8
      vertex 46.3445 -6.5133 1.8
      vertex 48.0586 -8.47403 1.8
    endloop
  endfacet
  facet normal -0 0 1
    outer loop
      vertex 46.089 -8.12673 1.8
      vertex 48.0586 -8.47403 1.8
      vertex 46.3445 -6.5133 1.8
    endloop
  endfacet
  facet normal 0 0 1
    outer loop
      vertex 48.0586 -8.47403 1.8
      vertex 46.089 -8.12673 1.8
      vertex 47.7336 -10.1461 1.8
    endloop
  endfacet
  facet normal -0 0 1
    outer loop
      vertex 45.7773 -9.73027 1.8
      vertex 47.7336 -10.1461 1.8
      vertex 46.089 -8.12673 1.8
    endloop
  endfacet
  facet normal 0 0 1
    outer loop
      vertex 47.7336 -10.1461 1.8
      vertex 45.7773 -9.73027 1.8
      vertex 47.3504 -11.8058 1.8
    endloop
  endfacet
  facet normal -0 0 1
    outer loop
      vertex 45.4098 -11.3219 1.8
      vertex 47.3504 -11.8058 1.8
      vertex 45.7773 -9.73027 1.8
    endloop
  endfacet
  facet normal 0 0 1
    outer loop
      vertex 47.3504 -11.8058 1.8
      vertex 45.4098 -11.3219 1.8
      vertex 46.9096 -13.4511 1.8
    endloop
  endfacet
  facet normal -0 0 1
    outer loop
      vertex 44.987 -12.8998 1.8
      vertex 46.9096 -13.4511 1.8
      vertex 45.4098 -11.3219 1.8
    endloop
  endfacet
  facet normal 0 0 1
    outer loop
      vertex 46.9096 -13.4511 1.8
      vertex 44.987 -12.8998 1.8
      vertex 46.4116 -15.08 1.8
    endloop
  endfacet
  facet normal -0 0 1
    outer loop
      vertex 44.5094 -14.462 1.8
      vertex 46.4116 -15.08 1.8
      vertex 44.987 -12.8998 1.8
    endloop
  endfacet
  facet normal 0 0 1
    outer loop
      vertex 46.4116 -15.08 1.8
      vertex 44.5094 -14.462 1.8
      vertex 45.857 -16.6906 1.8
    endloop
  endfacet
  facet normal -0 0 1
    outer loop
      vertex 43.9776 -16.0065 1.8
      vertex 45.857 -16.6906 1.8
      vertex 44.5094 -14.462 1.8
    endloop
  endfacet
  facet normal 0 0 1
    outer loop
      vertex 45.857 -16.6906 1.8
      vertex 43.9776 -16.0065 1.8
      vertex 45.2466 -18.2808 1.8
    endloop
  endfacet
  facet normal -0 0 1
    outer loop
      vertex 43.3922 -17.5316 1.8
      vertex 45.2466 -18.2808 1.8
      vertex 43.9776 -16.0065 1.8
    endloop
  endfacet
  facet normal 0 0 1
    outer loop
      vertex 45.2466 -18.2808 1.8
      vertex 43.3922 -17.5316 1.8
      vertex 44.581 -19.8487 1.8
    endloop
  endfacet
  facet normal -0 0 1
    outer loop
      vertex 42.7539 -19.0353 1.8
      vertex 44.581 -19.8487 1.8
      vertex 43.3922 -17.5316 1.8
    endloop
  endfacet
  facet normal 0 0 1
    outer loop
      vertex 44.581 -19.8487 1.8
      vertex 42.7539 -19.0353 1.8
      vertex 43.8611 -21.3925 1.8
    endloop
  endfacet
  facet normal -0 0 1
    outer loop
      vertex 42.0636 -20.5158 1.8
      vertex 43.8611 -21.3925 1.8
      vertex 42.7539 -19.0353 1.8
    endloop
  endfacet
  facet normal 0 0 1
    outer loop
      vertex 43.8611 -21.3925 1.8
      vertex 42.0636 -20.5158 1.8
      vertex 43.0878 -22.9102 1.8
    endloop
  endfacet
  facet normal -0 0 1
    outer loop
      vertex 41.3219 -21.9713 1.8
      vertex 43.0878 -22.9102 1.8
      vertex 42.0636 -20.5158 1.8
    endloop
  endfacet
  facet normal 0 0 1
    outer loop
      vertex 43.0878 -22.9102 1.8
      vertex 41.3219 -21.9713 1.8
      vertex 42.262 -24.4 1.8
    endloop
  endfacet
  facet normal -0 0 1
    outer loop
      vertex 40.53 -23.4 1.8
      vertex 42.262 -24.4 1.8
      vertex 41.3219 -21.9713 1.8
    endloop
  endfacet
  facet normal 0 0 1
    outer loop
      vertex 42.262 -24.4 1.8
      vertex 40.53 -23.4 1.8
      vertex 41.3847 -25.8601 1.8
    endloop
  endfacet
  facet normal -0 0 1
    outer loop
      vertex 39.6887 -24.8002 1.8
      vertex 41.3847 -25.8601 1.8
      vertex 40.53 -23.4 1.8
    endloop
  endfacet
  facet normal 0 0 1
    outer loop
      vertex 41.3847 -25.8601 1.8
      vertex 39.6887 -24.8002 1.8
      vertex 40.457 -27.2886 1.8
    endloop
  endfacet
  facet normal -0 0 1
    outer loop
      vertex 38.799 -26.1702 1.8
      vertex 40.457 -27.2886 1.8
      vertex 39.6887 -24.8002 1.8
    endloop
  endfacet
  facet normal 0 0 1
    outer loop
      vertex 40.457 -27.2886 1.8
      vertex 38.799 -26.1702 1.8
      vertex 39.48 -28.6839 1.8
    endloop
  endfacet
  facet normal -0 0 1
    outer loop
      vertex 37.862 -27.5084 1.8
      vertex 39.48 -28.6839 1.8
      vertex 38.799 -26.1702 1.8
    endloop
  endfacet
  facet normal 0 0 1
    outer loop
      vertex 39.48 -28.6839 1.8
      vertex 37.862 -27.5084 1.8
      vertex 38.4549 -30.0443 1.8
    endloop
  endfacet
  facet normal -0 0 1
    outer loop
      vertex 36.8789 -28.813 1.8
      vertex 38.4549 -30.0443 1.8
      vertex 37.862 -27.5084 1.8
    endloop
  endfacet
  facet normal 0 0 1
    outer loop
      vertex 38.4549 -30.0443 1.8
      vertex 36.8789 -28.813 1.8
      vertex 37.383 -31.368 1.8
    endloop
  endfacet
  facet normal -0 0 1
    outer loop
      vertex 35.8509 -30.0825 1.8
      vertex 37.383 -31.368 1.8
      vertex 36.8789 -28.813 1.8
    endloop
  endfacet
  facet normal 0 0 1
    outer loop
      vertex 37.383 -31.368 1.8
      vertex 35.8509 -30.0825 1.8
      vertex 36.2655 -32.6536 1.8
    endloop
  endfacet
  facet normal -0 0 1
    outer loop
      vertex 34.7792 -31.3153 1.8
      vertex 36.2655 -32.6536 1.8
      vertex 35.8509 -30.0825 1.8
    endloop
  endfacet
  facet normal 0 0 1
    outer loop
      vertex 36.2655 -32.6536 1.8
      vertex 34.7792 -31.3153 1.8
      vertex 35.1038 -33.8993 1.8
    endloop
  endfacet
  facet normal -0 0 1
    outer loop
      vertex 33.6651 -32.51 1.8
      vertex 35.1038 -33.8993 1.8
      vertex 34.7792 -31.3153 1.8
    endloop
  endfacet
  facet normal 0 0 1
    outer loop
      vertex 35.1038 -33.8993 1.8
      vertex 33.6651 -32.51 1.8
      vertex 33.8993 -35.1038 1.8
    endloop
  endfacet
  facet normal -0 0 1
    outer loop
      vertex 32.51 -33.6651 1.8
      vertex 33.8993 -35.1038 1.8
      vertex 33.6651 -32.51 1.8
    endloop
  endfacet
  facet normal 0 0 1
    outer loop
      vertex 33.8993 -35.1038 1.8
      vertex 32.51 -33.6651 1.8
      vertex 32.6536 -36.2655 1.8
    endloop
  endfacet
  facet normal -0 0 1
    outer loop
      vertex 31.3153 -34.7792 1.8
      vertex 32.6536 -36.2655 1.8
      vertex 32.51 -33.6651 1.8
    endloop
  endfacet
  facet normal 0 0 1
    outer loop
      vertex 32.6536 -36.2655 1.8
      vertex 31.3153 -34.7792 1.8
      vertex 31.368 -37.383 1.8
    endloop
  endfacet
  facet normal -0 0 1
    outer loop
      vertex 30.0825 -35.8509 1.8
      vertex 31.368 -37.383 1.8
      vertex 31.3153 -34.7792 1.8
    endloop
  endfacet
  facet normal 0 0 1
    outer loop
      vertex 30.0825 -35.8509 1.8
      vertex 30.0443 -38.4549 1.8
      vertex 31.368 -37.383 1.8
    endloop
  endfacet
  facet normal -0 0 1
    outer loop
      vertex 28.813 -36.8789 1.8
      vertex 30.0443 -38.4549 1.8
      vertex 30.0825 -35.8509 1.8
    endloop
  endfacet
  facet normal 0 0 1
    outer loop
      vertex 28.813 -36.8789 1.8
      vertex 28.6839 -39.48 1.8
      vertex 30.0443 -38.4549 1.8
    endloop
  endfacet
  facet normal -0 0 1
    outer loop
      vertex 27.5084 -37.862 1.8
      vertex 28.6839 -39.48 1.8
      vertex 28.813 -36.8789 1.8
    endloop
  endfacet
  facet normal 0 0 1
    outer loop
      vertex 27.5084 -37.862 1.8
      vertex 27.2886 -40.457 1.8
      vertex 28.6839 -39.48 1.8
    endloop
  endfacet
  facet normal -0 0 1
    outer loop
      vertex 26.1702 -38.799 1.8
      vertex 27.2886 -40.457 1.8
      vertex 27.5084 -37.862 1.8
    endloop
  endfacet
  facet normal 0 0 1
    outer loop
      vertex 26.1702 -38.799 1.8
      vertex 25.8601 -41.3847 1.8
      vertex 27.2886 -40.457 1.8
    endloop
  endfacet
  facet normal -0 0 1
    outer loop
      vertex 24.8002 -39.6887 1.8
      vertex 25.8601 -41.3847 1.8
      vertex 26.1702 -38.799 1.8
    endloop
  endfacet
  facet normal 0 0 1
    outer loop
      vertex 24.8002 -39.6887 1.8
      vertex 24.4 -42.262 1.8
      vertex 25.8601 -41.3847 1.8
    endloop
  endfacet
  facet normal -0 0 1
    outer loop
      vertex 23.4 -40.53 1.8
      vertex 24.4 -42.262 1.8
      vertex 24.8002 -39.6887 1.8
    endloop
  endfacet
  facet normal 0 0 1
    outer loop
      vertex 23.4 -40.53 1.8
      vertex 22.9102 -43.0878 1.8
      vertex 24.4 -42.262 1.8
    endloop
  endfacet
  facet normal -0 0 1
    outer loop
      vertex 21.9713 -41.3219 1.8
      vertex 22.9102 -43.0878 1.8
      vertex 23.4 -40.53 1.8
    endloop
  endfacet
  facet normal 0 0 1
    outer loop
      vertex 21.9713 -41.3219 1.8
      vertex 21.3925 -43.8611 1.8
      vertex 22.9102 -43.0878 1.8
    endloop
  endfacet
  facet normal -0 0 1
    outer loop
      vertex 20.5158 -42.0636 1.8
      vertex 21.3925 -43.8611 1.8
      vertex 21.9713 -41.3219 1.8
    endloop
  endfacet
  facet normal 0 0 1
    outer loop
      vertex 20.5158 -42.0636 1.8
      vertex 19.8487 -44.581 1.8
      vertex 21.3925 -43.8611 1.8
    endloop
  endfacet
  facet normal -0 0 1
    outer loop
      vertex 19.0353 -42.7539 1.8
      vertex 19.8487 -44.581 1.8
      vertex 20.5158 -42.0636 1.8
    endloop
  endfacet
  facet normal 0 0 1
    outer loop
      vertex 19.0353 -42.7539 1.8
      vertex 18.2808 -45.2466 1.8
      vertex 19.8487 -44.581 1.8
    endloop
  endfacet
  facet normal -0 0 1
    outer loop
      vertex 17.5316 -43.3922 1.8
      vertex 18.2808 -45.2466 1.8
      vertex 19.0353 -42.7539 1.8
    endloop
  endfacet
  facet normal 0 0 1
    outer loop
      vertex 17.5316 -43.3922 1.8
      vertex 16.6906 -45.857 1.8
      vertex 18.2808 -45.2466 1.8
    endloop
  endfacet
  facet normal -0 0 1
    outer loop
      vertex 16.0065 -43.9776 1.8
      vertex 16.6906 -45.857 1.8
      vertex 17.5316 -43.3922 1.8
    endloop
  endfacet
  facet normal 0 0 1
    outer loop
      vertex 16.0065 -43.9776 1.8
      vertex 15.08 -46.4116 1.8
      vertex 16.6906 -45.857 1.8
    endloop
  endfacet
  facet normal -0 0 1
    outer loop
      vertex 14.462 -44.5094 1.8
      vertex 15.08 -46.4116 1.8
      vertex 16.0065 -43.9776 1.8
    endloop
  endfacet
  facet normal 0 0 1
    outer loop
      vertex 14.462 -44.5094 1.8
      vertex 13.4511 -46.9096 1.8
      vertex 15.08 -46.4116 1.8
    endloop
  endfacet
  facet normal -0 0 1
    outer loop
      vertex 12.8998 -44.987 1.8
      vertex 13.4511 -46.9096 1.8
      vertex 14.462 -44.5094 1.8
    endloop
  endfacet
  facet normal 0 0 1
    outer loop
      vertex 12.8998 -44.987 1.8
      vertex 11.8058 -47.3504 1.8
      vertex 13.4511 -46.9096 1.8
    endloop
  endfacet
  facet normal -0 0 1
    outer loop
      vertex 11.3219 -45.4098 1.8
      vertex 11.8058 -47.3504 1.8
      vertex 12.8998 -44.987 1.8
    endloop
  endfacet
  facet normal 0 0 1
    outer loop
      vertex 11.3219 -45.4098 1.8
      vertex 10.1461 -47.7336 1.8
      vertex 11.8058 -47.3504 1.8
    endloop
  endfacet
  facet normal -0 0 1
    outer loop
      vertex 9.73027 -45.7773 1.8
      vertex 10.1461 -47.7336 1.8
      vertex 11.3219 -45.4098 1.8
    endloop
  endfacet
  facet normal 0 0 1
    outer loop
      vertex 9.73027 -45.7773 1.8
      vertex 8.47403 -48.0586 1.8
      vertex 10.1461 -47.7336 1.8
    endloop
  endfacet
  facet normal -0 0 1
    outer loop
      vertex 8.12673 -46.089 1.8
      vertex 8.47403 -48.0586 1.8
      vertex 9.73027 -45.7773 1.8
    endloop
  endfacet
  facet normal 0 0 1
    outer loop
      vertex 8.12673 -46.089 1.8
      vertex 6.79165 -48.3251 1.8
      vertex 8.47403 -48.0586 1.8
    endloop
  endfacet
  facet normal -0 0 1
    outer loop
      vertex 6.5133 -46.3445 1.8
      vertex 6.79165 -48.3251 1.8
      vertex 8.12673 -46.089 1.8
    endloop
  endfacet
  facet normal 0 0 1
    outer loop
      vertex 6.5133 -46.3445 1.8
      vertex 5.10099 -48.5327 1.8
      vertex 6.79165 -48.3251 1.8
    endloop
  endfacet
  facet normal -0 0 1
    outer loop
      vertex 4.89193 -46.5436 1.8
      vertex 5.10099 -48.5327 1.8
      vertex 6.5133 -46.3445 1.8
    endloop
  endfacet
  facet normal 0 0 1
    outer loop
      vertex 4.89193 -46.5436 1.8
      vertex 3.40412 -48.6811 1.8
      vertex 5.10099 -48.5327 1.8
    endloop
  endfacet
  facet normal -0 0 1
    outer loop
      vertex 3.2646 -46.686 1.8
      vertex 3.40412 -48.6811 1.8
      vertex 4.89193 -46.5436 1.8
    endloop
  endfacet
  facet normal 0 0 1
    outer loop
      vertex 3.2646 -46.686 1.8
      vertex 1.7031 -48.7703 1.8
      vertex 3.40412 -48.6811 1.8
    endloop
  endfacet
  facet normal -0 0 1
    outer loop
      vertex 1.6333 -46.7715 1.8
      vertex 1.7031 -48.7703 1.8
      vertex 3.2646 -46.686 1.8
    endloop
  endfacet
  facet normal -0 0 1
    outer loop
      vertex 0 -46.8 1.8
      vertex 1.7031 -48.7703 1.8
      vertex 1.6333 -46.7715 1.8
    endloop
  endfacet
  facet normal 0 0 1
    outer loop
      vertex 0 -46.8 1.8
      vertex 0 -48.8 1.8
      vertex 1.7031 -48.7703 1.8
    endloop
  endfacet
  facet normal 0 0 1
    outer loop
      vertex -1.6333 -46.7715 1.8
      vertex 0 -48.8 1.8
      vertex 0 -46.8 1.8
    endloop
  endfacet
  facet normal 0 0 1
    outer loop
      vertex -1.6333 -46.7715 1.8
      vertex -1.7031 -48.7703 1.8
      vertex 0 -48.8 1.8
    endloop
  endfacet
  facet normal 0 0 1
    outer loop
      vertex -3.2646 -46.686 1.8
      vertex -1.7031 -48.7703 1.8
      vertex -1.6333 -46.7715 1.8
    endloop
  endfacet
  facet normal 0 0 1
    outer loop
      vertex -3.2646 -46.686 1.8
      vertex -3.40412 -48.6811 1.8
      vertex -1.7031 -48.7703 1.8
    endloop
  endfacet
  facet normal 0 0 1
    outer loop
      vertex -4.89193 -46.5436 1.8
      vertex -3.40412 -48.6811 1.8
      vertex -3.2646 -46.686 1.8
    endloop
  endfacet
  facet normal 0 0 1
    outer loop
      vertex -4.89193 -46.5436 1.8
      vertex -5.10099 -48.5327 1.8
      vertex -3.40412 -48.6811 1.8
    endloop
  endfacet
  facet normal 0 0 1
    outer loop
      vertex -6.5133 -46.3445 1.8
      vertex -5.10099 -48.5327 1.8
      vertex -4.89193 -46.5436 1.8
    endloop
  endfacet
  facet normal 0 0 1
    outer loop
      vertex -6.5133 -46.3445 1.8
      vertex -6.79165 -48.3251 1.8
      vertex -5.10099 -48.5327 1.8
    endloop
  endfacet
  facet normal 0 0 1
    outer loop
      vertex -8.12673 -46.089 1.8
      vertex -6.79165 -48.3251 1.8
      vertex -6.5133 -46.3445 1.8
    endloop
  endfacet
  facet normal 0 0 1
    outer loop
      vertex -8.12673 -46.089 1.8
      vertex -8.47403 -48.0586 1.8
      vertex -6.79165 -48.3251 1.8
    endloop
  endfacet
  facet normal 0 0 1
    outer loop
      vertex -9.73027 -45.7773 1.8
      vertex -8.47403 -48.0586 1.8
      vertex -8.12673 -46.089 1.8
    endloop
  endfacet
  facet normal 0 0 1
    outer loop
      vertex -9.73027 -45.7773 1.8
      vertex -10.1461 -47.7336 1.8
      vertex -8.47403 -48.0586 1.8
    endloop
  endfacet
  facet normal 0 0 1
    outer loop
      vertex -11.3219 -45.4098 1.8
      vertex -10.1461 -47.7336 1.8
      vertex -9.73027 -45.7773 1.8
    endloop
  endfacet
  facet normal 0 0 1
    outer loop
      vertex -11.3219 -45.4098 1.8
      vertex -11.8058 -47.3504 1.8
      vertex -10.1461 -47.7336 1.8
    endloop
  endfacet
  facet normal 0 0 1
    outer loop
      vertex -12.8998 -44.987 1.8
      vertex -11.8058 -47.3504 1.8
      vertex -11.3219 -45.4098 1.8
    endloop
  endfacet
  facet normal 0 0 1
    outer loop
      vertex -12.8998 -44.987 1.8
      vertex -13.4511 -46.9096 1.8
      vertex -11.8058 -47.3504 1.8
    endloop
  endfacet
  facet normal 0 0 1
    outer loop
      vertex -14.462 -44.5094 1.8
      vertex -13.4511 -46.9096 1.8
      vertex -12.8998 -44.987 1.8
    endloop
  endfacet
  facet normal 0 0 1
    outer loop
      vertex -14.462 -44.5094 1.8
      vertex -15.08 -46.4116 1.8
      vertex -13.4511 -46.9096 1.8
    endloop
  endfacet
  facet normal 0 0 1
    outer loop
      vertex -16.0065 -43.9776 1.8
      vertex -15.08 -46.4116 1.8
      vertex -14.462 -44.5094 1.8
    endloop
  endfacet
  facet normal 0 0 1
    outer loop
      vertex -16.0065 -43.9776 1.8
      vertex -16.6906 -45.857 1.8
      vertex -15.08 -46.4116 1.8
    endloop
  endfacet
  facet normal 0 0 1
    outer loop
      vertex -17.5316 -43.3922 1.8
      vertex -16.6906 -45.857 1.8
      vertex -16.0065 -43.9776 1.8
    endloop
  endfacet
  facet normal 0 0 1
    outer loop
      vertex -17.5316 -43.3922 1.8
      vertex -18.2808 -45.2466 1.8
      vertex -16.6906 -45.857 1.8
    endloop
  endfacet
  facet normal 0 0 1
    outer loop
      vertex -19.0353 -42.7539 1.8
      vertex -18.2808 -45.2466 1.8
      vertex -17.5316 -43.3922 1.8
    endloop
  endfacet
  facet normal 0 0 1
    outer loop
      vertex -19.0353 -42.7539 1.8
      vertex -19.8487 -44.581 1.8
      vertex -18.2808 -45.2466 1.8
    endloop
  endfacet
  facet normal 0 0 1
    outer loop
      vertex -20.5158 -42.0636 1.8
      vertex -19.8487 -44.581 1.8
      vertex -19.0353 -42.7539 1.8
    endloop
  endfacet
  facet normal 0 0 1
    outer loop
      vertex -20.5158 -42.0636 1.8
      vertex -21.3925 -43.8611 1.8
      vertex -19.8487 -44.581 1.8
    endloop
  endfacet
  facet normal 0 0 1
    outer loop
      vertex -21.9713 -41.3219 1.8
      vertex -21.3925 -43.8611 1.8
      vertex -20.5158 -42.0636 1.8
    endloop
  endfacet
  facet normal 0 0 1
    outer loop
      vertex -21.9713 -41.3219 1.8
      vertex -22.9102 -43.0878 1.8
      vertex -21.3925 -43.8611 1.8
    endloop
  endfacet
  facet normal 0 0 1
    outer loop
      vertex -23.4 -40.53 1.8
      vertex -22.9102 -43.0878 1.8
      vertex -21.9713 -41.3219 1.8
    endloop
  endfacet
  facet normal 0 0 1
    outer loop
      vertex -23.4 -40.53 1.8
      vertex -24.4 -42.262 1.8
      vertex -22.9102 -43.0878 1.8
    endloop
  endfacet
  facet normal 0 0 1
    outer loop
      vertex -24.8002 -39.6887 1.8
      vertex -24.4 -42.262 1.8
      vertex -23.4 -40.53 1.8
    endloop
  endfacet
  facet normal 0 0 1
    outer loop
      vertex -24.8002 -39.6887 1.8
      vertex -25.8601 -41.3847 1.8
      vertex -24.4 -42.262 1.8
    endloop
  endfacet
  facet normal 0 0 1
    outer loop
      vertex -26.1702 -38.799 1.8
      vertex -25.8601 -41.3847 1.8
      vertex -24.8002 -39.6887 1.8
    endloop
  endfacet
  facet normal 0 0 1
    outer loop
      vertex -26.1702 -38.799 1.8
      vertex -27.2886 -40.457 1.8
      vertex -25.8601 -41.3847 1.8
    endloop
  endfacet
  facet normal 0 0 1
    outer loop
      vertex -27.5084 -37.862 1.8
      vertex -27.2886 -40.457 1.8
      vertex -26.1702 -38.799 1.8
    endloop
  endfacet
  facet normal 0 0 1
    outer loop
      vertex -27.5084 -37.862 1.8
      vertex -28.6839 -39.48 1.8
      vertex -27.2886 -40.457 1.8
    endloop
  endfacet
  facet normal 0 0 1
    outer loop
      vertex -28.813 -36.8789 1.8
      vertex -28.6839 -39.48 1.8
      vertex -27.5084 -37.862 1.8
    endloop
  endfacet
  facet normal 0 0 1
    outer loop
      vertex -28.813 -36.8789 1.8
      vertex -30.0443 -38.4549 1.8
      vertex -28.6839 -39.48 1.8
    endloop
  endfacet
  facet normal 0 0 1
    outer loop
      vertex -30.0825 -35.8509 1.8
      vertex -30.0443 -38.4549 1.8
      vertex -28.813 -36.8789 1.8
    endloop
  endfacet
  facet normal 0 0 1
    outer loop
      vertex -31.368 -37.383 1.8
      vertex -30.0825 -35.8509 1.8
      vertex -31.3153 -34.7792 1.8
    endloop
  endfacet
  facet normal 0 0 1
    outer loop
      vertex -30.0825 -35.8509 1.8
      vertex -31.368 -37.383 1.8
      vertex -30.0443 -38.4549 1.8
    endloop
  endfacet
  facet normal 0 0 1
    outer loop
      vertex -32.6536 -36.2655 1.8
      vertex -31.3153 -34.7792 1.8
      vertex -32.51 -33.6651 1.8
    endloop
  endfacet
  facet normal 0 0 1
    outer loop
      vertex -31.3153 -34.7792 1.8
      vertex -32.6536 -36.2655 1.8
      vertex -31.368 -37.383 1.8
    endloop
  endfacet
  facet normal 0 0 1
    outer loop
      vertex -33.8993 -35.1038 1.8
      vertex -32.51 -33.6651 1.8
      vertex -33.6651 -32.51 1.8
    endloop
  endfacet
  facet normal 0 0 1
    outer loop
      vertex -32.51 -33.6651 1.8
      vertex -33.8993 -35.1038 1.8
      vertex -32.6536 -36.2655 1.8
    endloop
  endfacet
  facet normal 0 0 1
    outer loop
      vertex -35.1038 -33.8993 1.8
      vertex -33.6651 -32.51 1.8
      vertex -34.7792 -31.3153 1.8
    endloop
  endfacet
  facet normal 0 0 1
    outer loop
      vertex -33.6651 -32.51 1.8
      vertex -35.1038 -33.8993 1.8
      vertex -33.8993 -35.1038 1.8
    endloop
  endfacet
  facet normal 0 0 1
    outer loop
      vertex -36.2655 -32.6536 1.8
      vertex -34.7792 -31.3153 1.8
      vertex -35.8509 -30.0825 1.8
    endloop
  endfacet
  facet normal 0 0 1
    outer loop
      vertex -34.7792 -31.3153 1.8
      vertex -36.2655 -32.6536 1.8
      vertex -35.1038 -33.8993 1.8
    endloop
  endfacet
  facet normal 0 0 1
    outer loop
      vertex -37.383 -31.368 1.8
      vertex -35.8509 -30.0825 1.8
      vertex -36.8789 -28.813 1.8
    endloop
  endfacet
  facet normal 0 0 1
    outer loop
      vertex -35.8509 -30.0825 1.8
      vertex -37.383 -31.368 1.8
      vertex -36.2655 -32.6536 1.8
    endloop
  endfacet
  facet normal 0 0 1
    outer loop
      vertex -38.4549 -30.0443 1.8
      vertex -36.8789 -28.813 1.8
      vertex -37.862 -27.5084 1.8
    endloop
  endfacet
  facet normal 0 0 1
    outer loop
      vertex -36.8789 -28.813 1.8
      vertex -38.4549 -30.0443 1.8
      vertex -37.383 -31.368 1.8
    endloop
  endfacet
  facet normal 0 0 1
    outer loop
      vertex -39.48 -28.6839 1.8
      vertex -37.862 -27.5084 1.8
      vertex -38.799 -26.1702 1.8
    endloop
  endfacet
  facet normal 0 0 1
    outer loop
      vertex -37.862 -27.5084 1.8
      vertex -39.48 -28.6839 1.8
      vertex -38.4549 -30.0443 1.8
    endloop
  endfacet
  facet normal 0 0 1
    outer loop
      vertex -40.457 -27.2886 1.8
      vertex -38.799 -26.1702 1.8
      vertex -39.6887 -24.8002 1.8
    endloop
  endfacet
  facet normal 0 0 1
    outer loop
      vertex -38.799 -26.1702 1.8
      vertex -40.457 -27.2886 1.8
      vertex -39.48 -28.6839 1.8
    endloop
  endfacet
  facet normal 0 0 1
    outer loop
      vertex -41.3847 -25.8601 1.8
      vertex -39.6887 -24.8002 1.8
      vertex -40.53 -23.4 1.8
    endloop
  endfacet
  facet normal 0 0 1
    outer loop
      vertex -42.262 -24.4 1.8
      vertex -40.53 -23.4 1.8
      vertex -41.3219 -21.9713 1.8
    endloop
  endfacet
  facet normal 0 0 1
    outer loop
      vertex -39.6887 -24.8002 1.8
      vertex -41.3847 -25.8601 1.8
      vertex -40.457 -27.2886 1.8
    endloop
  endfacet
  facet normal 0 0 1
    outer loop
      vertex -43.0878 -22.9102 1.8
      vertex -41.3219 -21.9713 1.8
      vertex -42.0636 -20.5158 1.8
    endloop
  endfacet
  facet normal 0 0 1
    outer loop
      vertex -40.53 -23.4 1.8
      vertex -42.262 -24.4 1.8
      vertex -41.3847 -25.8601 1.8
    endloop
  endfacet
  facet normal 0 0 1
    outer loop
      vertex -43.8611 -21.3925 1.8
      vertex -42.0636 -20.5158 1.8
      vertex -42.7539 -19.0353 1.8
    endloop
  endfacet
  facet normal 0 0 1
    outer loop
      vertex -41.3219 -21.9713 1.8
      vertex -43.0878 -22.9102 1.8
      vertex -42.262 -24.4 1.8
    endloop
  endfacet
  facet normal 0 0 1
    outer loop
      vertex -44.581 -19.8487 1.8
      vertex -42.7539 -19.0353 1.8
      vertex -43.3922 -17.5316 1.8
    endloop
  endfacet
  facet normal 0 0 1
    outer loop
      vertex -42.0636 -20.5158 1.8
      vertex -43.8611 -21.3925 1.8
      vertex -43.0878 -22.9102 1.8
    endloop
  endfacet
  facet normal 0 0 1
    outer loop
      vertex -45.2466 -18.2808 1.8
      vertex -43.3922 -17.5316 1.8
      vertex -43.9776 -16.0065 1.8
    endloop
  endfacet
  facet normal 0 0 1
    outer loop
      vertex -45.857 -16.6906 1.8
      vertex -43.9776 -16.0065 1.8
      vertex -44.5094 -14.462 1.8
    endloop
  endfacet
  facet normal 0 0 1
    outer loop
      vertex -42.7539 -19.0353 1.8
      vertex -44.581 -19.8487 1.8
      vertex -43.8611 -21.3925 1.8
    endloop
  endfacet
  facet normal 0 0 1
    outer loop
      vertex -46.4116 -15.08 1.8
      vertex -44.5094 -14.462 1.8
      vertex -44.987 -12.8998 1.8
    endloop
  endfacet
  facet normal 0 0 1
    outer loop
      vertex -43.3922 -17.5316 1.8
      vertex -45.2466 -18.2808 1.8
      vertex -44.581 -19.8487 1.8
    endloop
  endfacet
  facet normal 0 0 1
    outer loop
      vertex -46.9096 -13.4511 1.8
      vertex -44.987 -12.8998 1.8
      vertex -45.4098 -11.3219 1.8
    endloop
  endfacet
  facet normal 0 0 1
    outer loop
      vertex -47.3504 -11.8058 1.8
      vertex -45.4098 -11.3219 1.8
      vertex -45.7773 -9.73027 1.8
    endloop
  endfacet
  facet normal 0 0 1
    outer loop
      vertex -43.9776 -16.0065 1.8
      vertex -45.857 -16.6906 1.8
      vertex -45.2466 -18.2808 1.8
    endloop
  endfacet
  facet normal 0 0 1
    outer loop
      vertex -47.7336 -10.1461 1.8
      vertex -45.7773 -9.73027 1.8
      vertex -46.089 -8.12673 1.8
    endloop
  endfacet
  facet normal 0 0 1
    outer loop
      vertex -48.0586 -8.47403 1.8
      vertex -46.089 -8.12673 1.8
      vertex -46.3445 -6.5133 1.8
    endloop
  endfacet
  facet normal 0 0 1
    outer loop
      vertex -44.5094 -14.462 1.8
      vertex -46.4116 -15.08 1.8
      vertex -45.857 -16.6906 1.8
    endloop
  endfacet
  facet normal 0 0 1
    outer loop
      vertex -48.3251 -6.79165 1.8
      vertex -46.3445 -6.5133 1.8
      vertex -46.5436 -4.89193 1.8
    endloop
  endfacet
  facet normal 0 0 1
    outer loop
      vertex -48.5327 -5.10099 1.8
      vertex -46.5436 -4.89193 1.8
      vertex -46.686 -3.2646 1.8
    endloop
  endfacet
  facet normal 0 0 1
    outer loop
      vertex -48.6811 -3.40412 1.8
      vertex -46.686 -3.2646 1.8
      vertex -46.7715 -1.6333 1.8
    endloop
  endfacet
  facet normal 0 0 1
    outer loop
      vertex -44.987 -12.8998 1.8
      vertex -46.9096 -13.4511 1.8
      vertex -46.4116 -15.08 1.8
    endloop
  endfacet
  facet normal 0 0 1
    outer loop
      vertex -48.7703 -1.7031 1.8
      vertex -46.7715 -1.6333 1.8
      vertex -46.8 0 1.8
    endloop
  endfacet
  facet normal 0 0 1
    outer loop
      vertex -46.3445 6.5133 1.8
      vertex -48.3251 6.79165 1.8
      vertex -46.5436 4.89193 1.8
    endloop
  endfacet
  facet normal -0 0 1
    outer loop
      vertex -48.5327 5.10099 1.8
      vertex -46.5436 4.89193 1.8
      vertex -48.3251 6.79165 1.8
    endloop
  endfacet
  facet normal 0 0 1
    outer loop
      vertex -45.4098 -11.3219 1.8
      vertex -47.3504 -11.8058 1.8
      vertex -46.9096 -13.4511 1.8
    endloop
  endfacet
  facet normal 0 0 1
    outer loop
      vertex -46.5436 4.89193 1.8
      vertex -48.5327 5.10099 1.8
      vertex -46.686 3.2646 1.8
    endloop
  endfacet
  facet normal 0 0 1
    outer loop
      vertex -45.7773 -9.73027 1.8
      vertex -47.7336 -10.1461 1.8
      vertex -47.3504 -11.8058 1.8
    endloop
  endfacet
  facet normal -0 0 1
    outer loop
      vertex -48.6811 3.40412 1.8
      vertex -46.686 3.2646 1.8
      vertex -48.5327 5.10099 1.8
    endloop
  endfacet
  facet normal 0 0 1
    outer loop
      vertex -46.089 -8.12673 1.8
      vertex -48.0586 -8.47403 1.8
      vertex -47.7336 -10.1461 1.8
    endloop
  endfacet
  facet normal 0 0 1
    outer loop
      vertex -46.686 3.2646 1.8
      vertex -48.6811 3.40412 1.8
      vertex -46.7715 1.6333 1.8
    endloop
  endfacet
  facet normal 0 0 1
    outer loop
      vertex -46.3445 -6.5133 1.8
      vertex -48.3251 -6.79165 1.8
      vertex -48.0586 -8.47403 1.8
    endloop
  endfacet
  facet normal -0 0 1
    outer loop
      vertex -48.7703 1.7031 1.8
      vertex -46.7715 1.6333 1.8
      vertex -48.6811 3.40412 1.8
    endloop
  endfacet
  facet normal 0 0 1
    outer loop
      vertex -46.5436 -4.89193 1.8
      vertex -48.5327 -5.10099 1.8
      vertex -48.3251 -6.79165 1.8
    endloop
  endfacet
  facet normal 0 0 1
    outer loop
      vertex -46.7715 1.6333 1.8
      vertex -48.7703 1.7031 1.8
      vertex -46.8 0 1.8
    endloop
  endfacet
  facet normal 0 0 1
    outer loop
      vertex -46.686 -3.2646 1.8
      vertex -48.6811 -3.40412 1.8
      vertex -48.5327 -5.10099 1.8
    endloop
  endfacet
  facet normal 0 0 1
    outer loop
      vertex -48.8 0 1.8
      vertex -46.8 0 1.8
      vertex -48.7703 1.7031 1.8
    endloop
  endfacet
  facet normal 0 0 1
    outer loop
      vertex -46.7715 -1.6333 1.8
      vertex -48.7703 -1.7031 1.8
      vertex -48.6811 -3.40412 1.8
    endloop
  endfacet
  facet normal 0 0 1
    outer loop
      vertex -46.8 0 1.8
      vertex -48.8 0 1.8
      vertex -48.7703 -1.7031 1.8
    endloop
  endfacet
  facet normal 0.945514 0.325582 0
    outer loop
      vertex -45.857 -16.6906 4.5
      vertex -46.4116 -15.08 1.8
      vertex -46.4116 -15.08 4.5
    endloop
  endfacet
  facet normal 0.945514 0.325582 0
    outer loop
      vertex -46.4116 -15.08 1.8
      vertex -45.857 -16.6906 4.5
      vertex -45.857 -16.6906 1.8
    endloop
  endfacet
  facet normal 0.857172 0.515031 0
    outer loop
      vertex -41.3847 -25.8601 4.5
      vertex -42.262 -24.4 1.8
      vertex -42.262 -24.4 4.5
    endloop
  endfacet
  facet normal 0.857172 0.515031 0
    outer loop
      vertex -42.262 -24.4 1.8
      vertex -41.3847 -25.8601 4.5
      vertex -41.3847 -25.8601 1.8
    endloop
  endfacet
  facet normal 0.798645 0.601802 0
    outer loop
      vertex -38.4549 -30.0443 4.5
      vertex -39.48 -28.6839 1.8
      vertex -39.48 -28.6839 4.5
    endloop
  endfacet
  facet normal 0.798645 0.601802 0
    outer loop
      vertex -39.48 -28.6839 1.8
      vertex -38.4549 -30.0443 4.5
      vertex -38.4549 -30.0443 1.8
    endloop
  endfacet
  facet normal 0.777149 0.629316 0
    outer loop
      vertex -37.383 -31.368 4.5
      vertex -38.4549 -30.0443 1.8
      vertex -38.4549 -30.0443 4.5
    endloop
  endfacet
  facet normal 0.777149 0.629316 0
    outer loop
      vertex -38.4549 -30.0443 1.8
      vertex -37.383 -31.368 4.5
      vertex -37.383 -31.368 1.8
    endloop
  endfacet
  facet normal 0.190799 0.981629 -0
    outer loop
      vertex -8.47403 -48.0586 1.8
      vertex -10.1461 -47.7336 4.5
      vertex -8.47403 -48.0586 4.5
    endloop
  endfacet
  facet normal 0.190799 0.981629 0
    outer loop
      vertex -10.1461 -47.7336 4.5
      vertex -8.47403 -48.0586 1.8
      vertex -10.1461 -47.7336 1.8
    endloop
  endfacet
  facet normal 0.156456 0.987685 -0
    outer loop
      vertex -6.79165 -48.3251 1.8
      vertex -8.47403 -48.0586 4.5
      vertex -6.79165 -48.3251 4.5
    endloop
  endfacet
  facet normal 0.156456 0.987685 0
    outer loop
      vertex -8.47403 -48.0586 4.5
      vertex -6.79165 -48.3251 1.8
      vertex -8.47403 -48.0586 1.8
    endloop
  endfacet
  facet normal 0.544648 0.838665 -0
    outer loop
      vertex -25.8601 -41.3847 1.8
      vertex -27.2886 -40.457 4.5
      vertex -25.8601 -41.3847 4.5
    endloop
  endfacet
  facet normal 0.544648 0.838665 0
    outer loop
      vertex -27.2886 -40.457 4.5
      vertex -25.8601 -41.3847 1.8
      vertex -27.2886 -40.457 1.8
    endloop
  endfacet
  facet normal 0.515031 0.857172 -0
    outer loop
      vertex -24.4 -42.262 1.8
      vertex -25.8601 -41.3847 4.5
      vertex -24.4 -42.262 4.5
    endloop
  endfacet
  facet normal 0.515031 0.857172 0
    outer loop
      vertex -25.8601 -41.3847 4.5
      vertex -24.4 -42.262 1.8
      vertex -25.8601 -41.3847 1.8
    endloop
  endfacet
  facet normal -0.987685 -0.156456 0
    outer loop
      vertex 48.3251 6.79165 1.8
      vertex 48.0586 8.47403 4.5
      vertex 48.0586 8.47403 1.8
    endloop
  endfacet
  facet normal -0.987685 -0.156456 0
    outer loop
      vertex 48.0586 8.47403 4.5
      vertex 48.3251 6.79165 1.8
      vertex 48.3251 6.79165 4.5
    endloop
  endfacet
  facet normal -0.992545 -0.121877 0
    outer loop
      vertex 48.5327 5.10099 1.8
      vertex 48.3251 6.79165 4.5
      vertex 48.3251 6.79165 1.8
    endloop
  endfacet
  facet normal -0.992545 -0.121877 0
    outer loop
      vertex 48.3251 6.79165 4.5
      vertex 48.5327 5.10099 1.8
      vertex 48.5327 5.10099 4.5
    endloop
  endfacet
  facet normal -0.601802 -0.798645 0
    outer loop
      vertex 28.6839 39.48 1.8
      vertex 30.0443 38.4549 4.5
      vertex 28.6839 39.48 4.5
    endloop
  endfacet
  facet normal -0.601802 -0.798645 -0
    outer loop
      vertex 30.0443 38.4549 4.5
      vertex 28.6839 39.48 1.8
      vertex 30.0443 38.4549 1.8
    endloop
  endfacet
  facet normal -0.777149 -0.629316 0
    outer loop
      vertex 38.4549 30.0443 1.8
      vertex 37.383 31.368 4.5
      vertex 37.383 31.368 1.8
    endloop
  endfacet
  facet normal -0.777149 -0.629316 0
    outer loop
      vertex 37.383 31.368 4.5
      vertex 38.4549 30.0443 1.8
      vertex 38.4549 30.0443 4.5
    endloop
  endfacet
  facet normal 0.999848 -0.0174526 0
    outer loop
      vertex -48.7703 1.7031 4.5
      vertex -48.7817 1.05 3.25
      vertex -48.7703 1.7031 1.8
    endloop
  endfacet
  facet normal 0.99985 -0.0173145 -7.21367e-05
    outer loop
      vertex -48.7703 1.7031 4.5
      vertex -48.7823 1.01422 3.52176
      vertex -48.7817 1.05 3.25
    endloop
  endfacet
  facet normal 0.99985 -0.017321 -6.75992e-05
    outer loop
      vertex -48.7703 1.7031 4.5
      vertex -48.7841 0.909327 3.775
      vertex -48.7823 1.01422 3.52176
    endloop
  endfacet
  facet normal 0.999849 -0.0173802 -2.75545e-06
    outer loop
      vertex -48.7703 1.7031 4.5
      vertex -48.787 0.742461 3.99246
      vertex -48.7841 0.909327 3.775
    endloop
  endfacet
  facet normal 0.999848 -0.0174184 6.95552e-05
    outer loop
      vertex -48.7703 1.7031 4.5
      vertex -48.7908 0.525 4.15933
      vertex -48.787 0.742461 3.99246
    endloop
  endfacet
  facet normal 0.999848 -0.0174361 0.000131005
    outer loop
      vertex -48.8 0 4.5
      vertex -48.7908 0.525 4.15933
      vertex -48.7703 1.7031 4.5
    endloop
  endfacet
  facet normal 0.999834 -0.0182006 -0.00104751
    outer loop
      vertex -48.7908 0.525 4.15933
      vertex -48.8 0 4.5
      vertex -48.7953 0.27176 4.26422
    endloop
  endfacet
  facet normal 0.99985 -0.0172921 0
    outer loop
      vertex -48.7953 0.27176 4.26422
      vertex -48.8 0 4.5
      vertex -48.8 0 4.3
    endloop
  endfacet
  facet normal 0.99985 -0.0172974 6.98861e-05
    outer loop
      vertex -48.7823 1.01422 2.97824
      vertex -48.7703 1.7031 1.8
      vertex -48.7817 1.05 3.25
    endloop
  endfacet
  facet normal 0.99985 -0.0173095 6.2841e-05
    outer loop
      vertex -48.7841 0.909327 2.725
      vertex -48.7703 1.7031 1.8
      vertex -48.7823 1.01422 2.97824
    endloop
  endfacet
  facet normal 0.999849 -0.0173798 2.4742e-06
    outer loop
      vertex -48.787 0.742461 2.50754
      vertex -48.7703 1.7031 1.8
      vertex -48.7841 0.909327 2.725
    endloop
  endfacet
  facet normal 0.999848 -0.0174258 -5.99261e-05
    outer loop
      vertex -48.7908 0.525 2.34067
      vertex -48.7703 1.7031 1.8
      vertex -48.787 0.742461 2.50754
    endloop
  endfacet
  facet normal 0.999839 -0.0179322 0.000399339
    outer loop
      vertex -48.8 0 1.8
      vertex -48.7908 0.525 2.34067
      vertex -48.7953 0.27176 2.23578
    endloop
  endfacet
  facet normal 0.99985 -0.0172921 0
    outer loop
      vertex -48.8 0 1.8
      vertex -48.7953 0.27176 2.23578
      vertex -48.8 0 2.2
    endloop
  endfacet
  facet normal 0.999848 -0.0174361 -8.25447e-05
    outer loop
      vertex -48.7908 0.525 2.34067
      vertex -48.8 0 1.8
      vertex -48.7703 1.7031 1.8
    endloop
  endfacet
  facet normal 0.998628 -0.0523672 0
    outer loop
      vertex -48.7703 1.7031 4.5
      vertex -48.6811 3.40412 1.8
      vertex -48.6811 3.40412 4.5
    endloop
  endfacet
  facet normal 0.998628 -0.0523672 0
    outer loop
      vertex -48.6811 3.40412 1.8
      vertex -48.7703 1.7031 4.5
      vertex -48.7703 1.7031 1.8
    endloop
  endfacet
  facet normal 0.933584 -0.358357 0
    outer loop
      vertex -45.857 16.6906 4.5
      vertex -45.2466 18.2808 1.8
      vertex -45.2466 18.2808 4.5
    endloop
  endfacet
  facet normal 0.933584 -0.358357 0
    outer loop
      vertex -45.2466 18.2808 1.8
      vertex -45.857 16.6906 4.5
      vertex -45.857 16.6906 1.8
    endloop
  endfacet
  facet normal -0.0871226 -0.996198 0
    outer loop
      vertex 3.40412 48.6811 1.8
      vertex 5.10099 48.5327 4.5
      vertex 3.40412 48.6811 4.5
    endloop
  endfacet
  facet normal -0.0871226 -0.996198 -0
    outer loop
      vertex 5.10099 48.5327 4.5
      vertex 3.40412 48.6811 1.8
      vertex 5.10099 48.5327 1.8
    endloop
  endfacet
  facet normal -0.224967 -0.974366 0
    outer loop
      vertex 10.1461 47.7336 1.8
      vertex 11.8058 47.3504 4.5
      vertex 10.1461 47.7336 4.5
    endloop
  endfacet
  facet normal -0.224967 -0.974366 -0
    outer loop
      vertex 11.8058 47.3504 4.5
      vertex 10.1461 47.7336 1.8
      vertex 11.8058 47.3504 1.8
    endloop
  endfacet
  facet normal -0.358357 -0.933584 0
    outer loop
      vertex 16.6906 45.857 1.8
      vertex 18.2808 45.2466 4.5
      vertex 16.6906 45.857 4.5
    endloop
  endfacet
  facet normal -0.358357 -0.933584 -0
    outer loop
      vertex 18.2808 45.2466 4.5
      vertex 16.6906 45.857 1.8
      vertex 18.2808 45.2466 1.8
    endloop
  endfacet
  facet normal -0.965934 0.258788 0
    outer loop
      vertex 46.9096 -13.4511 1.8
      vertex 47.3504 -11.8058 4.5
      vertex 47.3504 -11.8058 1.8
    endloop
  endfacet
  facet normal -0.965934 0.258788 0
    outer loop
      vertex 47.3504 -11.8058 4.5
      vertex 46.9096 -13.4511 1.8
      vertex 46.9096 -13.4511 4.5
    endloop
  endfacet
  facet normal 0.996198 0.0871226 0
    outer loop
      vertex -48.5327 -5.10099 4.5
      vertex -48.6811 -3.40412 1.8
      vertex -48.6811 -3.40412 4.5
    endloop
  endfacet
  facet normal 0.996198 0.0871226 0
    outer loop
      vertex -48.6811 -3.40412 1.8
      vertex -48.5327 -5.10099 4.5
      vertex -48.5327 -5.10099 1.8
    endloop
  endfacet
  facet normal 0.987685 0.156456 0
    outer loop
      vertex -48.0586 -8.47403 4.5
      vertex -48.3251 -6.79165 1.8
      vertex -48.3251 -6.79165 4.5
    endloop
  endfacet
  facet normal 0.987685 0.156456 0
    outer loop
      vertex -48.3251 -6.79165 1.8
      vertex -48.0586 -8.47403 4.5
      vertex -48.0586 -8.47403 1.8
    endloop
  endfacet
  facet normal 0.906305 0.422625 0
    outer loop
      vertex -43.8611 -21.3925 4.5
      vertex -44.581 -19.8487 1.8
      vertex -44.581 -19.8487 4.5
    endloop
  endfacet
  facet normal 0.906305 0.422625 0
    outer loop
      vertex -44.581 -19.8487 1.8
      vertex -43.8611 -21.3925 4.5
      vertex -43.8611 -21.3925 1.8
    endloop
  endfacet
  facet normal 0.292369 0.956306 -0
    outer loop
      vertex -13.4511 -46.9096 1.8
      vertex -15.08 -46.4116 4.5
      vertex -13.4511 -46.9096 4.5
    endloop
  endfacet
  facet normal 0.292369 0.956306 0
    outer loop
      vertex -15.08 -46.4116 4.5
      vertex -13.4511 -46.9096 1.8
      vertex -15.08 -46.4116 1.8
    endloop
  endfacet
  facet normal 0.0871226 0.996198 -0
    outer loop
      vertex -3.40412 -48.6811 1.8
      vertex -5.10099 -48.5327 4.5
      vertex -3.40412 -48.6811 4.5
    endloop
  endfacet
  facet normal 0.0871226 0.996198 0
    outer loop
      vertex -5.10099 -48.5327 4.5
      vertex -3.40412 -48.6811 1.8
      vertex -5.10099 -48.5327 1.8
    endloop
  endfacet
  facet normal 0.453987 0.891008 -0
    outer loop
      vertex -21.3925 -43.8611 1.8
      vertex -22.9102 -43.0878 4.5
      vertex -21.3925 -43.8611 4.5
    endloop
  endfacet
  facet normal 0.453987 0.891008 0
    outer loop
      vertex -22.9102 -43.0878 4.5
      vertex -21.3925 -43.8611 1.8
      vertex -22.9102 -43.0878 1.8
    endloop
  endfacet
  facet normal 0.656041 0.754726 -0
    outer loop
      vertex -31.368 -37.383 1.8
      vertex -32.6536 -36.2655 4.5
      vertex -31.368 -37.383 4.5
    endloop
  endfacet
  facet normal 0.656041 0.754726 0
    outer loop
      vertex -32.6536 -36.2655 4.5
      vertex -31.368 -37.383 1.8
      vertex -32.6536 -36.2655 1.8
    endloop
  endfacet
  facet normal -0.999847 -0.0174889 0
    outer loop
      vertex 48.7791 1.2 1.8
      vertex 48.7703 1.7031 4.5
      vertex 48.7703 1.7031 1.8
    endloop
  endfacet
  facet normal -0.999847 -0.0174889 0
    outer loop
      vertex 48.7703 1.7031 4.5
      vertex 48.7791 1.2 1.8
      vertex 48.7791 1.2 4.5
    endloop
  endfacet
  facet normal -0.906305 -0.422625 0
    outer loop
      vertex 44.581 19.8487 1.8
      vertex 43.8611 21.3925 4.5
      vertex 43.8611 21.3925 1.8
    endloop
  endfacet
  facet normal -0.906305 -0.422625 0
    outer loop
      vertex 43.8611 21.3925 4.5
      vertex 44.581 19.8487 1.8
      vertex 44.581 19.8487 4.5
    endloop
  endfacet
  facet normal -0.857172 -0.515031 0
    outer loop
      vertex 42.262 24.4 1.8
      vertex 41.3847 25.8601 4.5
      vertex 41.3847 25.8601 1.8
    endloop
  endfacet
  facet normal -0.857172 -0.515031 0
    outer loop
      vertex 41.3847 25.8601 4.5
      vertex 42.262 24.4 1.8
      vertex 42.262 24.4 4.5
    endloop
  endfacet
  facet normal -0.945514 -0.325582 0
    outer loop
      vertex 46.4116 15.08 1.8
      vertex 45.857 16.6906 4.5
      vertex 45.857 16.6906 1.8
    endloop
  endfacet
  facet normal -0.945514 -0.325582 0
    outer loop
      vertex 45.857 16.6906 4.5
      vertex 46.4116 15.08 1.8
      vertex 46.4116 15.08 4.5
    endloop
  endfacet
  facet normal -0.965934 -0.258788 0
    outer loop
      vertex 47.3504 11.8058 1.8
      vertex 46.9096 13.4511 4.5
      vertex 46.9096 13.4511 1.8
    endloop
  endfacet
  facet normal -0.965934 -0.258788 0
    outer loop
      vertex 46.9096 13.4511 4.5
      vertex 47.3504 11.8058 1.8
      vertex 47.3504 11.8058 4.5
    endloop
  endfacet
  facet normal -0.981629 -0.190799 0
    outer loop
      vertex 48.0586 8.47403 1.8
      vertex 47.7336 10.1461 4.5
      vertex 47.7336 10.1461 1.8
    endloop
  endfacet
  facet normal -0.981629 -0.190799 0
    outer loop
      vertex 47.7336 10.1461 4.5
      vertex 48.0586 8.47403 1.8
      vertex 48.0586 8.47403 4.5
    endloop
  endfacet
  facet normal -0.656041 -0.754726 0
    outer loop
      vertex 31.368 37.383 1.8
      vertex 32.6536 36.2655 4.5
      vertex 31.368 37.383 4.5
    endloop
  endfacet
  facet normal -0.656041 -0.754726 -0
    outer loop
      vertex 32.6536 36.2655 4.5
      vertex 31.368 37.383 1.8
      vertex 32.6536 36.2655 1.8
    endloop
  endfacet
  facet normal -0.798645 -0.601802 0
    outer loop
      vertex 39.48 28.6839 1.8
      vertex 38.4549 30.0443 4.5
      vertex 38.4549 30.0443 1.8
    endloop
  endfacet
  facet normal -0.798645 -0.601802 0
    outer loop
      vertex 38.4549 30.0443 4.5
      vertex 39.48 28.6839 1.8
      vertex 39.48 28.6839 4.5
    endloop
  endfacet
  facet normal 0.0523672 -0.998628 0
    outer loop
      vertex -3.40412 48.6811 1.8
      vertex -1.7031 48.7703 4.5
      vertex -3.40412 48.6811 4.5
    endloop
  endfacet
  facet normal 0.0523672 -0.998628 0
    outer loop
      vertex -1.7031 48.7703 4.5
      vertex -3.40412 48.6811 1.8
      vertex -1.7031 48.7703 1.8
    endloop
  endfacet
  facet normal 0.358357 -0.933584 0
    outer loop
      vertex -18.2808 45.2466 1.8
      vertex -16.6906 45.857 4.5
      vertex -18.2808 45.2466 4.5
    endloop
  endfacet
  facet normal 0.358357 -0.933584 0
    outer loop
      vertex -16.6906 45.857 4.5
      vertex -18.2808 45.2466 1.8
      vertex -16.6906 45.857 1.8
    endloop
  endfacet
  facet normal 0.544648 -0.838665 0
    outer loop
      vertex -27.2886 40.457 1.8
      vertex -25.8601 41.3847 4.5
      vertex -27.2886 40.457 4.5
    endloop
  endfacet
  facet normal 0.544648 -0.838665 0
    outer loop
      vertex -25.8601 41.3847 4.5
      vertex -27.2886 40.457 1.8
      vertex -25.8601 41.3847 1.8
    endloop
  endfacet
  facet normal -0.0174361 -0.999848 0
    outer loop
      vertex 0 48.8 1.8
      vertex 1.7031 48.7703 4.5
      vertex 0 48.8 4.5
    endloop
  endfacet
  facet normal -0.0174361 -0.999848 -0
    outer loop
      vertex 1.7031 48.7703 4.5
      vertex 0 48.8 1.8
      vertex 1.7031 48.7703 1.8
    endloop
  endfacet
  facet normal 0.996198 -0.0871226 0
    outer loop
      vertex -48.6811 3.40412 4.5
      vertex -48.5327 5.10099 1.8
      vertex -48.5327 5.10099 4.5
    endloop
  endfacet
  facet normal 0.996198 -0.0871226 0
    outer loop
      vertex -48.5327 5.10099 1.8
      vertex -48.6811 3.40412 4.5
      vertex -48.6811 3.40412 1.8
    endloop
  endfacet
  facet normal 0.981629 -0.190799 0
    outer loop
      vertex -48.0586 8.47403 4.5
      vertex -47.7336 10.1461 1.8
      vertex -47.7336 10.1461 4.5
    endloop
  endfacet
  facet normal 0.981629 -0.190799 0
    outer loop
      vertex -47.7336 10.1461 1.8
      vertex -48.0586 8.47403 4.5
      vertex -48.0586 8.47403 1.8
    endloop
  endfacet
  facet normal 0.707107 -0.707107 0
    outer loop
      vertex -35.1038 33.8993 4.5
      vertex -33.8993 35.1038 1.8
      vertex -33.8993 35.1038 4.5
    endloop
  endfacet
  facet normal 0.707107 -0.707107 0
    outer loop
      vertex -33.8993 35.1038 1.8
      vertex -35.1038 33.8993 4.5
      vertex -35.1038 33.8993 1.8
    endloop
  endfacet
  facet normal 0.819152 -0.573577 0
    outer loop
      vertex -40.457 27.2886 4.5
      vertex -39.48 28.6839 1.8
      vertex -39.48 28.6839 4.5
    endloop
  endfacet
  facet normal 0.819152 -0.573577 0
    outer loop
      vertex -39.48 28.6839 1.8
      vertex -40.457 27.2886 4.5
      vertex -40.457 27.2886 1.8
    endloop
  endfacet
  facet normal 0.874622 -0.484805 0
    outer loop
      vertex -43.0878 22.9102 4.5
      vertex -42.262 24.4 1.8
      vertex -42.262 24.4 4.5
    endloop
  endfacet
  facet normal 0.874622 -0.484805 0
    outer loop
      vertex -42.262 24.4 1.8
      vertex -43.0878 22.9102 4.5
      vertex -43.0878 22.9102 1.8
    endloop
  endfacet
  facet normal 0.965934 -0.258788 0
    outer loop
      vertex -47.3504 11.8058 4.5
      vertex -46.9096 13.4511 1.8
      vertex -46.9096 13.4511 4.5
    endloop
  endfacet
  facet normal 0.965934 -0.258788 0
    outer loop
      vertex -46.9096 13.4511 1.8
      vertex -47.3504 11.8058 4.5
      vertex -47.3504 11.8058 1.8
    endloop
  endfacet
  facet normal -0.292369 -0.956306 0
    outer loop
      vertex 13.4511 46.9096 1.8
      vertex 15.08 46.4116 4.5
      vertex 13.4511 46.9096 4.5
    endloop
  endfacet
  facet normal -0.292369 -0.956306 -0
    outer loop
      vertex 15.08 46.4116 4.5
      vertex 13.4511 46.9096 1.8
      vertex 15.08 46.4116 1.8
    endloop
  endfacet
  facet normal -0.156456 -0.987685 0
    outer loop
      vertex 6.79165 48.3251 1.8
      vertex 8.47403 48.0586 4.5
      vertex 6.79165 48.3251 4.5
    endloop
  endfacet
  facet normal -0.156456 -0.987685 -0
    outer loop
      vertex 8.47403 48.0586 4.5
      vertex 6.79165 48.3251 1.8
      vertex 8.47403 48.0586 1.8
    endloop
  endfacet
  facet normal -0.956306 0.292369 0
    outer loop
      vertex 46.4116 -15.08 1.8
      vertex 46.9096 -13.4511 4.5
      vertex 46.9096 -13.4511 1.8
    endloop
  endfacet
  facet normal -0.956306 0.292369 0
    outer loop
      vertex 46.9096 -13.4511 4.5
      vertex 46.4116 -15.08 1.8
      vertex 46.4116 -15.08 4.5
    endloop
  endfacet
  facet normal -0.874622 -0.484805 0
    outer loop
      vertex 43.0878 22.9102 1.8
      vertex 42.262 24.4 4.5
      vertex 42.262 24.4 1.8
    endloop
  endfacet
  facet normal -0.874622 -0.484805 0
    outer loop
      vertex 42.262 24.4 4.5
      vertex 43.0878 22.9102 1.8
      vertex 43.0878 22.9102 4.5
    endloop
  endfacet
  facet normal -0.891008 -0.453987 0
    outer loop
      vertex 43.8611 21.3925 1.8
      vertex 43.0878 22.9102 4.5
      vertex 43.0878 22.9102 1.8
    endloop
  endfacet
  facet normal -0.891008 -0.453987 0
    outer loop
      vertex 43.0878 22.9102 4.5
      vertex 43.8611 21.3925 1.8
      vertex 43.8611 21.3925 4.5
    endloop
  endfacet
  facet normal -0.956306 -0.292369 0
    outer loop
      vertex 46.9096 13.4511 1.8
      vertex 46.4116 15.08 4.5
      vertex 46.4116 15.08 1.8
    endloop
  endfacet
  facet normal -0.956306 -0.292369 0
    outer loop
      vertex 46.4116 15.08 4.5
      vertex 46.9096 13.4511 1.8
      vertex 46.9096 13.4511 4.5
    endloop
  endfacet
  facet normal -0.573577 -0.819152 0
    outer loop
      vertex 27.2886 40.457 1.8
      vertex 28.6839 39.48 4.5
      vertex 27.2886 40.457 4.5
    endloop
  endfacet
  facet normal -0.573577 -0.819152 -0
    outer loop
      vertex 28.6839 39.48 4.5
      vertex 27.2886 40.457 1.8
      vertex 28.6839 39.48 1.8
    endloop
  endfacet
  facet normal -0.544648 -0.838665 0
    outer loop
      vertex 25.8601 41.3847 1.8
      vertex 27.2886 40.457 4.5
      vertex 25.8601 41.3847 4.5
    endloop
  endfacet
  facet normal -0.544648 -0.838665 -0
    outer loop
      vertex 27.2886 40.457 4.5
      vertex 25.8601 41.3847 1.8
      vertex 27.2886 40.457 1.8
    endloop
  endfacet
  facet normal -0.484805 -0.874622 -0.000172929
    outer loop
      vertex 24.0723 42.4437 4.22162
      vertex 24.4 42.262 4.5
      vertex 22.9102 43.0878 4.5
    endloop
  endfacet
  facet normal -0.485334 -0.874329 -0
    outer loop
      vertex 24.4 42.262 4.5
      vertex 24.3038 42.3154 4.28552
      vertex 24.4 42.262 4.3
    endloop
  endfacet
  facet normal -0.484595 -0.874738 -0.000433353
    outer loop
      vertex 24.4 42.262 4.5
      vertex 24.1623 42.3938 4.26422
      vertex 24.3038 42.3154 4.28552
    endloop
  endfacet
  facet normal -0.484878 -0.874582 -6.0701e-05
    outer loop
      vertex 24.4 42.262 4.5
      vertex 24.0723 42.4437 4.22162
      vertex 24.1623 42.3938 4.26422
    endloop
  endfacet
  facet normal -0.4848 -0.874625 -0.00014396
    outer loop
      vertex 22.9102 43.0878 4.5
      vertex 23.9408 42.5166 4.15933
      vertex 24.0723 42.4437 4.22162
    endloop
  endfacet
  facet normal -0.484824 -0.874612 -0.000238597
    outer loop
      vertex 22.9102 43.0878 4.5
      vertex 23.8281 42.5791 4.0605
      vertex 23.9408 42.5166 4.15933
    endloop
  endfacet
  facet normal -0.484414 -0.874839 0.000880736
    outer loop
      vertex 22.9102 43.0878 4.5
      vertex 23.7505 42.622 3.99246
      vertex 23.8281 42.5791 4.0605
    endloop
  endfacet
  facet normal -0.485022 -0.874502 -0.000435472
    outer loop
      vertex 22.9102 43.0878 4.5
      vertex 23.6909 42.6551 3.90359
      vertex 23.7505 42.622 3.99246
    endloop
  endfacet
  facet normal -0.484948 -0.874543 -0.000308214
    outer loop
      vertex 22.9102 43.0878 4.5
      vertex 23.6046 42.703 3.775
      vertex 23.6909 42.6551 3.90359
    endloop
  endfacet
  facet normal -0.484584 -0.874745 0.000147663
    outer loop
      vertex 22.9102 43.0878 4.5
      vertex 23.5504 42.733 3.62548
      vertex 23.6046 42.703 3.775
    endloop
  endfacet
  facet normal -0.484514 -0.874784 0.000214283
    outer loop
      vertex 22.9102 43.0878 4.5
      vertex 23.5128 42.7538 3.52176
      vertex 23.5504 42.733 3.62548
    endloop
  endfacet
  facet normal -0.484825 -0.874611 -3.57965e-05
    outer loop
      vertex 22.9102 43.0878 4.5
      vertex 23.5 42.7609 3.41036
      vertex 23.5128 42.7538 3.52176
    endloop
  endfacet
  facet normal -0.485068 -0.874477 -0.00020799
    outer loop
      vertex 22.9102 43.0878 4.5
      vertex 23.4815 42.7712 3.25
      vertex 23.5 42.7609 3.41036
    endloop
  endfacet
  facet normal -0.48472 -0.87467 0
    outer loop
      vertex 22.9102 43.0878 1.8
      vertex 23.4815 42.7712 3.25
      vertex 22.9102 43.0878 4.5
    endloop
  endfacet
  facet normal -0.485111 -0.874453 0.000201487
    outer loop
      vertex 23.4815 42.7712 3.25
      vertex 22.9102 43.0878 1.8
      vertex 23.5 42.7609 3.08964
    endloop
  endfacet
  facet normal -0.484832 -0.874607 3.46817e-05
    outer loop
      vertex 23.5 42.7609 3.08964
      vertex 22.9102 43.0878 1.8
      vertex 23.5128 42.7538 2.97824
    endloop
  endfacet
  facet normal -0.484482 -0.874801 -0.000199199
    outer loop
      vertex 23.5128 42.7538 2.97824
      vertex 22.9102 43.0878 1.8
      vertex 23.5504 42.733 2.87452
    endloop
  endfacet
  facet normal -0.484562 -0.874757 -0.000137269
    outer loop
      vertex 23.5504 42.733 2.87452
      vertex 22.9102 43.0878 1.8
      vertex 23.6046 42.703 2.725
    endloop
  endfacet
  facet normal -0.484984 -0.874523 0.000276752
    outer loop
      vertex 22.9102 43.0878 1.8
      vertex 23.6909 42.6551 2.59641
      vertex 23.6046 42.703 2.725
    endloop
  endfacet
  facet normal -0.485073 -0.874474 0.000391035
    outer loop
      vertex 22.9102 43.0878 1.8
      vertex 23.7505 42.622 2.50754
      vertex 23.6909 42.6551 2.59641
    endloop
  endfacet
  facet normal -0.484332 -0.874884 -0.000758816
    outer loop
      vertex 22.9102 43.0878 1.8
      vertex 23.8281 42.5791 2.4395
      vertex 23.7505 42.622 2.50754
    endloop
  endfacet
  facet normal -0.484846 -0.874599 0.000205557
    outer loop
      vertex 22.9102 43.0878 1.8
      vertex 23.9408 42.5166 2.34067
      vertex 23.8281 42.5791 2.4395
    endloop
  endfacet
  facet normal -0.484805 -0.874622 0.000103935
    outer loop
      vertex 24.4 42.262 1.8
      vertex 23.9408 42.5166 2.34067
      vertex 22.9102 43.0878 1.8
    endloop
  endfacet
  facet normal -0.484821 -0.874614 8.68551e-05
    outer loop
      vertex 23.9408 42.5166 2.34067
      vertex 24.4 42.262 1.8
      vertex 24.0723 42.4437 2.27838
    endloop
  endfacet
  facet normal -0.484892 -0.874574 2.31463e-05
    outer loop
      vertex 24.0723 42.4437 2.27838
      vertex 24.4 42.262 1.8
      vertex 24.1623 42.3938 2.23578
    endloop
  endfacet
  facet normal -0.48462 -0.874725 0.000216673
    outer loop
      vertex 24.1623 42.3938 2.23578
      vertex 24.4 42.262 1.8
      vertex 24.3038 42.3154 2.21448
    endloop
  endfacet
  facet normal -0.485334 -0.874329 0
    outer loop
      vertex 24.3038 42.3154 2.21448
      vertex 24.4 42.262 1.8
      vertex 24.4 42.262 2.2
    endloop
  endfacet
  facet normal -0.515132 -0.857111 0
    outer loop
      vertex 24.5386 42.1787 4.27871
      vertex 24.4 42.262 4.5
      vertex 24.4 42.262 4.3
    endloop
  endfacet
  facet normal -0.514132 -0.857711 0.000852193
    outer loop
      vertex 24.633 42.1221 4.26422
      vertex 24.4 42.262 4.5
      vertex 24.5386 42.1787 4.27871
    endloop
  endfacet
  facet normal -0.515342 -0.856984 -0.000774203
    outer loop
      vertex 24.7212 42.0691 4.22162
      vertex 24.4 42.262 4.5
      vertex 24.633 42.1221 4.26422
    endloop
  endfacet
  facet normal -0.515031 -0.857172 -0.000285687
    outer loop
      vertex 24.4 42.262 4.5
      vertex 24.7212 42.0691 4.22162
      vertex 25.8601 41.3847 4.5
    endloop
  endfacet
  facet normal -0.515148 -0.857101 0.000365787
    outer loop
      vertex 24.8501 41.9916 4.15933
      vertex 25.8601 41.3847 4.5
      vertex 24.7212 42.0691 4.22162
    endloop
  endfacet
  facet normal -0.514997 -0.857192 -0.000241761
    outer loop
      vertex 24.9605 41.9253 4.0605
      vertex 25.8601 41.3847 4.5
      vertex 24.8501 41.9916 4.15933
    endloop
  endfacet
  facet normal -0.515169 -0.857089 0.000236624
    outer loop
      vertex 25.0365 41.8796 3.99246
      vertex 25.8601 41.3847 4.5
      vertex 24.9605 41.9253 4.0605
    endloop
  endfacet
  facet normal -0.515076 -0.857144 3.20413e-05
    outer loop
      vertex 25.1796 41.7936 3.775
      vertex 25.8601 41.3847 4.5
      vertex 25.0365 41.8796 3.99246
    endloop
  endfacet
  facet normal -0.514993 -0.857194 -7.46591e-05
    outer loop
      vertex 25.2164 41.7715 3.6713
      vertex 25.8601 41.3847 4.5
      vertex 25.1796 41.7936 3.775
    endloop
  endfacet
  facet normal -0.515034 -0.85717 -3.08614e-05
    outer loop
      vertex 25.2695 41.7396 3.52176
      vertex 25.8601 41.3847 4.5
      vertex 25.2164 41.7715 3.6713
    endloop
  endfacet
  facet normal -0.515296 -0.857012 0.000184526
    outer loop
      vertex 25.2821 41.732 3.41036
      vertex 25.8601 41.3847 4.5
      vertex 25.2695 41.7396 3.52176
    endloop
  endfacet
  facet normal -0.514579 -0.857443 -0.000333563
    outer loop
      vertex 25.3002 41.7212 3.25
      vertex 25.8601 41.3847 4.5
      vertex 25.2821 41.732 3.41036
    endloop
  endfacet
  facet normal -0.514511 -0.857484 0.000323171
    outer loop
      vertex 25.8601 41.3847 1.8
      vertex 25.3002 41.7212 3.25
      vertex 25.2821 41.732 3.08964
    endloop
  endfacet
  facet normal -0.515334 -0.856989 -0.000178755
    outer loop
      vertex 25.8601 41.3847 1.8
      vertex 25.2821 41.732 3.08964
      vertex 25.2695 41.7396 2.97824
    endloop
  endfacet
  facet normal -0.51503 -0.857172 2.86893e-05
    outer loop
      vertex 25.8601 41.3847 1.8
      vertex 25.2695 41.7396 2.97824
      vertex 25.2164 41.7715 2.8287
    endloop
  endfacet
  facet normal -0.514982 -0.857201 6.94068e-05
    outer loop
      vertex 25.8601 41.3847 1.8
      vertex 25.2164 41.7715 2.8287
      vertex 25.1796 41.7936 2.725
    endloop
  endfacet
  facet normal -0.514975 -0.857205 0.000208298
    outer loop
      vertex 25.8601 41.3847 1.8
      vertex 24.9605 41.9253 2.4395
      vertex 24.8501 41.9916 2.34067
    endloop
  endfacet
  facet normal -0.515132 -0.857111 0
    outer loop
      vertex 24.4 42.262 1.8
      vertex 24.5386 42.1787 2.22129
      vertex 24.4 42.262 2.2
    endloop
  endfacet
  facet normal -0.51418 -0.857682 -0.000426099
    outer loop
      vertex 24.5386 42.1787 2.22129
      vertex 24.4 42.262 1.8
      vertex 24.633 42.1221 2.23578
    endloop
  endfacet
  facet normal -0.515172 -0.857087 0.000295215
    outer loop
      vertex 24.4 42.262 1.8
      vertex 24.7212 42.0691 2.27838
      vertex 24.633 42.1221 2.23578
    endloop
  endfacet
  facet normal -0.515483 -0.856899 0.000579897
    outer loop
      vertex 24.4 42.262 1.8
      vertex 24.8501 41.9916 2.34067
      vertex 24.7212 42.0691 2.27838
    endloop
  endfacet
  facet normal -0.515031 -0.857172 6.69835e-05
    outer loop
      vertex 25.8601 41.3847 1.8
      vertex 24.8501 41.9916 2.34067
      vertex 24.4 42.262 1.8
    endloop
  endfacet
  facet normal -0.515126 -0.857114 0
    outer loop
      vertex 25.3002 41.7212 3.25
      vertex 25.8601 41.3847 1.8
      vertex 25.8601 41.3847 4.5
    endloop
  endfacet
  facet normal -0.51508 -0.857142 -2.87702e-05
    outer loop
      vertex 25.0365 41.8796 2.50754
      vertex 25.8601 41.3847 1.8
      vertex 25.1796 41.7936 2.725
    endloop
  endfacet
  facet normal -0.515191 -0.857076 -0.000203867
    outer loop
      vertex 24.9605 41.9253 2.4395
      vertex 25.8601 41.3847 1.8
      vertex 25.0365 41.8796 2.50754
    endloop
  endfacet
  facet normal -0.707107 -0.707107 0
    outer loop
      vertex 35.1038 33.8993 1.8
      vertex 33.8993 35.1038 4.5
      vertex 33.8993 35.1038 1.8
    endloop
  endfacet
  facet normal -0.707107 -0.707107 0
    outer loop
      vertex 33.8993 35.1038 4.5
      vertex 35.1038 33.8993 1.8
      vertex 35.1038 33.8993 4.5
    endloop
  endfacet
  facet normal 0.224967 -0.974366 0
    outer loop
      vertex -11.8058 47.3504 1.8
      vertex -10.1461 47.7336 4.5
      vertex -11.8058 47.3504 4.5
    endloop
  endfacet
  facet normal 0.224967 -0.974366 0
    outer loop
      vertex -10.1461 47.7336 4.5
      vertex -11.8058 47.3504 1.8
      vertex -10.1461 47.7336 1.8
    endloop
  endfacet
  facet normal 0.422625 -0.906305 0
    outer loop
      vertex -21.3925 43.8611 1.8
      vertex -19.8487 44.581 4.5
      vertex -21.3925 43.8611 4.5
    endloop
  endfacet
  facet normal 0.422625 -0.906305 0
    outer loop
      vertex -19.8487 44.581 4.5
      vertex -21.3925 43.8611 1.8
      vertex -19.8487 44.581 1.8
    endloop
  endfacet
  facet normal 0.515031 -0.857172 0
    outer loop
      vertex -25.8601 41.3847 1.8
      vertex -24.4 42.262 4.5
      vertex -25.8601 41.3847 4.5
    endloop
  endfacet
  facet normal 0.515031 -0.857172 0
    outer loop
      vertex -24.4 42.262 4.5
      vertex -25.8601 41.3847 1.8
      vertex -24.4 42.262 1.8
    endloop
  endfacet
  facet normal 0.682019 -0.731334 0
    outer loop
      vertex -33.8993 35.1038 1.8
      vertex -32.6536 36.2655 4.5
      vertex -33.8993 35.1038 4.5
    endloop
  endfacet
  facet normal 0.682019 -0.731334 0
    outer loop
      vertex -32.6536 36.2655 4.5
      vertex -33.8993 35.1038 1.8
      vertex -32.6536 36.2655 1.8
    endloop
  endfacet
  facet normal 0.656041 -0.754726 0
    outer loop
      vertex -32.6536 36.2655 1.8
      vertex -31.368 37.383 4.5
      vertex -32.6536 36.2655 4.5
    endloop
  endfacet
  facet normal 0.656041 -0.754726 0
    outer loop
      vertex -31.368 37.383 4.5
      vertex -32.6536 36.2655 1.8
      vertex -31.368 37.383 1.8
    endloop
  endfacet
  facet normal 0.573577 -0.819152 0
    outer loop
      vertex -28.6839 39.48 1.8
      vertex -27.2886 40.457 4.5
      vertex -28.6839 39.48 4.5
    endloop
  endfacet
  facet normal 0.573577 -0.819152 0
    outer loop
      vertex -27.2886 40.457 4.5
      vertex -28.6839 39.48 1.8
      vertex -27.2886 40.457 1.8
    endloop
  endfacet
  facet normal 0.0174361 -0.999848 0
    outer loop
      vertex -1.7031 48.7703 1.8
      vertex 0 48.8 4.5
      vertex -1.7031 48.7703 4.5
    endloop
  endfacet
  facet normal 0.0174361 -0.999848 0
    outer loop
      vertex 0 48.8 4.5
      vertex -1.7031 48.7703 1.8
      vertex 0 48.8 1.8
    endloop
  endfacet
  facet normal 0.987685 -0.156456 0
    outer loop
      vertex -48.3251 6.79165 4.5
      vertex -48.0586 8.47403 1.8
      vertex -48.0586 8.47403 4.5
    endloop
  endfacet
  facet normal 0.987685 -0.156456 0
    outer loop
      vertex -48.0586 8.47403 1.8
      vertex -48.3251 6.79165 4.5
      vertex -48.3251 6.79165 1.8
    endloop
  endfacet
  facet normal 0.754726 -0.656041 0
    outer loop
      vertex -37.383 31.368 4.5
      vertex -36.2655 32.6536 1.8
      vertex -36.2655 32.6536 4.5
    endloop
  endfacet
  facet normal 0.754726 -0.656041 0
    outer loop
      vertex -36.2655 32.6536 1.8
      vertex -37.383 31.368 4.5
      vertex -37.383 31.368 1.8
    endloop
  endfacet
  facet normal 0.798645 -0.601802 0
    outer loop
      vertex -39.48 28.6839 4.5
      vertex -38.4549 30.0443 1.8
      vertex -38.4549 30.0443 4.5
    endloop
  endfacet
  facet normal 0.798645 -0.601802 0
    outer loop
      vertex -38.4549 30.0443 1.8
      vertex -39.48 28.6839 4.5
      vertex -39.48 28.6839 1.8
    endloop
  endfacet
  facet normal 0.838665 -0.544648 0
    outer loop
      vertex -41.3847 25.8601 4.5
      vertex -40.457 27.2886 1.8
      vertex -40.457 27.2886 4.5
    endloop
  endfacet
  facet normal 0.838665 -0.544648 0
    outer loop
      vertex -40.457 27.2886 1.8
      vertex -41.3847 25.8601 4.5
      vertex -41.3847 25.8601 1.8
    endloop
  endfacet
  facet normal 0.857172 -0.515031 0
    outer loop
      vertex -42.262 24.4 4.5
      vertex -41.3847 25.8601 1.8
      vertex -41.3847 25.8601 4.5
    endloop
  endfacet
  facet normal 0.857172 -0.515031 0
    outer loop
      vertex -41.3847 25.8601 1.8
      vertex -42.262 24.4 4.5
      vertex -42.262 24.4 1.8
    endloop
  endfacet
  facet normal 0.891008 -0.453987 0
    outer loop
      vertex -43.8611 21.3925 4.5
      vertex -43.0878 22.9102 1.8
      vertex -43.0878 22.9102 4.5
    endloop
  endfacet
  facet normal 0.891008 -0.453987 0
    outer loop
      vertex -43.0878 22.9102 1.8
      vertex -43.8611 21.3925 4.5
      vertex -43.8611 21.3925 1.8
    endloop
  endfacet
  facet normal 0.920491 -0.390764 0
    outer loop
      vertex -45.2466 18.2808 4.5
      vertex -44.581 19.8487 1.8
      vertex -44.581 19.8487 4.5
    endloop
  endfacet
  facet normal 0.920491 -0.390764 0
    outer loop
      vertex -44.581 19.8487 1.8
      vertex -45.2466 18.2808 4.5
      vertex -45.2466 18.2808 1.8
    endloop
  endfacet
  facet normal 0.945514 -0.325582 0
    outer loop
      vertex -46.4116 15.08 4.5
      vertex -45.857 16.6906 1.8
      vertex -45.857 16.6906 4.5
    endloop
  endfacet
  facet normal 0.945514 -0.325582 0
    outer loop
      vertex -45.857 16.6906 1.8
      vertex -46.4116 15.08 4.5
      vertex -46.4116 15.08 1.8
    endloop
  endfacet
  facet normal 0.956306 -0.292369 0
    outer loop
      vertex -46.9096 13.4511 4.5
      vertex -46.4116 15.08 1.8
      vertex -46.4116 15.08 4.5
    endloop
  endfacet
  facet normal 0.956306 -0.292369 0
    outer loop
      vertex -46.4116 15.08 1.8
      vertex -46.9096 13.4511 4.5
      vertex -46.9096 13.4511 1.8
    endloop
  endfacet
  facet normal -0.121877 -0.992545 0
    outer loop
      vertex 5.10099 48.5327 1.8
      vertex 6.79165 48.3251 4.5
      vertex 5.10099 48.5327 4.5
    endloop
  endfacet
  facet normal -0.121877 -0.992545 -0
    outer loop
      vertex 6.79165 48.3251 4.5
      vertex 5.10099 48.5327 1.8
      vertex 6.79165 48.3251 1.8
    endloop
  endfacet
  facet normal -0.258788 -0.965934 0
    outer loop
      vertex 11.8058 47.3504 1.8
      vertex 13.4511 46.9096 4.5
      vertex 11.8058 47.3504 4.5
    endloop
  endfacet
  facet normal -0.258788 -0.965934 -0
    outer loop
      vertex 13.4511 46.9096 4.5
      vertex 11.8058 47.3504 1.8
      vertex 13.4511 46.9096 1.8
    endloop
  endfacet
  facet normal -0.190799 -0.981629 0
    outer loop
      vertex 8.47403 48.0586 1.8
      vertex 10.1461 47.7336 4.5
      vertex 8.47403 48.0586 4.5
    endloop
  endfacet
  facet normal -0.190799 -0.981629 -0
    outer loop
      vertex 10.1461 47.7336 4.5
      vertex 8.47403 48.0586 1.8
      vertex 10.1461 47.7336 1.8
    endloop
  endfacet
  facet normal -0.987685 0.156456 0
    outer loop
      vertex 48.0586 -8.47403 1.8
      vertex 48.3251 -6.79165 4.5
      vertex 48.3251 -6.79165 1.8
    endloop
  endfacet
  facet normal -0.987685 0.156456 0
    outer loop
      vertex 48.3251 -6.79165 4.5
      vertex 48.0586 -8.47403 1.8
      vertex 48.0586 -8.47403 4.5
    endloop
  endfacet
  facet normal -0.920491 -0.390764 0
    outer loop
      vertex 45.2466 18.2808 1.8
      vertex 44.581 19.8487 4.5
      vertex 44.581 19.8487 1.8
    endloop
  endfacet
  facet normal -0.920491 -0.390764 0
    outer loop
      vertex 44.581 19.8487 4.5
      vertex 45.2466 18.2808 1.8
      vertex 45.2466 18.2808 4.5
    endloop
  endfacet
  facet normal -0.629316 -0.777149 0
    outer loop
      vertex 30.0443 38.4549 1.8
      vertex 31.368 37.383 4.5
      vertex 30.0443 38.4549 4.5
    endloop
  endfacet
  facet normal -0.629316 -0.777149 -0
    outer loop
      vertex 31.368 37.383 4.5
      vertex 30.0443 38.4549 1.8
      vertex 31.368 37.383 1.8
    endloop
  endfacet
  facet normal -0.453987 -0.891008 0
    outer loop
      vertex 21.3925 43.8611 1.8
      vertex 22.9102 43.0878 4.5
      vertex 21.3925 43.8611 4.5
    endloop
  endfacet
  facet normal -0.453987 -0.891008 -0
    outer loop
      vertex 22.9102 43.0878 4.5
      vertex 21.3925 43.8611 1.8
      vertex 22.9102 43.0878 1.8
    endloop
  endfacet
  facet normal -0.422625 -0.906305 0
    outer loop
      vertex 19.8487 44.581 1.8
      vertex 21.3925 43.8611 4.5
      vertex 19.8487 44.581 4.5
    endloop
  endfacet
  facet normal -0.422625 -0.906305 -0
    outer loop
      vertex 21.3925 43.8611 4.5
      vertex 19.8487 44.581 1.8
      vertex 21.3925 43.8611 1.8
    endloop
  endfacet
  facet normal -0.682019 -0.731334 0
    outer loop
      vertex 32.6536 36.2655 1.8
      vertex 33.8993 35.1038 4.5
      vertex 32.6536 36.2655 4.5
    endloop
  endfacet
  facet normal -0.682019 -0.731334 -0
    outer loop
      vertex 33.8993 35.1038 4.5
      vertex 32.6536 36.2655 1.8
      vertex 33.8993 35.1038 1.8
    endloop
  endfacet
  facet normal -0.754726 -0.656041 0
    outer loop
      vertex 37.383 31.368 1.8
      vertex 36.2655 32.6536 4.5
      vertex 36.2655 32.6536 1.8
    endloop
  endfacet
  facet normal -0.754726 -0.656041 0
    outer loop
      vertex 36.2655 32.6536 4.5
      vertex 37.383 31.368 1.8
      vertex 37.383 31.368 4.5
    endloop
  endfacet
  facet normal -0.731334 -0.682019 0
    outer loop
      vertex 36.2655 32.6536 1.8
      vertex 35.1038 33.8993 4.5
      vertex 35.1038 33.8993 1.8
    endloop
  endfacet
  facet normal -0.731334 -0.682019 0
    outer loop
      vertex 35.1038 33.8993 4.5
      vertex 36.2655 32.6536 1.8
      vertex 36.2655 32.6536 4.5
    endloop
  endfacet
  facet normal -0.819152 -0.573577 0
    outer loop
      vertex 40.457 27.2886 1.8
      vertex 39.48 28.6839 4.5
      vertex 39.48 28.6839 1.8
    endloop
  endfacet
  facet normal -0.819152 -0.573577 0
    outer loop
      vertex 39.48 28.6839 4.5
      vertex 40.457 27.2886 1.8
      vertex 40.457 27.2886 4.5
    endloop
  endfacet
  facet normal 0.325582 -0.945514 0
    outer loop
      vertex -16.6906 45.857 1.8
      vertex -15.08 46.4116 4.5
      vertex -16.6906 45.857 4.5
    endloop
  endfacet
  facet normal 0.325582 -0.945514 0
    outer loop
      vertex -15.08 46.4116 4.5
      vertex -16.6906 45.857 1.8
      vertex -15.08 46.4116 1.8
    endloop
  endfacet
  facet normal 0.258788 -0.965934 0
    outer loop
      vertex -13.4511 46.9096 1.8
      vertex -11.8058 47.3504 4.5
      vertex -13.4511 46.9096 4.5
    endloop
  endfacet
  facet normal 0.258788 -0.965934 0
    outer loop
      vertex -11.8058 47.3504 4.5
      vertex -13.4511 46.9096 1.8
      vertex -11.8058 47.3504 1.8
    endloop
  endfacet
  facet normal 0.190799 -0.981629 0
    outer loop
      vertex -10.1461 47.7336 1.8
      vertex -8.47403 48.0586 4.5
      vertex -10.1461 47.7336 4.5
    endloop
  endfacet
  facet normal 0.190799 -0.981629 0
    outer loop
      vertex -8.47403 48.0586 4.5
      vertex -10.1461 47.7336 1.8
      vertex -8.47403 48.0586 1.8
    endloop
  endfacet
  facet normal 0.156456 -0.987685 0
    outer loop
      vertex -8.47403 48.0586 1.8
      vertex -6.79165 48.3251 4.5
      vertex -8.47403 48.0586 4.5
    endloop
  endfacet
  facet normal 0.156456 -0.987685 0
    outer loop
      vertex -6.79165 48.3251 4.5
      vertex -8.47403 48.0586 1.8
      vertex -6.79165 48.3251 1.8
    endloop
  endfacet
  facet normal 0.0871226 -0.996198 0
    outer loop
      vertex -5.10099 48.5327 1.8
      vertex -3.40412 48.6811 4.5
      vertex -5.10099 48.5327 4.5
    endloop
  endfacet
  facet normal 0.0871226 -0.996198 0
    outer loop
      vertex -3.40412 48.6811 4.5
      vertex -5.10099 48.5327 1.8
      vertex -3.40412 48.6811 1.8
    endloop
  endfacet
  facet normal 0.453987 -0.891008 0
    outer loop
      vertex -22.9102 43.0878 1.8
      vertex -21.3925 43.8611 4.5
      vertex -22.9102 43.0878 4.5
    endloop
  endfacet
  facet normal 0.453987 -0.891008 0
    outer loop
      vertex -21.3925 43.8611 4.5
      vertex -22.9102 43.0878 1.8
      vertex -21.3925 43.8611 1.8
    endloop
  endfacet
  facet normal 0.484805 -0.874622 0
    outer loop
      vertex -24.4 42.262 1.8
      vertex -22.9102 43.0878 4.5
      vertex -24.4 42.262 4.5
    endloop
  endfacet
  facet normal 0.484805 -0.874622 0
    outer loop
      vertex -22.9102 43.0878 4.5
      vertex -24.4 42.262 1.8
      vertex -22.9102 43.0878 1.8
    endloop
  endfacet
  facet normal 0.629316 -0.777149 0
    outer loop
      vertex -31.368 37.383 1.8
      vertex -30.0443 38.4549 4.5
      vertex -31.368 37.383 4.5
    endloop
  endfacet
  facet normal 0.629316 -0.777149 0
    outer loop
      vertex -30.0443 38.4549 4.5
      vertex -31.368 37.383 1.8
      vertex -30.0443 38.4549 1.8
    endloop
  endfacet
  facet normal 0.731334 -0.682019 0
    outer loop
      vertex -36.2655 32.6536 4.5
      vertex -35.1038 33.8993 1.8
      vertex -35.1038 33.8993 4.5
    endloop
  endfacet
  facet normal 0.731334 -0.682019 0
    outer loop
      vertex -35.1038 33.8993 1.8
      vertex -36.2655 32.6536 4.5
      vertex -36.2655 32.6536 1.8
    endloop
  endfacet
  facet normal 0.777149 -0.629316 0
    outer loop
      vertex -38.4549 30.0443 4.5
      vertex -37.383 31.368 1.8
      vertex -37.383 31.368 4.5
    endloop
  endfacet
  facet normal 0.777149 -0.629316 0
    outer loop
      vertex -37.383 31.368 1.8
      vertex -38.4549 30.0443 4.5
      vertex -38.4549 30.0443 1.8
    endloop
  endfacet
  facet normal 0.906305 -0.422625 0
    outer loop
      vertex -44.581 19.8487 4.5
      vertex -43.8611 21.3925 1.8
      vertex -43.8611 21.3925 4.5
    endloop
  endfacet
  facet normal 0.906305 -0.422625 0
    outer loop
      vertex -43.8611 21.3925 1.8
      vertex -44.581 19.8487 4.5
      vertex -44.581 19.8487 1.8
    endloop
  endfacet
  facet normal 0.292369 -0.956306 0
    outer loop
      vertex -15.08 46.4116 1.8
      vertex -13.4511 46.9096 4.5
      vertex -15.08 46.4116 4.5
    endloop
  endfacet
  facet normal 0.292369 -0.956306 0
    outer loop
      vertex -13.4511 46.9096 4.5
      vertex -15.08 46.4116 1.8
      vertex -13.4511 46.9096 1.8
    endloop
  endfacet
  facet normal 0.121877 -0.992545 0
    outer loop
      vertex -6.79165 48.3251 1.8
      vertex -5.10099 48.5327 4.5
      vertex -6.79165 48.3251 4.5
    endloop
  endfacet
  facet normal 0.121877 -0.992545 0
    outer loop
      vertex -5.10099 48.5327 4.5
      vertex -6.79165 48.3251 1.8
      vertex -5.10099 48.5327 1.8
    endloop
  endfacet
  facet normal 0.390764 -0.920491 0
    outer loop
      vertex -19.8487 44.581 1.8
      vertex -18.2808 45.2466 4.5
      vertex -19.8487 44.581 4.5
    endloop
  endfacet
  facet normal 0.390764 -0.920491 0
    outer loop
      vertex -18.2808 45.2466 4.5
      vertex -19.8487 44.581 1.8
      vertex -18.2808 45.2466 1.8
    endloop
  endfacet
  facet normal 0.601802 -0.798645 0
    outer loop
      vertex -30.0443 38.4549 1.8
      vertex -28.6839 39.48 4.5
      vertex -30.0443 38.4549 4.5
    endloop
  endfacet
  facet normal 0.601802 -0.798645 0
    outer loop
      vertex -28.6839 39.48 4.5
      vertex -30.0443 38.4549 1.8
      vertex -28.6839 39.48 1.8
    endloop
  endfacet
  facet normal 0.906324 -0.422584 0
    outer loop
      vertex 42.0636 -20.5158 4.5
      vertex 42.7539 -19.0353 1.8
      vertex 42.7539 -19.0353 4.5
    endloop
  endfacet
  facet normal 0.906324 -0.422584 0
    outer loop
      vertex 42.7539 -19.0353 1.8
      vertex 42.0636 -20.5158 4.5
      vertex 42.0636 -20.5158 1.8
    endloop
  endfacet
  facet normal 0.39074 -0.920501 0
    outer loop
      vertex 17.5316 -43.3922 1.8
      vertex 19.0353 -42.7539 4.5
      vertex 17.5316 -43.3922 4.5
    endloop
  endfacet
  facet normal 0.39074 -0.920501 0
    outer loop
      vertex 19.0353 -42.7539 4.5
      vertex 17.5316 -43.3922 1.8
      vertex 19.0353 -42.7539 1.8
    endloop
  endfacet
  facet normal -0.39074 -0.920501 0
    outer loop
      vertex -19.0353 -42.7539 1.8
      vertex -17.5316 -43.3922 4.5
      vertex -19.0353 -42.7539 4.5
    endloop
  endfacet
  facet normal -0.39074 -0.920501 -0
    outer loop
      vertex -17.5316 -43.3922 4.5
      vertex -19.0353 -42.7539 1.8
      vertex -17.5316 -43.3922 1.8
    endloop
  endfacet
  facet normal -0.920501 -0.39074 0
    outer loop
      vertex -42.7539 -19.0353 1.8
      vertex -43.3922 -17.5316 4.5
      vertex -43.3922 -17.5316 1.8
    endloop
  endfacet
  facet normal -0.920501 -0.39074 0
    outer loop
      vertex -43.3922 -17.5316 4.5
      vertex -42.7539 -19.0353 1.8
      vertex -42.7539 -19.0353 4.5
    endloop
  endfacet
  facet normal 0.890985 -0.454032 0
    outer loop
      vertex 41.3219 -21.9713 4.5
      vertex 42.0636 -20.5158 1.8
      vertex 42.0636 -20.5158 4.5
    endloop
  endfacet
  facet normal 0.890985 -0.454032 0
    outer loop
      vertex 42.0636 -20.5158 1.8
      vertex 41.3219 -21.9713 4.5
      vertex 41.3219 -21.9713 1.8
    endloop
  endfacet
  facet normal -0.190811 -0.981627 0
    outer loop
      vertex -9.73027 -45.7773 1.8
      vertex -8.12673 -46.089 4.5
      vertex -9.73027 -45.7773 4.5
    endloop
  endfacet
  facet normal -0.190811 -0.981627 -0
    outer loop
      vertex -8.12673 -46.089 4.5
      vertex -9.73027 -45.7773 1.8
      vertex -8.12673 -46.089 1.8
    endloop
  endfacet
  facet normal 0.819157 -0.573569 0
    outer loop
      vertex 37.862 -27.5084 4.5
      vertex 38.799 -26.1702 1.8
      vertex 38.799 -26.1702 4.5
    endloop
  endfacet
  facet normal 0.819157 -0.573569 0
    outer loop
      vertex 38.799 -26.1702 1.8
      vertex 37.862 -27.5084 4.5
      vertex 37.862 -27.5084 1.8
    endloop
  endfacet
  facet normal 0.0523403 -0.998629 0
    outer loop
      vertex 1.6333 -46.7715 1.8
      vertex 3.2646 -46.686 4.5
      vertex 1.6333 -46.7715 4.5
    endloop
  endfacet
  facet normal 0.0523403 -0.998629 0
    outer loop
      vertex 3.2646 -46.686 4.5
      vertex 1.6333 -46.7715 1.8
      vertex 3.2646 -46.686 1.8
    endloop
  endfacet
  facet normal 0.190811 -0.981627 0
    outer loop
      vertex 8.12673 -46.089 1.8
      vertex 9.73027 -45.7773 4.5
      vertex 8.12673 -46.089 4.5
    endloop
  endfacet
  facet normal 0.190811 -0.981627 0
    outer loop
      vertex 9.73027 -45.7773 4.5
      vertex 8.12673 -46.089 1.8
      vertex 9.73027 -45.7773 1.8
    endloop
  endfacet
  facet normal -0.945521 -0.32556 0
    outer loop
      vertex -43.9776 -16.0065 1.8
      vertex -44.5094 -14.462 4.5
      vertex -44.5094 -14.462 1.8
    endloop
  endfacet
  facet normal -0.945521 -0.32556 0
    outer loop
      vertex -44.5094 -14.462 4.5
      vertex -43.9776 -16.0065 1.8
      vertex -43.9776 -16.0065 4.5
    endloop
  endfacet
  facet normal -0.965925 -0.258821 0
    outer loop
      vertex -44.987 -12.8998 1.8
      vertex -45.4098 -11.3219 4.5
      vertex -45.4098 -11.3219 1.8
    endloop
  endfacet
  facet normal -0.965925 -0.258821 0
    outer loop
      vertex -45.4098 -11.3219 4.5
      vertex -44.987 -12.8998 1.8
      vertex -44.987 -12.8998 4.5
    endloop
  endfacet
  facet normal -0.777152 -0.629313 0
    outer loop
      vertex -35.8509 -30.0825 1.8
      vertex -36.8789 -28.813 4.5
      vertex -36.8789 -28.813 1.8
    endloop
  endfacet
  facet normal -0.777152 -0.629313 0
    outer loop
      vertex -36.8789 -28.813 4.5
      vertex -35.8509 -30.0825 1.8
      vertex -35.8509 -30.0825 4.5
    endloop
  endfacet
  facet normal 0.945521 0.32556 0
    outer loop
      vertex 44.5094 14.462 4.5
      vertex 43.9776 16.0065 1.8
      vertex 43.9776 16.0065 4.5
    endloop
  endfacet
  facet normal 0.945521 0.32556 0
    outer loop
      vertex 43.9776 16.0065 1.8
      vertex 44.5094 14.462 4.5
      vertex 44.5094 14.462 1.8
    endloop
  endfacet
  facet normal 0.32556 0.945521 -0
    outer loop
      vertex 16.0065 43.9776 1.8
      vertex 14.462 44.5094 4.5
      vertex 16.0065 43.9776 4.5
    endloop
  endfacet
  facet normal 0.32556 0.945521 0
    outer loop
      vertex 14.462 44.5094 4.5
      vertex 16.0065 43.9776 1.8
      vertex 14.462 44.5094 1.8
    endloop
  endfacet
  facet normal 0.998629 -0.0523403 0
    outer loop
      vertex 46.686 -3.2646 4.5
      vertex 46.7715 -1.6333 1.8
      vertex 46.7715 -1.6333 4.5
    endloop
  endfacet
  facet normal 0.998629 -0.0523403 0
    outer loop
      vertex 46.7715 -1.6333 1.8
      vertex 46.686 -3.2646 4.5
      vertex 46.686 -3.2646 1.8
    endloop
  endfacet
  facet normal 0.945521 -0.32556 0
    outer loop
      vertex 43.9776 -16.0065 4.5
      vertex 44.5094 -14.462 1.8
      vertex 44.5094 -14.462 4.5
    endloop
  endfacet
  facet normal 0.945521 -0.32556 0
    outer loop
      vertex 44.5094 -14.462 1.8
      vertex 43.9776 -16.0065 4.5
      vertex 43.9776 -16.0065 1.8
    endloop
  endfacet
  facet normal 0.87463 -0.48479 0
    outer loop
      vertex 40.53 -23.4 4.5
      vertex 41.3219 -21.9713 1.8
      vertex 41.3219 -21.9713 4.5
    endloop
  endfacet
  facet normal 0.87463 -0.48479 0
    outer loop
      vertex 41.3219 -21.9713 1.8
      vertex 40.53 -23.4 4.5
      vertex 40.53 -23.4 1.8
    endloop
  endfacet
  facet normal 0.707107 -0.707107 0
    outer loop
      vertex 32.51 -33.6651 4.5
      vertex 33.6651 -32.51 1.8
      vertex 33.6651 -32.51 4.5
    endloop
  endfacet
  facet normal 0.707107 -0.707107 0
    outer loop
      vertex 33.6651 -32.51 1.8
      vertex 32.51 -33.6651 4.5
      vertex 32.51 -33.6651 1.8
    endloop
  endfacet
  facet normal 0.857174 -0.515027 0
    outer loop
      vertex 39.6887 -24.8002 4.5
      vertex 40.53 -23.4 1.8
      vertex 40.53 -23.4 4.5
    endloop
  endfacet
  facet normal 0.857174 -0.515027 0
    outer loop
      vertex 40.53 -23.4 1.8
      vertex 39.6887 -24.8002 4.5
      vertex 39.6887 -24.8002 1.8
    endloop
  endfacet
  facet normal 0.731346 -0.682006 0
    outer loop
      vertex 33.6651 -32.51 4.5
      vertex 34.7792 -31.3153 1.8
      vertex 34.7792 -31.3153 4.5
    endloop
  endfacet
  facet normal 0.731346 -0.682006 0
    outer loop
      vertex 34.7792 -31.3153 1.8
      vertex 33.6651 -32.51 4.5
      vertex 33.6651 -32.51 1.8
    endloop
  endfacet
  facet normal 0.798632 -0.60182 0
    outer loop
      vertex 36.8789 -28.813 4.5
      vertex 37.862 -27.5084 1.8
      vertex 37.862 -27.5084 4.5
    endloop
  endfacet
  facet normal 0.798632 -0.60182 0
    outer loop
      vertex 37.862 -27.5084 1.8
      vertex 36.8789 -28.813 4.5
      vertex 36.8789 -28.813 1.8
    endloop
  endfacet
  facet normal 0.777152 -0.629313 0
    outer loop
      vertex 35.8509 -30.0825 4.5
      vertex 36.8789 -28.813 1.8
      vertex 36.8789 -28.813 4.5
    endloop
  endfacet
  facet normal 0.777152 -0.629313 0
    outer loop
      vertex 36.8789 -28.813 1.8
      vertex 35.8509 -30.0825 4.5
      vertex 35.8509 -30.0825 1.8
    endloop
  endfacet
  facet normal 0.32556 -0.945521 0
    outer loop
      vertex 14.462 -44.5094 1.8
      vertex 16.0065 -43.9776 4.5
      vertex 14.462 -44.5094 4.5
    endloop
  endfacet
  facet normal 0.32556 -0.945521 0
    outer loop
      vertex 16.0065 -43.9776 4.5
      vertex 14.462 -44.5094 1.8
      vertex 16.0065 -43.9776 1.8
    endloop
  endfacet
  facet normal 0.358351 -0.933587 0
    outer loop
      vertex 16.0065 -43.9776 1.8
      vertex 17.5316 -43.3922 4.5
      vertex 16.0065 -43.9776 4.5
    endloop
  endfacet
  facet normal 0.358351 -0.933587 0
    outer loop
      vertex 17.5316 -43.3922 4.5
      vertex 16.0065 -43.9776 1.8
      vertex 17.5316 -43.3922 1.8
    endloop
  endfacet
  facet normal 0.156409 -0.987692 0
    outer loop
      vertex 6.5133 -46.3445 1.8
      vertex 8.12673 -46.089 4.5
      vertex 6.5133 -46.3445 4.5
    endloop
  endfacet
  facet normal 0.156409 -0.987692 0
    outer loop
      vertex 8.12673 -46.089 4.5
      vertex 6.5133 -46.3445 1.8
      vertex 8.12673 -46.089 1.8
    endloop
  endfacet
  facet normal 0.121882 -0.992545 0
    outer loop
      vertex 4.89193 -46.5436 1.8
      vertex 6.5133 -46.3445 4.5
      vertex 4.89193 -46.5436 4.5
    endloop
  endfacet
  facet normal 0.121882 -0.992545 0
    outer loop
      vertex 6.5133 -46.3445 4.5
      vertex 4.89193 -46.5436 1.8
      vertex 6.5133 -46.3445 1.8
    endloop
  endfacet
  facet normal 0.48479 -0.87463 0
    outer loop
      vertex 21.9713 -41.3219 1.8
      vertex 23.4 -40.53 4.5
      vertex 21.9713 -41.3219 4.5
    endloop
  endfacet
  facet normal 0.48479 -0.87463 0
    outer loop
      vertex 23.4 -40.53 4.5
      vertex 21.9713 -41.3219 1.8
      vertex 23.4 -40.53 1.8
    endloop
  endfacet
  facet normal 0.515027 -0.857174 0
    outer loop
      vertex 23.4 -40.53 1.8
      vertex 24.8002 -39.6887 4.5
      vertex 23.4 -40.53 4.5
    endloop
  endfacet
  facet normal 0.515027 -0.857174 0
    outer loop
      vertex 24.8002 -39.6887 4.5
      vertex 23.4 -40.53 1.8
      vertex 24.8002 -39.6887 1.8
    endloop
  endfacet
  facet normal 0.422584 -0.906324 0
    outer loop
      vertex 19.0353 -42.7539 1.8
      vertex 20.5158 -42.0636 4.5
      vertex 19.0353 -42.7539 4.5
    endloop
  endfacet
  facet normal 0.422584 -0.906324 0
    outer loop
      vertex 20.5158 -42.0636 4.5
      vertex 19.0353 -42.7539 1.8
      vertex 20.5158 -42.0636 1.8
    endloop
  endfacet
  facet normal 0.60182 -0.798632 0
    outer loop
      vertex 27.5084 -37.862 1.8
      vertex 28.813 -36.8789 4.5
      vertex 27.5084 -37.862 4.5
    endloop
  endfacet
  facet normal 0.60182 -0.798632 0
    outer loop
      vertex 28.813 -36.8789 4.5
      vertex 27.5084 -37.862 1.8
      vertex 28.813 -36.8789 1.8
    endloop
  endfacet
  facet normal 0.629313 -0.777152 0
    outer loop
      vertex 28.813 -36.8789 1.8
      vertex 30.0825 -35.8509 4.5
      vertex 28.813 -36.8789 4.5
    endloop
  endfacet
  facet normal 0.629313 -0.777152 0
    outer loop
      vertex 30.0825 -35.8509 4.5
      vertex 28.813 -36.8789 1.8
      vertex 30.0825 -35.8509 1.8
    endloop
  endfacet
  facet normal -0.987692 -0.156409 0
    outer loop
      vertex -46.089 -8.12673 1.8
      vertex -46.3445 -6.5133 4.5
      vertex -46.3445 -6.5133 1.8
    endloop
  endfacet
  facet normal -0.987692 -0.156409 0
    outer loop
      vertex -46.3445 -6.5133 4.5
      vertex -46.089 -8.12673 1.8
      vertex -46.089 -8.12673 4.5
    endloop
  endfacet
  facet normal -0.933587 -0.358351 0
    outer loop
      vertex -43.3922 -17.5316 1.8
      vertex -43.9776 -16.0065 4.5
      vertex -43.9776 -16.0065 1.8
    endloop
  endfacet
  facet normal -0.933587 -0.358351 0
    outer loop
      vertex -43.9776 -16.0065 4.5
      vertex -43.3922 -17.5316 1.8
      vertex -43.3922 -17.5316 4.5
    endloop
  endfacet
  facet normal -0.992545 -0.121882 0
    outer loop
      vertex -46.3445 -6.5133 1.8
      vertex -46.5436 -4.89193 4.5
      vertex -46.5436 -4.89193 1.8
    endloop
  endfacet
  facet normal -0.992545 -0.121882 0
    outer loop
      vertex -46.5436 -4.89193 4.5
      vertex -46.3445 -6.5133 1.8
      vertex -46.3445 -6.5133 4.5
    endloop
  endfacet
  facet normal -0.996193 -0.0871722 0
    outer loop
      vertex -46.5436 -4.89193 1.8
      vertex -46.686 -3.2646 4.5
      vertex -46.686 -3.2646 1.8
    endloop
  endfacet
  facet normal -0.996193 -0.0871722 0
    outer loop
      vertex -46.686 -3.2646 4.5
      vertex -46.5436 -4.89193 1.8
      vertex -46.5436 -4.89193 4.5
    endloop
  endfacet
  facet normal -0.974364 -0.224976 0
    outer loop
      vertex -45.4098 -11.3219 1.8
      vertex -45.7773 -9.73027 4.5
      vertex -45.7773 -9.73027 1.8
    endloop
  endfacet
  facet normal -0.974364 -0.224976 0
    outer loop
      vertex -45.7773 -9.73027 4.5
      vertex -45.4098 -11.3219 1.8
      vertex -45.4098 -11.3219 4.5
    endloop
  endfacet
  facet normal -0.857174 -0.515027 0
    outer loop
      vertex -39.6887 -24.8002 1.8
      vertex -40.53 -23.4 4.5
      vertex -40.53 -23.4 1.8
    endloop
  endfacet
  facet normal -0.857174 -0.515027 0
    outer loop
      vertex -40.53 -23.4 4.5
      vertex -39.6887 -24.8002 1.8
      vertex -39.6887 -24.8002 4.5
    endloop
  endfacet
  facet normal -0.87463 -0.48479 0
    outer loop
      vertex -40.53 -23.4 1.8
      vertex -41.3219 -21.9713 4.5
      vertex -41.3219 -21.9713 1.8
    endloop
  endfacet
  facet normal -0.87463 -0.48479 0
    outer loop
      vertex -41.3219 -21.9713 4.5
      vertex -40.53 -23.4 1.8
      vertex -40.53 -23.4 4.5
    endloop
  endfacet
  facet normal -0.798632 -0.60182 0
    outer loop
      vertex -36.8789 -28.813 1.8
      vertex -37.862 -27.5084 4.5
      vertex -37.862 -27.5084 1.8
    endloop
  endfacet
  facet normal -0.798632 -0.60182 0
    outer loop
      vertex -37.862 -27.5084 4.5
      vertex -36.8789 -28.813 1.8
      vertex -36.8789 -28.813 4.5
    endloop
  endfacet
  facet normal -0.754696 -0.656074 0
    outer loop
      vertex -34.7792 -31.3153 1.8
      vertex -35.8509 -30.0825 4.5
      vertex -35.8509 -30.0825 1.8
    endloop
  endfacet
  facet normal -0.754696 -0.656074 0
    outer loop
      vertex -35.8509 -30.0825 4.5
      vertex -34.7792 -31.3153 1.8
      vertex -34.7792 -31.3153 4.5
    endloop
  endfacet
  facet normal -0.258821 -0.965925 0
    outer loop
      vertex -12.8998 -44.987 1.8
      vertex -11.3219 -45.4098 4.5
      vertex -12.8998 -44.987 4.5
    endloop
  endfacet
  facet normal -0.258821 -0.965925 -0
    outer loop
      vertex -11.3219 -45.4098 4.5
      vertex -12.8998 -44.987 1.8
      vertex -11.3219 -45.4098 1.8
    endloop
  endfacet
  facet normal -0.292365 -0.956307 0
    outer loop
      vertex -14.462 -44.5094 1.8
      vertex -12.8998 -44.987 4.5
      vertex -14.462 -44.5094 4.5
    endloop
  endfacet
  facet normal -0.292365 -0.956307 -0
    outer loop
      vertex -12.8998 -44.987 4.5
      vertex -14.462 -44.5094 1.8
      vertex -12.8998 -44.987 1.8
    endloop
  endfacet
  facet normal -0.0523403 -0.998629 0
    outer loop
      vertex -3.2646 -46.686 1.8
      vertex -1.6333 -46.7715 4.5
      vertex -3.2646 -46.686 4.5
    endloop
  endfacet
  facet normal -0.0523403 -0.998629 -0
    outer loop
      vertex -1.6333 -46.7715 4.5
      vertex -3.2646 -46.686 1.8
      vertex -1.6333 -46.7715 1.8
    endloop
  endfacet
  facet normal -0.156409 -0.987692 0
    outer loop
      vertex -8.12673 -46.089 1.8
      vertex -6.5133 -46.3445 4.5
      vertex -8.12673 -46.089 4.5
    endloop
  endfacet
  facet normal -0.156409 -0.987692 -0
    outer loop
      vertex -6.5133 -46.3445 4.5
      vertex -8.12673 -46.089 1.8
      vertex -6.5133 -46.3445 1.8
    endloop
  endfacet
  facet normal -0.0871722 -0.996193 0
    outer loop
      vertex -4.89193 -46.5436 1.8
      vertex -3.2646 -46.686 4.5
      vertex -4.89193 -46.5436 4.5
    endloop
  endfacet
  facet normal -0.0871722 -0.996193 -0
    outer loop
      vertex -3.2646 -46.686 4.5
      vertex -4.89193 -46.5436 1.8
      vertex -3.2646 -46.686 1.8
    endloop
  endfacet
  facet normal -0.515027 -0.857174 0
    outer loop
      vertex -24.8002 -39.6887 1.8
      vertex -23.4 -40.53 4.5
      vertex -24.8002 -39.6887 4.5
    endloop
  endfacet
  facet normal -0.515027 -0.857174 -0
    outer loop
      vertex -23.4 -40.53 4.5
      vertex -24.8002 -39.6887 1.8
      vertex -23.4 -40.53 1.8
    endloop
  endfacet
  facet normal -0.48479 -0.87463 0
    outer loop
      vertex -23.4 -40.53 1.8
      vertex -21.9713 -41.3219 4.5
      vertex -23.4 -40.53 4.5
    endloop
  endfacet
  facet normal -0.48479 -0.87463 -0
    outer loop
      vertex -21.9713 -41.3219 4.5
      vertex -23.4 -40.53 1.8
      vertex -21.9713 -41.3219 1.8
    endloop
  endfacet
  facet normal -0.60182 -0.798632 0
    outer loop
      vertex -28.813 -36.8789 1.8
      vertex -27.5084 -37.862 4.5
      vertex -28.813 -36.8789 4.5
    endloop
  endfacet
  facet normal -0.60182 -0.798632 -0
    outer loop
      vertex -27.5084 -37.862 4.5
      vertex -28.813 -36.8789 1.8
      vertex -27.5084 -37.862 1.8
    endloop
  endfacet
  facet normal -0.629313 -0.777152 0
    outer loop
      vertex -30.0825 -35.8509 1.8
      vertex -28.813 -36.8789 4.5
      vertex -30.0825 -35.8509 4.5
    endloop
  endfacet
  facet normal -0.629313 -0.777152 -0
    outer loop
      vertex -28.813 -36.8789 4.5
      vertex -30.0825 -35.8509 1.8
      vertex -28.813 -36.8789 1.8
    endloop
  endfacet
  facet normal -0.707107 -0.707107 0
    outer loop
      vertex -32.51 -33.6651 1.8
      vertex -33.6651 -32.51 4.5
      vertex -33.6651 -32.51 1.8
    endloop
  endfacet
  facet normal -0.707107 -0.707107 0
    outer loop
      vertex -33.6651 -32.51 4.5
      vertex -32.51 -33.6651 1.8
      vertex -32.51 -33.6651 4.5
    endloop
  endfacet
  facet normal -0.682006 -0.731346 0
    outer loop
      vertex -32.51 -33.6651 1.8
      vertex -31.3153 -34.7792 4.5
      vertex -32.51 -33.6651 4.5
    endloop
  endfacet
  facet normal -0.682006 -0.731346 -0
    outer loop
      vertex -31.3153 -34.7792 4.5
      vertex -32.51 -33.6651 1.8
      vertex -31.3153 -34.7792 1.8
    endloop
  endfacet
  facet normal 0.999848 0.0174467 0
    outer loop
      vertex 46.8 0 4.5
      vertex 46.7715 1.6333 1.8
      vertex 46.7715 1.6333 4.5
    endloop
  endfacet
  facet normal 0.999848 0.0174467 0
    outer loop
      vertex 46.7715 1.6333 1.8
      vertex 46.8 0 4.5
      vertex 46.8 0 1.8
    endloop
  endfacet
  facet normal -0.358351 0.933587 0
    outer loop
      vertex -16.0065 43.9776 1.8
      vertex -17.5316 43.3922 4.5
      vertex -16.0065 43.9776 4.5
    endloop
  endfacet
  facet normal -0.358351 0.933587 0
    outer loop
      vertex -17.5316 43.3922 4.5
      vertex -16.0065 43.9776 1.8
      vertex -17.5316 43.3922 1.8
    endloop
  endfacet
  facet normal -0.838667 0.544644 0
    outer loop
      vertex -39.6887 24.8002 1.8
      vertex -38.799 26.1702 4.5
      vertex -38.799 26.1702 1.8
    endloop
  endfacet
  facet normal -0.838667 0.544644 0
    outer loop
      vertex -38.799 26.1702 4.5
      vertex -39.6887 24.8002 1.8
      vertex -39.6887 24.8002 4.5
    endloop
  endfacet
  facet normal 0.777152 0.629313 0
    outer loop
      vertex 36.8789 28.813 4.5
      vertex 35.8509 30.0825 1.8
      vertex 35.8509 30.0825 4.5
    endloop
  endfacet
  facet normal 0.777152 0.629313 0
    outer loop
      vertex 35.8509 30.0825 1.8
      vertex 36.8789 28.813 4.5
      vertex 36.8789 28.813 1.8
    endloop
  endfacet
  facet normal 0.987692 -0.156409 0
    outer loop
      vertex 46.089 -8.12673 4.5
      vertex 46.3445 -6.5133 1.8
      vertex 46.3445 -6.5133 4.5
    endloop
  endfacet
  facet normal 0.987692 -0.156409 0
    outer loop
      vertex 46.3445 -6.5133 1.8
      vertex 46.089 -8.12673 4.5
      vertex 46.089 -8.12673 1.8
    endloop
  endfacet
  facet normal 0.981627 -0.190811 0
    outer loop
      vertex 45.7773 -9.73027 4.5
      vertex 46.089 -8.12673 1.8
      vertex 46.089 -8.12673 4.5
    endloop
  endfacet
  facet normal 0.981627 -0.190811 0
    outer loop
      vertex 46.089 -8.12673 1.8
      vertex 45.7773 -9.73027 4.5
      vertex 45.7773 -9.73027 1.8
    endloop
  endfacet
  facet normal 0.996193 -0.0871722 0
    outer loop
      vertex 46.5436 -4.89193 4.5
      vertex 46.686 -3.2646 1.8
      vertex 46.686 -3.2646 4.5
    endloop
  endfacet
  facet normal 0.996193 -0.0871722 0
    outer loop
      vertex 46.686 -3.2646 1.8
      vertex 46.5436 -4.89193 4.5
      vertex 46.5436 -4.89193 1.8
    endloop
  endfacet
  facet normal 0.956307 -0.292365 0
    outer loop
      vertex 44.5094 -14.462 4.5
      vertex 44.987 -12.8998 1.8
      vertex 44.987 -12.8998 4.5
    endloop
  endfacet
  facet normal 0.956307 -0.292365 0
    outer loop
      vertex 44.987 -12.8998 1.8
      vertex 44.5094 -14.462 4.5
      vertex 44.5094 -14.462 1.8
    endloop
  endfacet
  facet normal 0.974364 -0.224976 0
    outer loop
      vertex 45.4098 -11.3219 4.5
      vertex 45.7773 -9.73027 1.8
      vertex 45.7773 -9.73027 4.5
    endloop
  endfacet
  facet normal 0.974364 -0.224976 0
    outer loop
      vertex 45.7773 -9.73027 1.8
      vertex 45.4098 -11.3219 4.5
      vertex 45.4098 -11.3219 1.8
    endloop
  endfacet
  facet normal 0.920501 -0.39074 0
    outer loop
      vertex 42.7539 -19.0353 4.5
      vertex 43.3922 -17.5316 1.8
      vertex 43.3922 -17.5316 4.5
    endloop
  endfacet
  facet normal 0.920501 -0.39074 0
    outer loop
      vertex 43.3922 -17.5316 1.8
      vertex 42.7539 -19.0353 4.5
      vertex 42.7539 -19.0353 1.8
    endloop
  endfacet
  facet normal 0.838667 -0.544644 0
    outer loop
      vertex 38.799 -26.1702 4.5
      vertex 39.6887 -24.8002 1.8
      vertex 39.6887 -24.8002 4.5
    endloop
  endfacet
  facet normal 0.838667 -0.544644 0
    outer loop
      vertex 39.6887 -24.8002 1.8
      vertex 38.799 -26.1702 4.5
      vertex 38.799 -26.1702 1.8
    endloop
  endfacet
  facet normal 0.754696 -0.656074 0
    outer loop
      vertex 34.7792 -31.3153 4.5
      vertex 35.8509 -30.0825 1.8
      vertex 35.8509 -30.0825 4.5
    endloop
  endfacet
  facet normal 0.754696 -0.656074 0
    outer loop
      vertex 35.8509 -30.0825 1.8
      vertex 34.7792 -31.3153 4.5
      vertex 34.7792 -31.3153 1.8
    endloop
  endfacet
  facet normal -0.0174467 -0.999848 0
    outer loop
      vertex -1.6333 -46.7715 1.8
      vertex 0 -46.8 4.5
      vertex -1.6333 -46.7715 4.5
    endloop
  endfacet
  facet normal -0.0174467 -0.999848 -0
    outer loop
      vertex 0 -46.8 4.5
      vertex -1.6333 -46.7715 1.8
      vertex 0 -46.8 1.8
    endloop
  endfacet
  facet normal 0.0174467 -0.999848 0
    outer loop
      vertex 0 -46.8 1.8
      vertex 1.6333 -46.7715 4.5
      vertex 0 -46.8 4.5
    endloop
  endfacet
  facet normal 0.0174467 -0.999848 0
    outer loop
      vertex 1.6333 -46.7715 4.5
      vertex 0 -46.8 1.8
      vertex 1.6333 -46.7715 1.8
    endloop
  endfacet
  facet normal 0.0871722 -0.996193 0
    outer loop
      vertex 3.2646 -46.686 1.8
      vertex 4.89193 -46.5436 4.5
      vertex 3.2646 -46.686 4.5
    endloop
  endfacet
  facet normal 0.0871722 -0.996193 0
    outer loop
      vertex 4.89193 -46.5436 4.5
      vertex 3.2646 -46.686 1.8
      vertex 4.89193 -46.5436 1.8
    endloop
  endfacet
  facet normal 0.292365 -0.956307 0
    outer loop
      vertex 12.8998 -44.987 1.8
      vertex 14.462 -44.5094 4.5
      vertex 12.8998 -44.987 4.5
    endloop
  endfacet
  facet normal 0.292365 -0.956307 0
    outer loop
      vertex 14.462 -44.5094 4.5
      vertex 12.8998 -44.987 1.8
      vertex 14.462 -44.5094 1.8
    endloop
  endfacet
  facet normal 0.258821 -0.965925 0
    outer loop
      vertex 11.3219 -45.4098 1.8
      vertex 12.8998 -44.987 4.5
      vertex 11.3219 -45.4098 4.5
    endloop
  endfacet
  facet normal 0.258821 -0.965925 0
    outer loop
      vertex 12.8998 -44.987 4.5
      vertex 11.3219 -45.4098 1.8
      vertex 12.8998 -44.987 1.8
    endloop
  endfacet
  facet normal 0.224976 -0.974364 0
    outer loop
      vertex 9.73027 -45.7773 1.8
      vertex 11.3219 -45.4098 4.5
      vertex 9.73027 -45.7773 4.5
    endloop
  endfacet
  facet normal 0.224976 -0.974364 0
    outer loop
      vertex 11.3219 -45.4098 4.5
      vertex 9.73027 -45.7773 1.8
      vertex 11.3219 -45.4098 1.8
    endloop
  endfacet
  facet normal 0.454032 -0.890985 0
    outer loop
      vertex 20.5158 -42.0636 1.8
      vertex 21.9713 -41.3219 4.5
      vertex 20.5158 -42.0636 4.5
    endloop
  endfacet
  facet normal 0.454032 -0.890985 0
    outer loop
      vertex 21.9713 -41.3219 4.5
      vertex 20.5158 -42.0636 1.8
      vertex 21.9713 -41.3219 1.8
    endloop
  endfacet
  facet normal 0.544644 -0.838667 0
    outer loop
      vertex 24.8002 -39.6887 1.8
      vertex 26.1702 -38.799 4.5
      vertex 24.8002 -39.6887 4.5
    endloop
  endfacet
  facet normal 0.544644 -0.838667 0
    outer loop
      vertex 26.1702 -38.799 4.5
      vertex 24.8002 -39.6887 1.8
      vertex 26.1702 -38.799 1.8
    endloop
  endfacet
  facet normal 0.573569 -0.819157 0
    outer loop
      vertex 26.1702 -38.799 1.8
      vertex 27.5084 -37.862 4.5
      vertex 26.1702 -38.799 4.5
    endloop
  endfacet
  facet normal 0.573569 -0.819157 0
    outer loop
      vertex 27.5084 -37.862 4.5
      vertex 26.1702 -38.799 1.8
      vertex 27.5084 -37.862 1.8
    endloop
  endfacet
  facet normal 0.682006 -0.731346 0
    outer loop
      vertex 31.3153 -34.7792 1.8
      vertex 32.51 -33.6651 4.5
      vertex 31.3153 -34.7792 4.5
    endloop
  endfacet
  facet normal 0.682006 -0.731346 0
    outer loop
      vertex 32.51 -33.6651 4.5
      vertex 31.3153 -34.7792 1.8
      vertex 32.51 -33.6651 1.8
    endloop
  endfacet
  facet normal 0.656074 -0.754696 0
    outer loop
      vertex 30.0825 -35.8509 1.8
      vertex 31.3153 -34.7792 4.5
      vertex 30.0825 -35.8509 4.5
    endloop
  endfacet
  facet normal 0.656074 -0.754696 0
    outer loop
      vertex 31.3153 -34.7792 4.5
      vertex 30.0825 -35.8509 1.8
      vertex 31.3153 -34.7792 1.8
    endloop
  endfacet
  facet normal -0.999848 -0.0174467 0
    outer loop
      vertex -46.7715 -1.6333 1.8
      vertex -46.8 0 4.5
      vertex -46.8 0 1.8
    endloop
  endfacet
  facet normal -0.999848 -0.0174467 0
    outer loop
      vertex -46.8 0 4.5
      vertex -46.7715 -1.6333 1.8
      vertex -46.7715 -1.6333 4.5
    endloop
  endfacet
  facet normal -0.981627 -0.190811 0
    outer loop
      vertex -45.7773 -9.73027 1.8
      vertex -46.089 -8.12673 4.5
      vertex -46.089 -8.12673 1.8
    endloop
  endfacet
  facet normal -0.981627 -0.190811 0
    outer loop
      vertex -46.089 -8.12673 4.5
      vertex -45.7773 -9.73027 1.8
      vertex -45.7773 -9.73027 4.5
    endloop
  endfacet
  facet normal -0.998629 -0.0523403 0
    outer loop
      vertex -46.686 -3.2646 1.8
      vertex -46.7715 -1.6333 4.5
      vertex -46.7715 -1.6333 1.8
    endloop
  endfacet
  facet normal -0.998629 -0.0523403 0
    outer loop
      vertex -46.7715 -1.6333 4.5
      vertex -46.686 -3.2646 1.8
      vertex -46.686 -3.2646 4.5
    endloop
  endfacet
  facet normal -0.890985 -0.454032 0
    outer loop
      vertex -41.3219 -21.9713 1.8
      vertex -42.0636 -20.5158 4.5
      vertex -42.0636 -20.5158 1.8
    endloop
  endfacet
  facet normal -0.890985 -0.454032 0
    outer loop
      vertex -42.0636 -20.5158 4.5
      vertex -41.3219 -21.9713 1.8
      vertex -41.3219 -21.9713 4.5
    endloop
  endfacet
  facet normal -0.906324 -0.422584 0
    outer loop
      vertex -42.0636 -20.5158 1.8
      vertex -42.7539 -19.0353 4.5
      vertex -42.7539 -19.0353 1.8
    endloop
  endfacet
  facet normal -0.906324 -0.422584 0
    outer loop
      vertex -42.7539 -19.0353 4.5
      vertex -42.0636 -20.5158 1.8
      vertex -42.0636 -20.5158 4.5
    endloop
  endfacet
  facet normal -0.731346 -0.682006 0
    outer loop
      vertex -33.6651 -32.51 1.8
      vertex -34.7792 -31.3153 4.5
      vertex -34.7792 -31.3153 1.8
    endloop
  endfacet
  facet normal -0.731346 -0.682006 0
    outer loop
      vertex -34.7792 -31.3153 4.5
      vertex -33.6651 -32.51 1.8
      vertex -33.6651 -32.51 4.5
    endloop
  endfacet
  facet normal -0.838667 -0.544644 0
    outer loop
      vertex -38.799 -26.1702 1.8
      vertex -39.6887 -24.8002 4.5
      vertex -39.6887 -24.8002 1.8
    endloop
  endfacet
  facet normal -0.838667 -0.544644 0
    outer loop
      vertex -39.6887 -24.8002 4.5
      vertex -38.799 -26.1702 1.8
      vertex -38.799 -26.1702 4.5
    endloop
  endfacet
  facet normal -0.819157 -0.573569 0
    outer loop
      vertex -37.862 -27.5084 1.8
      vertex -38.799 -26.1702 4.5
      vertex -38.799 -26.1702 1.8
    endloop
  endfacet
  facet normal -0.819157 -0.573569 0
    outer loop
      vertex -38.799 -26.1702 4.5
      vertex -37.862 -27.5084 1.8
      vertex -37.862 -27.5084 4.5
    endloop
  endfacet
  facet normal -0.224976 -0.974364 0
    outer loop
      vertex -11.3219 -45.4098 1.8
      vertex -9.73027 -45.7773 4.5
      vertex -11.3219 -45.4098 4.5
    endloop
  endfacet
  facet normal -0.224976 -0.974364 -0
    outer loop
      vertex -9.73027 -45.7773 4.5
      vertex -11.3219 -45.4098 1.8
      vertex -9.73027 -45.7773 1.8
    endloop
  endfacet
  facet normal -0.32556 -0.945521 0
    outer loop
      vertex -16.0065 -43.9776 1.8
      vertex -14.462 -44.5094 4.5
      vertex -16.0065 -43.9776 4.5
    endloop
  endfacet
  facet normal -0.32556 -0.945521 -0
    outer loop
      vertex -14.462 -44.5094 4.5
      vertex -16.0065 -43.9776 1.8
      vertex -14.462 -44.5094 1.8
    endloop
  endfacet
  facet normal -0.358351 -0.933587 0
    outer loop
      vertex -17.5316 -43.3922 1.8
      vertex -16.0065 -43.9776 4.5
      vertex -17.5316 -43.3922 4.5
    endloop
  endfacet
  facet normal -0.358351 -0.933587 -0
    outer loop
      vertex -16.0065 -43.9776 4.5
      vertex -17.5316 -43.3922 1.8
      vertex -16.0065 -43.9776 1.8
    endloop
  endfacet
  facet normal -0.121882 -0.992545 0
    outer loop
      vertex -6.5133 -46.3445 1.8
      vertex -4.89193 -46.5436 4.5
      vertex -6.5133 -46.3445 4.5
    endloop
  endfacet
  facet normal -0.121882 -0.992545 -0
    outer loop
      vertex -4.89193 -46.5436 4.5
      vertex -6.5133 -46.3445 1.8
      vertex -4.89193 -46.5436 1.8
    endloop
  endfacet
  facet normal -0.573569 -0.819157 0
    outer loop
      vertex -27.5084 -37.862 1.8
      vertex -26.1702 -38.799 4.5
      vertex -27.5084 -37.862 4.5
    endloop
  endfacet
  facet normal -0.573569 -0.819157 -0
    outer loop
      vertex -26.1702 -38.799 4.5
      vertex -27.5084 -37.862 1.8
      vertex -26.1702 -38.799 1.8
    endloop
  endfacet
  facet normal -0.544644 -0.838667 0
    outer loop
      vertex -26.1702 -38.799 1.8
      vertex -24.8002 -39.6887 4.5
      vertex -26.1702 -38.799 4.5
    endloop
  endfacet
  facet normal -0.544644 -0.838667 -0
    outer loop
      vertex -24.8002 -39.6887 4.5
      vertex -26.1702 -38.799 1.8
      vertex -24.8002 -39.6887 1.8
    endloop
  endfacet
  facet normal -0.422584 -0.906324 0
    outer loop
      vertex -20.5158 -42.0636 1.8
      vertex -19.0353 -42.7539 4.5
      vertex -20.5158 -42.0636 4.5
    endloop
  endfacet
  facet normal -0.422584 -0.906324 -0
    outer loop
      vertex -19.0353 -42.7539 4.5
      vertex -20.5158 -42.0636 1.8
      vertex -19.0353 -42.7539 1.8
    endloop
  endfacet
  facet normal -0.454032 -0.890985 0
    outer loop
      vertex -21.9713 -41.3219 1.8
      vertex -20.5158 -42.0636 4.5
      vertex -21.9713 -41.3219 4.5
    endloop
  endfacet
  facet normal -0.454032 -0.890985 -0
    outer loop
      vertex -20.5158 -42.0636 4.5
      vertex -21.9713 -41.3219 1.8
      vertex -20.5158 -42.0636 1.8
    endloop
  endfacet
  facet normal 0.999848 -0.0174467 0
    outer loop
      vertex 46.7715 -1.6333 4.5
      vertex 46.8 0 1.8
      vertex 46.8 0 4.5
    endloop
  endfacet
  facet normal 0.999848 -0.0174467 0
    outer loop
      vertex 46.8 0 1.8
      vertex 46.7715 -1.6333 4.5
      vertex 46.7715 -1.6333 1.8
    endloop
  endfacet
  facet normal 0.956307 0.292365 0
    outer loop
      vertex 44.987 12.8998 4.5
      vertex 44.5094 14.462 1.8
      vertex 44.5094 14.462 4.5
    endloop
  endfacet
  facet normal 0.956307 0.292365 0
    outer loop
      vertex 44.5094 14.462 1.8
      vertex 44.987 12.8998 4.5
      vertex 44.987 12.8998 1.8
    endloop
  endfacet
  facet normal -0.0174467 0.999848 0
    outer loop
      vertex 0 46.8 1.8
      vertex -1.6333 46.7715 4.5
      vertex 0 46.8 4.5
    endloop
  endfacet
  facet normal -0.0174467 0.999848 0
    outer loop
      vertex -1.6333 46.7715 4.5
      vertex 0 46.8 1.8
      vertex -1.6333 46.7715 1.8
    endloop
  endfacet
  facet normal -0.890985 0.454032 0
    outer loop
      vertex -42.0636 20.5158 1.8
      vertex -41.3219 21.9713 4.5
      vertex -41.3219 21.9713 1.8
    endloop
  endfacet
  facet normal -0.890985 0.454032 0
    outer loop
      vertex -41.3219 21.9713 4.5
      vertex -42.0636 20.5158 1.8
      vertex -42.0636 20.5158 4.5
    endloop
  endfacet
  facet normal -0.987692 0.156409 0
    outer loop
      vertex -46.3445 6.5133 1.8
      vertex -46.089 8.12673 4.5
      vertex -46.089 8.12673 1.8
    endloop
  endfacet
  facet normal -0.987692 0.156409 0
    outer loop
      vertex -46.089 8.12673 4.5
      vertex -46.3445 6.5133 1.8
      vertex -46.3445 6.5133 4.5
    endloop
  endfacet
  facet normal -0.956307 0.292365 0
    outer loop
      vertex -44.987 12.8998 1.8
      vertex -44.5094 14.462 4.5
      vertex -44.5094 14.462 1.8
    endloop
  endfacet
  facet normal -0.956307 0.292365 0
    outer loop
      vertex -44.5094 14.462 4.5
      vertex -44.987 12.8998 1.8
      vertex -44.987 12.8998 4.5
    endloop
  endfacet
  facet normal -0.974364 0.224976 0
    outer loop
      vertex -45.7773 9.73027 1.8
      vertex -45.4098 11.3219 4.5
      vertex -45.4098 11.3219 1.8
    endloop
  endfacet
  facet normal -0.974364 0.224976 0
    outer loop
      vertex -45.4098 11.3219 4.5
      vertex -45.7773 9.73027 1.8
      vertex -45.7773 9.73027 4.5
    endloop
  endfacet
  facet normal -0.965925 0.258821 0
    outer loop
      vertex -45.4098 11.3219 1.8
      vertex -44.987 12.8998 4.5
      vertex -44.987 12.8998 1.8
    endloop
  endfacet
  facet normal -0.965925 0.258821 0
    outer loop
      vertex -44.987 12.8998 4.5
      vertex -45.4098 11.3219 1.8
      vertex -45.4098 11.3219 4.5
    endloop
  endfacet
  facet normal -0.992545 0.121882 0
    outer loop
      vertex -46.5436 4.89193 1.8
      vertex -46.3445 6.5133 4.5
      vertex -46.3445 6.5133 1.8
    endloop
  endfacet
  facet normal -0.992545 0.121882 0
    outer loop
      vertex -46.3445 6.5133 4.5
      vertex -46.5436 4.89193 1.8
      vertex -46.5436 4.89193 4.5
    endloop
  endfacet
  facet normal 0.0523403 0.998629 -0
    outer loop
      vertex 3.2646 46.686 1.8
      vertex 1.6333 46.7715 4.5
      vertex 3.2646 46.686 4.5
    endloop
  endfacet
  facet normal 0.0523403 0.998629 0
    outer loop
      vertex 1.6333 46.7715 4.5
      vertex 3.2646 46.686 1.8
      vertex 1.6333 46.7715 1.8
    endloop
  endfacet
  facet normal 0.0871722 0.996193 -0
    outer loop
      vertex 4.89193 46.5436 1.8
      vertex 3.2646 46.686 4.5
      vertex 4.89193 46.5436 4.5
    endloop
  endfacet
  facet normal 0.0871722 0.996193 0
    outer loop
      vertex 3.2646 46.686 4.5
      vertex 4.89193 46.5436 1.8
      vertex 3.2646 46.686 1.8
    endloop
  endfacet
  facet normal 0.39074 0.920501 -0
    outer loop
      vertex 19.0353 42.7539 1.8
      vertex 17.5316 43.3922 4.5
      vertex 19.0353 42.7539 4.5
    endloop
  endfacet
  facet normal 0.39074 0.920501 0
    outer loop
      vertex 17.5316 43.3922 4.5
      vertex 19.0353 42.7539 1.8
      vertex 17.5316 43.3922 1.8
    endloop
  endfacet
  facet normal 0.358351 0.933587 -0
    outer loop
      vertex 17.5316 43.3922 1.8
      vertex 16.0065 43.9776 4.5
      vertex 17.5316 43.3922 4.5
    endloop
  endfacet
  facet normal 0.358351 0.933587 0
    outer loop
      vertex 16.0065 43.9776 4.5
      vertex 17.5316 43.3922 1.8
      vertex 16.0065 43.9776 1.8
    endloop
  endfacet
  facet normal 0.992545 -0.121882 0
    outer loop
      vertex 46.3445 -6.5133 4.5
      vertex 46.5436 -4.89193 1.8
      vertex 46.5436 -4.89193 4.5
    endloop
  endfacet
  facet normal 0.992545 -0.121882 0
    outer loop
      vertex 46.5436 -4.89193 1.8
      vertex 46.3445 -6.5133 4.5
      vertex 46.3445 -6.5133 1.8
    endloop
  endfacet
  facet normal 0.933587 -0.358351 0
    outer loop
      vertex 43.3922 -17.5316 4.5
      vertex 43.9776 -16.0065 1.8
      vertex 43.9776 -16.0065 4.5
    endloop
  endfacet
  facet normal 0.933587 -0.358351 0
    outer loop
      vertex 43.9776 -16.0065 1.8
      vertex 43.3922 -17.5316 4.5
      vertex 43.3922 -17.5316 1.8
    endloop
  endfacet
  facet normal -0.956307 -0.292365 0
    outer loop
      vertex -44.5094 -14.462 1.8
      vertex -44.987 -12.8998 4.5
      vertex -44.987 -12.8998 1.8
    endloop
  endfacet
  facet normal -0.956307 -0.292365 0
    outer loop
      vertex -44.987 -12.8998 4.5
      vertex -44.5094 -14.462 1.8
      vertex -44.5094 -14.462 4.5
    endloop
  endfacet
  facet normal -0.656074 -0.754696 0
    outer loop
      vertex -31.3153 -34.7792 1.8
      vertex -30.0825 -35.8509 4.5
      vertex -31.3153 -34.7792 4.5
    endloop
  endfacet
  facet normal -0.656074 -0.754696 -0
    outer loop
      vertex -30.0825 -35.8509 4.5
      vertex -31.3153 -34.7792 1.8
      vertex -30.0825 -35.8509 1.8
    endloop
  endfacet
  facet normal 0.998629 0.0523403 0
    outer loop
      vertex 46.7715 1.6333 4.5
      vertex 46.686 3.2646 1.8
      vertex 46.686 3.2646 4.5
    endloop
  endfacet
  facet normal 0.998629 0.0523403 0
    outer loop
      vertex 46.686 3.2646 1.8
      vertex 46.7715 1.6333 4.5
      vertex 46.7715 1.6333 1.8
    endloop
  endfacet
  facet normal 0.992545 0.121882 0
    outer loop
      vertex 46.5436 4.89193 4.5
      vertex 46.3445 6.5133 1.8
      vertex 46.3445 6.5133 4.5
    endloop
  endfacet
  facet normal 0.992545 0.121882 0
    outer loop
      vertex 46.3445 6.5133 1.8
      vertex 46.5436 4.89193 4.5
      vertex 46.5436 4.89193 1.8
    endloop
  endfacet
  facet normal 0.981627 0.190811 0
    outer loop
      vertex 46.089 8.12673 4.5
      vertex 45.7773 9.73027 1.8
      vertex 45.7773 9.73027 4.5
    endloop
  endfacet
  facet normal 0.981627 0.190811 0
    outer loop
      vertex 45.7773 9.73027 1.8
      vertex 46.089 8.12673 4.5
      vertex 46.089 8.12673 1.8
    endloop
  endfacet
  facet normal 0.987692 0.156409 0
    outer loop
      vertex 46.3445 6.5133 4.5
      vertex 46.089 8.12673 1.8
      vertex 46.089 8.12673 4.5
    endloop
  endfacet
  facet normal 0.987692 0.156409 0
    outer loop
      vertex 46.089 8.12673 1.8
      vertex 46.3445 6.5133 4.5
      vertex 46.3445 6.5133 1.8
    endloop
  endfacet
  facet normal 0.857174 0.515027 0
    outer loop
      vertex 40.53 23.4 4.5
      vertex 39.6887 24.8002 1.8
      vertex 39.6887 24.8002 4.5
    endloop
  endfacet
  facet normal 0.857174 0.515027 0
    outer loop
      vertex 39.6887 24.8002 1.8
      vertex 40.53 23.4 4.5
      vertex 40.53 23.4 1.8
    endloop
  endfacet
  facet normal -0.0523403 0.998629 0
    outer loop
      vertex -1.6333 46.7715 1.8
      vertex -3.2646 46.686 4.5
      vertex -1.6333 46.7715 4.5
    endloop
  endfacet
  facet normal -0.0523403 0.998629 0
    outer loop
      vertex -3.2646 46.686 4.5
      vertex -1.6333 46.7715 1.8
      vertex -3.2646 46.686 1.8
    endloop
  endfacet
  facet normal -0.999848 0.0174467 0
    outer loop
      vertex -46.8 0 1.8
      vertex -46.7715 1.6333 4.5
      vertex -46.7715 1.6333 1.8
    endloop
  endfacet
  facet normal -0.999848 0.0174467 0
    outer loop
      vertex -46.7715 1.6333 4.5
      vertex -46.8 0 1.8
      vertex -46.8 0 4.5
    endloop
  endfacet
  facet normal -0.87463 0.48479 0
    outer loop
      vertex -41.3219 21.9713 1.8
      vertex -40.53 23.4 4.5
      vertex -40.53 23.4 1.8
    endloop
  endfacet
  facet normal -0.87463 0.48479 0
    outer loop
      vertex -40.53 23.4 4.5
      vertex -41.3219 21.9713 1.8
      vertex -41.3219 21.9713 4.5
    endloop
  endfacet
  facet normal -0.920501 0.39074 0
    outer loop
      vertex -43.3922 17.5316 1.8
      vertex -42.7539 19.0353 4.5
      vertex -42.7539 19.0353 1.8
    endloop
  endfacet
  facet normal -0.920501 0.39074 0
    outer loop
      vertex -42.7539 19.0353 4.5
      vertex -43.3922 17.5316 1.8
      vertex -43.3922 17.5316 4.5
    endloop
  endfacet
  facet normal -0.777152 0.629313 0
    outer loop
      vertex -36.8789 28.813 1.8
      vertex -35.8509 30.0825 4.5
      vertex -35.8509 30.0825 1.8
    endloop
  endfacet
  facet normal -0.777152 0.629313 0
    outer loop
      vertex -35.8509 30.0825 4.5
      vertex -36.8789 28.813 1.8
      vertex -36.8789 28.813 4.5
    endloop
  endfacet
  facet normal -0.707107 0.707107 0
    outer loop
      vertex -33.6651 32.51 1.8
      vertex -32.51 33.6651 4.5
      vertex -32.51 33.6651 1.8
    endloop
  endfacet
  facet normal -0.707107 0.707107 0
    outer loop
      vertex -32.51 33.6651 4.5
      vertex -33.6651 32.51 1.8
      vertex -33.6651 32.51 4.5
    endloop
  endfacet
  facet normal -0.996193 0.0871722 0
    outer loop
      vertex -46.686 3.2646 1.8
      vertex -46.5436 4.89193 4.5
      vertex -46.5436 4.89193 1.8
    endloop
  endfacet
  facet normal -0.996193 0.0871722 0
    outer loop
      vertex -46.5436 4.89193 4.5
      vertex -46.686 3.2646 1.8
      vertex -46.686 3.2646 4.5
    endloop
  endfacet
  facet normal -0.981627 0.190811 0
    outer loop
      vertex -46.089 8.12673 1.8
      vertex -45.7773 9.73027 4.5
      vertex -45.7773 9.73027 1.8
    endloop
  endfacet
  facet normal -0.981627 0.190811 0
    outer loop
      vertex -45.7773 9.73027 4.5
      vertex -46.089 8.12673 1.8
      vertex -46.089 8.12673 4.5
    endloop
  endfacet
  facet normal 0.422584 0.906324 -0
    outer loop
      vertex 20.5158 42.0636 1.8
      vertex 19.0353 42.7539 4.5
      vertex 20.5158 42.0636 4.5
    endloop
  endfacet
  facet normal 0.422584 0.906324 0
    outer loop
      vertex 19.0353 42.7539 4.5
      vertex 20.5158 42.0636 1.8
      vertex 19.0353 42.7539 1.8
    endloop
  endfacet
  facet normal 0.454032 0.890985 -0
    outer loop
      vertex 21.9713 41.3219 1.8
      vertex 20.5158 42.0636 4.5
      vertex 21.9713 41.3219 4.5
    endloop
  endfacet
  facet normal 0.454032 0.890985 0
    outer loop
      vertex 20.5158 42.0636 4.5
      vertex 21.9713 41.3219 1.8
      vertex 20.5158 42.0636 1.8
    endloop
  endfacet
  facet normal 0.731346 0.682006 0
    outer loop
      vertex 34.7792 31.3153 4.5
      vertex 33.6651 32.51 1.8
      vertex 33.6651 32.51 4.5
    endloop
  endfacet
  facet normal 0.731346 0.682006 0
    outer loop
      vertex 33.6651 32.51 1.8
      vertex 34.7792 31.3153 4.5
      vertex 34.7792 31.3153 1.8
    endloop
  endfacet
  facet normal 0.819157 0.573569 0
    outer loop
      vertex 38.799 26.1702 4.5
      vertex 37.862 27.5084 1.8
      vertex 37.862 27.5084 4.5
    endloop
  endfacet
  facet normal 0.819157 0.573569 0
    outer loop
      vertex 37.862 27.5084 1.8
      vertex 38.799 26.1702 4.5
      vertex 38.799 26.1702 1.8
    endloop
  endfacet
  facet normal 0.121882 0.992545 -0
    outer loop
      vertex 6.5133 46.3445 1.8
      vertex 4.89193 46.5436 4.5
      vertex 6.5133 46.3445 4.5
    endloop
  endfacet
  facet normal 0.121882 0.992545 0
    outer loop
      vertex 4.89193 46.5436 4.5
      vertex 6.5133 46.3445 1.8
      vertex 4.89193 46.5436 1.8
    endloop
  endfacet
  facet normal 0.156409 0.987692 -0
    outer loop
      vertex 8.12673 46.089 1.8
      vertex 6.5133 46.3445 4.5
      vertex 8.12673 46.089 4.5
    endloop
  endfacet
  facet normal 0.156409 0.987692 0
    outer loop
      vertex 6.5133 46.3445 4.5
      vertex 8.12673 46.089 1.8
      vertex 6.5133 46.3445 1.8
    endloop
  endfacet
  facet normal 0.292365 0.956307 -0
    outer loop
      vertex 14.462 44.5094 1.8
      vertex 12.8998 44.987 4.5
      vertex 14.462 44.5094 4.5
    endloop
  endfacet
  facet normal 0.292365 0.956307 0
    outer loop
      vertex 12.8998 44.987 4.5
      vertex 14.462 44.5094 1.8
      vertex 12.8998 44.987 1.8
    endloop
  endfacet
  facet normal 0.965925 -0.258821 0
    outer loop
      vertex 44.987 -12.8998 4.5
      vertex 45.4098 -11.3219 1.8
      vertex 45.4098 -11.3219 4.5
    endloop
  endfacet
  facet normal 0.965925 -0.258821 0
    outer loop
      vertex 45.4098 -11.3219 1.8
      vertex 44.987 -12.8998 4.5
      vertex 44.987 -12.8998 1.8
    endloop
  endfacet
  facet normal 0.996193 0.0871722 0
    outer loop
      vertex 46.686 3.2646 4.5
      vertex 46.5436 4.89193 1.8
      vertex 46.5436 4.89193 4.5
    endloop
  endfacet
  facet normal 0.996193 0.0871722 0
    outer loop
      vertex 46.5436 4.89193 1.8
      vertex 46.686 3.2646 4.5
      vertex 46.686 3.2646 1.8
    endloop
  endfacet
  facet normal 0.974364 0.224976 0
    outer loop
      vertex 45.7773 9.73027 4.5
      vertex 45.4098 11.3219 1.8
      vertex 45.4098 11.3219 4.5
    endloop
  endfacet
  facet normal 0.974364 0.224976 0
    outer loop
      vertex 45.4098 11.3219 1.8
      vertex 45.7773 9.73027 4.5
      vertex 45.7773 9.73027 1.8
    endloop
  endfacet
  facet normal 0.965925 0.258821 0
    outer loop
      vertex 45.4098 11.3219 4.5
      vertex 44.987 12.8998 1.8
      vertex 44.987 12.8998 4.5
    endloop
  endfacet
  facet normal 0.965925 0.258821 0
    outer loop
      vertex 44.987 12.8998 1.8
      vertex 45.4098 11.3219 4.5
      vertex 45.4098 11.3219 1.8
    endloop
  endfacet
  facet normal 0.933587 0.358351 0
    outer loop
      vertex 43.9776 16.0065 4.5
      vertex 43.3922 17.5316 1.8
      vertex 43.3922 17.5316 4.5
    endloop
  endfacet
  facet normal 0.933587 0.358351 0
    outer loop
      vertex 43.3922 17.5316 1.8
      vertex 43.9776 16.0065 4.5
      vertex 43.9776 16.0065 1.8
    endloop
  endfacet
  facet normal 0.87463 0.48479 0
    outer loop
      vertex 41.3219 21.9713 4.5
      vertex 40.53 23.4 1.8
      vertex 40.53 23.4 4.5
    endloop
  endfacet
  facet normal 0.87463 0.48479 0
    outer loop
      vertex 40.53 23.4 1.8
      vertex 41.3219 21.9713 4.5
      vertex 41.3219 21.9713 1.8
    endloop
  endfacet
  facet normal 0.920501 0.39074 0
    outer loop
      vertex 43.3922 17.5316 4.5
      vertex 42.7539 19.0353 1.8
      vertex 42.7539 19.0353 4.5
    endloop
  endfacet
  facet normal 0.920501 0.39074 0
    outer loop
      vertex 42.7539 19.0353 1.8
      vertex 43.3922 17.5316 4.5
      vertex 43.3922 17.5316 1.8
    endloop
  endfacet
  facet normal -0.682006 0.731346 0
    outer loop
      vertex -31.3153 34.7792 1.8
      vertex -32.51 33.6651 4.5
      vertex -31.3153 34.7792 4.5
    endloop
  endfacet
  facet normal -0.682006 0.731346 0
    outer loop
      vertex -32.51 33.6651 4.5
      vertex -31.3153 34.7792 1.8
      vertex -32.51 33.6651 1.8
    endloop
  endfacet
  facet normal -0.629313 0.777152 0
    outer loop
      vertex -28.813 36.8789 1.8
      vertex -30.0825 35.8509 4.5
      vertex -28.813 36.8789 4.5
    endloop
  endfacet
  facet normal -0.629313 0.777152 0
    outer loop
      vertex -30.0825 35.8509 4.5
      vertex -28.813 36.8789 1.8
      vertex -30.0825 35.8509 1.8
    endloop
  endfacet
  facet normal -0.515027 0.857174 0
    outer loop
      vertex -23.4 40.53 1.8
      vertex -24.8002 39.6887 4.5
      vertex -23.4 40.53 4.5
    endloop
  endfacet
  facet normal -0.515027 0.857174 0
    outer loop
      vertex -24.8002 39.6887 4.5
      vertex -23.4 40.53 1.8
      vertex -24.8002 39.6887 1.8
    endloop
  endfacet
  facet normal -0.32556 0.945521 0
    outer loop
      vertex -14.462 44.5094 1.8
      vertex -16.0065 43.9776 4.5
      vertex -14.462 44.5094 4.5
    endloop
  endfacet
  facet normal -0.32556 0.945521 0
    outer loop
      vertex -16.0065 43.9776 4.5
      vertex -14.462 44.5094 1.8
      vertex -16.0065 43.9776 1.8
    endloop
  endfacet
  facet normal -0.156409 0.987692 0
    outer loop
      vertex -6.5133 46.3445 1.8
      vertex -8.12673 46.089 4.5
      vertex -6.5133 46.3445 4.5
    endloop
  endfacet
  facet normal -0.156409 0.987692 0
    outer loop
      vertex -8.12673 46.089 4.5
      vertex -6.5133 46.3445 1.8
      vertex -8.12673 46.089 1.8
    endloop
  endfacet
  facet normal 0.0174467 0.999848 -0
    outer loop
      vertex 1.6333 46.7715 1.8
      vertex 0 46.8 4.5
      vertex 1.6333 46.7715 4.5
    endloop
  endfacet
  facet normal 0.0174467 0.999848 0
    outer loop
      vertex 0 46.8 4.5
      vertex 1.6333 46.7715 1.8
      vertex 0 46.8 1.8
    endloop
  endfacet
  facet normal -0.906324 0.422584 0
    outer loop
      vertex -42.7539 19.0353 1.8
      vertex -42.0636 20.5158 4.5
      vertex -42.0636 20.5158 1.8
    endloop
  endfacet
  facet normal -0.906324 0.422584 0
    outer loop
      vertex -42.0636 20.5158 4.5
      vertex -42.7539 19.0353 1.8
      vertex -42.7539 19.0353 4.5
    endloop
  endfacet
  facet normal -0.857174 0.515027 0
    outer loop
      vertex -40.53 23.4 1.8
      vertex -39.6887 24.8002 4.5
      vertex -39.6887 24.8002 1.8
    endloop
  endfacet
  facet normal -0.857174 0.515027 0
    outer loop
      vertex -39.6887 24.8002 4.5
      vertex -40.53 23.4 1.8
      vertex -40.53 23.4 4.5
    endloop
  endfacet
  facet normal -0.754696 0.656074 0
    outer loop
      vertex -35.8509 30.0825 1.8
      vertex -34.7792 31.3153 4.5
      vertex -34.7792 31.3153 1.8
    endloop
  endfacet
  facet normal -0.754696 0.656074 0
    outer loop
      vertex -34.7792 31.3153 4.5
      vertex -35.8509 30.0825 1.8
      vertex -35.8509 30.0825 4.5
    endloop
  endfacet
  facet normal -0.798632 0.60182 0
    outer loop
      vertex -37.862 27.5084 1.8
      vertex -36.8789 28.813 4.5
      vertex -36.8789 28.813 1.8
    endloop
  endfacet
  facet normal -0.798632 0.60182 0
    outer loop
      vertex -36.8789 28.813 4.5
      vertex -37.862 27.5084 1.8
      vertex -37.862 27.5084 4.5
    endloop
  endfacet
  facet normal -0.998629 0.0523403 0
    outer loop
      vertex -46.7715 1.6333 1.8
      vertex -46.686 3.2646 4.5
      vertex -46.686 3.2646 1.8
    endloop
  endfacet
  facet normal -0.998629 0.0523403 0
    outer loop
      vertex -46.686 3.2646 4.5
      vertex -46.7715 1.6333 1.8
      vertex -46.7715 1.6333 4.5
    endloop
  endfacet
  facet normal -0.945521 0.32556 0
    outer loop
      vertex -44.5094 14.462 1.8
      vertex -43.9776 16.0065 4.5
      vertex -43.9776 16.0065 1.8
    endloop
  endfacet
  facet normal -0.945521 0.32556 0
    outer loop
      vertex -43.9776 16.0065 4.5
      vertex -44.5094 14.462 1.8
      vertex -44.5094 14.462 4.5
    endloop
  endfacet
  facet normal -0.933587 0.358351 0
    outer loop
      vertex -43.9776 16.0065 1.8
      vertex -43.3922 17.5316 4.5
      vertex -43.3922 17.5316 1.8
    endloop
  endfacet
  facet normal -0.933587 0.358351 0
    outer loop
      vertex -43.3922 17.5316 4.5
      vertex -43.9776 16.0065 1.8
      vertex -43.9776 16.0065 4.5
    endloop
  endfacet
  facet normal 0.515027 0.857174 -0
    outer loop
      vertex 24.8002 39.6887 1.8
      vertex 23.4 40.53 4.5
      vertex 24.8002 39.6887 4.5
    endloop
  endfacet
  facet normal 0.515027 0.857174 0
    outer loop
      vertex 23.4 40.53 4.5
      vertex 24.8002 39.6887 1.8
      vertex 23.4 40.53 1.8
    endloop
  endfacet
  facet normal 0.707107 0.707107 0
    outer loop
      vertex 33.6651 32.51 4.5
      vertex 32.51 33.6651 1.8
      vertex 32.51 33.6651 4.5
    endloop
  endfacet
  facet normal 0.707107 0.707107 0
    outer loop
      vertex 32.51 33.6651 1.8
      vertex 33.6651 32.51 4.5
      vertex 33.6651 32.51 1.8
    endloop
  endfacet
  facet normal 0.60182 0.798632 -0
    outer loop
      vertex 28.813 36.8789 1.8
      vertex 27.5084 37.862 4.5
      vertex 28.813 36.8789 4.5
    endloop
  endfacet
  facet normal 0.60182 0.798632 0
    outer loop
      vertex 27.5084 37.862 4.5
      vertex 28.813 36.8789 1.8
      vertex 27.5084 37.862 1.8
    endloop
  endfacet
  facet normal 0.544644 0.838667 -0
    outer loop
      vertex 26.1702 38.799 1.8
      vertex 24.8002 39.6887 4.5
      vertex 26.1702 38.799 4.5
    endloop
  endfacet
  facet normal 0.544644 0.838667 0
    outer loop
      vertex 24.8002 39.6887 4.5
      vertex 26.1702 38.799 1.8
      vertex 24.8002 39.6887 1.8
    endloop
  endfacet
  facet normal 0.573569 0.819157 -0
    outer loop
      vertex 27.5084 37.862 1.8
      vertex 26.1702 38.799 4.5
      vertex 27.5084 37.862 4.5
    endloop
  endfacet
  facet normal 0.573569 0.819157 0
    outer loop
      vertex 26.1702 38.799 4.5
      vertex 27.5084 37.862 1.8
      vertex 26.1702 38.799 1.8
    endloop
  endfacet
  facet normal 0.838667 0.544644 0
    outer loop
      vertex 39.6887 24.8002 4.5
      vertex 38.799 26.1702 1.8
      vertex 38.799 26.1702 4.5
    endloop
  endfacet
  facet normal 0.838667 0.544644 0
    outer loop
      vertex 38.799 26.1702 1.8
      vertex 39.6887 24.8002 4.5
      vertex 39.6887 24.8002 1.8
    endloop
  endfacet
  facet normal 0.798632 0.60182 0
    outer loop
      vertex 37.862 27.5084 4.5
      vertex 36.8789 28.813 1.8
      vertex 36.8789 28.813 4.5
    endloop
  endfacet
  facet normal 0.798632 0.60182 0
    outer loop
      vertex 36.8789 28.813 1.8
      vertex 37.862 27.5084 4.5
      vertex 37.862 27.5084 1.8
    endloop
  endfacet
  facet normal 0.190811 0.981627 -0
    outer loop
      vertex 9.73027 45.7773 1.8
      vertex 8.12673 46.089 4.5
      vertex 9.73027 45.7773 4.5
    endloop
  endfacet
  facet normal 0.190811 0.981627 0
    outer loop
      vertex 8.12673 46.089 4.5
      vertex 9.73027 45.7773 1.8
      vertex 8.12673 46.089 1.8
    endloop
  endfacet
  facet normal 0.258821 0.965925 -0
    outer loop
      vertex 12.8998 44.987 1.8
      vertex 11.3219 45.4098 4.5
      vertex 12.8998 44.987 4.5
    endloop
  endfacet
  facet normal 0.258821 0.965925 0
    outer loop
      vertex 11.3219 45.4098 4.5
      vertex 12.8998 44.987 1.8
      vertex 11.3219 45.4098 1.8
    endloop
  endfacet
  facet normal 0.224976 0.974364 -0
    outer loop
      vertex 11.3219 45.4098 1.8
      vertex 9.73027 45.7773 4.5
      vertex 11.3219 45.4098 4.5
    endloop
  endfacet
  facet normal 0.224976 0.974364 0
    outer loop
      vertex 9.73027 45.7773 4.5
      vertex 11.3219 45.4098 1.8
      vertex 9.73027 45.7773 1.8
    endloop
  endfacet
  facet normal 0.906324 0.422584 0
    outer loop
      vertex 42.7539 19.0353 4.5
      vertex 42.0636 20.5158 1.8
      vertex 42.0636 20.5158 4.5
    endloop
  endfacet
  facet normal 0.906324 0.422584 0
    outer loop
      vertex 42.0636 20.5158 1.8
      vertex 42.7539 19.0353 4.5
      vertex 42.7539 19.0353 1.8
    endloop
  endfacet
  facet normal 0.890985 0.454032 0
    outer loop
      vertex 42.0636 20.5158 4.5
      vertex 41.3219 21.9713 1.8
      vertex 41.3219 21.9713 4.5
    endloop
  endfacet
  facet normal 0.890985 0.454032 0
    outer loop
      vertex 41.3219 21.9713 1.8
      vertex 42.0636 20.5158 4.5
      vertex 42.0636 20.5158 1.8
    endloop
  endfacet
  facet normal -0.656074 0.754696 0
    outer loop
      vertex -30.0825 35.8509 1.8
      vertex -31.3153 34.7792 4.5
      vertex -30.0825 35.8509 4.5
    endloop
  endfacet
  facet normal -0.656074 0.754696 0
    outer loop
      vertex -31.3153 34.7792 4.5
      vertex -30.0825 35.8509 1.8
      vertex -31.3153 34.7792 1.8
    endloop
  endfacet
  facet normal -0.573569 0.819157 0
    outer loop
      vertex -26.1702 38.799 1.8
      vertex -27.5084 37.862 4.5
      vertex -26.1702 38.799 4.5
    endloop
  endfacet
  facet normal -0.573569 0.819157 0
    outer loop
      vertex -27.5084 37.862 4.5
      vertex -26.1702 38.799 1.8
      vertex -27.5084 37.862 1.8
    endloop
  endfacet
  facet normal -0.422584 0.906324 0
    outer loop
      vertex -19.0353 42.7539 1.8
      vertex -20.5158 42.0636 4.5
      vertex -19.0353 42.7539 4.5
    endloop
  endfacet
  facet normal -0.422584 0.906324 0
    outer loop
      vertex -20.5158 42.0636 4.5
      vertex -19.0353 42.7539 1.8
      vertex -20.5158 42.0636 1.8
    endloop
  endfacet
  facet normal -0.454032 0.890985 0
    outer loop
      vertex -20.5158 42.0636 1.8
      vertex -21.9713 41.3219 4.5
      vertex -20.5158 42.0636 4.5
    endloop
  endfacet
  facet normal -0.454032 0.890985 0
    outer loop
      vertex -21.9713 41.3219 4.5
      vertex -20.5158 42.0636 1.8
      vertex -21.9713 41.3219 1.8
    endloop
  endfacet
  facet normal -0.39074 0.920501 0
    outer loop
      vertex -17.5316 43.3922 1.8
      vertex -19.0353 42.7539 4.5
      vertex -17.5316 43.3922 4.5
    endloop
  endfacet
  facet normal -0.39074 0.920501 0
    outer loop
      vertex -19.0353 42.7539 4.5
      vertex -17.5316 43.3922 1.8
      vertex -19.0353 42.7539 1.8
    endloop
  endfacet
  facet normal -0.48479 0.87463 0
    outer loop
      vertex -21.9713 41.3219 1.8
      vertex -23.4 40.53 4.5
      vertex -21.9713 41.3219 4.5
    endloop
  endfacet
  facet normal -0.48479 0.87463 0
    outer loop
      vertex -23.4 40.53 4.5
      vertex -21.9713 41.3219 1.8
      vertex -23.4 40.53 1.8
    endloop
  endfacet
  facet normal -0.258821 0.965925 0
    outer loop
      vertex -11.3219 45.4098 1.8
      vertex -12.8998 44.987 4.5
      vertex -11.3219 45.4098 4.5
    endloop
  endfacet
  facet normal -0.258821 0.965925 0
    outer loop
      vertex -12.8998 44.987 4.5
      vertex -11.3219 45.4098 1.8
      vertex -12.8998 44.987 1.8
    endloop
  endfacet
  facet normal -0.190811 0.981627 0
    outer loop
      vertex -8.12673 46.089 1.8
      vertex -9.73027 45.7773 4.5
      vertex -8.12673 46.089 4.5
    endloop
  endfacet
  facet normal -0.190811 0.981627 0
    outer loop
      vertex -9.73027 45.7773 4.5
      vertex -8.12673 46.089 1.8
      vertex -9.73027 45.7773 1.8
    endloop
  endfacet
  facet normal -0.224976 0.974364 0
    outer loop
      vertex -9.73027 45.7773 1.8
      vertex -11.3219 45.4098 4.5
      vertex -9.73027 45.7773 4.5
    endloop
  endfacet
  facet normal -0.224976 0.974364 0
    outer loop
      vertex -11.3219 45.4098 4.5
      vertex -9.73027 45.7773 1.8
      vertex -11.3219 45.4098 1.8
    endloop
  endfacet
  facet normal -0.121882 0.992545 0
    outer loop
      vertex -4.89193 46.5436 1.8
      vertex -6.5133 46.3445 4.5
      vertex -4.89193 46.5436 4.5
    endloop
  endfacet
  facet normal -0.121882 0.992545 0
    outer loop
      vertex -6.5133 46.3445 4.5
      vertex -4.89193 46.5436 1.8
      vertex -6.5133 46.3445 1.8
    endloop
  endfacet
  facet normal -0.731346 0.682006 0
    outer loop
      vertex -34.7792 31.3153 1.8
      vertex -33.6651 32.51 4.5
      vertex -33.6651 32.51 1.8
    endloop
  endfacet
  facet normal -0.731346 0.682006 0
    outer loop
      vertex -33.6651 32.51 4.5
      vertex -34.7792 31.3153 1.8
      vertex -34.7792 31.3153 4.5
    endloop
  endfacet
  facet normal -0.819157 0.573569 0
    outer loop
      vertex -38.799 26.1702 1.8
      vertex -37.862 27.5084 4.5
      vertex -37.862 27.5084 1.8
    endloop
  endfacet
  facet normal -0.819157 0.573569 0
    outer loop
      vertex -37.862 27.5084 4.5
      vertex -38.799 26.1702 1.8
      vertex -38.799 26.1702 4.5
    endloop
  endfacet
  facet normal 0.48479 0.87463 -0
    outer loop
      vertex 23.4 40.53 1.8
      vertex 21.9713 41.3219 4.5
      vertex 23.4 40.53 4.5
    endloop
  endfacet
  facet normal 0.48479 0.87463 0
    outer loop
      vertex 21.9713 41.3219 4.5
      vertex 23.4 40.53 1.8
      vertex 21.9713 41.3219 1.8
    endloop
  endfacet
  facet normal 0.682006 0.731346 -0
    outer loop
      vertex 32.51 33.6651 1.8
      vertex 31.3153 34.7792 4.5
      vertex 32.51 33.6651 4.5
    endloop
  endfacet
  facet normal 0.682006 0.731346 0
    outer loop
      vertex 31.3153 34.7792 4.5
      vertex 32.51 33.6651 1.8
      vertex 31.3153 34.7792 1.8
    endloop
  endfacet
  facet normal 0.656074 0.754696 -0
    outer loop
      vertex 31.3153 34.7792 1.8
      vertex 30.0825 35.8509 4.5
      vertex 31.3153 34.7792 4.5
    endloop
  endfacet
  facet normal 0.656074 0.754696 0
    outer loop
      vertex 30.0825 35.8509 4.5
      vertex 31.3153 34.7792 1.8
      vertex 30.0825 35.8509 1.8
    endloop
  endfacet
  facet normal 0.629313 0.777152 -0
    outer loop
      vertex 30.0825 35.8509 1.8
      vertex 28.813 36.8789 4.5
      vertex 30.0825 35.8509 4.5
    endloop
  endfacet
  facet normal 0.629313 0.777152 0
    outer loop
      vertex 28.813 36.8789 4.5
      vertex 30.0825 35.8509 1.8
      vertex 28.813 36.8789 1.8
    endloop
  endfacet
  facet normal 0.754696 0.656074 0
    outer loop
      vertex 35.8509 30.0825 4.5
      vertex 34.7792 31.3153 1.8
      vertex 34.7792 31.3153 4.5
    endloop
  endfacet
  facet normal 0.754696 0.656074 0
    outer loop
      vertex 34.7792 31.3153 1.8
      vertex 35.8509 30.0825 4.5
      vertex 35.8509 30.0825 1.8
    endloop
  endfacet
  facet normal -0.60182 0.798632 0
    outer loop
      vertex -27.5084 37.862 1.8
      vertex -28.813 36.8789 4.5
      vertex -27.5084 37.862 4.5
    endloop
  endfacet
  facet normal -0.60182 0.798632 0
    outer loop
      vertex -28.813 36.8789 4.5
      vertex -27.5084 37.862 1.8
      vertex -28.813 36.8789 1.8
    endloop
  endfacet
  facet normal -0.544644 0.838667 0
    outer loop
      vertex -24.8002 39.6887 1.8
      vertex -26.1702 38.799 4.5
      vertex -24.8002 39.6887 4.5
    endloop
  endfacet
  facet normal -0.544644 0.838667 0
    outer loop
      vertex -26.1702 38.799 4.5
      vertex -24.8002 39.6887 1.8
      vertex -26.1702 38.799 1.8
    endloop
  endfacet
  facet normal -0.292365 0.956307 0
    outer loop
      vertex -12.8998 44.987 1.8
      vertex -14.462 44.5094 4.5
      vertex -12.8998 44.987 4.5
    endloop
  endfacet
  facet normal -0.292365 0.956307 0
    outer loop
      vertex -14.462 44.5094 4.5
      vertex -12.8998 44.987 1.8
      vertex -14.462 44.5094 1.8
    endloop
  endfacet
  facet normal -0.0871722 0.996193 0
    outer loop
      vertex -3.2646 46.686 1.8
      vertex -4.89193 46.5436 4.5
      vertex -3.2646 46.686 4.5
    endloop
  endfacet
  facet normal -0.0871722 0.996193 0
    outer loop
      vertex -4.89193 46.5436 4.5
      vertex -3.2646 46.686 1.8
      vertex -4.89193 46.5436 1.8
    endloop
  endfacet
  facet normal -0 0 1
    outer loop
      vertex 48.1 1.2 1.8
      vertex 49.2 -1.2 1.8
      vertex 49.2 1.2 1.8
    endloop
  endfacet
  facet normal 0 0 1
    outer loop
      vertex 49.2 -1.2 1.8
      vertex 48.1 1.2 1.8
      vertex 48.1 -1.2 1.8
    endloop
  endfacet
  facet normal -1 0 0
    outer loop
      vertex 49.2 -1.2 1.8
      vertex 49.2 1.2 4.5
      vertex 49.2 1.2 1.8
    endloop
  endfacet
  facet normal -1 -0 0
    outer loop
      vertex 49.2 1.2 4.5
      vertex 49.2 -1.2 1.8
      vertex 49.2 -1.2 4.5
    endloop
  endfacet
  facet normal 0 -1 0
    outer loop
      vertex 48.7791 1.2 1.8
      vertex 49.2 1.2 4.5
      vertex 48.7791 1.2 4.5
    endloop
  endfacet
  facet normal 0 -1 0
    outer loop
      vertex 48.7791 1.2 1.8
      vertex 49.2 1.2 1.8
      vertex 49.2 1.2 4.5
    endloop
  endfacet
  facet normal 0 0 0
    outer loop
      vertex 49.2 1.2 1.8
      vertex 48.7791 1.2 1.8
      vertex 48.1 1.2 1.8
    endloop
  endfacet
  facet normal 0 1 0
    outer loop
      vertex 49.2 -1.2 4.5
      vertex 48.7791 -1.2 1.8
      vertex 48.7791 -1.2 4.5
    endloop
  endfacet
  facet normal 0 1 -0
    outer loop
      vertex 49.2 -1.2 1.8
      vertex 48.7791 -1.2 1.8
      vertex 49.2 -1.2 4.5
    endloop
  endfacet
  facet normal 0 0 0
    outer loop
      vertex 48.1 -1.2 1.8
      vertex 48.7791 -1.2 1.8
      vertex 49.2 -1.2 1.8
    endloop
  endfacet
  facet normal 0.113051 0.0652752 0.991443
    outer loop
      vertex 24.3038 -42.3154 2.21448
      vertex 24.7623 -43.433 2.23578
      vertex 24.9984 -43.3021 2.20024
    endloop
  endfacet
  facet normal 0.11307 0.0652832 0.99144
    outer loop
      vertex 24.7623 -43.433 2.23578
      vertex 24.3038 -42.3154 2.21448
      vertex 24.1623 -42.3938 2.23578
    endloop
  endfacet
  facet normal 0.115363 0.0666004 0.991088
    outer loop
      vertex 24.4 -42.262 2.2
      vertex 24.9984 -43.3021 2.20024
      vertex 25 -43.3013 2.2
    endloop
  endfacet
  facet normal 0.113013 0.0652487 0.991449
    outer loop
      vertex 24.9984 -43.3021 2.20024
      vertex 24.4 -42.262 2.2
      vertex 24.3038 -42.3154 2.21448
    endloop
  endfacet
  facet normal -0.858565 -0.495706 -0.130927
    outer loop
      vertex 25.8699 -42.7786 3.51837
      vertex 25.2695 -41.7396 3.52176
      vertex 25.2821 -41.732 3.41036
    endloop
  endfacet
  facet normal -0.858607 -0.495731 -0.130557
    outer loop
      vertex 25.2695 -41.7396 3.52176
      vertex 25.8699 -42.7786 3.51837
      vertex 25.8695 -42.7788 3.52176
    endloop
  endfacet
  facet normal -0.113032 -0.0652601 0.991446
    outer loop
      vertex 24.5386 -42.1787 2.22129
      vertex 25 -43.3013 2.2
      vertex 25.2311 -43.1624 2.23549
    endloop
  endfacet
  facet normal -0.113063 -0.0652727 0.991441
    outer loop
      vertex 25 -43.3013 2.2
      vertex 24.5386 -42.1787 2.22129
      vertex 24.4 -42.262 2.2
    endloop
  endfacet
  facet normal -0.32702 -0.188811 -0.925963
    outer loop
      vertex 24.633 -42.1221 4.26422
      vertex 25.2348 -43.1602 4.26336
      vertex 25.233 -43.1613 4.26422
    endloop
  endfacet
  facet normal -0.331302 -0.191294 -0.92393
    outer loop
      vertex 25.2348 -43.1602 4.26336
      vertex 24.633 -42.1221 4.26422
      vertex 24.7212 -42.0691 4.22162
    endloop
  endfacet
  facet normal 0.115363 0.0666004 -0.991088
    outer loop
      vertex 24.9984 -43.3021 4.29976
      vertex 24.4 -42.262 4.3
      vertex 25 -43.3013 4.3
    endloop
  endfacet
  facet normal 0.113013 0.0652487 -0.991449
    outer loop
      vertex 24.4 -42.262 4.3
      vertex 24.9984 -43.3021 4.29976
      vertex 24.3038 -42.3154 4.28552
    endloop
  endfacet
  facet normal -0.331302 -0.191294 0.92393
    outer loop
      vertex 24.633 -42.1221 2.23578
      vertex 25.2348 -43.1602 2.23664
      vertex 24.7212 -42.0691 2.27838
    endloop
  endfacet
  facet normal -0.32702 -0.188811 0.925963
    outer loop
      vertex 25.2348 -43.1602 2.23664
      vertex 24.633 -42.1221 2.23578
      vertex 25.233 -43.1613 2.23578
    endloop
  endfacet
  facet normal 0.800087 0.461944 0.382712
    outer loop
      vertex 23.5504 -42.733 2.87452
      vertex 24.2046 -43.7422 2.725
      vertex 23.6046 -42.703 2.725
    endloop
  endfacet
  facet normal 0.800117 0.461979 0.382606
    outer loop
      vertex 24.2046 -43.7422 2.725
      vertex 23.5504 -42.733 2.87452
      vertex 24.114 -43.7924 2.97508
    endloop
  endfacet
  facet normal 0.858641 0.495751 -0.130255
    outer loop
      vertex 24.1128 -43.793 3.52176
      vertex 23.5 -42.7609 3.41036
      vertex 23.5128 -42.7538 3.52176
    endloop
  endfacet
  facet normal 0.857573 0.49354 -0.144865
    outer loop
      vertex 23.5 -42.7609 3.41036
      vertex 24.1128 -43.793 3.52176
      vertex 24.1124 -43.7933 3.51837
    endloop
  endfacet
  facet normal 0.858619 0.495623 0.130889
    outer loop
      vertex 23.4815 -42.7712 3.25
      vertex 24.1124 -43.7933 2.98163
      vertex 23.5 -42.7609 3.08964
    endloop
  endfacet
  facet normal 0.858619 0.495738 0.130448
    outer loop
      vertex 24.1124 -43.7933 2.98163
      vertex 23.4815 -42.7712 3.25
      vertex 24.0815 -43.8104 3.25
    endloop
  endfacet
  facet normal 0.333794 0.192722 0.922735
    outer loop
      vertex 24.1623 -42.3938 2.23578
      vertex 24.7605 -43.434 2.23664
      vertex 24.7623 -43.433 2.23578
    endloop
  endfacet
  facet normal 0.33128 0.191277 0.923941
    outer loop
      vertex 24.7605 -43.434 2.23664
      vertex 24.1623 -42.3938 2.23578
      vertex 24.0723 -42.4437 2.27838
    endloop
  endfacet
  facet normal -0.858565 -0.495706 0.130927
    outer loop
      vertex 25.2695 -41.7396 2.97824
      vertex 25.8699 -42.7786 2.98163
      vertex 25.2821 -41.732 3.08964
    endloop
  endfacet
  facet normal -0.858607 -0.495731 0.130557
    outer loop
      vertex 25.8699 -42.7786 2.98163
      vertex 25.2695 -41.7396 2.97824
      vertex 25.8695 -42.7788 2.97824
    endloop
  endfacet
  facet normal -0.800221 -0.461951 0.382423
    outer loop
      vertex 25.1796 -41.7936 2.725
      vertex 25.7806 -42.8322 2.72801
      vertex 25.2164 -41.7715 2.8287
    endloop
  endfacet
  facet normal -0.802987 -0.463574 0.374581
    outer loop
      vertex 25.7806 -42.8322 2.72801
      vertex 25.1796 -41.7936 2.725
      vertex 25.7796 -42.8329 2.725
    endloop
  endfacet
  facet normal -0.113032 -0.0652601 -0.991446
    outer loop
      vertex 25 -43.3013 4.3
      vertex 24.5386 -42.1787 4.27871
      vertex 25.2311 -43.1624 4.26451
    endloop
  endfacet
  facet normal -0.113063 -0.0652727 -0.991441
    outer loop
      vertex 24.5386 -42.1787 4.27871
      vertex 25 -43.3013 4.3
      vertex 24.4 -42.262 4.3
    endloop
  endfacet
  facet normal 0.520724 0.30062 -0.799046
    outer loop
      vertex 23.7505 -42.622 3.99246
      vertex 24.3526 -43.6601 3.99428
      vertex 24.3505 -43.6613 3.99246
    endloop
  endfacet
  facet normal 0.527267 0.304425 -0.793294
    outer loop
      vertex 24.3526 -43.6601 3.99428
      vertex 23.7505 -42.622 3.99246
      vertex 23.8281 -42.5791 4.0605
    endloop
  endfacet
  facet normal 0.800085 0.46197 -0.382686
    outer loop
      vertex 24.114 -43.7924 3.52492
      vertex 23.5128 -42.7538 3.52176
      vertex 23.5504 -42.733 3.62548
    endloop
  endfacet
  facet normal 0.797366 0.460373 -0.39021
    outer loop
      vertex 23.5128 -42.7538 3.52176
      vertex 24.114 -43.7924 3.52492
      vertex 24.1128 -43.793 3.52176
    endloop
  endfacet
  facet normal 0.687177 0.396715 -0.608609
    outer loop
      vertex 24.3505 -43.6613 3.99246
      vertex 23.6909 -42.6551 3.90359
      vertex 23.7505 -42.622 3.99246
    endloop
  endfacet
  facet normal 0.684904 0.394896 -0.612343
    outer loop
      vertex 23.6909 -42.6551 3.90359
      vertex 24.3505 -43.6613 3.99246
      vertex 24.3489 -43.6622 3.99009
    endloop
  endfacet
  facet normal 0.800085 0.46197 0.382686
    outer loop
      vertex 23.5128 -42.7538 2.97824
      vertex 24.114 -43.7924 2.97508
      vertex 23.5504 -42.733 2.87452
    endloop
  endfacet
  facet normal 0.797366 0.460373 0.39021
    outer loop
      vertex 24.114 -43.7924 2.97508
      vertex 23.5128 -42.7538 2.97824
      vertex 24.1128 -43.793 2.97824
    endloop
  endfacet
  facet normal 0.858641 0.495751 0.130255
    outer loop
      vertex 23.5 -42.7609 3.08964
      vertex 24.1128 -43.793 2.97824
      vertex 23.5128 -42.7538 2.97824
    endloop
  endfacet
  facet normal 0.857573 0.49354 0.144865
    outer loop
      vertex 24.1128 -43.793 2.97824
      vertex 23.5 -42.7609 3.08964
      vertex 24.1124 -43.7933 2.98163
    endloop
  endfacet
  facet normal -0.113409 -0.0654784 0.991388
    outer loop
      vertex 24.633 -42.1221 2.23578
      vertex 25.2311 -43.1624 2.23549
      vertex 25.233 -43.1613 2.23578
    endloop
  endfacet
  facet normal -0.113048 -0.0652708 0.991443
    outer loop
      vertex 25.2311 -43.1624 2.23549
      vertex 24.633 -42.1221 2.23578
      vertex 24.5386 -42.1787 2.22129
    endloop
  endfacet
  facet normal -0.532811 -0.307628 0.788338
    outer loop
      vertex 25.0365 -41.8796 2.50754
      vertex 25.6345 -42.92 2.50572
      vertex 25.6365 -42.9188 2.50754
    endloop
  endfacet
  facet normal -0.527202 -0.304412 0.793342
    outer loop
      vertex 25.6345 -42.92 2.50572
      vertex 25.0365 -41.8796 2.50754
      vertex 24.9605 -41.9253 2.4395
    endloop
  endfacet
  facet normal -0.686976 -0.396599 0.608911
    outer loop
      vertex 25.0365 -41.8796 2.50754
      vertex 25.7796 -42.8329 2.725
      vertex 25.1796 -41.7936 2.725
    endloop
  endfacet
  facet normal -0.687036 -0.396672 0.608797
    outer loop
      vertex 25.7796 -42.8329 2.725
      vertex 25.0365 -41.8796 2.50754
      vertex 25.6365 -42.9188 2.50754
    endloop
  endfacet
  facet normal -0.527193 -0.304406 -0.79335
    outer loop
      vertex 25.4501 -43.0308 4.15933
      vertex 24.9605 -41.9253 4.0605
      vertex 25.6345 -42.92 3.99428
    endloop
  endfacet
  facet normal -0.527298 -0.304445 -0.793265
    outer loop
      vertex 24.9605 -41.9253 4.0605
      vertex 25.4501 -43.0308 4.15933
      vertex 24.8501 -41.9916 4.15933
    endloop
  endfacet
  facet normal -0.800108 -0.461956 -0.382654
    outer loop
      vertex 25.8695 -42.7788 3.52176
      vertex 25.2164 -41.7715 3.6713
      vertex 25.2695 -41.7396 3.52176
    endloop
  endfacet
  facet normal -0.800063 -0.461903 -0.382813
    outer loop
      vertex 25.2164 -41.7715 3.6713
      vertex 25.8695 -42.7788 3.52176
      vertex 25.7806 -42.8322 3.77199
    endloop
  endfacet
  facet normal 0.858619 0.495623 -0.130889
    outer loop
      vertex 24.1124 -43.7933 3.51837
      vertex 23.4815 -42.7712 3.25
      vertex 23.5 -42.7609 3.41036
    endloop
  endfacet
  facet normal 0.858619 0.495738 -0.130448
    outer loop
      vertex 23.4815 -42.7712 3.25
      vertex 24.1124 -43.7933 3.51837
      vertex 24.0815 -43.8104 3.25
    endloop
  endfacet
  facet normal 0.113051 0.0652752 -0.991443
    outer loop
      vertex 24.7623 -43.433 4.26422
      vertex 24.3038 -42.3154 4.28552
      vertex 24.9984 -43.3021 4.29976
    endloop
  endfacet
  facet normal 0.11307 0.0652832 -0.99144
    outer loop
      vertex 24.3038 -42.3154 4.28552
      vertex 24.7623 -43.433 4.26422
      vertex 24.1623 -42.3938 4.26422
    endloop
  endfacet
  facet normal 0.687049 0.396599 0.60883
    outer loop
      vertex 23.6046 -42.703 2.725
      vertex 24.3489 -43.6622 2.50991
      vertex 23.6909 -42.6551 2.59641
    endloop
  endfacet
  facet normal 0.687178 0.396754 0.608583
    outer loop
      vertex 24.3489 -43.6622 2.50991
      vertex 23.6046 -42.703 2.725
      vertex 24.2046 -43.7422 2.725
    endloop
  endfacet
  facet normal 0.527267 0.304425 0.793294
    outer loop
      vertex 23.7505 -42.622 2.50754
      vertex 24.3526 -43.6601 2.50572
      vertex 23.8281 -42.5791 2.4395
    endloop
  endfacet
  facet normal 0.520724 0.30062 0.799046
    outer loop
      vertex 24.3526 -43.6601 2.50572
      vertex 23.7505 -42.622 2.50754
      vertex 24.3505 -43.6613 2.50754
    endloop
  endfacet
  facet normal 0.687177 0.396715 0.608609
    outer loop
      vertex 23.6909 -42.6551 2.59641
      vertex 24.3505 -43.6613 2.50754
      vertex 23.7505 -42.622 2.50754
    endloop
  endfacet
  facet normal 0.684904 0.394896 0.612343
    outer loop
      vertex 24.3505 -43.6613 2.50754
      vertex 23.6909 -42.6551 2.59641
      vertex 24.3489 -43.6622 2.50991
    endloop
  endfacet
  facet normal 0.527062 0.304308 0.793475
    outer loop
      vertex 23.8281 -42.5791 2.4395
      vertex 24.5408 -43.5558 2.34067
      vertex 23.9408 -42.5166 2.34067
    endloop
  endfacet
  facet normal 0.527132 0.304366 0.793406
    outer loop
      vertex 24.5408 -43.5558 2.34067
      vertex 23.8281 -42.5791 2.4395
      vertex 24.3526 -43.6601 2.50572
    endloop
  endfacet
  facet normal 0.331385 0.191352 0.923888
    outer loop
      vertex 24.0723 -42.4437 2.27838
      vertex 24.5408 -43.5558 2.34067
      vertex 24.7605 -43.434 2.23664
    endloop
  endfacet
  facet normal 0.331503 0.191399 0.923835
    outer loop
      vertex 24.5408 -43.5558 2.34067
      vertex 24.0723 -42.4437 2.27838
      vertex 23.9408 -42.5166 2.34067
    endloop
  endfacet
  facet normal -0.800108 -0.461956 0.382654
    outer loop
      vertex 25.2164 -41.7715 2.8287
      vertex 25.8695 -42.7788 2.97824
      vertex 25.2695 -41.7396 2.97824
    endloop
  endfacet
  facet normal -0.800063 -0.461903 0.382813
    outer loop
      vertex 25.8695 -42.7788 2.97824
      vertex 25.2164 -41.7715 2.8287
      vertex 25.7806 -42.8322 2.72801
    endloop
  endfacet
  facet normal -0.331412 -0.191347 0.923879
    outer loop
      vertex 24.7212 -42.0691 2.27838
      vertex 25.4501 -43.0308 2.34067
      vertex 24.8501 -41.9916 2.34067
    endloop
  endfacet
  facet normal -0.331406 -0.191342 0.923882
    outer loop
      vertex 25.4501 -43.0308 2.34067
      vertex 24.7212 -42.0691 2.27838
      vertex 25.2348 -43.1602 2.23664
    endloop
  endfacet
  facet normal -0.331406 -0.191342 -0.923882
    outer loop
      vertex 24.7212 -42.0691 4.22162
      vertex 25.4501 -43.0308 4.15933
      vertex 25.2348 -43.1602 4.26336
    endloop
  endfacet
  facet normal -0.331412 -0.191347 -0.923879
    outer loop
      vertex 25.4501 -43.0308 4.15933
      vertex 24.7212 -42.0691 4.22162
      vertex 24.8501 -41.9916 4.15933
    endloop
  endfacet
  facet normal -0.113409 -0.0654784 -0.991388
    outer loop
      vertex 25.2311 -43.1624 4.26451
      vertex 24.633 -42.1221 4.26422
      vertex 25.233 -43.1613 4.26422
    endloop
  endfacet
  facet normal -0.113048 -0.0652708 -0.991443
    outer loop
      vertex 24.633 -42.1221 4.26422
      vertex 25.2311 -43.1624 4.26451
      vertex 24.5386 -42.1787 4.27871
    endloop
  endfacet
  facet normal -0.532811 -0.307628 -0.788338
    outer loop
      vertex 25.6345 -42.92 3.99428
      vertex 25.0365 -41.8796 3.99246
      vertex 25.6365 -42.9188 3.99246
    endloop
  endfacet
  facet normal -0.527202 -0.304412 -0.793342
    outer loop
      vertex 25.0365 -41.8796 3.99246
      vertex 25.6345 -42.92 3.99428
      vertex 24.9605 -41.9253 4.0605
    endloop
  endfacet
  facet normal -0.686976 -0.396599 -0.608911
    outer loop
      vertex 25.7796 -42.8329 3.775
      vertex 25.0365 -41.8796 3.99246
      vertex 25.1796 -41.7936 3.775
    endloop
  endfacet
  facet normal -0.687036 -0.396672 -0.608797
    outer loop
      vertex 25.0365 -41.8796 3.99246
      vertex 25.7796 -42.8329 3.775
      vertex 25.6365 -42.9188 3.99246
    endloop
  endfacet
  facet normal -0.800221 -0.461951 -0.382423
    outer loop
      vertex 25.7806 -42.8322 3.77199
      vertex 25.1796 -41.7936 3.775
      vertex 25.2164 -41.7715 3.6713
    endloop
  endfacet
  facet normal -0.802987 -0.463574 -0.374581
    outer loop
      vertex 25.1796 -41.7936 3.775
      vertex 25.7806 -42.8322 3.77199
      vertex 25.7796 -42.8329 3.775
    endloop
  endfacet
  facet normal 0.333794 0.192722 -0.922735
    outer loop
      vertex 24.7605 -43.434 4.26336
      vertex 24.1623 -42.3938 4.26422
      vertex 24.7623 -43.433 4.26422
    endloop
  endfacet
  facet normal 0.33128 0.191277 -0.923941
    outer loop
      vertex 24.1623 -42.3938 4.26422
      vertex 24.7605 -43.434 4.26336
      vertex 24.0723 -42.4437 4.22162
    endloop
  endfacet
  facet normal 0.527132 0.304366 -0.793406
    outer loop
      vertex 23.8281 -42.5791 4.0605
      vertex 24.5408 -43.5558 4.15933
      vertex 24.3526 -43.6601 3.99428
    endloop
  endfacet
  facet normal 0.527062 0.304308 -0.793475
    outer loop
      vertex 24.5408 -43.5558 4.15933
      vertex 23.8281 -42.5791 4.0605
      vertex 23.9408 -42.5166 4.15933
    endloop
  endfacet
  facet normal -0.858636 -0.495748 0.130303
    outer loop
      vertex 25.2821 -41.732 3.08964
      vertex 25.9002 -42.7604 3.25
      vertex 25.3002 -41.7212 3.25
    endloop
  endfacet
  facet normal -0.858624 -0.495701 0.130559
    outer loop
      vertex 25.9002 -42.7604 3.25
      vertex 25.2821 -41.732 3.08964
      vertex 25.8699 -42.7786 2.98163
    endloop
  endfacet
  facet normal -0.858636 -0.495748 -0.130303
    outer loop
      vertex 25.9002 -42.7604 3.25
      vertex 25.2821 -41.732 3.41036
      vertex 25.3002 -41.7212 3.25
    endloop
  endfacet
  facet normal -0.858624 -0.495701 -0.130559
    outer loop
      vertex 25.2821 -41.732 3.41036
      vertex 25.9002 -42.7604 3.25
      vertex 25.8699 -42.7786 3.51837
    endloop
  endfacet
  facet normal -0.527193 -0.304406 0.79335
    outer loop
      vertex 24.9605 -41.9253 2.4395
      vertex 25.4501 -43.0308 2.34067
      vertex 25.6345 -42.92 2.50572
    endloop
  endfacet
  facet normal -0.527298 -0.304445 0.793265
    outer loop
      vertex 25.4501 -43.0308 2.34067
      vertex 24.9605 -41.9253 2.4395
      vertex 24.8501 -41.9916 2.34067
    endloop
  endfacet
  facet normal 0.800087 0.461944 -0.382712
    outer loop
      vertex 24.2046 -43.7422 3.775
      vertex 23.5504 -42.733 3.62548
      vertex 23.6046 -42.703 3.775
    endloop
  endfacet
  facet normal 0.800117 0.461979 -0.382606
    outer loop
      vertex 23.5504 -42.733 3.62548
      vertex 24.2046 -43.7422 3.775
      vertex 24.114 -43.7924 3.52492
    endloop
  endfacet
  facet normal 0.687049 0.396599 -0.60883
    outer loop
      vertex 24.3489 -43.6622 3.99009
      vertex 23.6046 -42.703 3.775
      vertex 23.6909 -42.6551 3.90359
    endloop
  endfacet
  facet normal 0.687178 0.396754 -0.608583
    outer loop
      vertex 23.6046 -42.703 3.775
      vertex 24.3489 -43.6622 3.99009
      vertex 24.2046 -43.7422 3.775
    endloop
  endfacet
  facet normal 0.331385 0.191352 -0.923888
    outer loop
      vertex 24.5408 -43.5558 4.15933
      vertex 24.0723 -42.4437 4.22162
      vertex 24.7605 -43.434 4.26336
    endloop
  endfacet
  facet normal 0.331503 0.191399 -0.923835
    outer loop
      vertex 24.0723 -42.4437 4.22162
      vertex 24.5408 -43.5558 4.15933
      vertex 23.9408 -42.5166 4.15933
    endloop
  endfacet
  facet normal 0 -0.130534 0.991444
    outer loop
      vertex -49.9953 0.27176 2.23578
      vertex -48.8 0 2.2
      vertex -48.7953 0.27176 2.23578
    endloop
  endfacet
  facet normal 0 -0.130534 0.991444
    outer loop
      vertex -48.8 0 2.2
      vertex -49.9953 0.27176 2.23578
      vertex -50 0 2.2
    endloop
  endfacet
  facet normal 0 -0.923883 0.382676
    outer loop
      vertex -48.7841 0.909327 2.725
      vertex -49.9823 1.01422 2.97824
      vertex -49.9841 0.909327 2.725
    endloop
  endfacet
  facet normal 0 -0.923883 0.382676
    outer loop
      vertex -49.9823 1.01422 2.97824
      vertex -48.7841 0.909327 2.725
      vertex -48.7823 1.01422 2.97824
    endloop
  endfacet
  facet normal 0 -0.382666 -0.923887
    outer loop
      vertex -48.7953 0.27176 4.26422
      vertex -49.9908 0.525 4.15933
      vertex -48.7908 0.525 4.15933
    endloop
  endfacet
  facet normal 0 -0.382666 -0.923887
    outer loop
      vertex -49.9908 0.525 4.15933
      vertex -48.7953 0.27176 4.26422
      vertex -49.9953 0.27176 4.26422
    endloop
  endfacet
  facet normal 0 0.923883 -0.382676
    outer loop
      vertex -49.9823 -1.01422 3.52176
      vertex -48.7841 -0.909327 3.775
      vertex -48.7823 -1.01422 3.52176
    endloop
  endfacet
  facet normal 0 0.923883 -0.382676
    outer loop
      vertex -48.7841 -0.909327 3.775
      vertex -49.9823 -1.01422 3.52176
      vertex -49.9841 -0.909327 3.775
    endloop
  endfacet
  facet normal 0 -0.382666 0.923887
    outer loop
      vertex -49.9908 0.525 2.34067
      vertex -48.7953 0.27176 2.23578
      vertex -48.7908 0.525 2.34067
    endloop
  endfacet
  facet normal 0 -0.382666 0.923887
    outer loop
      vertex -48.7953 0.27176 2.23578
      vertex -49.9908 0.525 2.34067
      vertex -49.9953 0.27176 2.23578
    endloop
  endfacet
  facet normal 0 -0.991444 0.130534
    outer loop
      vertex -49.9823 1.01422 2.97824
      vertex -48.7817 1.05 3.25
      vertex -49.9817 1.05 3.25
    endloop
  endfacet
  facet normal 0 -0.991444 0.130534
    outer loop
      vertex -48.7817 1.05 3.25
      vertex -49.9823 1.01422 2.97824
      vertex -48.7823 1.01422 2.97824
    endloop
  endfacet
  facet normal 0 -0.923883 -0.382676
    outer loop
      vertex -49.9823 1.01422 3.52176
      vertex -48.7841 0.909327 3.775
      vertex -49.9841 0.909327 3.775
    endloop
  endfacet
  facet normal 0 -0.923883 -0.382676
    outer loop
      vertex -48.7841 0.909327 3.775
      vertex -49.9823 1.01422 3.52176
      vertex -48.7823 1.01422 3.52176
    endloop
  endfacet
  facet normal 0 -0.608776 -0.793342
    outer loop
      vertex -48.7908 0.525 4.15933
      vertex -49.987 0.742461 3.99246
      vertex -48.787 0.742461 3.99246
    endloop
  endfacet
  facet normal 0 -0.608776 -0.793342
    outer loop
      vertex -49.987 0.742461 3.99246
      vertex -48.7908 0.525 4.15933
      vertex -49.9908 0.525 4.15933
    endloop
  endfacet
  facet normal 0 -0.793348 -0.608768
    outer loop
      vertex -49.9841 0.909327 3.775
      vertex -48.787 0.742461 3.99246
      vertex -49.987 0.742461 3.99246
    endloop
  endfacet
  facet normal 0 -0.793348 -0.608768
    outer loop
      vertex -48.787 0.742461 3.99246
      vertex -49.9841 0.909327 3.775
      vertex -48.7841 0.909327 3.775
    endloop
  endfacet
  facet normal 0 0.130534 0.991444
    outer loop
      vertex -48.8 0 2.2
      vertex -49.9953 -0.27176 2.23578
      vertex -48.7953 -0.27176 2.23578
    endloop
  endfacet
  facet normal 0 0.130534 0.991444
    outer loop
      vertex -49.9953 -0.27176 2.23578
      vertex -48.8 0 2.2
      vertex -50 0 2.2
    endloop
  endfacet
  facet normal 0 0.793348 0.608768
    outer loop
      vertex -48.787 -0.742461 2.50754
      vertex -49.9841 -0.909327 2.725
      vertex -48.7841 -0.909327 2.725
    endloop
  endfacet
  facet normal 0 0.793348 0.608768
    outer loop
      vertex -49.9841 -0.909327 2.725
      vertex -48.787 -0.742461 2.50754
      vertex -49.987 -0.742461 2.50754
    endloop
  endfacet
  facet normal 0 0.382666 -0.923887
    outer loop
      vertex -49.9908 -0.525 4.15933
      vertex -48.7953 -0.27176 4.26422
      vertex -48.7908 -0.525 4.15933
    endloop
  endfacet
  facet normal 0 0.382666 -0.923887
    outer loop
      vertex -48.7953 -0.27176 4.26422
      vertex -49.9908 -0.525 4.15933
      vertex -49.9953 -0.27176 4.26422
    endloop
  endfacet
  facet normal 0 0.793348 -0.608768
    outer loop
      vertex -49.9841 -0.909327 3.775
      vertex -48.787 -0.742461 3.99246
      vertex -48.7841 -0.909327 3.775
    endloop
  endfacet
  facet normal 0 0.793348 -0.608768
    outer loop
      vertex -48.787 -0.742461 3.99246
      vertex -49.9841 -0.909327 3.775
      vertex -49.987 -0.742461 3.99246
    endloop
  endfacet
  facet normal 0 0.608776 -0.793342
    outer loop
      vertex -49.987 -0.742461 3.99246
      vertex -48.7908 -0.525 4.15933
      vertex -48.787 -0.742461 3.99246
    endloop
  endfacet
  facet normal 0 0.608776 -0.793342
    outer loop
      vertex -48.7908 -0.525 4.15933
      vertex -49.987 -0.742461 3.99246
      vertex -49.9908 -0.525 4.15933
    endloop
  endfacet
  facet normal 0 -0.608776 0.793342
    outer loop
      vertex -49.987 0.742461 2.50754
      vertex -48.7908 0.525 2.34067
      vertex -48.787 0.742461 2.50754
    endloop
  endfacet
  facet normal 0 -0.608776 0.793342
    outer loop
      vertex -48.7908 0.525 2.34067
      vertex -49.987 0.742461 2.50754
      vertex -49.9908 0.525 2.34067
    endloop
  endfacet
  facet normal 0 -0.793348 0.608768
    outer loop
      vertex -48.787 0.742461 2.50754
      vertex -49.9841 0.909327 2.725
      vertex -49.987 0.742461 2.50754
    endloop
  endfacet
  facet normal 0 -0.793348 0.608768
    outer loop
      vertex -49.9841 0.909327 2.725
      vertex -48.787 0.742461 2.50754
      vertex -48.7841 0.909327 2.725
    endloop
  endfacet
  facet normal 0 -0.130534 -0.991444
    outer loop
      vertex -48.8 0 4.3
      vertex -49.9953 0.27176 4.26422
      vertex -48.7953 0.27176 4.26422
    endloop
  endfacet
  facet normal 0 -0.130534 -0.991444
    outer loop
      vertex -49.9953 0.27176 4.26422
      vertex -48.8 0 4.3
      vertex -50 0 4.3
    endloop
  endfacet
  facet normal 0 -0.991444 -0.130534
    outer loop
      vertex -49.9817 1.05 3.25
      vertex -48.7823 1.01422 3.52176
      vertex -49.9823 1.01422 3.52176
    endloop
  endfacet
  facet normal 0 -0.991444 -0.130534
    outer loop
      vertex -48.7823 1.01422 3.52176
      vertex -49.9817 1.05 3.25
      vertex -48.7817 1.05 3.25
    endloop
  endfacet
  facet normal 0 0.382666 0.923887
    outer loop
      vertex -48.7953 -0.27176 2.23578
      vertex -49.9908 -0.525 2.34067
      vertex -48.7908 -0.525 2.34067
    endloop
  endfacet
  facet normal 0 0.382666 0.923887
    outer loop
      vertex -49.9908 -0.525 2.34067
      vertex -48.7953 -0.27176 2.23578
      vertex -49.9953 -0.27176 2.23578
    endloop
  endfacet
  facet normal 0 0.608776 0.793342
    outer loop
      vertex -48.7908 -0.525 2.34067
      vertex -49.987 -0.742461 2.50754
      vertex -48.787 -0.742461 2.50754
    endloop
  endfacet
  facet normal 0 0.608776 0.793342
    outer loop
      vertex -49.987 -0.742461 2.50754
      vertex -48.7908 -0.525 2.34067
      vertex -49.9908 -0.525 2.34067
    endloop
  endfacet
  facet normal 0 0.923883 0.382676
    outer loop
      vertex -48.7841 -0.909327 2.725
      vertex -49.9823 -1.01422 2.97824
      vertex -48.7823 -1.01422 2.97824
    endloop
  endfacet
  facet normal 0 0.923883 0.382676
    outer loop
      vertex -49.9823 -1.01422 2.97824
      vertex -48.7841 -0.909327 2.725
      vertex -49.9841 -0.909327 2.725
    endloop
  endfacet
  facet normal 0 0.991444 -0.130534
    outer loop
      vertex -48.7817 -1.05 3.25
      vertex -49.9823 -1.01422 3.52176
      vertex -48.7823 -1.01422 3.52176
    endloop
  endfacet
  facet normal 0 0.991444 -0.130534
    outer loop
      vertex -49.9823 -1.01422 3.52176
      vertex -48.7817 -1.05 3.25
      vertex -49.9817 -1.05 3.25
    endloop
  endfacet
  facet normal 0 0.130534 -0.991444
    outer loop
      vertex -49.9953 -0.27176 4.26422
      vertex -48.8 0 4.3
      vertex -48.7953 -0.27176 4.26422
    endloop
  endfacet
  facet normal 0 0.130534 -0.991444
    outer loop
      vertex -48.8 0 4.3
      vertex -49.9953 -0.27176 4.26422
      vertex -50 0 4.3
    endloop
  endfacet
  facet normal 0 0.991444 0.130534
    outer loop
      vertex -48.7823 -1.01422 2.97824
      vertex -49.9817 -1.05 3.25
      vertex -48.7817 -1.05 3.25
    endloop
  endfacet
  facet normal 0 0.991444 0.130534
    outer loop
      vertex -49.9817 -1.05 3.25
      vertex -48.7823 -1.01422 2.97824
      vertex -49.9823 -1.01422 2.97824
    endloop
  endfacet
  facet normal -0.113409 0.0654784 0.991388
    outer loop
      vertex 25.2311 43.1624 2.23549
      vertex 24.633 42.1221 2.23578
      vertex 25.233 43.1613 2.23578
    endloop
  endfacet
  facet normal -0.113048 0.0652708 0.991443
    outer loop
      vertex 24.633 42.1221 2.23578
      vertex 25.2311 43.1624 2.23549
      vertex 24.5386 42.1787 2.22129
    endloop
  endfacet
  facet normal -0.858607 0.495731 0.130557
    outer loop
      vertex 25.2695 41.7396 2.97824
      vertex 25.8699 42.7786 2.98163
      vertex 25.8695 42.7788 2.97824
    endloop
  endfacet
  facet normal -0.858565 0.495706 0.130927
    outer loop
      vertex 25.8699 42.7786 2.98163
      vertex 25.2695 41.7396 2.97824
      vertex 25.2821 41.732 3.08964
    endloop
  endfacet
  facet normal -0.113032 0.0652601 0.991446
    outer loop
      vertex 25 43.3013 2.2
      vertex 24.5386 42.1787 2.22129
      vertex 25.2311 43.1624 2.23549
    endloop
  endfacet
  facet normal -0.113063 0.0652727 0.991441
    outer loop
      vertex 24.5386 42.1787 2.22129
      vertex 25 43.3013 2.2
      vertex 24.4 42.262 2.2
    endloop
  endfacet
  facet normal -0.527193 0.304406 -0.79335
    outer loop
      vertex 24.9605 41.9253 4.0605
      vertex 25.4501 43.0308 4.15933
      vertex 25.6345 42.92 3.99428
    endloop
  endfacet
  facet normal -0.527298 0.304445 -0.793265
    outer loop
      vertex 25.4501 43.0308 4.15933
      vertex 24.9605 41.9253 4.0605
      vertex 24.8501 41.9916 4.15933
    endloop
  endfacet
  facet normal 0.858619 -0.495738 0.130448
    outer loop
      vertex 23.4815 42.7712 3.25
      vertex 24.1124 43.7933 2.98163
      vertex 24.0815 43.8104 3.25
    endloop
  endfacet
  facet normal 0.858619 -0.495623 0.130889
    outer loop
      vertex 24.1124 43.7933 2.98163
      vertex 23.4815 42.7712 3.25
      vertex 23.5 42.7609 3.08964
    endloop
  endfacet
  facet normal -0.532811 0.307628 -0.788338
    outer loop
      vertex 25.0365 41.8796 3.99246
      vertex 25.6345 42.92 3.99428
      vertex 25.6365 42.9188 3.99246
    endloop
  endfacet
  facet normal -0.527202 0.304412 -0.793342
    outer loop
      vertex 25.6345 42.92 3.99428
      vertex 25.0365 41.8796 3.99246
      vertex 24.9605 41.9253 4.0605
    endloop
  endfacet
  facet normal -0.858624 0.495701 0.130559
    outer loop
      vertex 25.2821 41.732 3.08964
      vertex 25.9002 42.7604 3.25
      vertex 25.8699 42.7786 2.98163
    endloop
  endfacet
  facet normal -0.858636 0.495748 0.130303
    outer loop
      vertex 25.9002 42.7604 3.25
      vertex 25.2821 41.732 3.08964
      vertex 25.3002 41.7212 3.25
    endloop
  endfacet
  facet normal 0.527267 -0.304425 -0.793294
    outer loop
      vertex 23.7505 42.622 3.99246
      vertex 24.3526 43.6601 3.99428
      vertex 23.8281 42.5791 4.0605
    endloop
  endfacet
  facet normal 0.520724 -0.30062 -0.799046
    outer loop
      vertex 24.3526 43.6601 3.99428
      vertex 23.7505 42.622 3.99246
      vertex 24.3505 43.6613 3.99246
    endloop
  endfacet
  facet normal 0.527062 -0.304308 -0.793475
    outer loop
      vertex 23.8281 42.5791 4.0605
      vertex 24.5408 43.5558 4.15933
      vertex 23.9408 42.5166 4.15933
    endloop
  endfacet
  facet normal 0.527132 -0.304366 -0.793406
    outer loop
      vertex 24.5408 43.5558 4.15933
      vertex 23.8281 42.5791 4.0605
      vertex 24.3526 43.6601 3.99428
    endloop
  endfacet
  facet normal 0.858619 -0.495738 -0.130448
    outer loop
      vertex 24.1124 43.7933 3.51837
      vertex 23.4815 42.7712 3.25
      vertex 24.0815 43.8104 3.25
    endloop
  endfacet
  facet normal 0.858619 -0.495623 -0.130889
    outer loop
      vertex 23.4815 42.7712 3.25
      vertex 24.1124 43.7933 3.51837
      vertex 23.5 42.7609 3.41036
    endloop
  endfacet
  facet normal 0.797366 -0.460373 0.39021
    outer loop
      vertex 23.5128 42.7538 2.97824
      vertex 24.114 43.7924 2.97508
      vertex 24.1128 43.793 2.97824
    endloop
  endfacet
  facet normal 0.800085 -0.46197 0.382686
    outer loop
      vertex 24.114 43.7924 2.97508
      vertex 23.5128 42.7538 2.97824
      vertex 23.5504 42.733 2.87452
    endloop
  endfacet
  facet normal 0.684904 -0.394896 0.612343
    outer loop
      vertex 23.6909 42.6551 2.59641
      vertex 24.3505 43.6613 2.50754
      vertex 24.3489 43.6622 2.50991
    endloop
  endfacet
  facet normal 0.687177 -0.396715 0.608609
    outer loop
      vertex 24.3505 43.6613 2.50754
      vertex 23.6909 42.6551 2.59641
      vertex 23.7505 42.622 2.50754
    endloop
  endfacet
  facet normal -0.687036 0.396672 0.608797
    outer loop
      vertex 25.0365 41.8796 2.50754
      vertex 25.7796 42.8329 2.725
      vertex 25.6365 42.9188 2.50754
    endloop
  endfacet
  facet normal -0.686976 0.396599 0.608911
    outer loop
      vertex 25.7796 42.8329 2.725
      vertex 25.0365 41.8796 2.50754
      vertex 25.1796 41.7936 2.725
    endloop
  endfacet
  facet normal -0.802987 0.463574 0.374581
    outer loop
      vertex 25.1796 41.7936 2.725
      vertex 25.7806 42.8322 2.72801
      vertex 25.7796 42.8329 2.725
    endloop
  endfacet
  facet normal -0.800221 0.461951 0.382423
    outer loop
      vertex 25.7806 42.8322 2.72801
      vertex 25.1796 41.7936 2.725
      vertex 25.2164 41.7715 2.8287
    endloop
  endfacet
  facet normal -0.800063 0.461903 0.382813
    outer loop
      vertex 25.2164 41.7715 2.8287
      vertex 25.8695 42.7788 2.97824
      vertex 25.7806 42.8322 2.72801
    endloop
  endfacet
  facet normal -0.800108 0.461956 0.382654
    outer loop
      vertex 25.8695 42.7788 2.97824
      vertex 25.2164 41.7715 2.8287
      vertex 25.2695 41.7396 2.97824
    endloop
  endfacet
  facet normal 0.113051 -0.0652752 0.991443
    outer loop
      vertex 24.7623 43.433 2.23578
      vertex 24.3038 42.3154 2.21448
      vertex 24.9984 43.3021 2.20024
    endloop
  endfacet
  facet normal 0.11307 -0.0652832 0.99144
    outer loop
      vertex 24.3038 42.3154 2.21448
      vertex 24.7623 43.433 2.23578
      vertex 24.1623 42.3938 2.23578
    endloop
  endfacet
  facet normal 0.115363 -0.0666004 -0.991088
    outer loop
      vertex 24.4 42.262 4.3
      vertex 24.9984 43.3021 4.29976
      vertex 25 43.3013 4.3
    endloop
  endfacet
  facet normal 0.113013 -0.0652487 -0.991449
    outer loop
      vertex 24.9984 43.3021 4.29976
      vertex 24.4 42.262 4.3
      vertex 24.3038 42.3154 4.28552
    endloop
  endfacet
  facet normal -0.858607 0.495731 -0.130557
    outer loop
      vertex 25.8699 42.7786 3.51837
      vertex 25.2695 41.7396 3.52176
      vertex 25.8695 42.7788 3.52176
    endloop
  endfacet
  facet normal -0.858565 0.495706 -0.130927
    outer loop
      vertex 25.2695 41.7396 3.52176
      vertex 25.8699 42.7786 3.51837
      vertex 25.2821 41.732 3.41036
    endloop
  endfacet
  facet normal -0.113409 0.0654784 -0.991388
    outer loop
      vertex 24.633 42.1221 4.26422
      vertex 25.2311 43.1624 4.26451
      vertex 25.233 43.1613 4.26422
    endloop
  endfacet
  facet normal -0.113048 0.0652708 -0.991443
    outer loop
      vertex 25.2311 43.1624 4.26451
      vertex 24.633 42.1221 4.26422
      vertex 24.5386 42.1787 4.27871
    endloop
  endfacet
  facet normal 0.333794 -0.192722 -0.922735
    outer loop
      vertex 24.1623 42.3938 4.26422
      vertex 24.7605 43.434 4.26336
      vertex 24.7623 43.433 4.26422
    endloop
  endfacet
  facet normal 0.33128 -0.191277 -0.923941
    outer loop
      vertex 24.7605 43.434 4.26336
      vertex 24.1623 42.3938 4.26422
      vertex 24.0723 42.4437 4.22162
    endloop
  endfacet
  facet normal 0.113051 -0.0652752 -0.991443
    outer loop
      vertex 24.3038 42.3154 4.28552
      vertex 24.7623 43.433 4.26422
      vertex 24.9984 43.3021 4.29976
    endloop
  endfacet
  facet normal 0.11307 -0.0652832 -0.99144
    outer loop
      vertex 24.7623 43.433 4.26422
      vertex 24.3038 42.3154 4.28552
      vertex 24.1623 42.3938 4.26422
    endloop
  endfacet
  facet normal 0.797366 -0.460373 -0.39021
    outer loop
      vertex 24.114 43.7924 3.52492
      vertex 23.5128 42.7538 3.52176
      vertex 24.1128 43.793 3.52176
    endloop
  endfacet
  facet normal 0.800085 -0.46197 -0.382686
    outer loop
      vertex 23.5128 42.7538 3.52176
      vertex 24.114 43.7924 3.52492
      vertex 23.5504 42.733 3.62548
    endloop
  endfacet
  facet normal 0.687178 -0.396754 -0.608583
    outer loop
      vertex 24.3489 43.6622 3.99009
      vertex 23.6046 42.703 3.775
      vertex 24.2046 43.7422 3.775
    endloop
  endfacet
  facet normal 0.687049 -0.396599 -0.60883
    outer loop
      vertex 23.6046 42.703 3.775
      vertex 24.3489 43.6622 3.99009
      vertex 23.6909 42.6551 3.90359
    endloop
  endfacet
  facet normal 0.684904 -0.394896 -0.612343
    outer loop
      vertex 24.3505 43.6613 3.99246
      vertex 23.6909 42.6551 3.90359
      vertex 24.3489 43.6622 3.99009
    endloop
  endfacet
  facet normal 0.687177 -0.396715 -0.608609
    outer loop
      vertex 23.6909 42.6551 3.90359
      vertex 24.3505 43.6613 3.99246
      vertex 23.7505 42.622 3.99246
    endloop
  endfacet
  facet normal -0.331406 0.191342 0.923882
    outer loop
      vertex 24.7212 42.0691 2.27838
      vertex 25.4501 43.0308 2.34067
      vertex 25.2348 43.1602 2.23664
    endloop
  endfacet
  facet normal -0.331412 0.191347 0.923879
    outer loop
      vertex 25.4501 43.0308 2.34067
      vertex 24.7212 42.0691 2.27838
      vertex 24.8501 41.9916 2.34067
    endloop
  endfacet
  facet normal -0.527193 0.304406 0.79335
    outer loop
      vertex 25.4501 43.0308 2.34067
      vertex 24.9605 41.9253 2.4395
      vertex 25.6345 42.92 2.50572
    endloop
  endfacet
  facet normal -0.527298 0.304445 0.793265
    outer loop
      vertex 24.9605 41.9253 2.4395
      vertex 25.4501 43.0308 2.34067
      vertex 24.8501 41.9916 2.34067
    endloop
  endfacet
  facet normal -0.802987 0.463574 -0.374581
    outer loop
      vertex 25.7806 42.8322 3.77199
      vertex 25.1796 41.7936 3.775
      vertex 25.7796 42.8329 3.775
    endloop
  endfacet
  facet normal -0.800221 0.461951 -0.382423
    outer loop
      vertex 25.1796 41.7936 3.775
      vertex 25.7806 42.8322 3.77199
      vertex 25.2164 41.7715 3.6713
    endloop
  endfacet
  facet normal -0.800063 0.461903 -0.382813
    outer loop
      vertex 25.8695 42.7788 3.52176
      vertex 25.2164 41.7715 3.6713
      vertex 25.7806 42.8322 3.77199
    endloop
  endfacet
  facet normal -0.800108 0.461956 -0.382654
    outer loop
      vertex 25.2164 41.7715 3.6713
      vertex 25.8695 42.7788 3.52176
      vertex 25.2695 41.7396 3.52176
    endloop
  endfacet
  facet normal -0.331412 0.191347 -0.923879
    outer loop
      vertex 24.7212 42.0691 4.22162
      vertex 25.4501 43.0308 4.15933
      vertex 24.8501 41.9916 4.15933
    endloop
  endfacet
  facet normal -0.331406 0.191342 -0.923882
    outer loop
      vertex 25.4501 43.0308 4.15933
      vertex 24.7212 42.0691 4.22162
      vertex 25.2348 43.1602 4.26336
    endloop
  endfacet
  facet normal -0.687036 0.396672 -0.608797
    outer loop
      vertex 25.7796 42.8329 3.775
      vertex 25.0365 41.8796 3.99246
      vertex 25.6365 42.9188 3.99246
    endloop
  endfacet
  facet normal -0.686976 0.396599 -0.608911
    outer loop
      vertex 25.0365 41.8796 3.99246
      vertex 25.7796 42.8329 3.775
      vertex 25.1796 41.7936 3.775
    endloop
  endfacet
  facet normal 0.857573 -0.49354 0.144865
    outer loop
      vertex 23.5 42.7609 3.08964
      vertex 24.1128 43.793 2.97824
      vertex 24.1124 43.7933 2.98163
    endloop
  endfacet
  facet normal 0.858641 -0.495751 0.130255
    outer loop
      vertex 24.1128 43.793 2.97824
      vertex 23.5 42.7609 3.08964
      vertex 23.5128 42.7538 2.97824
    endloop
  endfacet
  facet normal 0.331385 -0.191352 -0.923888
    outer loop
      vertex 24.0723 42.4437 4.22162
      vertex 24.5408 43.5558 4.15933
      vertex 24.7605 43.434 4.26336
    endloop
  endfacet
  facet normal 0.331503 -0.191399 -0.923835
    outer loop
      vertex 24.5408 43.5558 4.15933
      vertex 24.0723 42.4437 4.22162
      vertex 23.9408 42.5166 4.15933
    endloop
  endfacet
  facet normal 0.687178 -0.396754 0.608583
    outer loop
      vertex 23.6046 42.703 2.725
      vertex 24.3489 43.6622 2.50991
      vertex 24.2046 43.7422 2.725
    endloop
  endfacet
  facet normal 0.687049 -0.396599 0.60883
    outer loop
      vertex 24.3489 43.6622 2.50991
      vertex 23.6046 42.703 2.725
      vertex 23.6909 42.6551 2.59641
    endloop
  endfacet
  facet normal 0.800117 -0.461979 0.382606
    outer loop
      vertex 23.5504 42.733 2.87452
      vertex 24.2046 43.7422 2.725
      vertex 24.114 43.7924 2.97508
    endloop
  endfacet
  facet normal 0.800087 -0.461944 0.382712
    outer loop
      vertex 24.2046 43.7422 2.725
      vertex 23.5504 42.733 2.87452
      vertex 23.6046 42.703 2.725
    endloop
  endfacet
  facet normal -0.858624 0.495701 -0.130559
    outer loop
      vertex 25.9002 42.7604 3.25
      vertex 25.2821 41.732 3.41036
      vertex 25.8699 42.7786 3.51837
    endloop
  endfacet
  facet normal -0.858636 0.495748 -0.130303
    outer loop
      vertex 25.2821 41.732 3.41036
      vertex 25.9002 42.7604 3.25
      vertex 25.3002 41.7212 3.25
    endloop
  endfacet
  facet normal -0.532811 0.307628 0.788338
    outer loop
      vertex 25.6345 42.92 2.50572
      vertex 25.0365 41.8796 2.50754
      vertex 25.6365 42.9188 2.50754
    endloop
  endfacet
  facet normal -0.527202 0.304412 0.793342
    outer loop
      vertex 25.0365 41.8796 2.50754
      vertex 25.6345 42.92 2.50572
      vertex 24.9605 41.9253 2.4395
    endloop
  endfacet
  facet normal -0.32702 0.188811 0.925963
    outer loop
      vertex 24.633 42.1221 2.23578
      vertex 25.2348 43.1602 2.23664
      vertex 25.233 43.1613 2.23578
    endloop
  endfacet
  facet normal -0.331302 0.191294 0.92393
    outer loop
      vertex 25.2348 43.1602 2.23664
      vertex 24.633 42.1221 2.23578
      vertex 24.7212 42.0691 2.27838
    endloop
  endfacet
  facet normal -0.113032 0.0652601 -0.991446
    outer loop
      vertex 24.5386 42.1787 4.27871
      vertex 25 43.3013 4.3
      vertex 25.2311 43.1624 4.26451
    endloop
  endfacet
  facet normal -0.113063 0.0652727 -0.991441
    outer loop
      vertex 25 43.3013 4.3
      vertex 24.5386 42.1787 4.27871
      vertex 24.4 42.262 4.3
    endloop
  endfacet
  facet normal 0.857573 -0.49354 -0.144865
    outer loop
      vertex 24.1128 43.793 3.52176
      vertex 23.5 42.7609 3.41036
      vertex 24.1124 43.7933 3.51837
    endloop
  endfacet
  facet normal 0.858641 -0.495751 -0.130255
    outer loop
      vertex 23.5 42.7609 3.41036
      vertex 24.1128 43.793 3.52176
      vertex 23.5128 42.7538 3.52176
    endloop
  endfacet
  facet normal 0.800117 -0.461979 -0.382606
    outer loop
      vertex 24.2046 43.7422 3.775
      vertex 23.5504 42.733 3.62548
      vertex 24.114 43.7924 3.52492
    endloop
  endfacet
  facet normal 0.800087 -0.461944 -0.382712
    outer loop
      vertex 23.5504 42.733 3.62548
      vertex 24.2046 43.7422 3.775
      vertex 23.6046 42.703 3.775
    endloop
  endfacet
  facet normal 0.333794 -0.192722 0.922735
    outer loop
      vertex 24.7605 43.434 2.23664
      vertex 24.1623 42.3938 2.23578
      vertex 24.7623 43.433 2.23578
    endloop
  endfacet
  facet normal 0.33128 -0.191277 0.923941
    outer loop
      vertex 24.1623 42.3938 2.23578
      vertex 24.7605 43.434 2.23664
      vertex 24.0723 42.4437 2.27838
    endloop
  endfacet
  facet normal 0.331385 -0.191352 0.923888
    outer loop
      vertex 24.5408 43.5558 2.34067
      vertex 24.0723 42.4437 2.27838
      vertex 24.7605 43.434 2.23664
    endloop
  endfacet
  facet normal 0.331503 -0.191399 0.923835
    outer loop
      vertex 24.0723 42.4437 2.27838
      vertex 24.5408 43.5558 2.34067
      vertex 23.9408 42.5166 2.34067
    endloop
  endfacet
  facet normal 0.115363 -0.0666004 0.991088
    outer loop
      vertex 24.9984 43.3021 2.20024
      vertex 24.4 42.262 2.2
      vertex 25 43.3013 2.2
    endloop
  endfacet
  facet normal 0.113013 -0.0652487 0.991449
    outer loop
      vertex 24.4 42.262 2.2
      vertex 24.9984 43.3021 2.20024
      vertex 24.3038 42.3154 2.21448
    endloop
  endfacet
  facet normal -0.331302 0.191294 -0.92393
    outer loop
      vertex 24.633 42.1221 4.26422
      vertex 25.2348 43.1602 4.26336
      vertex 24.7212 42.0691 4.22162
    endloop
  endfacet
  facet normal -0.32702 0.188811 -0.925963
    outer loop
      vertex 25.2348 43.1602 4.26336
      vertex 24.633 42.1221 4.26422
      vertex 25.233 43.1613 4.26422
    endloop
  endfacet
  facet normal 0.520724 -0.30062 0.799046
    outer loop
      vertex 23.7505 42.622 2.50754
      vertex 24.3526 43.6601 2.50572
      vertex 24.3505 43.6613 2.50754
    endloop
  endfacet
  facet normal 0.527267 -0.304425 0.793294
    outer loop
      vertex 24.3526 43.6601 2.50572
      vertex 23.7505 42.622 2.50754
      vertex 23.8281 42.5791 2.4395
    endloop
  endfacet
  facet normal 0.527132 -0.304366 0.793406
    outer loop
      vertex 23.8281 42.5791 2.4395
      vertex 24.5408 43.5558 2.34067
      vertex 24.3526 43.6601 2.50572
    endloop
  endfacet
  facet normal 0.527062 -0.304308 0.793475
    outer loop
      vertex 24.5408 43.5558 2.34067
      vertex 23.8281 42.5791 2.4395
      vertex 23.9408 42.5166 2.34067
    endloop
  endfacet
  facet normal 0.681979 -0.731371 0
    outer loop
      vertex 33.4565 -37.1572 0
      vertex 34.7329 -35.967 4.5
      vertex 33.4565 -37.1572 4.5
    endloop
  endfacet
  facet normal 0.681979 -0.731371 0
    outer loop
      vertex 34.7329 -35.967 4.5
      vertex 33.4565 -37.1572 0
      vertex 34.7329 -35.967 0
    endloop
  endfacet
  facet normal -0.358353 -0.933586 0
    outer loop
      vertex -18.7303 -46.3592 0
      vertex -17.101 -46.9846 4.5
      vertex -18.7303 -46.3592 4.5
    endloop
  endfacet
  facet normal -0.358353 -0.933586 -0
    outer loop
      vertex -17.101 -46.9846 4.5
      vertex -18.7303 -46.3592 0
      vertex -17.101 -46.9846 0
    endloop
  endfacet
  facet normal -0.906309 -0.422616 0
    outer loop
      vertex -44.9397 -21.9186 0
      vertex -45.6773 -20.3368 4.5
      vertex -45.6773 -20.3368 0
    endloop
  endfacet
  facet normal -0.906309 -0.422616 0
    outer loop
      vertex -45.6773 -20.3368 4.5
      vertex -44.9397 -21.9186 0
      vertex -44.9397 -21.9186 4.5
    endloop
  endfacet
  facet normal 0.573543 0.819175 -0
    outer loop
      vertex 29.3893 40.4509 0
      vertex 27.9596 41.4519 4.5
      vertex 29.3893 40.4509 4.5
    endloop
  endfacet
  facet normal 0.573543 0.819175 0
    outer loop
      vertex 27.9596 41.4519 4.5
      vertex 29.3893 40.4509 0
      vertex 27.9596 41.4519 0
    endloop
  endfacet
  facet normal 0.906309 -0.422616 0
    outer loop
      vertex 44.9397 -21.9186 4.5
      vertex 45.6773 -20.3368 0
      vertex 45.6773 -20.3368 4.5
    endloop
  endfacet
  facet normal 0.906309 -0.422616 0
    outer loop
      vertex 45.6773 -20.3368 0
      vertex 44.9397 -21.9186 4.5
      vertex 44.9397 -21.9186 0
    endloop
  endfacet
  facet normal 0.390722 -0.920509 0
    outer loop
      vertex 18.7303 -46.3592 0
      vertex 20.3368 -45.6773 4.5
      vertex 18.7303 -46.3592 4.5
    endloop
  endfacet
  facet normal 0.390722 -0.920509 0
    outer loop
      vertex 20.3368 -45.6773 4.5
      vertex 18.7303 -46.3592 0
      vertex 20.3368 -45.6773 0
    endloop
  endfacet
  facet normal -0.707107 -0.707107 0
    outer loop
      vertex -34.7329 -35.967 0
      vertex -35.967 -34.7329 4.5
      vertex -35.967 -34.7329 0
    endloop
  endfacet
  facet normal -0.707107 -0.707107 0
    outer loop
      vertex -35.967 -34.7329 4.5
      vertex -34.7329 -35.967 0
      vertex -34.7329 -35.967 4.5
    endloop
  endfacet
  facet normal -0.156425 -0.98769 0
    outer loop
      vertex -8.68241 -49.2404 0
      vertex -6.95865 -49.5134 4.5
      vertex -8.68241 -49.2404 4.5
    endloop
  endfacet
  facet normal -0.156425 -0.98769 -0
    outer loop
      vertex -6.95865 -49.5134 4.5
      vertex -8.68241 -49.2404 0
      vertex -6.95865 -49.5134 0
    endloop
  endfacet
  facet normal 0.933586 0.358353 0
    outer loop
      vertex 46.9846 17.101 4.5
      vertex 46.3592 18.7303 0
      vertex 46.3592 18.7303 4.5
    endloop
  endfacet
  facet normal 0.933586 0.358353 0
    outer loop
      vertex 46.3592 18.7303 0
      vertex 46.9846 17.101 4.5
      vertex 46.9846 17.101 0
    endloop
  endfacet
  facet normal 0.390722 0.920509 -0
    outer loop
      vertex 20.3368 45.6773 0
      vertex 18.7303 46.3592 4.5
      vertex 20.3368 45.6773 4.5
    endloop
  endfacet
  facet normal 0.390722 0.920509 0
    outer loop
      vertex 18.7303 46.3592 4.5
      vertex 20.3368 45.6773 0
      vertex 18.7303 46.3592 0
    endloop
  endfacet
  facet normal -0.707107 0.707107 0
    outer loop
      vertex -35.967 34.7329 0
      vertex -34.7329 35.967 4.5
      vertex -34.7329 35.967 0
    endloop
  endfacet
  facet normal -0.707107 0.707107 0
    outer loop
      vertex -34.7329 35.967 4.5
      vertex -35.967 34.7329 0
      vertex -35.967 34.7329 4.5
    endloop
  endfacet
  facet normal 0.974369 -0.224956 0
    outer loop
      vertex 48.5148 -12.0961 4.5
      vertex 48.9074 -10.3956 0
      vertex 48.9074 -10.3956 4.5
    endloop
  endfacet
  facet normal 0.974369 -0.224956 0
    outer loop
      vertex 48.9074 -10.3956 0
      vertex 48.5148 -12.0961 4.5
      vertex 48.5148 -12.0961 0
    endloop
  endfacet
  facet normal 0.819175 -0.573543 0
    outer loop
      vertex 40.4509 -29.3893 4.5
      vertex 41.4519 -27.9596 0
      vertex 41.4519 -27.9596 4.5
    endloop
  endfacet
  facet normal 0.819175 -0.573543 0
    outer loop
      vertex 41.4519 -27.9596 0
      vertex 40.4509 -29.3893 4.5
      vertex 40.4509 -29.3893 0
    endloop
  endfacet
  facet normal 0.54465 -0.838663 0
    outer loop
      vertex 26.496 -42.4024 0
      vertex 27.9596 -41.4519 4.5
      vertex 26.496 -42.4024 4.5
    endloop
  endfacet
  facet normal 0.54465 -0.838663 0
    outer loop
      vertex 27.9596 -41.4519 4.5
      vertex 26.496 -42.4024 0
      vertex 27.9596 -41.4519 0
    endloop
  endfacet
  facet normal 0.190803 -0.981628 0
    outer loop
      vertex 8.68241 -49.2404 0
      vertex 10.3956 -48.9074 4.5
      vertex 8.68241 -49.2404 4.5
    endloop
  endfacet
  facet normal 0.190803 -0.981628 0
    outer loop
      vertex 10.3956 -48.9074 4.5
      vertex 8.68241 -49.2404 0
      vertex 10.3956 -48.9074 0
    endloop
  endfacet
  facet normal -0.998631 -0.0523137 0
    outer loop
      vertex -49.8782 -3.48782 0
      vertex -49.9695 -1.74497 4.5
      vertex -49.9695 -1.74497 0
    endloop
  endfacet
  facet normal -0.998631 -0.0523137 0
    outer loop
      vertex -49.9695 -1.74497 4.5
      vertex -49.8782 -3.48782 0
      vertex -49.8782 -3.48782 4.5
    endloop
  endfacet
  facet normal -0.974369 -0.224956 0
    outer loop
      vertex -48.5148 -12.0961 0
      vertex -48.9074 -10.3956 4.5
      vertex -48.9074 -10.3956 0
    endloop
  endfacet
  facet normal -0.974369 -0.224956 0
    outer loop
      vertex -48.9074 -10.3956 4.5
      vertex -48.5148 -12.0961 0
      vertex -48.5148 -12.0961 4.5
    endloop
  endfacet
  facet normal -0.798609 -0.60185 0
    outer loop
      vertex -39.4005 -30.7831 0
      vertex -40.4509 -29.3893 4.5
      vertex -40.4509 -29.3893 0
    endloop
  endfacet
  facet normal -0.798609 -0.60185 0
    outer loop
      vertex -40.4509 -29.3893 4.5
      vertex -39.4005 -30.7831 0
      vertex -39.4005 -30.7831 4.5
    endloop
  endfacet
  facet normal -0.515043 -0.857164 0
    outer loop
      vertex -26.496 -42.4024 0
      vertex -25 -43.3013 4.5
      vertex -26.496 -42.4024 4.5
    endloop
  endfacet
  facet normal -0.515043 -0.857164 -0
    outer loop
      vertex -25 -43.3013 4.5
      vertex -26.496 -42.4024 0
      vertex -25 -43.3013 0
    endloop
  endfacet
  facet normal -0.422616 -0.906309 0
    outer loop
      vertex -21.9186 -44.9397 0
      vertex -20.3368 -45.6773 4.5
      vertex -21.9186 -44.9397 4.5
    endloop
  endfacet
  facet normal -0.422616 -0.906309 -0
    outer loop
      vertex -20.3368 -45.6773 4.5
      vertex -21.9186 -44.9397 0
      vertex -20.3368 -45.6773 0
    endloop
  endfacet
  facet normal 0.731371 0.681979 0
    outer loop
      vertex 37.1572 33.4565 4.5
      vertex 35.967 34.7329 0
      vertex 35.967 34.7329 4.5
    endloop
  endfacet
  facet normal 0.731371 0.681979 0
    outer loop
      vertex 35.967 34.7329 0
      vertex 37.1572 33.4565 4.5
      vertex 37.1572 33.4565 0
    endloop
  endfacet
  facet normal 0.453985 0.891009 -0
    outer loop
      vertex 23.4736 44.1474 0
      vertex 21.9186 44.9397 4.5
      vertex 23.4736 44.1474 4.5
    endloop
  endfacet
  facet normal 0.453985 0.891009 0
    outer loop
      vertex 21.9186 44.9397 4.5
      vertex 23.4736 44.1474 0
      vertex 21.9186 44.9397 0
    endloop
  endfacet
  facet normal -0.0523137 0.998631 0
    outer loop
      vertex -1.74497 49.9695 0
      vertex -3.48782 49.8782 4.5
      vertex -1.74497 49.9695 4.5
    endloop
  endfacet
  facet normal -0.0523137 0.998631 0
    outer loop
      vertex -3.48782 49.8782 4.5
      vertex -1.74497 49.9695 0
      vertex -3.48782 49.8782 0
    endloop
  endfacet
  facet normal -0.224956 0.974369 0
    outer loop
      vertex -10.3956 48.9074 0
      vertex -12.0961 48.5148 4.5
      vertex -10.3956 48.9074 4.5
    endloop
  endfacet
  facet normal -0.224956 0.974369 0
    outer loop
      vertex -12.0961 48.5148 4.5
      vertex -10.3956 48.9074 0
      vertex -12.0961 48.5148 0
    endloop
  endfacet
  facet normal -0.98769 0.156425 0
    outer loop
      vertex -49.5134 6.95865 0
      vertex -49.2404 8.68241 4.5
      vertex -49.2404 8.68241 0
    endloop
  endfacet
  facet normal -0.98769 0.156425 0
    outer loop
      vertex -49.2404 8.68241 4.5
      vertex -49.5134 6.95865 0
      vertex -49.5134 6.95865 4.5
    endloop
  endfacet
  facet normal -0.933586 0.358353 0
    outer loop
      vertex -46.9846 17.101 0
      vertex -46.3592 18.7303 4.5
      vertex -46.3592 18.7303 0
    endloop
  endfacet
  facet normal -0.933586 0.358353 0
    outer loop
      vertex -46.3592 18.7303 4.5
      vertex -46.9846 17.101 0
      vertex -46.9846 17.101 4.5
    endloop
  endfacet
  facet normal -0.838663 0.54465 0
    outer loop
      vertex -42.4024 26.496 0
      vertex -41.4519 27.9596 4.5
      vertex -41.4519 27.9596 0
    endloop
  endfacet
  facet normal -0.838663 0.54465 0
    outer loop
      vertex -41.4519 27.9596 4.5
      vertex -42.4024 26.496 0
      vertex -42.4024 26.496 4.5
    endloop
  endfacet
  facet normal 0.998631 -0.0523137 0
    outer loop
      vertex 49.8782 -3.48782 4.5
      vertex 49.9695 -1.74497 0
      vertex 49.9695 -1.74497 4.5
    endloop
  endfacet
  facet normal 0.998631 -0.0523137 0
    outer loop
      vertex 49.9695 -1.74497 0
      vertex 49.8782 -3.48782 4.5
      vertex 49.8782 -3.48782 0
    endloop
  endfacet
  facet normal 0.98769 -0.156425 0
    outer loop
      vertex 49.2404 -8.68241 4.5
      vertex 49.5134 -6.95865 0
      vertex 49.5134 -6.95865 4.5
    endloop
  endfacet
  facet normal 0.98769 -0.156425 0
    outer loop
      vertex 49.5134 -6.95865 0
      vertex 49.2404 -8.68241 4.5
      vertex 49.2404 -8.68241 0
    endloop
  endfacet
  facet normal 0.920509 -0.390722 0
    outer loop
      vertex 45.6773 -20.3368 4.5
      vertex 46.3592 -18.7303 0
      vertex 46.3592 -18.7303 4.5
    endloop
  endfacet
  facet normal 0.920509 -0.390722 0
    outer loop
      vertex 46.3592 -18.7303 0
      vertex 45.6773 -20.3368 4.5
      vertex 45.6773 -20.3368 0
    endloop
  endfacet
  facet normal 0.933586 -0.358353 0
    outer loop
      vertex 46.3592 -18.7303 4.5
      vertex 46.9846 -17.101 0
      vertex 46.9846 -17.101 4.5
    endloop
  endfacet
  facet normal 0.933586 -0.358353 0
    outer loop
      vertex 46.9846 -17.101 0
      vertex 46.3592 -18.7303 4.5
      vertex 46.3592 -18.7303 0
    endloop
  endfacet
  facet normal 0.965927 -0.258814 0
    outer loop
      vertex 48.0631 -13.7819 4.5
      vertex 48.5148 -12.0961 0
      vertex 48.5148 -12.0961 4.5
    endloop
  endfacet
  facet normal 0.965927 -0.258814 0
    outer loop
      vertex 48.5148 -12.0961 0
      vertex 48.0631 -13.7819 4.5
      vertex 48.0631 -13.7819 0
    endloop
  endfacet
  facet normal 0.838663 -0.54465 0
    outer loop
      vertex 41.4519 -27.9596 4.5
      vertex 42.4024 -26.496 0
      vertex 42.4024 -26.496 4.5
    endloop
  endfacet
  facet normal 0.838663 -0.54465 0
    outer loop
      vertex 42.4024 -26.496 0
      vertex 41.4519 -27.9596 4.5
      vertex 41.4519 -27.9596 0
    endloop
  endfacet
  facet normal 0.777149 -0.629317 0
    outer loop
      vertex 38.3022 -32.1394 4.5
      vertex 39.4005 -30.7831 0
      vertex 39.4005 -30.7831 4.5
    endloop
  endfacet
  facet normal 0.777149 -0.629317 0
    outer loop
      vertex 39.4005 -30.7831 0
      vertex 38.3022 -32.1394 4.5
      vertex 38.3022 -32.1394 0
    endloop
  endfacet
  facet normal 0.754692 -0.656079 0
    outer loop
      vertex 37.1572 -33.4565 4.5
      vertex 38.3022 -32.1394 0
      vertex 38.3022 -32.1394 4.5
    endloop
  endfacet
  facet normal 0.754692 -0.656079 0
    outer loop
      vertex 38.3022 -32.1394 0
      vertex 37.1572 -33.4565 4.5
      vertex 37.1572 -33.4565 0
    endloop
  endfacet
  facet normal 0.798609 -0.60185 0
    outer loop
      vertex 39.4005 -30.7831 4.5
      vertex 40.4509 -29.3893 0
      vertex 40.4509 -29.3893 4.5
    endloop
  endfacet
  facet normal 0.798609 -0.60185 0
    outer loop
      vertex 40.4509 -29.3893 0
      vertex 39.4005 -30.7831 4.5
      vertex 39.4005 -30.7831 0
    endloop
  endfacet
  facet normal 0.0174761 -0.999847 0
    outer loop
      vertex 0 -50 0
      vertex 1.74497 -49.9695 4.5
      vertex 0 -50 4.5
    endloop
  endfacet
  facet normal 0.0174761 -0.999847 0
    outer loop
      vertex 1.74497 -49.9695 4.5
      vertex 0 -50 0
      vertex 1.74497 -49.9695 0
    endloop
  endfacet
  facet normal 0.0871513 -0.996195 0
    outer loop
      vertex 3.48782 -49.8782 0
      vertex 5.22642 -49.7261 4.5
      vertex 3.48782 -49.8782 4.5
    endloop
  endfacet
  facet normal 0.0871513 -0.996195 0
    outer loop
      vertex 5.22642 -49.7261 4.5
      vertex 3.48782 -49.8782 0
      vertex 5.22642 -49.7261 0
    endloop
  endfacet
  facet normal 0.60185 -0.798609 0
    outer loop
      vertex 29.3893 -40.4509 0
      vertex 30.7831 -39.4005 4.5
      vertex 29.3893 -40.4509 4.5
    endloop
  endfacet
  facet normal 0.60185 -0.798609 0
    outer loop
      vertex 30.7831 -39.4005 4.5
      vertex 29.3893 -40.4509 0
      vertex 30.7831 -39.4005 0
    endloop
  endfacet
  facet normal 0.422616 -0.906309 0
    outer loop
      vertex 20.3368 -45.6773 0
      vertex 21.9186 -44.9397 4.5
      vertex 20.3368 -45.6773 4.5
    endloop
  endfacet
  facet normal 0.422616 -0.906309 0
    outer loop
      vertex 21.9186 -44.9397 4.5
      vertex 20.3368 -45.6773 0
      vertex 21.9186 -44.9397 0
    endloop
  endfacet
  facet normal 0.51515 -0.8571 0
    outer loop
      vertex 25.2311 -43.1624 4.26451
      vertex 25 -43.3013 4.5
      vertex 25 -43.3013 4.3
    endloop
  endfacet
  facet normal 0.498386 -0.866674 -0.022099
    outer loop
      vertex 25.233 -43.1613 4.26422
      vertex 25 -43.3013 4.5
      vertex 25.2311 -43.1624 4.26451
    endloop
  endfacet
  facet normal 0.527043 -0.849682 0.0163091
    outer loop
      vertex 25.2348 -43.1602 4.26336
      vertex 25 -43.3013 4.5
      vertex 25.233 -43.1613 4.26422
    endloop
  endfacet
  facet normal 0.515189 -0.857077 0.000138632
    outer loop
      vertex 25.4501 -43.0308 4.15933
      vertex 25 -43.3013 4.5
      vertex 25.2348 -43.1602 4.26336
    endloop
  endfacet
  facet normal 0.515043 -0.857164 -0.000122963
    outer loop
      vertex 25 -43.3013 4.5
      vertex 25.4501 -43.0308 4.15933
      vertex 26.496 -42.4024 4.5
    endloop
  endfacet
  facet normal 0.515022 -0.857177 -3.18922e-05
    outer loop
      vertex 25.6345 -42.92 3.99428
      vertex 26.496 -42.4024 4.5
      vertex 25.4501 -43.0308 4.15933
    endloop
  endfacet
  facet normal 0.514807 -0.857306 0.000465318
    outer loop
      vertex 25.6365 -42.9188 3.99246
      vertex 26.496 -42.4024 4.5
      vertex 25.6345 -42.92 3.99428
    endloop
  endfacet
  facet normal 0.514915 -0.857241 0.000217303
    outer loop
      vertex 25.7796 -42.8329 3.775
      vertex 26.496 -42.4024 4.5
      vertex 25.6365 -42.9188 3.99246
    endloop
  endfacet
  facet normal 0.530402 -0.847489 -0.0208772
    outer loop
      vertex 25.7806 -42.8322 3.77199
      vertex 26.496 -42.4024 4.5
      vertex 25.7796 -42.8329 3.775
    endloop
  endfacet
  facet normal 0.514971 -0.857208 2.41264e-05
    outer loop
      vertex 25.8695 -42.7788 3.52176
      vertex 26.496 -42.4024 4.5
      vertex 25.7806 -42.8322 3.77199
    endloop
  endfacet
  facet normal 0.505 -0.863076 0.00866806
    outer loop
      vertex 25.8699 -42.7786 3.51837
      vertex 26.496 -42.4024 4.5
      vertex 25.8695 -42.7788 3.52176
    endloop
  endfacet
  facet normal 0.51502 -0.857178 1.66434e-05
    outer loop
      vertex 25.9002 -42.7604 3.25
      vertex 26.496 -42.4024 4.5
      vertex 25.8699 -42.7786 3.51837
    endloop
  endfacet
  facet normal 0.515087 -0.857138 -2.69744e-05
    outer loop
      vertex 25.8699 -42.7786 2.98163
      vertex 26.496 -42.4024 4.5
      vertex 25.9002 -42.7604 3.25
    endloop
  endfacet
  facet normal 0.539773 -0.841694 -0.0140326
    outer loop
      vertex 25.8695 -42.7788 2.97824
      vertex 26.496 -42.4024 4.5
      vertex 25.8699 -42.7786 2.98163
    endloop
  endfacet
  facet normal 0.51495 -0.85722 -1.39503e-05
    outer loop
      vertex 26.496 -42.4024 0
      vertex 25.8695 -42.7788 2.97824
      vertex 25.7806 -42.8322 2.72801
    endloop
  endfacet
  facet normal 0.548605 -0.835993 0.0121562
    outer loop
      vertex 26.496 -42.4024 0
      vertex 25.7806 -42.8322 2.72801
      vertex 25.7796 -42.8329 2.725
    endloop
  endfacet
  facet normal 0.51515 -0.8571 0
    outer loop
      vertex 25 -43.3013 0
      vertex 25.2311 -43.1624 2.23549
      vertex 25 -43.3013 2.2
    endloop
  endfacet
  facet normal 0.500806 -0.865557 0.00200839
    outer loop
      vertex 25 -43.3013 0
      vertex 25.233 -43.1613 2.23578
      vertex 25.2311 -43.1624 2.23549
    endloop
  endfacet
  facet normal 0.515043 -0.857164 -9.48211e-07
    outer loop
      vertex 26.496 -42.4024 0
      vertex 25.233 -43.1613 2.23578
      vertex 25 -43.3013 0
    endloop
  endfacet
  facet normal 0.520092 -0.854101 0.00389065
    outer loop
      vertex 25.233 -43.1613 2.23578
      vertex 26.496 -42.4024 0
      vertex 25.2348 -43.1602 2.23664
    endloop
  endfacet
  facet normal 0.515117 -0.85712 6.28623e-05
    outer loop
      vertex 25.2348 -43.1602 2.23664
      vertex 26.496 -42.4024 0
      vertex 25.4501 -43.0308 2.34067
    endloop
  endfacet
  facet normal 0.515034 -0.85717 1.24267e-05
    outer loop
      vertex 25.4501 -43.0308 2.34067
      vertex 26.496 -42.4024 0
      vertex 25.6345 -42.92 2.50572
    endloop
  endfacet
  facet normal 0.514618 -0.85742 -0.000182447
    outer loop
      vertex 25.6345 -42.92 2.50572
      vertex 26.496 -42.4024 0
      vertex 25.6365 -42.9188 2.50754
    endloop
  endfacet
  facet normal 0.514787 -0.857318 -0.000103352
    outer loop
      vertex 25.6365 -42.9188 2.50754
      vertex 26.496 -42.4024 0
      vertex 25.7796 -42.8329 2.725
    endloop
  endfacet
  facet normal 0.514999 -0.857191 0
    outer loop
      vertex 25.8695 -42.7788 2.97824
      vertex 26.496 -42.4024 0
      vertex 26.496 -42.4024 4.5
    endloop
  endfacet
  facet normal 0.358353 -0.933586 0
    outer loop
      vertex 17.101 -46.9846 0
      vertex 18.7303 -46.3592 4.5
      vertex 17.101 -46.9846 4.5
    endloop
  endfacet
  facet normal 0.358353 -0.933586 0
    outer loop
      vertex 18.7303 -46.3592 4.5
      vertex 17.101 -46.9846 0
      vertex 18.7303 -46.3592 0
    endloop
  endfacet
  facet normal 0.156425 -0.98769 0
    outer loop
      vertex 6.95865 -49.5134 0
      vertex 8.68241 -49.2404 4.5
      vertex 6.95865 -49.5134 4.5
    endloop
  endfacet
  facet normal 0.156425 -0.98769 0
    outer loop
      vertex 8.68241 -49.2404 4.5
      vertex 6.95865 -49.5134 0
      vertex 8.68241 -49.2404 0
    endloop
  endfacet
  facet normal 0.258814 -0.965927 0
    outer loop
      vertex 12.0961 -48.5148 0
      vertex 13.7819 -48.0631 4.5
      vertex 12.0961 -48.5148 4.5
    endloop
  endfacet
  facet normal 0.258814 -0.965927 0
    outer loop
      vertex 13.7819 -48.0631 4.5
      vertex 12.0961 -48.5148 0
      vertex 13.7819 -48.0631 0
    endloop
  endfacet
  facet normal -0.94552 -0.325563 0
    outer loop
      vertex -46.9846 -17.101 0
      vertex -47.5528 -15.4508 4.5
      vertex -47.5528 -15.4508 0
    endloop
  endfacet
  facet normal -0.94552 -0.325563 0
    outer loop
      vertex -47.5528 -15.4508 4.5
      vertex -46.9846 -17.101 0
      vertex -46.9846 -17.101 4.5
    endloop
  endfacet
  facet normal -0.992546 -0.121874 0
    outer loop
      vertex -49.5134 -6.95865 0
      vertex -49.7261 -5.22642 4.5
      vertex -49.7261 -5.22642 0
    endloop
  endfacet
  facet normal -0.992546 -0.121874 0
    outer loop
      vertex -49.7261 -5.22642 4.5
      vertex -49.5134 -6.95865 0
      vertex -49.5134 -6.95865 4.5
    endloop
  endfacet
  facet normal -0.956294 -0.292406 0
    outer loop
      vertex -47.5528 -15.4508 0
      vertex -48.0631 -13.7819 4.5
      vertex -48.0631 -13.7819 0
    endloop
  endfacet
  facet normal -0.956294 -0.292406 0
    outer loop
      vertex -48.0631 -13.7819 4.5
      vertex -47.5528 -15.4508 0
      vertex -47.5528 -15.4508 4.5
    endloop
  endfacet
  facet normal -0.857164 -0.515043 0
    outer loop
      vertex -42.4024 -26.496 0
      vertex -43.3013 -25 4.5
      vertex -43.3013 -25 0
    endloop
  endfacet
  facet normal -0.857164 -0.515043 0
    outer loop
      vertex -43.3013 -25 4.5
      vertex -42.4024 -26.496 0
      vertex -42.4024 -26.496 4.5
    endloop
  endfacet
  facet normal -0.754692 -0.656079 0
    outer loop
      vertex -37.1572 -33.4565 0
      vertex -38.3022 -32.1394 4.5
      vertex -38.3022 -32.1394 0
    endloop
  endfacet
  facet normal -0.754692 -0.656079 0
    outer loop
      vertex -38.3022 -32.1394 4.5
      vertex -37.1572 -33.4565 0
      vertex -37.1572 -33.4565 4.5
    endloop
  endfacet
  facet normal -0.258814 -0.965927 0
    outer loop
      vertex -13.7819 -48.0631 0
      vertex -12.0961 -48.5148 4.5
      vertex -13.7819 -48.0631 4.5
    endloop
  endfacet
  facet normal -0.258814 -0.965927 -0
    outer loop
      vertex -12.0961 -48.5148 4.5
      vertex -13.7819 -48.0631 0
      vertex -12.0961 -48.5148 0
    endloop
  endfacet
  facet normal -0.0174761 -0.999847 0
    outer loop
      vertex -1.74497 -49.9695 0
      vertex 0 -50 4.5
      vertex -1.74497 -49.9695 4.5
    endloop
  endfacet
  facet normal -0.0174761 -0.999847 -0
    outer loop
      vertex 0 -50 4.5
      vertex -1.74497 -49.9695 0
      vertex 0 -50 0
    endloop
  endfacet
  facet normal -0.121874 -0.992546 0
    outer loop
      vertex -6.95865 -49.5134 0
      vertex -5.22642 -49.7261 4.5
      vertex -6.95865 -49.5134 4.5
    endloop
  endfacet
  facet normal -0.121874 -0.992546 -0
    outer loop
      vertex -5.22642 -49.7261 4.5
      vertex -6.95865 -49.5134 0
      vertex -5.22642 -49.7261 0
    endloop
  endfacet
  facet normal -0.0523137 -0.998631 0
    outer loop
      vertex -3.48782 -49.8782 0
      vertex -1.74497 -49.9695 4.5
      vertex -3.48782 -49.8782 4.5
    endloop
  endfacet
  facet normal -0.0523137 -0.998631 -0
    outer loop
      vertex -1.74497 -49.9695 4.5
      vertex -3.48782 -49.8782 0
      vertex -1.74497 -49.9695 0
    endloop
  endfacet
  facet normal -0.390722 -0.920509 0
    outer loop
      vertex -20.3368 -45.6773 0
      vertex -18.7303 -46.3592 4.5
      vertex -20.3368 -45.6773 4.5
    endloop
  endfacet
  facet normal -0.390722 -0.920509 -0
    outer loop
      vertex -18.7303 -46.3592 4.5
      vertex -20.3368 -45.6773 0
      vertex -18.7303 -46.3592 0
    endloop
  endfacet
  facet normal -0.60185 -0.798609 0
    outer loop
      vertex -30.7831 -39.4005 0
      vertex -29.3893 -40.4509 4.5
      vertex -30.7831 -39.4005 4.5
    endloop
  endfacet
  facet normal -0.60185 -0.798609 -0
    outer loop
      vertex -29.3893 -40.4509 4.5
      vertex -30.7831 -39.4005 0
      vertex -29.3893 -40.4509 0
    endloop
  endfacet
  facet normal -0.629317 -0.777149 0
    outer loop
      vertex -32.1394 -38.3022 0
      vertex -30.7831 -39.4005 4.5
      vertex -32.1394 -38.3022 4.5
    endloop
  endfacet
  facet normal -0.629317 -0.777149 -0
    outer loop
      vertex -30.7831 -39.4005 4.5
      vertex -32.1394 -38.3022 0
      vertex -30.7831 -39.4005 0
    endloop
  endfacet
  facet normal -0.681979 -0.731371 0
    outer loop
      vertex -34.7329 -35.967 0
      vertex -33.4565 -37.1572 4.5
      vertex -34.7329 -35.967 4.5
    endloop
  endfacet
  facet normal -0.681979 -0.731371 -0
    outer loop
      vertex -33.4565 -37.1572 4.5
      vertex -34.7329 -35.967 0
      vertex -33.4565 -37.1572 0
    endloop
  endfacet
  facet normal 0.999847 -0.0174761 0
    outer loop
      vertex 49.9695 -1.74497 4.5
      vertex 50 0 0
      vertex 50 0 4.5
    endloop
  endfacet
  facet normal 0.999847 -0.0174761 0
    outer loop
      vertex 50 0 0
      vertex 49.9695 -1.74497 4.5
      vertex 49.9695 -1.74497 0
    endloop
  endfacet
  facet normal 0.992546 0.121874 0
    outer loop
      vertex 49.7261 5.22642 4.5
      vertex 49.5134 6.95865 0
      vertex 49.5134 6.95865 4.5
    endloop
  endfacet
  facet normal 0.992546 0.121874 0
    outer loop
      vertex 49.5134 6.95865 0
      vertex 49.7261 5.22642 4.5
      vertex 49.7261 5.22642 0
    endloop
  endfacet
  facet normal 0.94552 0.325563 0
    outer loop
      vertex 47.5528 15.4508 4.5
      vertex 46.9846 17.101 0
      vertex 46.9846 17.101 4.5
    endloop
  endfacet
  facet normal 0.94552 0.325563 0
    outer loop
      vertex 46.9846 17.101 0
      vertex 47.5528 15.4508 4.5
      vertex 47.5528 15.4508 0
    endloop
  endfacet
  facet normal 0.777149 0.629317 0
    outer loop
      vertex 39.4005 30.7831 4.5
      vertex 38.3022 32.1394 0
      vertex 38.3022 32.1394 4.5
    endloop
  endfacet
  facet normal 0.777149 0.629317 0
    outer loop
      vertex 38.3022 32.1394 0
      vertex 39.4005 30.7831 4.5
      vertex 39.4005 30.7831 0
    endloop
  endfacet
  facet normal 0.0871513 0.996195 -0
    outer loop
      vertex 5.22642 49.7261 0
      vertex 3.48782 49.8782 4.5
      vertex 5.22642 49.7261 4.5
    endloop
  endfacet
  facet normal 0.0871513 0.996195 0
    outer loop
      vertex 3.48782 49.8782 4.5
      vertex 5.22642 49.7261 0
      vertex 3.48782 49.8782 0
    endloop
  endfacet
  facet normal 0.121874 0.992546 -0
    outer loop
      vertex 6.95865 49.5134 0
      vertex 5.22642 49.7261 4.5
      vertex 6.95865 49.5134 4.5
    endloop
  endfacet
  facet normal 0.121874 0.992546 0
    outer loop
      vertex 5.22642 49.7261 4.5
      vertex 6.95865 49.5134 0
      vertex 5.22642 49.7261 0
    endloop
  endfacet
  facet normal 0.325563 0.94552 -0
    outer loop
      vertex 17.101 46.9846 0
      vertex 15.4508 47.5528 4.5
      vertex 17.101 46.9846 4.5
    endloop
  endfacet
  facet normal 0.325563 0.94552 0
    outer loop
      vertex 15.4508 47.5528 4.5
      vertex 17.101 46.9846 0
      vertex 15.4508 47.5528 0
    endloop
  endfacet
  facet normal 0.629317 0.777149 -0
    outer loop
      vertex 32.1394 38.3022 0
      vertex 30.7831 39.4005 4.5
      vertex 32.1394 38.3022 4.5
    endloop
  endfacet
  facet normal 0.629317 0.777149 0
    outer loop
      vertex 30.7831 39.4005 4.5
      vertex 32.1394 38.3022 0
      vertex 30.7831 39.4005 0
    endloop
  endfacet
  facet normal 0.60185 0.798609 -0
    outer loop
      vertex 30.7831 39.4005 0
      vertex 29.3893 40.4509 4.5
      vertex 30.7831 39.4005 4.5
    endloop
  endfacet
  facet normal 0.60185 0.798609 0
    outer loop
      vertex 29.3893 40.4509 4.5
      vertex 30.7831 39.4005 0
      vertex 29.3893 40.4509 0
    endloop
  endfacet
  facet normal 0.656079 0.754692 -0
    outer loop
      vertex 33.4565 37.1572 0
      vertex 32.1394 38.3022 4.5
      vertex 33.4565 37.1572 4.5
    endloop
  endfacet
  facet normal 0.656079 0.754692 0
    outer loop
      vertex 32.1394 38.3022 4.5
      vertex 33.4565 37.1572 0
      vertex 32.1394 38.3022 0
    endloop
  endfacet
  facet normal 0.515043 0.857164 -0.000122963
    outer loop
      vertex 25.4501 43.0308 4.15933
      vertex 25 43.3013 4.5
      vertex 26.496 42.4024 4.5
    endloop
  endfacet
  facet normal 0.51515 0.8571 0
    outer loop
      vertex 25 43.3013 4.5
      vertex 25.2311 43.1624 4.26451
      vertex 25 43.3013 4.3
    endloop
  endfacet
  facet normal 0.498386 0.866674 -0.022099
    outer loop
      vertex 25 43.3013 4.5
      vertex 25.233 43.1613 4.26422
      vertex 25.2311 43.1624 4.26451
    endloop
  endfacet
  facet normal 0.527043 0.849682 0.0163091
    outer loop
      vertex 25 43.3013 4.5
      vertex 25.2348 43.1602 4.26336
      vertex 25.233 43.1613 4.26422
    endloop
  endfacet
  facet normal 0.515189 0.857077 0.000138632
    outer loop
      vertex 25 43.3013 4.5
      vertex 25.4501 43.0308 4.15933
      vertex 25.2348 43.1602 4.26336
    endloop
  endfacet
  facet normal 0.515022 0.857177 -3.18922e-05
    outer loop
      vertex 26.496 42.4024 4.5
      vertex 25.6345 42.92 3.99428
      vertex 25.4501 43.0308 4.15933
    endloop
  endfacet
  facet normal 0.514807 0.857306 0.000465318
    outer loop
      vertex 26.496 42.4024 4.5
      vertex 25.6365 42.9188 3.99246
      vertex 25.6345 42.92 3.99428
    endloop
  endfacet
  facet normal 0.514915 0.857241 0.000217303
    outer loop
      vertex 26.496 42.4024 4.5
      vertex 25.7796 42.8329 3.775
      vertex 25.6365 42.9188 3.99246
    endloop
  endfacet
  facet normal 0.530402 0.847489 -0.0208772
    outer loop
      vertex 26.496 42.4024 4.5
      vertex 25.7806 42.8322 3.77199
      vertex 25.7796 42.8329 3.775
    endloop
  endfacet
  facet normal 0.514971 0.857208 2.41264e-05
    outer loop
      vertex 26.496 42.4024 4.5
      vertex 25.8695 42.7788 3.52176
      vertex 25.7806 42.8322 3.77199
    endloop
  endfacet
  facet normal 0.505 0.863076 0.00866806
    outer loop
      vertex 26.496 42.4024 4.5
      vertex 25.8699 42.7786 3.51837
      vertex 25.8695 42.7788 3.52176
    endloop
  endfacet
  facet normal 0.51502 0.857178 1.66434e-05
    outer loop
      vertex 26.496 42.4024 4.5
      vertex 25.9002 42.7604 3.25
      vertex 25.8699 42.7786 3.51837
    endloop
  endfacet
  facet normal 0.515087 0.857138 -2.69744e-05
    outer loop
      vertex 26.496 42.4024 4.5
      vertex 25.8699 42.7786 2.98163
      vertex 25.9002 42.7604 3.25
    endloop
  endfacet
  facet normal 0.539773 0.841694 -0.0140326
    outer loop
      vertex 26.496 42.4024 4.5
      vertex 25.8695 42.7788 2.97824
      vertex 25.8699 42.7786 2.98163
    endloop
  endfacet
  facet normal 0.514999 0.857191 -0
    outer loop
      vertex 26.496 42.4024 0
      vertex 25.8695 42.7788 2.97824
      vertex 26.496 42.4024 4.5
    endloop
  endfacet
  facet normal 0.51495 0.85722 -1.39503e-05
    outer loop
      vertex 25.8695 42.7788 2.97824
      vertex 26.496 42.4024 0
      vertex 25.7806 42.8322 2.72801
    endloop
  endfacet
  facet normal 0.548605 0.835993 0.0121562
    outer loop
      vertex 25.7806 42.8322 2.72801
      vertex 26.496 42.4024 0
      vertex 25.7796 42.8329 2.725
    endloop
  endfacet
  facet normal 0.514787 0.857318 -0.000103352
    outer loop
      vertex 26.496 42.4024 0
      vertex 25.6365 42.9188 2.50754
      vertex 25.7796 42.8329 2.725
    endloop
  endfacet
  facet normal 0.514618 0.85742 -0.000182447
    outer loop
      vertex 26.496 42.4024 0
      vertex 25.6345 42.92 2.50572
      vertex 25.6365 42.9188 2.50754
    endloop
  endfacet
  facet normal 0.515034 0.85717 1.24267e-05
    outer loop
      vertex 26.496 42.4024 0
      vertex 25.4501 43.0308 2.34067
      vertex 25.6345 42.92 2.50572
    endloop
  endfacet
  facet normal 0.515117 0.85712 6.28623e-05
    outer loop
      vertex 26.496 42.4024 0
      vertex 25.2348 43.1602 2.23664
      vertex 25.4501 43.0308 2.34067
    endloop
  endfacet
  facet normal 0.520092 0.854101 0.00389065
    outer loop
      vertex 26.496 42.4024 0
      vertex 25.233 43.1613 2.23578
      vertex 25.2348 43.1602 2.23664
    endloop
  endfacet
  facet normal 0.515043 0.857164 -9.48211e-07
    outer loop
      vertex 25 43.3013 0
      vertex 25.233 43.1613 2.23578
      vertex 26.496 42.4024 0
    endloop
  endfacet
  facet normal 0.500806 0.865557 0.00200839
    outer loop
      vertex 25.233 43.1613 2.23578
      vertex 25 43.3013 0
      vertex 25.2311 43.1624 2.23549
    endloop
  endfacet
  facet normal 0.51515 0.8571 0
    outer loop
      vertex 25.2311 43.1624 2.23549
      vertex 25 43.3013 0
      vertex 25 43.3013 2.2
    endloop
  endfacet
  facet normal 0.54465 0.838663 -0
    outer loop
      vertex 27.9596 41.4519 0
      vertex 26.496 42.4024 4.5
      vertex 27.9596 41.4519 4.5
    endloop
  endfacet
  facet normal 0.54465 0.838663 0
    outer loop
      vertex 26.496 42.4024 4.5
      vertex 27.9596 41.4519 0
      vertex 26.496 42.4024 0
    endloop
  endfacet
  facet normal 0.422616 0.906309 -0
    outer loop
      vertex 21.9186 44.9397 0
      vertex 20.3368 45.6773 4.5
      vertex 21.9186 44.9397 4.5
    endloop
  endfacet
  facet normal 0.422616 0.906309 0
    outer loop
      vertex 20.3368 45.6773 4.5
      vertex 21.9186 44.9397 0
      vertex 20.3368 45.6773 0
    endloop
  endfacet
  facet normal -0.121874 0.992546 0
    outer loop
      vertex -5.22642 49.7261 0
      vertex -6.95865 49.5134 4.5
      vertex -5.22642 49.7261 4.5
    endloop
  endfacet
  facet normal -0.121874 0.992546 0
    outer loop
      vertex -6.95865 49.5134 4.5
      vertex -5.22642 49.7261 0
      vertex -6.95865 49.5134 0
    endloop
  endfacet
  facet normal -0.0871513 0.996195 0
    outer loop
      vertex -3.48782 49.8782 0
      vertex -5.22642 49.7261 4.5
      vertex -3.48782 49.8782 4.5
    endloop
  endfacet
  facet normal -0.0871513 0.996195 0
    outer loop
      vertex -5.22642 49.7261 4.5
      vertex -3.48782 49.8782 0
      vertex -5.22642 49.7261 0
    endloop
  endfacet
  facet normal -0.292406 0.956294 0
    outer loop
      vertex -13.7819 48.0631 0
      vertex -15.4508 47.5528 4.5
      vertex -13.7819 48.0631 4.5
    endloop
  endfacet
  facet normal -0.292406 0.956294 0
    outer loop
      vertex -15.4508 47.5528 4.5
      vertex -13.7819 48.0631 0
      vertex -15.4508 47.5528 0
    endloop
  endfacet
  facet normal -0.515043 0.857164 0
    outer loop
      vertex -25 43.3013 0
      vertex -26.496 42.4024 4.5
      vertex -25 43.3013 4.5
    endloop
  endfacet
  facet normal -0.515043 0.857164 0
    outer loop
      vertex -26.496 42.4024 4.5
      vertex -25 43.3013 0
      vertex -26.496 42.4024 0
    endloop
  endfacet
  facet normal -0.629317 0.777149 0
    outer loop
      vertex -30.7831 39.4005 0
      vertex -32.1394 38.3022 4.5
      vertex -30.7831 39.4005 4.5
    endloop
  endfacet
  facet normal -0.629317 0.777149 0
    outer loop
      vertex -32.1394 38.3022 4.5
      vertex -30.7831 39.4005 0
      vertex -32.1394 38.3022 0
    endloop
  endfacet
  facet normal -0.60185 0.798609 0
    outer loop
      vertex -29.3893 40.4509 0
      vertex -30.7831 39.4005 4.5
      vertex -29.3893 40.4509 4.5
    endloop
  endfacet
  facet normal -0.60185 0.798609 0
    outer loop
      vertex -30.7831 39.4005 4.5
      vertex -29.3893 40.4509 0
      vertex -30.7831 39.4005 0
    endloop
  endfacet
  facet normal -0.965927 0.258814 0
    outer loop
      vertex -48.5148 12.0961 0
      vertex -48.0631 13.7819 4.5
      vertex -48.0631 13.7819 0
    endloop
  endfacet
  facet normal -0.965927 0.258814 0
    outer loop
      vertex -48.0631 13.7819 4.5
      vertex -48.5148 12.0961 0
      vertex -48.5148 12.0961 4.5
    endloop
  endfacet
  facet normal -0.999847 0.0175136 0
    outer loop
      vertex -49.9823 1.01422 2.97824
      vertex -49.9695 1.74497 4.5
      vertex -49.9695 1.74497 0
    endloop
  endfacet
  facet normal -0.999842 0.0177956 -0.0001355
    outer loop
      vertex -49.9695 1.74497 4.5
      vertex -49.9823 1.01422 2.97824
      vertex -49.9817 1.05 3.25
    endloop
  endfacet
  facet normal -0.999851 0.0172902 -5.48321e-05
    outer loop
      vertex -49.9695 1.74497 0
      vertex -49.9841 0.909327 2.725
      vertex -49.9823 1.01422 2.97824
    endloop
  endfacet
  facet normal -0.999849 0.017403 -2.02331e-05
    outer loop
      vertex -49.9695 1.74497 0
      vertex -49.987 0.742461 2.50754
      vertex -49.9841 0.909327 2.725
    endloop
  endfacet
  facet normal -0.999847 0.0174675 5.56582e-06
    outer loop
      vertex -49.9695 1.74497 0
      vertex -49.9908 0.525 2.34067
      vertex -49.987 0.742461 2.50754
    endloop
  endfacet
  facet normal -0.999843 0.0177118 0.000132976
    outer loop
      vertex -49.9695 1.74497 0
      vertex -49.9953 0.27176 2.23578
      vertex -49.9908 0.525 2.34067
    endloop
  endfacet
  facet normal -0.999847 0.0174761 -2.23787e-05
    outer loop
      vertex -50 0 0
      vertex -49.9953 0.27176 2.23578
      vertex -49.9695 1.74497 0
    endloop
  endfacet
  facet normal -0.99985 0.0172921 0
    outer loop
      vertex -49.9953 0.27176 2.23578
      vertex -50 0 0
      vertex -50 0 2.2
    endloop
  endfacet
  facet normal -0.999849 0.0174017 8.36125e-05
    outer loop
      vertex -49.9823 1.01422 3.52176
      vertex -49.9695 1.74497 4.5
      vertex -49.9817 1.05 3.25
    endloop
  endfacet
  facet normal -0.999849 0.0173867 9.48194e-05
    outer loop
      vertex -49.9841 0.909327 3.775
      vertex -49.9695 1.74497 4.5
      vertex -49.9823 1.01422 3.52176
    endloop
  endfacet
  facet normal -0.999848 0.017432 4.25407e-05
    outer loop
      vertex -49.987 0.742461 3.99246
      vertex -49.9695 1.74497 4.5
      vertex -49.9841 0.909327 3.775
    endloop
  endfacet
  facet normal -0.999848 0.0174608 -1.42841e-05
    outer loop
      vertex -49.9908 0.525 4.15933
      vertex -49.9695 1.74497 4.5
      vertex -49.987 0.742461 3.99246
    endloop
  endfacet
  facet normal -0.999834 0.0182006 0.00104751
    outer loop
      vertex -50 0 4.5
      vertex -49.9908 0.525 4.15933
      vertex -49.9953 0.27176 4.26422
    endloop
  endfacet
  facet normal -0.99985 0.0172921 0
    outer loop
      vertex -50 0 4.5
      vertex -49.9953 0.27176 4.26422
      vertex -50 0 4.3
    endloop
  endfacet
  facet normal -0.999847 0.0174761 -6.93365e-05
    outer loop
      vertex -49.9908 0.525 4.15933
      vertex -50 0 4.5
      vertex -49.9695 1.74497 4.5
    endloop
  endfacet
  facet normal -0 0 1
    outer loop
      vertex 49.2 1.2 4.5
      vertex 50 0 4.5
      vertex 49.9695 1.74497 4.5
    endloop
  endfacet
  facet normal 0 0 1
    outer loop
      vertex 48.7703 1.7031 4.5
      vertex 49.9695 1.74497 4.5
      vertex 49.8782 3.48782 4.5
    endloop
  endfacet
  facet normal 0 0 1
    outer loop
      vertex 49.2 -1.2 4.5
      vertex 50 0 4.5
      vertex 49.2 1.2 4.5
    endloop
  endfacet
  facet normal 0 0 1
    outer loop
      vertex 48.6811 3.40412 4.5
      vertex 49.8782 3.48782 4.5
      vertex 49.7261 5.22642 4.5
    endloop
  endfacet
  facet normal 0 0 1
    outer loop
      vertex 50 0 4.5
      vertex 49.2 -1.2 4.5
      vertex 49.9695 -1.74497 4.5
    endloop
  endfacet
  facet normal 0 0 1
    outer loop
      vertex 48.5327 5.10099 4.5
      vertex 49.7261 5.22642 4.5
      vertex 49.5134 6.95865 4.5
    endloop
  endfacet
  facet normal -0 0 1
    outer loop
      vertex 48.7703 -1.7031 4.5
      vertex 49.9695 -1.74497 4.5
      vertex 49.2 -1.2 4.5
    endloop
  endfacet
  facet normal 0 0 1
    outer loop
      vertex 48.3251 6.79165 4.5
      vertex 49.5134 6.95865 4.5
      vertex 49.2404 8.68241 4.5
    endloop
  endfacet
  facet normal 0 0 1
    outer loop
      vertex 49.9695 -1.74497 4.5
      vertex 48.7703 -1.7031 4.5
      vertex 49.8782 -3.48782 4.5
    endloop
  endfacet
  facet normal 0 0 1
    outer loop
      vertex 49.8782 -3.48782 4.5
      vertex 48.6811 -3.40412 4.5
      vertex 49.7261 -5.22642 4.5
    endloop
  endfacet
  facet normal 0 0 1
    outer loop
      vertex 48.0586 8.47403 4.5
      vertex 49.2404 8.68241 4.5
      vertex 48.9074 10.3956 4.5
    endloop
  endfacet
  facet normal 0 0 1
    outer loop
      vertex 49.7261 5.22642 4.5
      vertex 48.5327 5.10099 4.5
      vertex 48.6811 3.40412 4.5
    endloop
  endfacet
  facet normal 0 0 1
    outer loop
      vertex 49.2 1.2 4.5
      vertex 48.7703 1.7031 4.5
      vertex 48.7791 1.2 4.5
    endloop
  endfacet
  facet normal 0 0 1
    outer loop
      vertex 49.9695 1.74497 4.5
      vertex 48.7703 1.7031 4.5
      vertex 49.2 1.2 4.5
    endloop
  endfacet
  facet normal 0 -0 1
    outer loop
      vertex 48.7703 1.7031 4.5
      vertex 49.8782 3.48782 4.5
      vertex 48.6811 3.40412 4.5
    endloop
  endfacet
  facet normal 0 0 1
    outer loop
      vertex 47.7336 10.1461 4.5
      vertex 48.9074 10.3956 4.5
      vertex 48.5148 12.0961 4.5
    endloop
  endfacet
  facet normal 0 0 1
    outer loop
      vertex 49.5134 6.95865 4.5
      vertex 48.3251 6.79165 4.5
      vertex 48.5327 5.10099 4.5
    endloop
  endfacet
  facet normal 0 0 1
    outer loop
      vertex 47.3504 11.8058 4.5
      vertex 48.5148 12.0961 4.5
      vertex 48.0631 13.7819 4.5
    endloop
  endfacet
  facet normal 0 0 1
    outer loop
      vertex 49.2404 8.68241 4.5
      vertex 48.0586 8.47403 4.5
      vertex 48.3251 6.79165 4.5
    endloop
  endfacet
  facet normal 0 0 1
    outer loop
      vertex 48.9074 10.3956 4.5
      vertex 47.7336 10.1461 4.5
      vertex 48.0586 8.47403 4.5
    endloop
  endfacet
  facet normal 0 0 1
    outer loop
      vertex 46.9096 13.4511 4.5
      vertex 48.0631 13.7819 4.5
      vertex 47.5528 15.4508 4.5
    endloop
  endfacet
  facet normal 0 0 1
    outer loop
      vertex 48.5148 12.0961 4.5
      vertex 47.3504 11.8058 4.5
      vertex 47.7336 10.1461 4.5
    endloop
  endfacet
  facet normal 0 0 1
    outer loop
      vertex 46.4116 15.08 4.5
      vertex 47.5528 15.4508 4.5
      vertex 46.9846 17.101 4.5
    endloop
  endfacet
  facet normal 0 0 1
    outer loop
      vertex 48.0631 13.7819 4.5
      vertex 46.9096 13.4511 4.5
      vertex 47.3504 11.8058 4.5
    endloop
  endfacet
  facet normal 0 0 1
    outer loop
      vertex 47.5528 15.4508 4.5
      vertex 46.4116 15.08 4.5
      vertex 46.9096 13.4511 4.5
    endloop
  endfacet
  facet normal 0 0 1
    outer loop
      vertex 45.857 16.6906 4.5
      vertex 46.9846 17.101 4.5
      vertex 46.3592 18.7303 4.5
    endloop
  endfacet
  facet normal 0 0 1
    outer loop
      vertex 46.9846 17.101 4.5
      vertex 45.857 16.6906 4.5
      vertex 46.4116 15.08 4.5
    endloop
  endfacet
  facet normal 0 0 1
    outer loop
      vertex 45.2466 18.2808 4.5
      vertex 46.3592 18.7303 4.5
      vertex 45.6773 20.3368 4.5
    endloop
  endfacet
  facet normal 0 0 1
    outer loop
      vertex 46.3592 18.7303 4.5
      vertex 45.2466 18.2808 4.5
      vertex 45.857 16.6906 4.5
    endloop
  endfacet
  facet normal 0 0 1
    outer loop
      vertex 44.581 19.8487 4.5
      vertex 45.6773 20.3368 4.5
      vertex 44.9397 21.9186 4.5
    endloop
  endfacet
  facet normal 0 0 1
    outer loop
      vertex 45.6773 20.3368 4.5
      vertex 44.581 19.8487 4.5
      vertex 45.2466 18.2808 4.5
    endloop
  endfacet
  facet normal 0 0 1
    outer loop
      vertex 43.8611 21.3925 4.5
      vertex 44.9397 21.9186 4.5
      vertex 44.1474 23.4736 4.5
    endloop
  endfacet
  facet normal 0 0 1
    outer loop
      vertex 44.9397 21.9186 4.5
      vertex 43.8611 21.3925 4.5
      vertex 44.581 19.8487 4.5
    endloop
  endfacet
  facet normal 0 0 1
    outer loop
      vertex 43.0878 22.9102 4.5
      vertex 44.1474 23.4736 4.5
      vertex 43.3013 25 4.5
    endloop
  endfacet
  facet normal 0 0 1
    outer loop
      vertex 44.1474 23.4736 4.5
      vertex 43.0878 22.9102 4.5
      vertex 43.8611 21.3925 4.5
    endloop
  endfacet
  facet normal 0 0 1
    outer loop
      vertex 42.262 24.4 4.5
      vertex 43.3013 25 4.5
      vertex 42.4024 26.496 4.5
    endloop
  endfacet
  facet normal 0 0 1
    outer loop
      vertex 43.3013 25 4.5
      vertex 42.262 24.4 4.5
      vertex 43.0878 22.9102 4.5
    endloop
  endfacet
  facet normal 0 0 1
    outer loop
      vertex 41.3847 25.8601 4.5
      vertex 42.4024 26.496 4.5
      vertex 41.4519 27.9596 4.5
    endloop
  endfacet
  facet normal 0 0 1
    outer loop
      vertex 42.4024 26.496 4.5
      vertex 41.3847 25.8601 4.5
      vertex 42.262 24.4 4.5
    endloop
  endfacet
  facet normal 0 0 1
    outer loop
      vertex 41.4519 27.9596 4.5
      vertex 40.457 27.2886 4.5
      vertex 41.3847 25.8601 4.5
    endloop
  endfacet
  facet normal 0 0 1
    outer loop
      vertex 40.4509 29.3893 4.5
      vertex 40.457 27.2886 4.5
      vertex 41.4519 27.9596 4.5
    endloop
  endfacet
  facet normal 0 0 1
    outer loop
      vertex 40.4509 29.3893 4.5
      vertex 39.48 28.6839 4.5
      vertex 40.457 27.2886 4.5
    endloop
  endfacet
  facet normal 0 0 1
    outer loop
      vertex 39.4005 30.7831 4.5
      vertex 39.48 28.6839 4.5
      vertex 40.4509 29.3893 4.5
    endloop
  endfacet
  facet normal 0 0 1
    outer loop
      vertex 39.4005 30.7831 4.5
      vertex 38.4549 30.0443 4.5
      vertex 39.48 28.6839 4.5
    endloop
  endfacet
  facet normal 0 0 1
    outer loop
      vertex 38.3022 32.1394 4.5
      vertex 38.4549 30.0443 4.5
      vertex 39.4005 30.7831 4.5
    endloop
  endfacet
  facet normal 0 0 1
    outer loop
      vertex 38.3022 32.1394 4.5
      vertex 37.383 31.368 4.5
      vertex 38.4549 30.0443 4.5
    endloop
  endfacet
  facet normal 0 0 1
    outer loop
      vertex 37.1572 33.4565 4.5
      vertex 37.383 31.368 4.5
      vertex 38.3022 32.1394 4.5
    endloop
  endfacet
  facet normal 0 0 1
    outer loop
      vertex 37.1572 33.4565 4.5
      vertex 36.2655 32.6536 4.5
      vertex 37.383 31.368 4.5
    endloop
  endfacet
  facet normal 0 0 1
    outer loop
      vertex 35.967 34.7329 4.5
      vertex 36.2655 32.6536 4.5
      vertex 37.1572 33.4565 4.5
    endloop
  endfacet
  facet normal 0 0 1
    outer loop
      vertex 35.967 34.7329 4.5
      vertex 35.1038 33.8993 4.5
      vertex 36.2655 32.6536 4.5
    endloop
  endfacet
  facet normal 0 0 1
    outer loop
      vertex 34.7329 35.967 4.5
      vertex 35.1038 33.8993 4.5
      vertex 35.967 34.7329 4.5
    endloop
  endfacet
  facet normal 0 0 1
    outer loop
      vertex 34.7329 35.967 4.5
      vertex 33.8993 35.1038 4.5
      vertex 35.1038 33.8993 4.5
    endloop
  endfacet
  facet normal 0 0 1
    outer loop
      vertex 33.4565 37.1572 4.5
      vertex 33.8993 35.1038 4.5
      vertex 34.7329 35.967 4.5
    endloop
  endfacet
  facet normal 0 0 1
    outer loop
      vertex 33.4565 37.1572 4.5
      vertex 32.6536 36.2655 4.5
      vertex 33.8993 35.1038 4.5
    endloop
  endfacet
  facet normal 0 0 1
    outer loop
      vertex 32.1394 38.3022 4.5
      vertex 32.6536 36.2655 4.5
      vertex 33.4565 37.1572 4.5
    endloop
  endfacet
  facet normal 0 0 1
    outer loop
      vertex 32.1394 38.3022 4.5
      vertex 31.368 37.383 4.5
      vertex 32.6536 36.2655 4.5
    endloop
  endfacet
  facet normal 0 0 1
    outer loop
      vertex 30.7831 39.4005 4.5
      vertex 31.368 37.383 4.5
      vertex 32.1394 38.3022 4.5
    endloop
  endfacet
  facet normal 0 0 1
    outer loop
      vertex 30.7831 39.4005 4.5
      vertex 30.0443 38.4549 4.5
      vertex 31.368 37.383 4.5
    endloop
  endfacet
  facet normal 0 0 1
    outer loop
      vertex 29.3893 40.4509 4.5
      vertex 30.0443 38.4549 4.5
      vertex 30.7831 39.4005 4.5
    endloop
  endfacet
  facet normal 0 0 1
    outer loop
      vertex 29.3893 40.4509 4.5
      vertex 28.6839 39.48 4.5
      vertex 30.0443 38.4549 4.5
    endloop
  endfacet
  facet normal 0 0 1
    outer loop
      vertex 27.9596 41.4519 4.5
      vertex 28.6839 39.48 4.5
      vertex 29.3893 40.4509 4.5
    endloop
  endfacet
  facet normal 0 0 1
    outer loop
      vertex 27.9596 41.4519 4.5
      vertex 27.2886 40.457 4.5
      vertex 28.6839 39.48 4.5
    endloop
  endfacet
  facet normal 0 0 1
    outer loop
      vertex 26.496 42.4024 4.5
      vertex 27.2886 40.457 4.5
      vertex 27.9596 41.4519 4.5
    endloop
  endfacet
  facet normal 0 0 1
    outer loop
      vertex 26.496 42.4024 4.5
      vertex 25.8601 41.3847 4.5
      vertex 27.2886 40.457 4.5
    endloop
  endfacet
  facet normal 0 0 1
    outer loop
      vertex 25 43.3013 4.5
      vertex 25.8601 41.3847 4.5
      vertex 26.496 42.4024 4.5
    endloop
  endfacet
  facet normal 0 0 1
    outer loop
      vertex 25 43.3013 4.5
      vertex 24.4 42.262 4.5
      vertex 25.8601 41.3847 4.5
    endloop
  endfacet
  facet normal 0 0 1
    outer loop
      vertex 23.4736 44.1474 4.5
      vertex 24.4 42.262 4.5
      vertex 25 43.3013 4.5
    endloop
  endfacet
  facet normal 0 0 1
    outer loop
      vertex 23.4736 44.1474 4.5
      vertex 22.9102 43.0878 4.5
      vertex 24.4 42.262 4.5
    endloop
  endfacet
  facet normal 0 0 1
    outer loop
      vertex 21.9186 44.9397 4.5
      vertex 22.9102 43.0878 4.5
      vertex 23.4736 44.1474 4.5
    endloop
  endfacet
  facet normal 0 0 1
    outer loop
      vertex 21.9186 44.9397 4.5
      vertex 21.3925 43.8611 4.5
      vertex 22.9102 43.0878 4.5
    endloop
  endfacet
  facet normal 0 0 1
    outer loop
      vertex 20.3368 45.6773 4.5
      vertex 21.3925 43.8611 4.5
      vertex 21.9186 44.9397 4.5
    endloop
  endfacet
  facet normal 0 0 1
    outer loop
      vertex 20.3368 45.6773 4.5
      vertex 19.8487 44.581 4.5
      vertex 21.3925 43.8611 4.5
    endloop
  endfacet
  facet normal 0 0 1
    outer loop
      vertex 18.7303 46.3592 4.5
      vertex 19.8487 44.581 4.5
      vertex 20.3368 45.6773 4.5
    endloop
  endfacet
  facet normal 0 0 1
    outer loop
      vertex 18.7303 46.3592 4.5
      vertex 18.2808 45.2466 4.5
      vertex 19.8487 44.581 4.5
    endloop
  endfacet
  facet normal 0 0 1
    outer loop
      vertex 17.101 46.9846 4.5
      vertex 18.2808 45.2466 4.5
      vertex 18.7303 46.3592 4.5
    endloop
  endfacet
  facet normal 0 0 1
    outer loop
      vertex 17.101 46.9846 4.5
      vertex 16.6906 45.857 4.5
      vertex 18.2808 45.2466 4.5
    endloop
  endfacet
  facet normal 0 0 1
    outer loop
      vertex 15.4508 47.5528 4.5
      vertex 16.6906 45.857 4.5
      vertex 17.101 46.9846 4.5
    endloop
  endfacet
  facet normal 0 0 1
    outer loop
      vertex 15.4508 47.5528 4.5
      vertex 15.08 46.4116 4.5
      vertex 16.6906 45.857 4.5
    endloop
  endfacet
  facet normal 0 0 1
    outer loop
      vertex 13.7819 48.0631 4.5
      vertex 15.08 46.4116 4.5
      vertex 15.4508 47.5528 4.5
    endloop
  endfacet
  facet normal 0 0 1
    outer loop
      vertex 13.7819 48.0631 4.5
      vertex 13.4511 46.9096 4.5
      vertex 15.08 46.4116 4.5
    endloop
  endfacet
  facet normal 0 0 1
    outer loop
      vertex 12.0961 48.5148 4.5
      vertex 13.4511 46.9096 4.5
      vertex 13.7819 48.0631 4.5
    endloop
  endfacet
  facet normal 0 0 1
    outer loop
      vertex 12.0961 48.5148 4.5
      vertex 11.8058 47.3504 4.5
      vertex 13.4511 46.9096 4.5
    endloop
  endfacet
  facet normal 0 0 1
    outer loop
      vertex 10.3956 48.9074 4.5
      vertex 11.8058 47.3504 4.5
      vertex 12.0961 48.5148 4.5
    endloop
  endfacet
  facet normal 0 0 1
    outer loop
      vertex 10.3956 48.9074 4.5
      vertex 10.1461 47.7336 4.5
      vertex 11.8058 47.3504 4.5
    endloop
  endfacet
  facet normal 0 0 1
    outer loop
      vertex 8.68241 49.2404 4.5
      vertex 10.1461 47.7336 4.5
      vertex 10.3956 48.9074 4.5
    endloop
  endfacet
  facet normal 0 0 1
    outer loop
      vertex 8.68241 49.2404 4.5
      vertex 8.47403 48.0586 4.5
      vertex 10.1461 47.7336 4.5
    endloop
  endfacet
  facet normal 0 0 1
    outer loop
      vertex 6.95865 49.5134 4.5
      vertex 8.47403 48.0586 4.5
      vertex 8.68241 49.2404 4.5
    endloop
  endfacet
  facet normal 0 0 1
    outer loop
      vertex 6.95865 49.5134 4.5
      vertex 6.79165 48.3251 4.5
      vertex 8.47403 48.0586 4.5
    endloop
  endfacet
  facet normal 0 0 1
    outer loop
      vertex 5.22642 49.7261 4.5
      vertex 6.79165 48.3251 4.5
      vertex 6.95865 49.5134 4.5
    endloop
  endfacet
  facet normal 0 0 1
    outer loop
      vertex 5.22642 49.7261 4.5
      vertex 5.10099 48.5327 4.5
      vertex 6.79165 48.3251 4.5
    endloop
  endfacet
  facet normal 0 0 1
    outer loop
      vertex 3.48782 49.8782 4.5
      vertex 5.10099 48.5327 4.5
      vertex 5.22642 49.7261 4.5
    endloop
  endfacet
  facet normal 0 0 1
    outer loop
      vertex 3.48782 49.8782 4.5
      vertex 3.40412 48.6811 4.5
      vertex 5.10099 48.5327 4.5
    endloop
  endfacet
  facet normal 0 0 1
    outer loop
      vertex 1.74497 49.9695 4.5
      vertex 3.40412 48.6811 4.5
      vertex 3.48782 49.8782 4.5
    endloop
  endfacet
  facet normal 0 0 1
    outer loop
      vertex 1.74497 49.9695 4.5
      vertex 1.7031 48.7703 4.5
      vertex 3.40412 48.6811 4.5
    endloop
  endfacet
  facet normal 0 0 1
    outer loop
      vertex 0 50 4.5
      vertex 1.7031 48.7703 4.5
      vertex 1.74497 49.9695 4.5
    endloop
  endfacet
  facet normal 0 0 1
    outer loop
      vertex 0 50 4.5
      vertex 0 48.8 4.5
      vertex 1.7031 48.7703 4.5
    endloop
  endfacet
  facet normal 0 0 1
    outer loop
      vertex 0 50 4.5
      vertex -1.7031 48.7703 4.5
      vertex 0 48.8 4.5
    endloop
  endfacet
  facet normal -0 0 1
    outer loop
      vertex -1.74497 49.9695 4.5
      vertex -1.7031 48.7703 4.5
      vertex 0 50 4.5
    endloop
  endfacet
  facet normal 0 0 1
    outer loop
      vertex -1.74497 49.9695 4.5
      vertex -3.40412 48.6811 4.5
      vertex -1.7031 48.7703 4.5
    endloop
  endfacet
  facet normal -0 0 1
    outer loop
      vertex -3.48782 49.8782 4.5
      vertex -3.40412 48.6811 4.5
      vertex -1.74497 49.9695 4.5
    endloop
  endfacet
  facet normal 0 0 1
    outer loop
      vertex -3.48782 49.8782 4.5
      vertex -5.10099 48.5327 4.5
      vertex -3.40412 48.6811 4.5
    endloop
  endfacet
  facet normal -0 0 1
    outer loop
      vertex -5.22642 49.7261 4.5
      vertex -5.10099 48.5327 4.5
      vertex -3.48782 49.8782 4.5
    endloop
  endfacet
  facet normal 0 0 1
    outer loop
      vertex -5.22642 49.7261 4.5
      vertex -6.79165 48.3251 4.5
      vertex -5.10099 48.5327 4.5
    endloop
  endfacet
  facet normal -0 0 1
    outer loop
      vertex -6.95865 49.5134 4.5
      vertex -6.79165 48.3251 4.5
      vertex -5.22642 49.7261 4.5
    endloop
  endfacet
  facet normal 0 0 1
    outer loop
      vertex -6.95865 49.5134 4.5
      vertex -8.47403 48.0586 4.5
      vertex -6.79165 48.3251 4.5
    endloop
  endfacet
  facet normal -0 0 1
    outer loop
      vertex -8.68241 49.2404 4.5
      vertex -8.47403 48.0586 4.5
      vertex -6.95865 49.5134 4.5
    endloop
  endfacet
  facet normal 0 0 1
    outer loop
      vertex -8.68241 49.2404 4.5
      vertex -10.1461 47.7336 4.5
      vertex -8.47403 48.0586 4.5
    endloop
  endfacet
  facet normal -0 0 1
    outer loop
      vertex -10.3956 48.9074 4.5
      vertex -10.1461 47.7336 4.5
      vertex -8.68241 49.2404 4.5
    endloop
  endfacet
  facet normal 0 0 1
    outer loop
      vertex -10.3956 48.9074 4.5
      vertex -11.8058 47.3504 4.5
      vertex -10.1461 47.7336 4.5
    endloop
  endfacet
  facet normal -0 0 1
    outer loop
      vertex -12.0961 48.5148 4.5
      vertex -11.8058 47.3504 4.5
      vertex -10.3956 48.9074 4.5
    endloop
  endfacet
  facet normal 0 0 1
    outer loop
      vertex -12.0961 48.5148 4.5
      vertex -13.4511 46.9096 4.5
      vertex -11.8058 47.3504 4.5
    endloop
  endfacet
  facet normal -0 0 1
    outer loop
      vertex -13.7819 48.0631 4.5
      vertex -13.4511 46.9096 4.5
      vertex -12.0961 48.5148 4.5
    endloop
  endfacet
  facet normal 0 0 1
    outer loop
      vertex -13.7819 48.0631 4.5
      vertex -15.08 46.4116 4.5
      vertex -13.4511 46.9096 4.5
    endloop
  endfacet
  facet normal -0 0 1
    outer loop
      vertex -15.4508 47.5528 4.5
      vertex -15.08 46.4116 4.5
      vertex -13.7819 48.0631 4.5
    endloop
  endfacet
  facet normal 0 0 1
    outer loop
      vertex -15.4508 47.5528 4.5
      vertex -16.6906 45.857 4.5
      vertex -15.08 46.4116 4.5
    endloop
  endfacet
  facet normal -0 0 1
    outer loop
      vertex -17.101 46.9846 4.5
      vertex -16.6906 45.857 4.5
      vertex -15.4508 47.5528 4.5
    endloop
  endfacet
  facet normal 0 0 1
    outer loop
      vertex -17.101 46.9846 4.5
      vertex -18.2808 45.2466 4.5
      vertex -16.6906 45.857 4.5
    endloop
  endfacet
  facet normal -0 0 1
    outer loop
      vertex -18.7303 46.3592 4.5
      vertex -18.2808 45.2466 4.5
      vertex -17.101 46.9846 4.5
    endloop
  endfacet
  facet normal 0 0 1
    outer loop
      vertex -18.7303 46.3592 4.5
      vertex -19.8487 44.581 4.5
      vertex -18.2808 45.2466 4.5
    endloop
  endfacet
  facet normal -0 0 1
    outer loop
      vertex -20.3368 45.6773 4.5
      vertex -19.8487 44.581 4.5
      vertex -18.7303 46.3592 4.5
    endloop
  endfacet
  facet normal 0 0 1
    outer loop
      vertex -20.3368 45.6773 4.5
      vertex -21.3925 43.8611 4.5
      vertex -19.8487 44.581 4.5
    endloop
  endfacet
  facet normal -0 0 1
    outer loop
      vertex -21.9186 44.9397 4.5
      vertex -21.3925 43.8611 4.5
      vertex -20.3368 45.6773 4.5
    endloop
  endfacet
  facet normal 0 0 1
    outer loop
      vertex -21.9186 44.9397 4.5
      vertex -22.9102 43.0878 4.5
      vertex -21.3925 43.8611 4.5
    endloop
  endfacet
  facet normal -0 0 1
    outer loop
      vertex -23.4736 44.1474 4.5
      vertex -22.9102 43.0878 4.5
      vertex -21.9186 44.9397 4.5
    endloop
  endfacet
  facet normal 0 0 1
    outer loop
      vertex -23.4736 44.1474 4.5
      vertex -24.4 42.262 4.5
      vertex -22.9102 43.0878 4.5
    endloop
  endfacet
  facet normal -0 0 1
    outer loop
      vertex -25 43.3013 4.5
      vertex -24.4 42.262 4.5
      vertex -23.4736 44.1474 4.5
    endloop
  endfacet
  facet normal 0 0 1
    outer loop
      vertex -25 43.3013 4.5
      vertex -25.8601 41.3847 4.5
      vertex -24.4 42.262 4.5
    endloop
  endfacet
  facet normal -0 0 1
    outer loop
      vertex -26.496 42.4024 4.5
      vertex -25.8601 41.3847 4.5
      vertex -25 43.3013 4.5
    endloop
  endfacet
  facet normal 0 0 1
    outer loop
      vertex -26.496 42.4024 4.5
      vertex -27.2886 40.457 4.5
      vertex -25.8601 41.3847 4.5
    endloop
  endfacet
  facet normal -0 0 1
    outer loop
      vertex -27.9596 41.4519 4.5
      vertex -27.2886 40.457 4.5
      vertex -26.496 42.4024 4.5
    endloop
  endfacet
  facet normal 0 0 1
    outer loop
      vertex -27.9596 41.4519 4.5
      vertex -28.6839 39.48 4.5
      vertex -27.2886 40.457 4.5
    endloop
  endfacet
  facet normal -0 0 1
    outer loop
      vertex -29.3893 40.4509 4.5
      vertex -28.6839 39.48 4.5
      vertex -27.9596 41.4519 4.5
    endloop
  endfacet
  facet normal 0 0 1
    outer loop
      vertex -29.3893 40.4509 4.5
      vertex -30.0443 38.4549 4.5
      vertex -28.6839 39.48 4.5
    endloop
  endfacet
  facet normal -0 0 1
    outer loop
      vertex -30.7831 39.4005 4.5
      vertex -30.0443 38.4549 4.5
      vertex -29.3893 40.4509 4.5
    endloop
  endfacet
  facet normal 0 0 1
    outer loop
      vertex -30.7831 39.4005 4.5
      vertex -31.368 37.383 4.5
      vertex -30.0443 38.4549 4.5
    endloop
  endfacet
  facet normal -0 0 1
    outer loop
      vertex -32.1394 38.3022 4.5
      vertex -31.368 37.383 4.5
      vertex -30.7831 39.4005 4.5
    endloop
  endfacet
  facet normal 0 0 1
    outer loop
      vertex -32.1394 38.3022 4.5
      vertex -32.6536 36.2655 4.5
      vertex -31.368 37.383 4.5
    endloop
  endfacet
  facet normal -0 0 1
    outer loop
      vertex -33.4565 37.1572 4.5
      vertex -32.6536 36.2655 4.5
      vertex -32.1394 38.3022 4.5
    endloop
  endfacet
  facet normal 0 0 1
    outer loop
      vertex -33.4565 37.1572 4.5
      vertex -33.8993 35.1038 4.5
      vertex -32.6536 36.2655 4.5
    endloop
  endfacet
  facet normal -0 0 1
    outer loop
      vertex -34.7329 35.967 4.5
      vertex -33.8993 35.1038 4.5
      vertex -33.4565 37.1572 4.5
    endloop
  endfacet
  facet normal 0 0 1
    outer loop
      vertex -34.7329 35.967 4.5
      vertex -35.1038 33.8993 4.5
      vertex -33.8993 35.1038 4.5
    endloop
  endfacet
  facet normal -0 0 1
    outer loop
      vertex -35.967 34.7329 4.5
      vertex -35.1038 33.8993 4.5
      vertex -34.7329 35.967 4.5
    endloop
  endfacet
  facet normal 0 0 1
    outer loop
      vertex -35.967 34.7329 4.5
      vertex -36.2655 32.6536 4.5
      vertex -35.1038 33.8993 4.5
    endloop
  endfacet
  facet normal -0 0 1
    outer loop
      vertex -37.1572 33.4565 4.5
      vertex -36.2655 32.6536 4.5
      vertex -35.967 34.7329 4.5
    endloop
  endfacet
  facet normal 0 0 1
    outer loop
      vertex -37.1572 33.4565 4.5
      vertex -37.383 31.368 4.5
      vertex -36.2655 32.6536 4.5
    endloop
  endfacet
  facet normal -0 0 1
    outer loop
      vertex -38.3022 32.1394 4.5
      vertex -37.383 31.368 4.5
      vertex -37.1572 33.4565 4.5
    endloop
  endfacet
  facet normal 0 0 1
    outer loop
      vertex -38.3022 32.1394 4.5
      vertex -38.4549 30.0443 4.5
      vertex -37.383 31.368 4.5
    endloop
  endfacet
  facet normal -0 0 1
    outer loop
      vertex -39.4005 30.7831 4.5
      vertex -38.4549 30.0443 4.5
      vertex -38.3022 32.1394 4.5
    endloop
  endfacet
  facet normal 0 0 1
    outer loop
      vertex -39.4005 30.7831 4.5
      vertex -39.48 28.6839 4.5
      vertex -38.4549 30.0443 4.5
    endloop
  endfacet
  facet normal -0 0 1
    outer loop
      vertex -40.4509 29.3893 4.5
      vertex -39.48 28.6839 4.5
      vertex -39.4005 30.7831 4.5
    endloop
  endfacet
  facet normal 0 0 1
    outer loop
      vertex -40.4509 29.3893 4.5
      vertex -40.457 27.2886 4.5
      vertex -39.48 28.6839 4.5
    endloop
  endfacet
  facet normal -0 0 1
    outer loop
      vertex -41.4519 27.9596 4.5
      vertex -40.457 27.2886 4.5
      vertex -40.4509 29.3893 4.5
    endloop
  endfacet
  facet normal 0 0 1
    outer loop
      vertex -40.457 27.2886 4.5
      vertex -41.4519 27.9596 4.5
      vertex -41.3847 25.8601 4.5
    endloop
  endfacet
  facet normal -0 0 1
    outer loop
      vertex -42.4024 26.496 4.5
      vertex -41.3847 25.8601 4.5
      vertex -41.4519 27.9596 4.5
    endloop
  endfacet
  facet normal 0 0 1
    outer loop
      vertex -41.3847 25.8601 4.5
      vertex -42.4024 26.496 4.5
      vertex -42.262 24.4 4.5
    endloop
  endfacet
  facet normal -0 0 1
    outer loop
      vertex -43.3013 25 4.5
      vertex -42.262 24.4 4.5
      vertex -42.4024 26.496 4.5
    endloop
  endfacet
  facet normal 0 0 1
    outer loop
      vertex -42.262 24.4 4.5
      vertex -43.3013 25 4.5
      vertex -43.0878 22.9102 4.5
    endloop
  endfacet
  facet normal -0 0 1
    outer loop
      vertex -44.1474 23.4736 4.5
      vertex -43.0878 22.9102 4.5
      vertex -43.3013 25 4.5
    endloop
  endfacet
  facet normal 0 0 1
    outer loop
      vertex -43.0878 22.9102 4.5
      vertex -44.1474 23.4736 4.5
      vertex -43.8611 21.3925 4.5
    endloop
  endfacet
  facet normal -0 0 1
    outer loop
      vertex -44.9397 21.9186 4.5
      vertex -43.8611 21.3925 4.5
      vertex -44.1474 23.4736 4.5
    endloop
  endfacet
  facet normal 0 0 1
    outer loop
      vertex -43.8611 21.3925 4.5
      vertex -44.9397 21.9186 4.5
      vertex -44.581 19.8487 4.5
    endloop
  endfacet
  facet normal -0 0 1
    outer loop
      vertex -45.6773 20.3368 4.5
      vertex -44.581 19.8487 4.5
      vertex -44.9397 21.9186 4.5
    endloop
  endfacet
  facet normal 0 0 1
    outer loop
      vertex -44.581 19.8487 4.5
      vertex -45.6773 20.3368 4.5
      vertex -45.2466 18.2808 4.5
    endloop
  endfacet
  facet normal -0 0 1
    outer loop
      vertex -46.3592 18.7303 4.5
      vertex -45.2466 18.2808 4.5
      vertex -45.6773 20.3368 4.5
    endloop
  endfacet
  facet normal 0 0 1
    outer loop
      vertex -45.2466 18.2808 4.5
      vertex -46.3592 18.7303 4.5
      vertex -45.857 16.6906 4.5
    endloop
  endfacet
  facet normal -0 0 1
    outer loop
      vertex -46.9846 17.101 4.5
      vertex -45.857 16.6906 4.5
      vertex -46.3592 18.7303 4.5
    endloop
  endfacet
  facet normal 0 0 1
    outer loop
      vertex -45.857 16.6906 4.5
      vertex -46.9846 17.101 4.5
      vertex -46.4116 15.08 4.5
    endloop
  endfacet
  facet normal -0 0 1
    outer loop
      vertex -47.5528 15.4508 4.5
      vertex -46.4116 15.08 4.5
      vertex -46.9846 17.101 4.5
    endloop
  endfacet
  facet normal 0 0 1
    outer loop
      vertex -46.4116 15.08 4.5
      vertex -47.5528 15.4508 4.5
      vertex -46.9096 13.4511 4.5
    endloop
  endfacet
  facet normal -0 0 1
    outer loop
      vertex -48.0631 13.7819 4.5
      vertex -46.9096 13.4511 4.5
      vertex -47.5528 15.4508 4.5
    endloop
  endfacet
  facet normal 0 0 1
    outer loop
      vertex -46.9096 13.4511 4.5
      vertex -48.0631 13.7819 4.5
      vertex -47.3504 11.8058 4.5
    endloop
  endfacet
  facet normal -0 0 1
    outer loop
      vertex -48.5148 12.0961 4.5
      vertex -47.3504 11.8058 4.5
      vertex -48.0631 13.7819 4.5
    endloop
  endfacet
  facet normal 0 0 1
    outer loop
      vertex -47.3504 11.8058 4.5
      vertex -48.5148 12.0961 4.5
      vertex -47.7336 10.1461 4.5
    endloop
  endfacet
  facet normal -0 0 1
    outer loop
      vertex -48.9074 10.3956 4.5
      vertex -47.7336 10.1461 4.5
      vertex -48.5148 12.0961 4.5
    endloop
  endfacet
  facet normal 0 0 1
    outer loop
      vertex -47.7336 10.1461 4.5
      vertex -48.9074 10.3956 4.5
      vertex -48.0586 8.47403 4.5
    endloop
  endfacet
  facet normal -0 0 1
    outer loop
      vertex -49.2404 8.68241 4.5
      vertex -48.0586 8.47403 4.5
      vertex -48.9074 10.3956 4.5
    endloop
  endfacet
  facet normal 0 0 1
    outer loop
      vertex -48.0586 8.47403 4.5
      vertex -49.2404 8.68241 4.5
      vertex -48.3251 6.79165 4.5
    endloop
  endfacet
  facet normal -0 0 1
    outer loop
      vertex -49.5134 6.95865 4.5
      vertex -48.3251 6.79165 4.5
      vertex -49.2404 8.68241 4.5
    endloop
  endfacet
  facet normal -0 0 1
    outer loop
      vertex -49.7261 5.22642 4.5
      vertex -48.5327 5.10099 4.5
      vertex -49.5134 6.95865 4.5
    endloop
  endfacet
  facet normal 0 0 1
    outer loop
      vertex -48.3251 6.79165 4.5
      vertex -49.5134 6.95865 4.5
      vertex -48.5327 5.10099 4.5
    endloop
  endfacet
  facet normal -0 0 1
    outer loop
      vertex 48.5327 -5.10099 4.5
      vertex 49.7261 -5.22642 4.5
      vertex 48.6811 -3.40412 4.5
    endloop
  endfacet
  facet normal 0 0 1
    outer loop
      vertex 49.7261 -5.22642 4.5
      vertex 48.5327 -5.10099 4.5
      vertex 49.5134 -6.95865 4.5
    endloop
  endfacet
  facet normal 0 0 1
    outer loop
      vertex 48.7703 -1.7031 4.5
      vertex 49.2 -1.2 4.5
      vertex 48.7791 -1.2 4.5
    endloop
  endfacet
  facet normal 0 0 1
    outer loop
      vertex 49.8782 -3.48782 4.5
      vertex 48.7703 -1.7031 4.5
      vertex 48.6811 -3.40412 4.5
    endloop
  endfacet
  facet normal -0 0 1
    outer loop
      vertex 48.3251 -6.79165 4.5
      vertex 49.5134 -6.95865 4.5
      vertex 48.5327 -5.10099 4.5
    endloop
  endfacet
  facet normal 0 0 1
    outer loop
      vertex 49.5134 -6.95865 4.5
      vertex 48.3251 -6.79165 4.5
      vertex 49.2404 -8.68241 4.5
    endloop
  endfacet
  facet normal -0 0 1
    outer loop
      vertex 48.0586 -8.47403 4.5
      vertex 49.2404 -8.68241 4.5
      vertex 48.3251 -6.79165 4.5
    endloop
  endfacet
  facet normal 0 0 1
    outer loop
      vertex 49.2404 -8.68241 4.5
      vertex 48.0586 -8.47403 4.5
      vertex 48.9074 -10.3956 4.5
    endloop
  endfacet
  facet normal -0 0 1
    outer loop
      vertex 47.7336 -10.1461 4.5
      vertex 48.9074 -10.3956 4.5
      vertex 48.0586 -8.47403 4.5
    endloop
  endfacet
  facet normal 0 0 1
    outer loop
      vertex 48.9074 -10.3956 4.5
      vertex 47.7336 -10.1461 4.5
      vertex 48.5148 -12.0961 4.5
    endloop
  endfacet
  facet normal -0 0 1
    outer loop
      vertex 47.3504 -11.8058 4.5
      vertex 48.5148 -12.0961 4.5
      vertex 47.7336 -10.1461 4.5
    endloop
  endfacet
  facet normal 0 0 1
    outer loop
      vertex 48.5148 -12.0961 4.5
      vertex 47.3504 -11.8058 4.5
      vertex 48.0631 -13.7819 4.5
    endloop
  endfacet
  facet normal -0 0 1
    outer loop
      vertex 46.9096 -13.4511 4.5
      vertex 48.0631 -13.7819 4.5
      vertex 47.3504 -11.8058 4.5
    endloop
  endfacet
  facet normal 0 0 1
    outer loop
      vertex 48.0631 -13.7819 4.5
      vertex 46.9096 -13.4511 4.5
      vertex 47.5528 -15.4508 4.5
    endloop
  endfacet
  facet normal -0 0 1
    outer loop
      vertex 46.4116 -15.08 4.5
      vertex 47.5528 -15.4508 4.5
      vertex 46.9096 -13.4511 4.5
    endloop
  endfacet
  facet normal 0 0 1
    outer loop
      vertex 47.5528 -15.4508 4.5
      vertex 46.4116 -15.08 4.5
      vertex 46.9846 -17.101 4.5
    endloop
  endfacet
  facet normal -0 0 1
    outer loop
      vertex 45.857 -16.6906 4.5
      vertex 46.9846 -17.101 4.5
      vertex 46.4116 -15.08 4.5
    endloop
  endfacet
  facet normal 0 0 1
    outer loop
      vertex 46.9846 -17.101 4.5
      vertex 45.857 -16.6906 4.5
      vertex 46.3592 -18.7303 4.5
    endloop
  endfacet
  facet normal -0 0 1
    outer loop
      vertex 45.2466 -18.2808 4.5
      vertex 46.3592 -18.7303 4.5
      vertex 45.857 -16.6906 4.5
    endloop
  endfacet
  facet normal 0 0 1
    outer loop
      vertex 46.3592 -18.7303 4.5
      vertex 45.2466 -18.2808 4.5
      vertex 45.6773 -20.3368 4.5
    endloop
  endfacet
  facet normal -0 0 1
    outer loop
      vertex 44.581 -19.8487 4.5
      vertex 45.6773 -20.3368 4.5
      vertex 45.2466 -18.2808 4.5
    endloop
  endfacet
  facet normal 0 0 1
    outer loop
      vertex 45.6773 -20.3368 4.5
      vertex 44.581 -19.8487 4.5
      vertex 44.9397 -21.9186 4.5
    endloop
  endfacet
  facet normal -0 0 1
    outer loop
      vertex 43.8611 -21.3925 4.5
      vertex 44.9397 -21.9186 4.5
      vertex 44.581 -19.8487 4.5
    endloop
  endfacet
  facet normal 0 0 1
    outer loop
      vertex 44.9397 -21.9186 4.5
      vertex 43.8611 -21.3925 4.5
      vertex 44.1474 -23.4736 4.5
    endloop
  endfacet
  facet normal -0 0 1
    outer loop
      vertex 43.0878 -22.9102 4.5
      vertex 44.1474 -23.4736 4.5
      vertex 43.8611 -21.3925 4.5
    endloop
  endfacet
  facet normal 0 0 1
    outer loop
      vertex 44.1474 -23.4736 4.5
      vertex 43.0878 -22.9102 4.5
      vertex 43.3013 -25 4.5
    endloop
  endfacet
  facet normal -0 0 1
    outer loop
      vertex 42.262 -24.4 4.5
      vertex 43.3013 -25 4.5
      vertex 43.0878 -22.9102 4.5
    endloop
  endfacet
  facet normal 0 0 1
    outer loop
      vertex 43.3013 -25 4.5
      vertex 42.262 -24.4 4.5
      vertex 42.4024 -26.496 4.5
    endloop
  endfacet
  facet normal -0 0 1
    outer loop
      vertex 41.3847 -25.8601 4.5
      vertex 42.4024 -26.496 4.5
      vertex 42.262 -24.4 4.5
    endloop
  endfacet
  facet normal 0 0 1
    outer loop
      vertex 42.4024 -26.496 4.5
      vertex 41.3847 -25.8601 4.5
      vertex 41.4519 -27.9596 4.5
    endloop
  endfacet
  facet normal -0 0 1
    outer loop
      vertex 40.457 -27.2886 4.5
      vertex 41.4519 -27.9596 4.5
      vertex 41.3847 -25.8601 4.5
    endloop
  endfacet
  facet normal 0 0 1
    outer loop
      vertex 40.457 -27.2886 4.5
      vertex 40.4509 -29.3893 4.5
      vertex 41.4519 -27.9596 4.5
    endloop
  endfacet
  facet normal -0 0 1
    outer loop
      vertex 39.48 -28.6839 4.5
      vertex 40.4509 -29.3893 4.5
      vertex 40.457 -27.2886 4.5
    endloop
  endfacet
  facet normal 0 0 1
    outer loop
      vertex 39.48 -28.6839 4.5
      vertex 39.4005 -30.7831 4.5
      vertex 40.4509 -29.3893 4.5
    endloop
  endfacet
  facet normal -0 0 1
    outer loop
      vertex 38.4549 -30.0443 4.5
      vertex 39.4005 -30.7831 4.5
      vertex 39.48 -28.6839 4.5
    endloop
  endfacet
  facet normal 0 0 1
    outer loop
      vertex 38.4549 -30.0443 4.5
      vertex 38.3022 -32.1394 4.5
      vertex 39.4005 -30.7831 4.5
    endloop
  endfacet
  facet normal -0 0 1
    outer loop
      vertex 37.383 -31.368 4.5
      vertex 38.3022 -32.1394 4.5
      vertex 38.4549 -30.0443 4.5
    endloop
  endfacet
  facet normal 0 0 1
    outer loop
      vertex 37.383 -31.368 4.5
      vertex 37.1572 -33.4565 4.5
      vertex 38.3022 -32.1394 4.5
    endloop
  endfacet
  facet normal -0 0 1
    outer loop
      vertex 36.2655 -32.6536 4.5
      vertex 37.1572 -33.4565 4.5
      vertex 37.383 -31.368 4.5
    endloop
  endfacet
  facet normal 0 0 1
    outer loop
      vertex 36.2655 -32.6536 4.5
      vertex 35.967 -34.7329 4.5
      vertex 37.1572 -33.4565 4.5
    endloop
  endfacet
  facet normal -0 0 1
    outer loop
      vertex 35.1038 -33.8993 4.5
      vertex 35.967 -34.7329 4.5
      vertex 36.2655 -32.6536 4.5
    endloop
  endfacet
  facet normal 0 0 1
    outer loop
      vertex 35.1038 -33.8993 4.5
      vertex 34.7329 -35.967 4.5
      vertex 35.967 -34.7329 4.5
    endloop
  endfacet
  facet normal -0 0 1
    outer loop
      vertex 33.8993 -35.1038 4.5
      vertex 34.7329 -35.967 4.5
      vertex 35.1038 -33.8993 4.5
    endloop
  endfacet
  facet normal 0 0 1
    outer loop
      vertex 33.8993 -35.1038 4.5
      vertex 33.4565 -37.1572 4.5
      vertex 34.7329 -35.967 4.5
    endloop
  endfacet
  facet normal -0 0 1
    outer loop
      vertex 32.6536 -36.2655 4.5
      vertex 33.4565 -37.1572 4.5
      vertex 33.8993 -35.1038 4.5
    endloop
  endfacet
  facet normal 0 0 1
    outer loop
      vertex 32.6536 -36.2655 4.5
      vertex 32.1394 -38.3022 4.5
      vertex 33.4565 -37.1572 4.5
    endloop
  endfacet
  facet normal -0 0 1
    outer loop
      vertex 31.368 -37.383 4.5
      vertex 32.1394 -38.3022 4.5
      vertex 32.6536 -36.2655 4.5
    endloop
  endfacet
  facet normal 0 0 1
    outer loop
      vertex 31.368 -37.383 4.5
      vertex 30.7831 -39.4005 4.5
      vertex 32.1394 -38.3022 4.5
    endloop
  endfacet
  facet normal -0 0 1
    outer loop
      vertex 30.0443 -38.4549 4.5
      vertex 30.7831 -39.4005 4.5
      vertex 31.368 -37.383 4.5
    endloop
  endfacet
  facet normal 0 0 1
    outer loop
      vertex 30.0443 -38.4549 4.5
      vertex 29.3893 -40.4509 4.5
      vertex 30.7831 -39.4005 4.5
    endloop
  endfacet
  facet normal -0 0 1
    outer loop
      vertex 28.6839 -39.48 4.5
      vertex 29.3893 -40.4509 4.5
      vertex 30.0443 -38.4549 4.5
    endloop
  endfacet
  facet normal 0 0 1
    outer loop
      vertex 28.6839 -39.48 4.5
      vertex 27.9596 -41.4519 4.5
      vertex 29.3893 -40.4509 4.5
    endloop
  endfacet
  facet normal -0 0 1
    outer loop
      vertex 27.2886 -40.457 4.5
      vertex 27.9596 -41.4519 4.5
      vertex 28.6839 -39.48 4.5
    endloop
  endfacet
  facet normal 0 0 1
    outer loop
      vertex 27.2886 -40.457 4.5
      vertex 26.496 -42.4024 4.5
      vertex 27.9596 -41.4519 4.5
    endloop
  endfacet
  facet normal -0 0 1
    outer loop
      vertex 25.8601 -41.3847 4.5
      vertex 26.496 -42.4024 4.5
      vertex 27.2886 -40.457 4.5
    endloop
  endfacet
  facet normal 0 0 1
    outer loop
      vertex 25.8601 -41.3847 4.5
      vertex 25 -43.3013 4.5
      vertex 26.496 -42.4024 4.5
    endloop
  endfacet
  facet normal -0 0 1
    outer loop
      vertex 24.4 -42.262 4.5
      vertex 25 -43.3013 4.5
      vertex 25.8601 -41.3847 4.5
    endloop
  endfacet
  facet normal 0 0 1
    outer loop
      vertex 24.4 -42.262 4.5
      vertex 23.4736 -44.1474 4.5
      vertex 25 -43.3013 4.5
    endloop
  endfacet
  facet normal -0 0 1
    outer loop
      vertex 22.9102 -43.0878 4.5
      vertex 23.4736 -44.1474 4.5
      vertex 24.4 -42.262 4.5
    endloop
  endfacet
  facet normal 0 0 1
    outer loop
      vertex 22.9102 -43.0878 4.5
      vertex 21.9186 -44.9397 4.5
      vertex 23.4736 -44.1474 4.5
    endloop
  endfacet
  facet normal -0 0 1
    outer loop
      vertex 21.3925 -43.8611 4.5
      vertex 21.9186 -44.9397 4.5
      vertex 22.9102 -43.0878 4.5
    endloop
  endfacet
  facet normal 0 0 1
    outer loop
      vertex 21.3925 -43.8611 4.5
      vertex 20.3368 -45.6773 4.5
      vertex 21.9186 -44.9397 4.5
    endloop
  endfacet
  facet normal -0 0 1
    outer loop
      vertex 19.8487 -44.581 4.5
      vertex 20.3368 -45.6773 4.5
      vertex 21.3925 -43.8611 4.5
    endloop
  endfacet
  facet normal 0 0 1
    outer loop
      vertex 19.8487 -44.581 4.5
      vertex 18.7303 -46.3592 4.5
      vertex 20.3368 -45.6773 4.5
    endloop
  endfacet
  facet normal -0 0 1
    outer loop
      vertex 18.2808 -45.2466 4.5
      vertex 18.7303 -46.3592 4.5
      vertex 19.8487 -44.581 4.5
    endloop
  endfacet
  facet normal 0 0 1
    outer loop
      vertex 18.2808 -45.2466 4.5
      vertex 17.101 -46.9846 4.5
      vertex 18.7303 -46.3592 4.5
    endloop
  endfacet
  facet normal -0 0 1
    outer loop
      vertex 16.6906 -45.857 4.5
      vertex 17.101 -46.9846 4.5
      vertex 18.2808 -45.2466 4.5
    endloop
  endfacet
  facet normal 0 0 1
    outer loop
      vertex 16.6906 -45.857 4.5
      vertex 15.4508 -47.5528 4.5
      vertex 17.101 -46.9846 4.5
    endloop
  endfacet
  facet normal -0 0 1
    outer loop
      vertex 15.08 -46.4116 4.5
      vertex 15.4508 -47.5528 4.5
      vertex 16.6906 -45.857 4.5
    endloop
  endfacet
  facet normal 0 0 1
    outer loop
      vertex 15.08 -46.4116 4.5
      vertex 13.7819 -48.0631 4.5
      vertex 15.4508 -47.5528 4.5
    endloop
  endfacet
  facet normal -0 0 1
    outer loop
      vertex 13.4511 -46.9096 4.5
      vertex 13.7819 -48.0631 4.5
      vertex 15.08 -46.4116 4.5
    endloop
  endfacet
  facet normal 0 0 1
    outer loop
      vertex 13.4511 -46.9096 4.5
      vertex 12.0961 -48.5148 4.5
      vertex 13.7819 -48.0631 4.5
    endloop
  endfacet
  facet normal -0 0 1
    outer loop
      vertex 11.8058 -47.3504 4.5
      vertex 12.0961 -48.5148 4.5
      vertex 13.4511 -46.9096 4.5
    endloop
  endfacet
  facet normal 0 0 1
    outer loop
      vertex 11.8058 -47.3504 4.5
      vertex 10.3956 -48.9074 4.5
      vertex 12.0961 -48.5148 4.5
    endloop
  endfacet
  facet normal -0 0 1
    outer loop
      vertex 10.1461 -47.7336 4.5
      vertex 10.3956 -48.9074 4.5
      vertex 11.8058 -47.3504 4.5
    endloop
  endfacet
  facet normal 0 0 1
    outer loop
      vertex 10.1461 -47.7336 4.5
      vertex 8.68241 -49.2404 4.5
      vertex 10.3956 -48.9074 4.5
    endloop
  endfacet
  facet normal -0 0 1
    outer loop
      vertex 8.47403 -48.0586 4.5
      vertex 8.68241 -49.2404 4.5
      vertex 10.1461 -47.7336 4.5
    endloop
  endfacet
  facet normal 0 0 1
    outer loop
      vertex 8.47403 -48.0586 4.5
      vertex 6.95865 -49.5134 4.5
      vertex 8.68241 -49.2404 4.5
    endloop
  endfacet
  facet normal -0 0 1
    outer loop
      vertex 6.79165 -48.3251 4.5
      vertex 6.95865 -49.5134 4.5
      vertex 8.47403 -48.0586 4.5
    endloop
  endfacet
  facet normal 0 0 1
    outer loop
      vertex 6.79165 -48.3251 4.5
      vertex 5.22642 -49.7261 4.5
      vertex 6.95865 -49.5134 4.5
    endloop
  endfacet
  facet normal -0 0 1
    outer loop
      vertex 5.10099 -48.5327 4.5
      vertex 5.22642 -49.7261 4.5
      vertex 6.79165 -48.3251 4.5
    endloop
  endfacet
  facet normal 0 0 1
    outer loop
      vertex 5.10099 -48.5327 4.5
      vertex 3.48782 -49.8782 4.5
      vertex 5.22642 -49.7261 4.5
    endloop
  endfacet
  facet normal -0 0 1
    outer loop
      vertex 3.40412 -48.6811 4.5
      vertex 3.48782 -49.8782 4.5
      vertex 5.10099 -48.5327 4.5
    endloop
  endfacet
  facet normal 0 0 1
    outer loop
      vertex 3.40412 -48.6811 4.5
      vertex 1.74497 -49.9695 4.5
      vertex 3.48782 -49.8782 4.5
    endloop
  endfacet
  facet normal -0 0 1
    outer loop
      vertex 1.7031 -48.7703 4.5
      vertex 1.74497 -49.9695 4.5
      vertex 3.40412 -48.6811 4.5
    endloop
  endfacet
  facet normal -0 0 1
    outer loop
      vertex 0 -48.8 4.5
      vertex 1.74497 -49.9695 4.5
      vertex 1.7031 -48.7703 4.5
    endloop
  endfacet
  facet normal 0 0 1
    outer loop
      vertex 0 -48.8 4.5
      vertex 0 -50 4.5
      vertex 1.74497 -49.9695 4.5
    endloop
  endfacet
  facet normal 0 0 1
    outer loop
      vertex -1.7031 -48.7703 4.5
      vertex 0 -50 4.5
      vertex 0 -48.8 4.5
    endloop
  endfacet
  facet normal 0 0 1
    outer loop
      vertex -1.7031 -48.7703 4.5
      vertex -1.74497 -49.9695 4.5
      vertex 0 -50 4.5
    endloop
  endfacet
  facet normal 0 0 1
    outer loop
      vertex -3.40412 -48.6811 4.5
      vertex -1.74497 -49.9695 4.5
      vertex -1.7031 -48.7703 4.5
    endloop
  endfacet
  facet normal 0 0 1
    outer loop
      vertex -3.40412 -48.6811 4.5
      vertex -3.48782 -49.8782 4.5
      vertex -1.74497 -49.9695 4.5
    endloop
  endfacet
  facet normal 0 0 1
    outer loop
      vertex -5.10099 -48.5327 4.5
      vertex -3.48782 -49.8782 4.5
      vertex -3.40412 -48.6811 4.5
    endloop
  endfacet
  facet normal 0 0 1
    outer loop
      vertex -5.10099 -48.5327 4.5
      vertex -5.22642 -49.7261 4.5
      vertex -3.48782 -49.8782 4.5
    endloop
  endfacet
  facet normal 0 0 1
    outer loop
      vertex -6.79165 -48.3251 4.5
      vertex -5.22642 -49.7261 4.5
      vertex -5.10099 -48.5327 4.5
    endloop
  endfacet
  facet normal 0 0 1
    outer loop
      vertex -6.79165 -48.3251 4.5
      vertex -6.95865 -49.5134 4.5
      vertex -5.22642 -49.7261 4.5
    endloop
  endfacet
  facet normal 0 0 1
    outer loop
      vertex -8.47403 -48.0586 4.5
      vertex -6.95865 -49.5134 4.5
      vertex -6.79165 -48.3251 4.5
    endloop
  endfacet
  facet normal 0 0 1
    outer loop
      vertex -8.47403 -48.0586 4.5
      vertex -8.68241 -49.2404 4.5
      vertex -6.95865 -49.5134 4.5
    endloop
  endfacet
  facet normal 0 0 1
    outer loop
      vertex -10.1461 -47.7336 4.5
      vertex -8.68241 -49.2404 4.5
      vertex -8.47403 -48.0586 4.5
    endloop
  endfacet
  facet normal 0 0 1
    outer loop
      vertex -10.1461 -47.7336 4.5
      vertex -10.3956 -48.9074 4.5
      vertex -8.68241 -49.2404 4.5
    endloop
  endfacet
  facet normal 0 0 1
    outer loop
      vertex -11.8058 -47.3504 4.5
      vertex -10.3956 -48.9074 4.5
      vertex -10.1461 -47.7336 4.5
    endloop
  endfacet
  facet normal 0 0 1
    outer loop
      vertex -11.8058 -47.3504 4.5
      vertex -12.0961 -48.5148 4.5
      vertex -10.3956 -48.9074 4.5
    endloop
  endfacet
  facet normal 0 0 1
    outer loop
      vertex -13.4511 -46.9096 4.5
      vertex -12.0961 -48.5148 4.5
      vertex -11.8058 -47.3504 4.5
    endloop
  endfacet
  facet normal 0 0 1
    outer loop
      vertex -13.4511 -46.9096 4.5
      vertex -13.7819 -48.0631 4.5
      vertex -12.0961 -48.5148 4.5
    endloop
  endfacet
  facet normal 0 0 1
    outer loop
      vertex -15.08 -46.4116 4.5
      vertex -13.7819 -48.0631 4.5
      vertex -13.4511 -46.9096 4.5
    endloop
  endfacet
  facet normal 0 0 1
    outer loop
      vertex -15.08 -46.4116 4.5
      vertex -15.4508 -47.5528 4.5
      vertex -13.7819 -48.0631 4.5
    endloop
  endfacet
  facet normal 0 0 1
    outer loop
      vertex -16.6906 -45.857 4.5
      vertex -15.4508 -47.5528 4.5
      vertex -15.08 -46.4116 4.5
    endloop
  endfacet
  facet normal 0 0 1
    outer loop
      vertex -16.6906 -45.857 4.5
      vertex -17.101 -46.9846 4.5
      vertex -15.4508 -47.5528 4.5
    endloop
  endfacet
  facet normal 0 0 1
    outer loop
      vertex -18.2808 -45.2466 4.5
      vertex -17.101 -46.9846 4.5
      vertex -16.6906 -45.857 4.5
    endloop
  endfacet
  facet normal 0 0 1
    outer loop
      vertex -18.2808 -45.2466 4.5
      vertex -18.7303 -46.3592 4.5
      vertex -17.101 -46.9846 4.5
    endloop
  endfacet
  facet normal 0 0 1
    outer loop
      vertex -19.8487 -44.581 4.5
      vertex -18.7303 -46.3592 4.5
      vertex -18.2808 -45.2466 4.5
    endloop
  endfacet
  facet normal 0 0 1
    outer loop
      vertex -19.8487 -44.581 4.5
      vertex -20.3368 -45.6773 4.5
      vertex -18.7303 -46.3592 4.5
    endloop
  endfacet
  facet normal 0 0 1
    outer loop
      vertex -21.3925 -43.8611 4.5
      vertex -20.3368 -45.6773 4.5
      vertex -19.8487 -44.581 4.5
    endloop
  endfacet
  facet normal 0 0 1
    outer loop
      vertex -21.3925 -43.8611 4.5
      vertex -21.9186 -44.9397 4.5
      vertex -20.3368 -45.6773 4.5
    endloop
  endfacet
  facet normal 0 0 1
    outer loop
      vertex -22.9102 -43.0878 4.5
      vertex -21.9186 -44.9397 4.5
      vertex -21.3925 -43.8611 4.5
    endloop
  endfacet
  facet normal 0 0 1
    outer loop
      vertex -22.9102 -43.0878 4.5
      vertex -23.4736 -44.1474 4.5
      vertex -21.9186 -44.9397 4.5
    endloop
  endfacet
  facet normal 0 0 1
    outer loop
      vertex -24.4 -42.262 4.5
      vertex -23.4736 -44.1474 4.5
      vertex -22.9102 -43.0878 4.5
    endloop
  endfacet
  facet normal 0 0 1
    outer loop
      vertex -24.4 -42.262 4.5
      vertex -25 -43.3013 4.5
      vertex -23.4736 -44.1474 4.5
    endloop
  endfacet
  facet normal 0 0 1
    outer loop
      vertex -25.8601 -41.3847 4.5
      vertex -25 -43.3013 4.5
      vertex -24.4 -42.262 4.5
    endloop
  endfacet
  facet normal 0 0 1
    outer loop
      vertex -25.8601 -41.3847 4.5
      vertex -26.496 -42.4024 4.5
      vertex -25 -43.3013 4.5
    endloop
  endfacet
  facet normal 0 0 1
    outer loop
      vertex -27.2886 -40.457 4.5
      vertex -26.496 -42.4024 4.5
      vertex -25.8601 -41.3847 4.5
    endloop
  endfacet
  facet normal 0 0 1
    outer loop
      vertex -27.2886 -40.457 4.5
      vertex -27.9596 -41.4519 4.5
      vertex -26.496 -42.4024 4.5
    endloop
  endfacet
  facet normal 0 0 1
    outer loop
      vertex -28.6839 -39.48 4.5
      vertex -27.9596 -41.4519 4.5
      vertex -27.2886 -40.457 4.5
    endloop
  endfacet
  facet normal 0 0 1
    outer loop
      vertex -28.6839 -39.48 4.5
      vertex -29.3893 -40.4509 4.5
      vertex -27.9596 -41.4519 4.5
    endloop
  endfacet
  facet normal 0 0 1
    outer loop
      vertex -30.0443 -38.4549 4.5
      vertex -29.3893 -40.4509 4.5
      vertex -28.6839 -39.48 4.5
    endloop
  endfacet
  facet normal 0 0 1
    outer loop
      vertex -30.0443 -38.4549 4.5
      vertex -30.7831 -39.4005 4.5
      vertex -29.3893 -40.4509 4.5
    endloop
  endfacet
  facet normal 0 0 1
    outer loop
      vertex -31.368 -37.383 4.5
      vertex -30.7831 -39.4005 4.5
      vertex -30.0443 -38.4549 4.5
    endloop
  endfacet
  facet normal 0 0 1
    outer loop
      vertex -31.368 -37.383 4.5
      vertex -32.1394 -38.3022 4.5
      vertex -30.7831 -39.4005 4.5
    endloop
  endfacet
  facet normal 0 0 1
    outer loop
      vertex -32.6536 -36.2655 4.5
      vertex -32.1394 -38.3022 4.5
      vertex -31.368 -37.383 4.5
    endloop
  endfacet
  facet normal 0 0 1
    outer loop
      vertex -32.6536 -36.2655 4.5
      vertex -33.4565 -37.1572 4.5
      vertex -32.1394 -38.3022 4.5
    endloop
  endfacet
  facet normal 0 0 1
    outer loop
      vertex -33.8993 -35.1038 4.5
      vertex -33.4565 -37.1572 4.5
      vertex -32.6536 -36.2655 4.5
    endloop
  endfacet
  facet normal 0 0 1
    outer loop
      vertex -33.8993 -35.1038 4.5
      vertex -34.7329 -35.967 4.5
      vertex -33.4565 -37.1572 4.5
    endloop
  endfacet
  facet normal 0 0 1
    outer loop
      vertex -35.1038 -33.8993 4.5
      vertex -34.7329 -35.967 4.5
      vertex -33.8993 -35.1038 4.5
    endloop
  endfacet
  facet normal 0 0 1
    outer loop
      vertex -35.1038 -33.8993 4.5
      vertex -35.967 -34.7329 4.5
      vertex -34.7329 -35.967 4.5
    endloop
  endfacet
  facet normal 0 0 1
    outer loop
      vertex -36.2655 -32.6536 4.5
      vertex -35.967 -34.7329 4.5
      vertex -35.1038 -33.8993 4.5
    endloop
  endfacet
  facet normal 0 0 1
    outer loop
      vertex -36.2655 -32.6536 4.5
      vertex -37.1572 -33.4565 4.5
      vertex -35.967 -34.7329 4.5
    endloop
  endfacet
  facet normal 0 0 1
    outer loop
      vertex -37.383 -31.368 4.5
      vertex -37.1572 -33.4565 4.5
      vertex -36.2655 -32.6536 4.5
    endloop
  endfacet
  facet normal 0 0 1
    outer loop
      vertex -37.383 -31.368 4.5
      vertex -38.3022 -32.1394 4.5
      vertex -37.1572 -33.4565 4.5
    endloop
  endfacet
  facet normal 0 0 1
    outer loop
      vertex -38.4549 -30.0443 4.5
      vertex -38.3022 -32.1394 4.5
      vertex -37.383 -31.368 4.5
    endloop
  endfacet
  facet normal 0 0 1
    outer loop
      vertex -38.4549 -30.0443 4.5
      vertex -39.4005 -30.7831 4.5
      vertex -38.3022 -32.1394 4.5
    endloop
  endfacet
  facet normal 0 0 1
    outer loop
      vertex -39.48 -28.6839 4.5
      vertex -39.4005 -30.7831 4.5
      vertex -38.4549 -30.0443 4.5
    endloop
  endfacet
  facet normal 0 0 1
    outer loop
      vertex -39.48 -28.6839 4.5
      vertex -40.4509 -29.3893 4.5
      vertex -39.4005 -30.7831 4.5
    endloop
  endfacet
  facet normal 0 0 1
    outer loop
      vertex -40.457 -27.2886 4.5
      vertex -40.4509 -29.3893 4.5
      vertex -39.48 -28.6839 4.5
    endloop
  endfacet
  facet normal 0 0 1
    outer loop
      vertex -41.4519 -27.9596 4.5
      vertex -40.457 -27.2886 4.5
      vertex -41.3847 -25.8601 4.5
    endloop
  endfacet
  facet normal 0 0 1
    outer loop
      vertex -40.457 -27.2886 4.5
      vertex -41.4519 -27.9596 4.5
      vertex -40.4509 -29.3893 4.5
    endloop
  endfacet
  facet normal 0 0 1
    outer loop
      vertex -42.4024 -26.496 4.5
      vertex -41.3847 -25.8601 4.5
      vertex -42.262 -24.4 4.5
    endloop
  endfacet
  facet normal 0 0 1
    outer loop
      vertex -41.3847 -25.8601 4.5
      vertex -42.4024 -26.496 4.5
      vertex -41.4519 -27.9596 4.5
    endloop
  endfacet
  facet normal 0 0 1
    outer loop
      vertex -43.3013 -25 4.5
      vertex -42.262 -24.4 4.5
      vertex -43.0878 -22.9102 4.5
    endloop
  endfacet
  facet normal 0 0 1
    outer loop
      vertex -42.262 -24.4 4.5
      vertex -43.3013 -25 4.5
      vertex -42.4024 -26.496 4.5
    endloop
  endfacet
  facet normal 0 0 1
    outer loop
      vertex -44.1474 -23.4736 4.5
      vertex -43.0878 -22.9102 4.5
      vertex -43.8611 -21.3925 4.5
    endloop
  endfacet
  facet normal 0 0 1
    outer loop
      vertex -43.0878 -22.9102 4.5
      vertex -44.1474 -23.4736 4.5
      vertex -43.3013 -25 4.5
    endloop
  endfacet
  facet normal 0 0 1
    outer loop
      vertex -44.9397 -21.9186 4.5
      vertex -43.8611 -21.3925 4.5
      vertex -44.581 -19.8487 4.5
    endloop
  endfacet
  facet normal 0 0 1
    outer loop
      vertex -43.8611 -21.3925 4.5
      vertex -44.9397 -21.9186 4.5
      vertex -44.1474 -23.4736 4.5
    endloop
  endfacet
  facet normal 0 0 1
    outer loop
      vertex -45.6773 -20.3368 4.5
      vertex -44.581 -19.8487 4.5
      vertex -45.2466 -18.2808 4.5
    endloop
  endfacet
  facet normal 0 0 1
    outer loop
      vertex -44.581 -19.8487 4.5
      vertex -45.6773 -20.3368 4.5
      vertex -44.9397 -21.9186 4.5
    endloop
  endfacet
  facet normal 0 0 1
    outer loop
      vertex -46.3592 -18.7303 4.5
      vertex -45.2466 -18.2808 4.5
      vertex -45.857 -16.6906 4.5
    endloop
  endfacet
  facet normal 0 0 1
    outer loop
      vertex -45.2466 -18.2808 4.5
      vertex -46.3592 -18.7303 4.5
      vertex -45.6773 -20.3368 4.5
    endloop
  endfacet
  facet normal 0 0 1
    outer loop
      vertex -46.9846 -17.101 4.5
      vertex -45.857 -16.6906 4.5
      vertex -46.4116 -15.08 4.5
    endloop
  endfacet
  facet normal 0 0 1
    outer loop
      vertex -47.5528 -15.4508 4.5
      vertex -46.4116 -15.08 4.5
      vertex -46.9096 -13.4511 4.5
    endloop
  endfacet
  facet normal 0 0 1
    outer loop
      vertex -45.857 -16.6906 4.5
      vertex -46.9846 -17.101 4.5
      vertex -46.3592 -18.7303 4.5
    endloop
  endfacet
  facet normal 0 0 1
    outer loop
      vertex -48.0631 -13.7819 4.5
      vertex -46.9096 -13.4511 4.5
      vertex -47.3504 -11.8058 4.5
    endloop
  endfacet
  facet normal 0 0 1
    outer loop
      vertex -46.4116 -15.08 4.5
      vertex -47.5528 -15.4508 4.5
      vertex -46.9846 -17.101 4.5
    endloop
  endfacet
  facet normal 0 0 1
    outer loop
      vertex -48.5148 -12.0961 4.5
      vertex -47.3504 -11.8058 4.5
      vertex -47.7336 -10.1461 4.5
    endloop
  endfacet
  facet normal 0 0 1
    outer loop
      vertex -48.9074 -10.3956 4.5
      vertex -47.7336 -10.1461 4.5
      vertex -48.0586 -8.47403 4.5
    endloop
  endfacet
  facet normal 0 0 1
    outer loop
      vertex -46.9096 -13.4511 4.5
      vertex -48.0631 -13.7819 4.5
      vertex -47.5528 -15.4508 4.5
    endloop
  endfacet
  facet normal 0 0 1
    outer loop
      vertex -49.2404 -8.68241 4.5
      vertex -48.0586 -8.47403 4.5
      vertex -48.3251 -6.79165 4.5
    endloop
  endfacet
  facet normal 0 0 1
    outer loop
      vertex -47.3504 -11.8058 4.5
      vertex -48.5148 -12.0961 4.5
      vertex -48.0631 -13.7819 4.5
    endloop
  endfacet
  facet normal 0 0 1
    outer loop
      vertex -49.5134 -6.95865 4.5
      vertex -48.3251 -6.79165 4.5
      vertex -48.5327 -5.10099 4.5
    endloop
  endfacet
  facet normal 0 0 1
    outer loop
      vertex -49.7261 -5.22642 4.5
      vertex -48.5327 -5.10099 4.5
      vertex -48.6811 -3.40412 4.5
    endloop
  endfacet
  facet normal 0 0 1
    outer loop
      vertex -49.8782 -3.48782 4.5
      vertex -48.6811 -3.40412 4.5
      vertex -48.7703 -1.7031 4.5
    endloop
  endfacet
  facet normal 0 0 1
    outer loop
      vertex -47.7336 -10.1461 4.5
      vertex -48.9074 -10.3956 4.5
      vertex -48.5148 -12.0961 4.5
    endloop
  endfacet
  facet normal 0 0 1
    outer loop
      vertex -49.9695 -1.74497 4.5
      vertex -48.7703 -1.7031 4.5
      vertex -48.8 0 4.5
    endloop
  endfacet
  facet normal 0 0 1
    outer loop
      vertex -48.5327 5.10099 4.5
      vertex -49.7261 5.22642 4.5
      vertex -48.6811 3.40412 4.5
    endloop
  endfacet
  facet normal -0 0 1
    outer loop
      vertex -49.8782 3.48782 4.5
      vertex -48.6811 3.40412 4.5
      vertex -49.7261 5.22642 4.5
    endloop
  endfacet
  facet normal 0 0 1
    outer loop
      vertex -48.0586 -8.47403 4.5
      vertex -49.2404 -8.68241 4.5
      vertex -48.9074 -10.3956 4.5
    endloop
  endfacet
  facet normal 0 0 1
    outer loop
      vertex -48.6811 3.40412 4.5
      vertex -49.8782 3.48782 4.5
      vertex -48.7703 1.7031 4.5
    endloop
  endfacet
  facet normal 0 0 1
    outer loop
      vertex -48.3251 -6.79165 4.5
      vertex -49.5134 -6.95865 4.5
      vertex -49.2404 -8.68241 4.5
    endloop
  endfacet
  facet normal -0 0 1
    outer loop
      vertex -49.9695 1.74497 4.5
      vertex -48.7703 1.7031 4.5
      vertex -49.8782 3.48782 4.5
    endloop
  endfacet
  facet normal 0 0 1
    outer loop
      vertex -48.5327 -5.10099 4.5
      vertex -49.7261 -5.22642 4.5
      vertex -49.5134 -6.95865 4.5
    endloop
  endfacet
  facet normal 0 0 1
    outer loop
      vertex -48.7703 1.7031 4.5
      vertex -49.9695 1.74497 4.5
      vertex -48.8 0 4.5
    endloop
  endfacet
  facet normal 0 0 1
    outer loop
      vertex -48.6811 -3.40412 4.5
      vertex -49.8782 -3.48782 4.5
      vertex -49.7261 -5.22642 4.5
    endloop
  endfacet
  facet normal 0 0 1
    outer loop
      vertex -50 0 4.5
      vertex -48.8 0 4.5
      vertex -49.9695 1.74497 4.5
    endloop
  endfacet
  facet normal 0 0 1
    outer loop
      vertex -48.7703 -1.7031 4.5
      vertex -49.9695 -1.74497 4.5
      vertex -49.8782 -3.48782 4.5
    endloop
  endfacet
  facet normal 0 0 1
    outer loop
      vertex -48.8 0 4.5
      vertex -50 0 4.5
      vertex -49.9695 -1.74497 4.5
    endloop
  endfacet
  facet normal 0 0 1
    outer loop
      vertex 46 0 4.5
      vertex 46.8 0 4.5
      vertex 46.7715 1.6333 4.5
    endloop
  endfacet
  facet normal 0 0 1
    outer loop
      vertex 45.972 1.60538 4.5
      vertex 46.7715 1.6333 4.5
      vertex 46.686 3.2646 4.5
    endloop
  endfacet
  facet normal 0 0 1
    outer loop
      vertex 46.8 0 4.5
      vertex 46 0 4.5
      vertex 46.7715 -1.6333 4.5
    endloop
  endfacet
  facet normal 0 0 1
    outer loop
      vertex 45.8879 3.2088 4.5
      vertex 46.686 3.2646 4.5
      vertex 46.5436 4.89193 4.5
    endloop
  endfacet
  facet normal -0 0 1
    outer loop
      vertex 45.972 -1.60538 4.5
      vertex 46.7715 -1.6333 4.5
      vertex 46 0 4.5
    endloop
  endfacet
  facet normal 0 0 1
    outer loop
      vertex 45.748 4.80831 4.5
      vertex 46.5436 4.89193 4.5
      vertex 46.3445 6.5133 4.5
    endloop
  endfacet
  facet normal 0 0 1
    outer loop
      vertex 46.7715 -1.6333 4.5
      vertex 45.972 -1.60538 4.5
      vertex 46.686 -3.2646 4.5
    endloop
  endfacet
  facet normal 0 0 1
    outer loop
      vertex 45.5523 6.40196 4.5
      vertex 46.3445 6.5133 4.5
      vertex 46.089 8.12673 4.5
    endloop
  endfacet
  facet normal -0 0 1
    outer loop
      vertex 45.8879 -3.2088 4.5
      vertex 46.686 -3.2646 4.5
      vertex 45.972 -1.60538 4.5
    endloop
  endfacet
  facet normal 0 0 1
    outer loop
      vertex 46.686 -3.2646 4.5
      vertex 45.8879 -3.2088 4.5
      vertex 46.5436 -4.89193 4.5
    endloop
  endfacet
  facet normal 0 0 1
    outer loop
      vertex 46.7715 1.6333 4.5
      vertex 45.972 1.60538 4.5
      vertex 46 0 4.5
    endloop
  endfacet
  facet normal 0 0 1
    outer loop
      vertex 46.686 3.2646 4.5
      vertex 45.8879 3.2088 4.5
      vertex 45.972 1.60538 4.5
    endloop
  endfacet
  facet normal 0 0 1
    outer loop
      vertex 45.3012 7.98782 4.5
      vertex 46.089 8.12673 4.5
      vertex 45.7773 9.73027 4.5
    endloop
  endfacet
  facet normal 0 0 1
    outer loop
      vertex 46.5436 4.89193 4.5
      vertex 45.748 4.80831 4.5
      vertex 45.8879 3.2088 4.5
    endloop
  endfacet
  facet normal 0 0 1
    outer loop
      vertex 46.3445 6.5133 4.5
      vertex 45.5523 6.40196 4.5
      vertex 45.748 4.80831 4.5
    endloop
  endfacet
  facet normal 0 0 1
    outer loop
      vertex 44.9948 9.56394 4.5
      vertex 45.7773 9.73027 4.5
      vertex 45.4098 11.3219 4.5
    endloop
  endfacet
  facet normal 0 0 1
    outer loop
      vertex 46.089 8.12673 4.5
      vertex 45.3012 7.98782 4.5
      vertex 45.5523 6.40196 4.5
    endloop
  endfacet
  facet normal 0 0 1
    outer loop
      vertex 45.7773 9.73027 4.5
      vertex 44.9948 9.56394 4.5
      vertex 45.3012 7.98782 4.5
    endloop
  endfacet
  facet normal 0 0 1
    outer loop
      vertex 44.6336 11.1284 4.5
      vertex 45.4098 11.3219 4.5
      vertex 44.987 12.8998 4.5
    endloop
  endfacet
  facet normal 0 0 1
    outer loop
      vertex 45.4098 11.3219 4.5
      vertex 44.6336 11.1284 4.5
      vertex 44.9948 9.56394 4.5
    endloop
  endfacet
  facet normal 0 0 1
    outer loop
      vertex 44.218 12.6793 4.5
      vertex 44.987 12.8998 4.5
      vertex 44.5094 14.462 4.5
    endloop
  endfacet
  facet normal 0 0 1
    outer loop
      vertex 44.987 12.8998 4.5
      vertex 44.218 12.6793 4.5
      vertex 44.6336 11.1284 4.5
    endloop
  endfacet
  facet normal 0 0 1
    outer loop
      vertex 43.7486 14.2148 4.5
      vertex 44.5094 14.462 4.5
      vertex 43.9776 16.0065 4.5
    endloop
  endfacet
  facet normal 0 0 1
    outer loop
      vertex 44.5094 14.462 4.5
      vertex 43.7486 14.2148 4.5
      vertex 44.218 12.6793 4.5
    endloop
  endfacet
  facet normal 0 0 1
    outer loop
      vertex 43.2259 15.7329 4.5
      vertex 43.9776 16.0065 4.5
      vertex 43.3922 17.5316 4.5
    endloop
  endfacet
  facet normal 0 0 1
    outer loop
      vertex 43.9776 16.0065 4.5
      vertex 43.2259 15.7329 4.5
      vertex 43.7486 14.2148 4.5
    endloop
  endfacet
  facet normal 0 0 1
    outer loop
      vertex 42.6505 17.2319 4.5
      vertex 43.3922 17.5316 4.5
      vertex 42.7539 19.0353 4.5
    endloop
  endfacet
  facet normal 0 0 1
    outer loop
      vertex 43.3922 17.5316 4.5
      vertex 42.6505 17.2319 4.5
      vertex 43.2259 15.7329 4.5
    endloop
  endfacet
  facet normal 0 0 1
    outer loop
      vertex 42.0231 18.7099 4.5
      vertex 42.7539 19.0353 4.5
      vertex 42.0636 20.5158 4.5
    endloop
  endfacet
  facet normal 0 0 1
    outer loop
      vertex 42.7539 19.0353 4.5
      vertex 42.0231 18.7099 4.5
      vertex 42.6505 17.2319 4.5
    endloop
  endfacet
  facet normal 0 0 1
    outer loop
      vertex 42.0636 20.5158 4.5
      vertex 41.3445 20.1651 4.5
      vertex 42.0231 18.7099 4.5
    endloop
  endfacet
  facet normal 0 0 1
    outer loop
      vertex 41.3219 21.9713 4.5
      vertex 41.3445 20.1651 4.5
      vertex 42.0636 20.5158 4.5
    endloop
  endfacet
  facet normal 0 0 1
    outer loop
      vertex 41.3219 21.9713 4.5
      vertex 40.6156 21.5957 4.5
      vertex 41.3445 20.1651 4.5
    endloop
  endfacet
  facet normal 0 0 1
    outer loop
      vertex 40.53 23.4 4.5
      vertex 40.6156 21.5957 4.5
      vertex 41.3219 21.9713 4.5
    endloop
  endfacet
  facet normal 0 0 1
    outer loop
      vertex 40.53 23.4 4.5
      vertex 39.8372 23 4.5
      vertex 40.6156 21.5957 4.5
    endloop
  endfacet
  facet normal 0 0 1
    outer loop
      vertex 39.6887 24.8002 4.5
      vertex 39.8372 23 4.5
      vertex 40.53 23.4 4.5
    endloop
  endfacet
  facet normal 0 0 1
    outer loop
      vertex 39.6887 24.8002 4.5
      vertex 39.0102 24.3763 4.5
      vertex 39.8372 23 4.5
    endloop
  endfacet
  facet normal 0 0 1
    outer loop
      vertex 38.799 26.1702 4.5
      vertex 39.0102 24.3763 4.5
      vertex 39.6887 24.8002 4.5
    endloop
  endfacet
  facet normal 0 0 1
    outer loop
      vertex 38.799 26.1702 4.5
      vertex 38.1357 25.7229 4.5
      vertex 39.0102 24.3763 4.5
    endloop
  endfacet
  facet normal 0 0 1
    outer loop
      vertex 37.862 27.5084 4.5
      vertex 38.1357 25.7229 4.5
      vertex 38.799 26.1702 4.5
    endloop
  endfacet
  facet normal 0 0 1
    outer loop
      vertex 37.862 27.5084 4.5
      vertex 37.2148 27.0381 4.5
      vertex 38.1357 25.7229 4.5
    endloop
  endfacet
  facet normal 0 0 1
    outer loop
      vertex 36.8789 28.813 4.5
      vertex 37.2148 27.0381 4.5
      vertex 37.862 27.5084 4.5
    endloop
  endfacet
  facet normal 0 0 1
    outer loop
      vertex 36.8789 28.813 4.5
      vertex 36.2485 28.3204 4.5
      vertex 37.2148 27.0381 4.5
    endloop
  endfacet
  facet normal 0 0 1
    outer loop
      vertex 35.8509 30.0825 4.5
      vertex 36.2485 28.3204 4.5
      vertex 36.8789 28.813 4.5
    endloop
  endfacet
  facet normal 0 0 1
    outer loop
      vertex 35.8509 30.0825 4.5
      vertex 35.238 29.5682 4.5
      vertex 36.2485 28.3204 4.5
    endloop
  endfacet
  facet normal 0 0 1
    outer loop
      vertex 34.7792 31.3153 4.5
      vertex 35.238 29.5682 4.5
      vertex 35.8509 30.0825 4.5
    endloop
  endfacet
  facet normal 0 0 1
    outer loop
      vertex 34.7792 31.3153 4.5
      vertex 34.1847 30.78 4.5
      vertex 35.238 29.5682 4.5
    endloop
  endfacet
  facet normal 0 0 1
    outer loop
      vertex 33.6651 32.51 4.5
      vertex 34.1847 30.78 4.5
      vertex 34.7792 31.3153 4.5
    endloop
  endfacet
  facet normal 0 0 1
    outer loop
      vertex 33.6651 32.51 4.5
      vertex 33.0896 31.9543 4.5
      vertex 34.1847 30.78 4.5
    endloop
  endfacet
  facet normal 0 0 1
    outer loop
      vertex 32.51 33.6651 4.5
      vertex 33.0896 31.9543 4.5
      vertex 33.6651 32.51 4.5
    endloop
  endfacet
  facet normal 0 0 1
    outer loop
      vertex 32.51 33.6651 4.5
      vertex 31.9543 33.0896 4.5
      vertex 33.0896 31.9543 4.5
    endloop
  endfacet
  facet normal 0 0 1
    outer loop
      vertex 31.3153 34.7792 4.5
      vertex 31.9543 33.0896 4.5
      vertex 32.51 33.6651 4.5
    endloop
  endfacet
  facet normal 0 0 1
    outer loop
      vertex 31.3153 34.7792 4.5
      vertex 30.78 34.1847 4.5
      vertex 31.9543 33.0896 4.5
    endloop
  endfacet
  facet normal 0 0 1
    outer loop
      vertex 30.0825 35.8509 4.5
      vertex 30.78 34.1847 4.5
      vertex 31.3153 34.7792 4.5
    endloop
  endfacet
  facet normal 0 0 1
    outer loop
      vertex 30.0825 35.8509 4.5
      vertex 29.5682 35.238 4.5
      vertex 30.78 34.1847 4.5
    endloop
  endfacet
  facet normal 0 0 1
    outer loop
      vertex 28.813 36.8789 4.5
      vertex 29.5682 35.238 4.5
      vertex 30.0825 35.8509 4.5
    endloop
  endfacet
  facet normal 0 0 1
    outer loop
      vertex 28.813 36.8789 4.5
      vertex 28.3204 36.2485 4.5
      vertex 29.5682 35.238 4.5
    endloop
  endfacet
  facet normal 0 0 1
    outer loop
      vertex 27.5084 37.862 4.5
      vertex 28.3204 36.2485 4.5
      vertex 28.813 36.8789 4.5
    endloop
  endfacet
  facet normal 0 0 1
    outer loop
      vertex 27.5084 37.862 4.5
      vertex 27.0381 37.2148 4.5
      vertex 28.3204 36.2485 4.5
    endloop
  endfacet
  facet normal 0 0 1
    outer loop
      vertex 26.1702 38.799 4.5
      vertex 27.0381 37.2148 4.5
      vertex 27.5084 37.862 4.5
    endloop
  endfacet
  facet normal 0 0 1
    outer loop
      vertex 26.1702 38.799 4.5
      vertex 25.7229 38.1357 4.5
      vertex 27.0381 37.2148 4.5
    endloop
  endfacet
  facet normal 0 0 1
    outer loop
      vertex 24.8002 39.6887 4.5
      vertex 25.7229 38.1357 4.5
      vertex 26.1702 38.799 4.5
    endloop
  endfacet
  facet normal 0 0 1
    outer loop
      vertex 24.8002 39.6887 4.5
      vertex 24.3763 39.0102 4.5
      vertex 25.7229 38.1357 4.5
    endloop
  endfacet
  facet normal 0 0 1
    outer loop
      vertex 23.4 40.53 4.5
      vertex 24.3763 39.0102 4.5
      vertex 24.8002 39.6887 4.5
    endloop
  endfacet
  facet normal 0 0 1
    outer loop
      vertex 23.4 40.53 4.5
      vertex 23 39.8372 4.5
      vertex 24.3763 39.0102 4.5
    endloop
  endfacet
  facet normal 0 0 1
    outer loop
      vertex 21.9713 41.3219 4.5
      vertex 23 39.8372 4.5
      vertex 23.4 40.53 4.5
    endloop
  endfacet
  facet normal 0 0 1
    outer loop
      vertex 21.9713 41.3219 4.5
      vertex 21.5957 40.6156 4.5
      vertex 23 39.8372 4.5
    endloop
  endfacet
  facet normal 0 0 1
    outer loop
      vertex 20.5158 42.0636 4.5
      vertex 21.5957 40.6156 4.5
      vertex 21.9713 41.3219 4.5
    endloop
  endfacet
  facet normal 0 0 1
    outer loop
      vertex 20.5158 42.0636 4.5
      vertex 20.1651 41.3445 4.5
      vertex 21.5957 40.6156 4.5
    endloop
  endfacet
  facet normal 0 0 1
    outer loop
      vertex 19.0353 42.7539 4.5
      vertex 20.1651 41.3445 4.5
      vertex 20.5158 42.0636 4.5
    endloop
  endfacet
  facet normal 0 0 1
    outer loop
      vertex 19.0353 42.7539 4.5
      vertex 18.7099 42.0231 4.5
      vertex 20.1651 41.3445 4.5
    endloop
  endfacet
  facet normal 0 0 1
    outer loop
      vertex 17.5316 43.3922 4.5
      vertex 18.7099 42.0231 4.5
      vertex 19.0353 42.7539 4.5
    endloop
  endfacet
  facet normal 0 0 1
    outer loop
      vertex 17.5316 43.3922 4.5
      vertex 17.2319 42.6505 4.5
      vertex 18.7099 42.0231 4.5
    endloop
  endfacet
  facet normal 0 0 1
    outer loop
      vertex 16.0065 43.9776 4.5
      vertex 17.2319 42.6505 4.5
      vertex 17.5316 43.3922 4.5
    endloop
  endfacet
  facet normal 0 0 1
    outer loop
      vertex 16.0065 43.9776 4.5
      vertex 15.7329 43.2259 4.5
      vertex 17.2319 42.6505 4.5
    endloop
  endfacet
  facet normal 0 0 1
    outer loop
      vertex 14.462 44.5094 4.5
      vertex 15.7329 43.2259 4.5
      vertex 16.0065 43.9776 4.5
    endloop
  endfacet
  facet normal 0 0 1
    outer loop
      vertex 14.462 44.5094 4.5
      vertex 14.2148 43.7486 4.5
      vertex 15.7329 43.2259 4.5
    endloop
  endfacet
  facet normal 0 0 1
    outer loop
      vertex 12.8998 44.987 4.5
      vertex 14.2148 43.7486 4.5
      vertex 14.462 44.5094 4.5
    endloop
  endfacet
  facet normal 0 0 1
    outer loop
      vertex 12.8998 44.987 4.5
      vertex 12.6793 44.218 4.5
      vertex 14.2148 43.7486 4.5
    endloop
  endfacet
  facet normal 0 0 1
    outer loop
      vertex 11.3219 45.4098 4.5
      vertex 12.6793 44.218 4.5
      vertex 12.8998 44.987 4.5
    endloop
  endfacet
  facet normal 0 0 1
    outer loop
      vertex 11.3219 45.4098 4.5
      vertex 11.1284 44.6336 4.5
      vertex 12.6793 44.218 4.5
    endloop
  endfacet
  facet normal 0 0 1
    outer loop
      vertex 9.73027 45.7773 4.5
      vertex 11.1284 44.6336 4.5
      vertex 11.3219 45.4098 4.5
    endloop
  endfacet
  facet normal 0 0 1
    outer loop
      vertex 9.73027 45.7773 4.5
      vertex 9.56394 44.9948 4.5
      vertex 11.1284 44.6336 4.5
    endloop
  endfacet
  facet normal 0 0 1
    outer loop
      vertex 8.12673 46.089 4.5
      vertex 9.56394 44.9948 4.5
      vertex 9.73027 45.7773 4.5
    endloop
  endfacet
  facet normal 0 0 1
    outer loop
      vertex 8.12673 46.089 4.5
      vertex 7.98782 45.3012 4.5
      vertex 9.56394 44.9948 4.5
    endloop
  endfacet
  facet normal 0 0 1
    outer loop
      vertex 6.5133 46.3445 4.5
      vertex 7.98782 45.3012 4.5
      vertex 8.12673 46.089 4.5
    endloop
  endfacet
  facet normal 0 0 1
    outer loop
      vertex 6.5133 46.3445 4.5
      vertex 6.40196 45.5523 4.5
      vertex 7.98782 45.3012 4.5
    endloop
  endfacet
  facet normal 0 0 1
    outer loop
      vertex 4.89193 46.5436 4.5
      vertex 6.40196 45.5523 4.5
      vertex 6.5133 46.3445 4.5
    endloop
  endfacet
  facet normal 0 0 1
    outer loop
      vertex 4.89193 46.5436 4.5
      vertex 4.80831 45.748 4.5
      vertex 6.40196 45.5523 4.5
    endloop
  endfacet
  facet normal 0 0 1
    outer loop
      vertex 3.2646 46.686 4.5
      vertex 4.80831 45.748 4.5
      vertex 4.89193 46.5436 4.5
    endloop
  endfacet
  facet normal 0 0 1
    outer loop
      vertex 3.2646 46.686 4.5
      vertex 3.2088 45.8879 4.5
      vertex 4.80831 45.748 4.5
    endloop
  endfacet
  facet normal 0 0 1
    outer loop
      vertex 1.6333 46.7715 4.5
      vertex 3.2088 45.8879 4.5
      vertex 3.2646 46.686 4.5
    endloop
  endfacet
  facet normal 0 0 1
    outer loop
      vertex 1.6333 46.7715 4.5
      vertex 1.60538 45.972 4.5
      vertex 3.2088 45.8879 4.5
    endloop
  endfacet
  facet normal 0 0 1
    outer loop
      vertex 0 46.8 4.5
      vertex 1.60538 45.972 4.5
      vertex 1.6333 46.7715 4.5
    endloop
  endfacet
  facet normal 0 0 1
    outer loop
      vertex 0 46.8 4.5
      vertex 0 46 4.5
      vertex 1.60538 45.972 4.5
    endloop
  endfacet
  facet normal 0 0 1
    outer loop
      vertex 0 46.8 4.5
      vertex -1.60538 45.972 4.5
      vertex 0 46 4.5
    endloop
  endfacet
  facet normal -0 0 1
    outer loop
      vertex -1.6333 46.7715 4.5
      vertex -1.60538 45.972 4.5
      vertex 0 46.8 4.5
    endloop
  endfacet
  facet normal 0 0 1
    outer loop
      vertex -1.6333 46.7715 4.5
      vertex -3.2088 45.8879 4.5
      vertex -1.60538 45.972 4.5
    endloop
  endfacet
  facet normal -0 0 1
    outer loop
      vertex -3.2646 46.686 4.5
      vertex -3.2088 45.8879 4.5
      vertex -1.6333 46.7715 4.5
    endloop
  endfacet
  facet normal 0 0 1
    outer loop
      vertex -3.2646 46.686 4.5
      vertex -4.80831 45.748 4.5
      vertex -3.2088 45.8879 4.5
    endloop
  endfacet
  facet normal -0 0 1
    outer loop
      vertex -4.89193 46.5436 4.5
      vertex -4.80831 45.748 4.5
      vertex -3.2646 46.686 4.5
    endloop
  endfacet
  facet normal 0 0 1
    outer loop
      vertex -4.89193 46.5436 4.5
      vertex -6.40196 45.5523 4.5
      vertex -4.80831 45.748 4.5
    endloop
  endfacet
  facet normal -0 0 1
    outer loop
      vertex -6.5133 46.3445 4.5
      vertex -6.40196 45.5523 4.5
      vertex -4.89193 46.5436 4.5
    endloop
  endfacet
  facet normal 0 0 1
    outer loop
      vertex -6.5133 46.3445 4.5
      vertex -7.98782 45.3012 4.5
      vertex -6.40196 45.5523 4.5
    endloop
  endfacet
  facet normal -0 0 1
    outer loop
      vertex -8.12673 46.089 4.5
      vertex -7.98782 45.3012 4.5
      vertex -6.5133 46.3445 4.5
    endloop
  endfacet
  facet normal 0 0 1
    outer loop
      vertex -8.12673 46.089 4.5
      vertex -9.56394 44.9948 4.5
      vertex -7.98782 45.3012 4.5
    endloop
  endfacet
  facet normal -0 0 1
    outer loop
      vertex -9.73027 45.7773 4.5
      vertex -9.56394 44.9948 4.5
      vertex -8.12673 46.089 4.5
    endloop
  endfacet
  facet normal 0 0 1
    outer loop
      vertex -9.73027 45.7773 4.5
      vertex -11.1284 44.6336 4.5
      vertex -9.56394 44.9948 4.5
    endloop
  endfacet
  facet normal -0 0 1
    outer loop
      vertex -11.3219 45.4098 4.5
      vertex -11.1284 44.6336 4.5
      vertex -9.73027 45.7773 4.5
    endloop
  endfacet
  facet normal 0 0 1
    outer loop
      vertex -11.3219 45.4098 4.5
      vertex -12.6793 44.218 4.5
      vertex -11.1284 44.6336 4.5
    endloop
  endfacet
  facet normal -0 0 1
    outer loop
      vertex -12.8998 44.987 4.5
      vertex -12.6793 44.218 4.5
      vertex -11.3219 45.4098 4.5
    endloop
  endfacet
  facet normal 0 0 1
    outer loop
      vertex -12.8998 44.987 4.5
      vertex -14.2148 43.7486 4.5
      vertex -12.6793 44.218 4.5
    endloop
  endfacet
  facet normal -0 0 1
    outer loop
      vertex -14.462 44.5094 4.5
      vertex -14.2148 43.7486 4.5
      vertex -12.8998 44.987 4.5
    endloop
  endfacet
  facet normal 0 0 1
    outer loop
      vertex -14.462 44.5094 4.5
      vertex -15.7329 43.2259 4.5
      vertex -14.2148 43.7486 4.5
    endloop
  endfacet
  facet normal -0 0 1
    outer loop
      vertex -16.0065 43.9776 4.5
      vertex -15.7329 43.2259 4.5
      vertex -14.462 44.5094 4.5
    endloop
  endfacet
  facet normal 0 0 1
    outer loop
      vertex -16.0065 43.9776 4.5
      vertex -17.2319 42.6505 4.5
      vertex -15.7329 43.2259 4.5
    endloop
  endfacet
  facet normal -0 0 1
    outer loop
      vertex -17.5316 43.3922 4.5
      vertex -17.2319 42.6505 4.5
      vertex -16.0065 43.9776 4.5
    endloop
  endfacet
  facet normal 0 0 1
    outer loop
      vertex -17.5316 43.3922 4.5
      vertex -18.7099 42.0231 4.5
      vertex -17.2319 42.6505 4.5
    endloop
  endfacet
  facet normal -0 0 1
    outer loop
      vertex -19.0353 42.7539 4.5
      vertex -18.7099 42.0231 4.5
      vertex -17.5316 43.3922 4.5
    endloop
  endfacet
  facet normal 0 0 1
    outer loop
      vertex -19.0353 42.7539 4.5
      vertex -20.1651 41.3445 4.5
      vertex -18.7099 42.0231 4.5
    endloop
  endfacet
  facet normal -0 0 1
    outer loop
      vertex -20.5158 42.0636 4.5
      vertex -20.1651 41.3445 4.5
      vertex -19.0353 42.7539 4.5
    endloop
  endfacet
  facet normal 0 0 1
    outer loop
      vertex -20.5158 42.0636 4.5
      vertex -21.5957 40.6156 4.5
      vertex -20.1651 41.3445 4.5
    endloop
  endfacet
  facet normal -0 0 1
    outer loop
      vertex -21.9713 41.3219 4.5
      vertex -21.5957 40.6156 4.5
      vertex -20.5158 42.0636 4.5
    endloop
  endfacet
  facet normal 0 0 1
    outer loop
      vertex -21.9713 41.3219 4.5
      vertex -23 39.8372 4.5
      vertex -21.5957 40.6156 4.5
    endloop
  endfacet
  facet normal -0 0 1
    outer loop
      vertex -23.4 40.53 4.5
      vertex -23 39.8372 4.5
      vertex -21.9713 41.3219 4.5
    endloop
  endfacet
  facet normal 0 0 1
    outer loop
      vertex -23.4 40.53 4.5
      vertex -24.3763 39.0102 4.5
      vertex -23 39.8372 4.5
    endloop
  endfacet
  facet normal -0 0 1
    outer loop
      vertex -24.8002 39.6887 4.5
      vertex -24.3763 39.0102 4.5
      vertex -23.4 40.53 4.5
    endloop
  endfacet
  facet normal 0 0 1
    outer loop
      vertex -24.8002 39.6887 4.5
      vertex -25.7229 38.1357 4.5
      vertex -24.3763 39.0102 4.5
    endloop
  endfacet
  facet normal -0 0 1
    outer loop
      vertex -26.1702 38.799 4.5
      vertex -25.7229 38.1357 4.5
      vertex -24.8002 39.6887 4.5
    endloop
  endfacet
  facet normal 0 0 1
    outer loop
      vertex -26.1702 38.799 4.5
      vertex -27.0381 37.2148 4.5
      vertex -25.7229 38.1357 4.5
    endloop
  endfacet
  facet normal -0 0 1
    outer loop
      vertex -27.5084 37.862 4.5
      vertex -27.0381 37.2148 4.5
      vertex -26.1702 38.799 4.5
    endloop
  endfacet
  facet normal 0 0 1
    outer loop
      vertex -27.5084 37.862 4.5
      vertex -28.3204 36.2485 4.5
      vertex -27.0381 37.2148 4.5
    endloop
  endfacet
  facet normal -0 0 1
    outer loop
      vertex -28.813 36.8789 4.5
      vertex -28.3204 36.2485 4.5
      vertex -27.5084 37.862 4.5
    endloop
  endfacet
  facet normal 0 0 1
    outer loop
      vertex -28.813 36.8789 4.5
      vertex -29.5682 35.238 4.5
      vertex -28.3204 36.2485 4.5
    endloop
  endfacet
  facet normal -0 0 1
    outer loop
      vertex -30.0825 35.8509 4.5
      vertex -29.5682 35.238 4.5
      vertex -28.813 36.8789 4.5
    endloop
  endfacet
  facet normal 0 0 1
    outer loop
      vertex -30.0825 35.8509 4.5
      vertex -30.78 34.1847 4.5
      vertex -29.5682 35.238 4.5
    endloop
  endfacet
  facet normal -0 0 1
    outer loop
      vertex -31.3153 34.7792 4.5
      vertex -30.78 34.1847 4.5
      vertex -30.0825 35.8509 4.5
    endloop
  endfacet
  facet normal 0 0 1
    outer loop
      vertex -31.3153 34.7792 4.5
      vertex -31.9543 33.0896 4.5
      vertex -30.78 34.1847 4.5
    endloop
  endfacet
  facet normal -0 0 1
    outer loop
      vertex -32.51 33.6651 4.5
      vertex -31.9543 33.0896 4.5
      vertex -31.3153 34.7792 4.5
    endloop
  endfacet
  facet normal 0 0 1
    outer loop
      vertex -32.51 33.6651 4.5
      vertex -33.0896 31.9543 4.5
      vertex -31.9543 33.0896 4.5
    endloop
  endfacet
  facet normal -0 0 1
    outer loop
      vertex -33.6651 32.51 4.5
      vertex -33.0896 31.9543 4.5
      vertex -32.51 33.6651 4.5
    endloop
  endfacet
  facet normal 0 0 1
    outer loop
      vertex -33.6651 32.51 4.5
      vertex -34.1847 30.78 4.5
      vertex -33.0896 31.9543 4.5
    endloop
  endfacet
  facet normal -0 0 1
    outer loop
      vertex -34.7792 31.3153 4.5
      vertex -34.1847 30.78 4.5
      vertex -33.6651 32.51 4.5
    endloop
  endfacet
  facet normal 0 0 1
    outer loop
      vertex -34.7792 31.3153 4.5
      vertex -35.238 29.5682 4.5
      vertex -34.1847 30.78 4.5
    endloop
  endfacet
  facet normal -0 0 1
    outer loop
      vertex -35.8509 30.0825 4.5
      vertex -35.238 29.5682 4.5
      vertex -34.7792 31.3153 4.5
    endloop
  endfacet
  facet normal 0 0 1
    outer loop
      vertex -35.8509 30.0825 4.5
      vertex -36.2485 28.3204 4.5
      vertex -35.238 29.5682 4.5
    endloop
  endfacet
  facet normal -0 0 1
    outer loop
      vertex -36.8789 28.813 4.5
      vertex -36.2485 28.3204 4.5
      vertex -35.8509 30.0825 4.5
    endloop
  endfacet
  facet normal 0 0 1
    outer loop
      vertex -36.8789 28.813 4.5
      vertex -37.2148 27.0381 4.5
      vertex -36.2485 28.3204 4.5
    endloop
  endfacet
  facet normal -0 0 1
    outer loop
      vertex -37.862 27.5084 4.5
      vertex -37.2148 27.0381 4.5
      vertex -36.8789 28.813 4.5
    endloop
  endfacet
  facet normal 0 0 1
    outer loop
      vertex -37.862 27.5084 4.5
      vertex -38.1357 25.7229 4.5
      vertex -37.2148 27.0381 4.5
    endloop
  endfacet
  facet normal -0 0 1
    outer loop
      vertex -38.799 26.1702 4.5
      vertex -38.1357 25.7229 4.5
      vertex -37.862 27.5084 4.5
    endloop
  endfacet
  facet normal 0 0 1
    outer loop
      vertex -38.799 26.1702 4.5
      vertex -39.0102 24.3763 4.5
      vertex -38.1357 25.7229 4.5
    endloop
  endfacet
  facet normal -0 0 1
    outer loop
      vertex -39.6887 24.8002 4.5
      vertex -39.0102 24.3763 4.5
      vertex -38.799 26.1702 4.5
    endloop
  endfacet
  facet normal 0 0 1
    outer loop
      vertex -39.6887 24.8002 4.5
      vertex -39.8372 23 4.5
      vertex -39.0102 24.3763 4.5
    endloop
  endfacet
  facet normal -0 0 1
    outer loop
      vertex -40.53 23.4 4.5
      vertex -39.8372 23 4.5
      vertex -39.6887 24.8002 4.5
    endloop
  endfacet
  facet normal 0 0 1
    outer loop
      vertex -40.53 23.4 4.5
      vertex -40.6156 21.5957 4.5
      vertex -39.8372 23 4.5
    endloop
  endfacet
  facet normal -0 0 1
    outer loop
      vertex -41.3219 21.9713 4.5
      vertex -40.6156 21.5957 4.5
      vertex -40.53 23.4 4.5
    endloop
  endfacet
  facet normal 0 0 1
    outer loop
      vertex -41.3219 21.9713 4.5
      vertex -41.3445 20.1651 4.5
      vertex -40.6156 21.5957 4.5
    endloop
  endfacet
  facet normal -0 0 1
    outer loop
      vertex -42.0636 20.5158 4.5
      vertex -41.3445 20.1651 4.5
      vertex -41.3219 21.9713 4.5
    endloop
  endfacet
  facet normal 0 0 1
    outer loop
      vertex -41.3445 20.1651 4.5
      vertex -42.0636 20.5158 4.5
      vertex -42.0231 18.7099 4.5
    endloop
  endfacet
  facet normal -0 0 1
    outer loop
      vertex -42.7539 19.0353 4.5
      vertex -42.0231 18.7099 4.5
      vertex -42.0636 20.5158 4.5
    endloop
  endfacet
  facet normal 0 0 1
    outer loop
      vertex -42.0231 18.7099 4.5
      vertex -42.7539 19.0353 4.5
      vertex -42.6505 17.2319 4.5
    endloop
  endfacet
  facet normal -0 0 1
    outer loop
      vertex -43.3922 17.5316 4.5
      vertex -42.6505 17.2319 4.5
      vertex -42.7539 19.0353 4.5
    endloop
  endfacet
  facet normal 0 0 1
    outer loop
      vertex -42.6505 17.2319 4.5
      vertex -43.3922 17.5316 4.5
      vertex -43.2259 15.7329 4.5
    endloop
  endfacet
  facet normal -0 0 1
    outer loop
      vertex -43.9776 16.0065 4.5
      vertex -43.2259 15.7329 4.5
      vertex -43.3922 17.5316 4.5
    endloop
  endfacet
  facet normal 0 0 1
    outer loop
      vertex -43.2259 15.7329 4.5
      vertex -43.9776 16.0065 4.5
      vertex -43.7486 14.2148 4.5
    endloop
  endfacet
  facet normal -0 0 1
    outer loop
      vertex -44.5094 14.462 4.5
      vertex -43.7486 14.2148 4.5
      vertex -43.9776 16.0065 4.5
    endloop
  endfacet
  facet normal 0 0 1
    outer loop
      vertex -43.7486 14.2148 4.5
      vertex -44.5094 14.462 4.5
      vertex -44.218 12.6793 4.5
    endloop
  endfacet
  facet normal -0 0 1
    outer loop
      vertex -44.987 12.8998 4.5
      vertex -44.218 12.6793 4.5
      vertex -44.5094 14.462 4.5
    endloop
  endfacet
  facet normal 0 0 1
    outer loop
      vertex -44.218 12.6793 4.5
      vertex -44.987 12.8998 4.5
      vertex -44.6336 11.1284 4.5
    endloop
  endfacet
  facet normal -0 0 1
    outer loop
      vertex -45.4098 11.3219 4.5
      vertex -44.6336 11.1284 4.5
      vertex -44.987 12.8998 4.5
    endloop
  endfacet
  facet normal 0 0 1
    outer loop
      vertex -44.6336 11.1284 4.5
      vertex -45.4098 11.3219 4.5
      vertex -44.9948 9.56394 4.5
    endloop
  endfacet
  facet normal -0 0 1
    outer loop
      vertex -45.7773 9.73027 4.5
      vertex -44.9948 9.56394 4.5
      vertex -45.4098 11.3219 4.5
    endloop
  endfacet
  facet normal 0 0 1
    outer loop
      vertex -44.9948 9.56394 4.5
      vertex -45.7773 9.73027 4.5
      vertex -45.3012 7.98782 4.5
    endloop
  endfacet
  facet normal -0 0 1
    outer loop
      vertex -46.089 8.12673 4.5
      vertex -45.3012 7.98782 4.5
      vertex -45.7773 9.73027 4.5
    endloop
  endfacet
  facet normal 0 0 1
    outer loop
      vertex -45.3012 7.98782 4.5
      vertex -46.089 8.12673 4.5
      vertex -45.5523 6.40196 4.5
    endloop
  endfacet
  facet normal -0 0 1
    outer loop
      vertex -46.3445 6.5133 4.5
      vertex -45.5523 6.40196 4.5
      vertex -46.089 8.12673 4.5
    endloop
  endfacet
  facet normal 0 0 1
    outer loop
      vertex -45.5523 6.40196 4.5
      vertex -46.3445 6.5133 4.5
      vertex -45.748 4.80831 4.5
    endloop
  endfacet
  facet normal 0 0 1
    outer loop
      vertex -45.748 4.80831 4.5
      vertex -46.5436 4.89193 4.5
      vertex -45.8879 3.2088 4.5
    endloop
  endfacet
  facet normal -0 0 1
    outer loop
      vertex -46.5436 4.89193 4.5
      vertex -45.748 4.80831 4.5
      vertex -46.3445 6.5133 4.5
    endloop
  endfacet
  facet normal -0 0 1
    outer loop
      vertex 45.748 -4.80831 4.5
      vertex 46.5436 -4.89193 4.5
      vertex 45.8879 -3.2088 4.5
    endloop
  endfacet
  facet normal 0 0 1
    outer loop
      vertex 46.5436 -4.89193 4.5
      vertex 45.748 -4.80831 4.5
      vertex 46.3445 -6.5133 4.5
    endloop
  endfacet
  facet normal -0 0 1
    outer loop
      vertex 45.5523 -6.40196 4.5
      vertex 46.3445 -6.5133 4.5
      vertex 45.748 -4.80831 4.5
    endloop
  endfacet
  facet normal 0 0 1
    outer loop
      vertex 46.3445 -6.5133 4.5
      vertex 45.5523 -6.40196 4.5
      vertex 46.089 -8.12673 4.5
    endloop
  endfacet
  facet normal -0 0 1
    outer loop
      vertex 45.3012 -7.98782 4.5
      vertex 46.089 -8.12673 4.5
      vertex 45.5523 -6.40196 4.5
    endloop
  endfacet
  facet normal 0 0 1
    outer loop
      vertex 46.089 -8.12673 4.5
      vertex 45.3012 -7.98782 4.5
      vertex 45.7773 -9.73027 4.5
    endloop
  endfacet
  facet normal -0 0 1
    outer loop
      vertex 44.9948 -9.56394 4.5
      vertex 45.7773 -9.73027 4.5
      vertex 45.3012 -7.98782 4.5
    endloop
  endfacet
  facet normal 0 0 1
    outer loop
      vertex 45.7773 -9.73027 4.5
      vertex 44.9948 -9.56394 4.5
      vertex 45.4098 -11.3219 4.5
    endloop
  endfacet
  facet normal -0 0 1
    outer loop
      vertex 44.6336 -11.1284 4.5
      vertex 45.4098 -11.3219 4.5
      vertex 44.9948 -9.56394 4.5
    endloop
  endfacet
  facet normal 0 0 1
    outer loop
      vertex 45.4098 -11.3219 4.5
      vertex 44.6336 -11.1284 4.5
      vertex 44.987 -12.8998 4.5
    endloop
  endfacet
  facet normal -0 0 1
    outer loop
      vertex 44.218 -12.6793 4.5
      vertex 44.987 -12.8998 4.5
      vertex 44.6336 -11.1284 4.5
    endloop
  endfacet
  facet normal 0 0 1
    outer loop
      vertex 44.987 -12.8998 4.5
      vertex 44.218 -12.6793 4.5
      vertex 44.5094 -14.462 4.5
    endloop
  endfacet
  facet normal -0 0 1
    outer loop
      vertex 43.7486 -14.2148 4.5
      vertex 44.5094 -14.462 4.5
      vertex 44.218 -12.6793 4.5
    endloop
  endfacet
  facet normal 0 0 1
    outer loop
      vertex 44.5094 -14.462 4.5
      vertex 43.7486 -14.2148 4.5
      vertex 43.9776 -16.0065 4.5
    endloop
  endfacet
  facet normal -0 0 1
    outer loop
      vertex 43.2259 -15.7329 4.5
      vertex 43.9776 -16.0065 4.5
      vertex 43.7486 -14.2148 4.5
    endloop
  endfacet
  facet normal 0 0 1
    outer loop
      vertex 43.9776 -16.0065 4.5
      vertex 43.2259 -15.7329 4.5
      vertex 43.3922 -17.5316 4.5
    endloop
  endfacet
  facet normal -0 0 1
    outer loop
      vertex 42.6505 -17.2319 4.5
      vertex 43.3922 -17.5316 4.5
      vertex 43.2259 -15.7329 4.5
    endloop
  endfacet
  facet normal 0 0 1
    outer loop
      vertex 43.3922 -17.5316 4.5
      vertex 42.6505 -17.2319 4.5
      vertex 42.7539 -19.0353 4.5
    endloop
  endfacet
  facet normal -0 0 1
    outer loop
      vertex 42.0231 -18.7099 4.5
      vertex 42.7539 -19.0353 4.5
      vertex 42.6505 -17.2319 4.5
    endloop
  endfacet
  facet normal 0 0 1
    outer loop
      vertex 42.7539 -19.0353 4.5
      vertex 42.0231 -18.7099 4.5
      vertex 42.0636 -20.5158 4.5
    endloop
  endfacet
  facet normal -0 0 1
    outer loop
      vertex 41.3445 -20.1651 4.5
      vertex 42.0636 -20.5158 4.5
      vertex 42.0231 -18.7099 4.5
    endloop
  endfacet
  facet normal 0 0 1
    outer loop
      vertex 41.3445 -20.1651 4.5
      vertex 41.3219 -21.9713 4.5
      vertex 42.0636 -20.5158 4.5
    endloop
  endfacet
  facet normal -0 0 1
    outer loop
      vertex 40.6156 -21.5957 4.5
      vertex 41.3219 -21.9713 4.5
      vertex 41.3445 -20.1651 4.5
    endloop
  endfacet
  facet normal 0 0 1
    outer loop
      vertex 40.6156 -21.5957 4.5
      vertex 40.53 -23.4 4.5
      vertex 41.3219 -21.9713 4.5
    endloop
  endfacet
  facet normal -0 0 1
    outer loop
      vertex 39.8372 -23 4.5
      vertex 40.53 -23.4 4.5
      vertex 40.6156 -21.5957 4.5
    endloop
  endfacet
  facet normal 0 0 1
    outer loop
      vertex 39.8372 -23 4.5
      vertex 39.6887 -24.8002 4.5
      vertex 40.53 -23.4 4.5
    endloop
  endfacet
  facet normal -0 0 1
    outer loop
      vertex 39.0102 -24.3763 4.5
      vertex 39.6887 -24.8002 4.5
      vertex 39.8372 -23 4.5
    endloop
  endfacet
  facet normal 0 0 1
    outer loop
      vertex 39.0102 -24.3763 4.5
      vertex 38.799 -26.1702 4.5
      vertex 39.6887 -24.8002 4.5
    endloop
  endfacet
  facet normal -0 0 1
    outer loop
      vertex 38.1357 -25.7229 4.5
      vertex 38.799 -26.1702 4.5
      vertex 39.0102 -24.3763 4.5
    endloop
  endfacet
  facet normal 0 0 1
    outer loop
      vertex 38.1357 -25.7229 4.5
      vertex 37.862 -27.5084 4.5
      vertex 38.799 -26.1702 4.5
    endloop
  endfacet
  facet normal -0 0 1
    outer loop
      vertex 37.2148 -27.0381 4.5
      vertex 37.862 -27.5084 4.5
      vertex 38.1357 -25.7229 4.5
    endloop
  endfacet
  facet normal 0 0 1
    outer loop
      vertex 37.2148 -27.0381 4.5
      vertex 36.8789 -28.813 4.5
      vertex 37.862 -27.5084 4.5
    endloop
  endfacet
  facet normal -0 0 1
    outer loop
      vertex 36.2485 -28.3204 4.5
      vertex 36.8789 -28.813 4.5
      vertex 37.2148 -27.0381 4.5
    endloop
  endfacet
  facet normal 0 0 1
    outer loop
      vertex 36.2485 -28.3204 4.5
      vertex 35.8509 -30.0825 4.5
      vertex 36.8789 -28.813 4.5
    endloop
  endfacet
  facet normal -0 0 1
    outer loop
      vertex 35.238 -29.5682 4.5
      vertex 35.8509 -30.0825 4.5
      vertex 36.2485 -28.3204 4.5
    endloop
  endfacet
  facet normal 0 0 1
    outer loop
      vertex 35.238 -29.5682 4.5
      vertex 34.7792 -31.3153 4.5
      vertex 35.8509 -30.0825 4.5
    endloop
  endfacet
  facet normal -0 0 1
    outer loop
      vertex 34.1847 -30.78 4.5
      vertex 34.7792 -31.3153 4.5
      vertex 35.238 -29.5682 4.5
    endloop
  endfacet
  facet normal 0 0 1
    outer loop
      vertex 34.1847 -30.78 4.5
      vertex 33.6651 -32.51 4.5
      vertex 34.7792 -31.3153 4.5
    endloop
  endfacet
  facet normal -0 0 1
    outer loop
      vertex 33.0896 -31.9543 4.5
      vertex 33.6651 -32.51 4.5
      vertex 34.1847 -30.78 4.5
    endloop
  endfacet
  facet normal 0 0 1
    outer loop
      vertex 33.0896 -31.9543 4.5
      vertex 32.51 -33.6651 4.5
      vertex 33.6651 -32.51 4.5
    endloop
  endfacet
  facet normal -0 0 1
    outer loop
      vertex 31.9543 -33.0896 4.5
      vertex 32.51 -33.6651 4.5
      vertex 33.0896 -31.9543 4.5
    endloop
  endfacet
  facet normal 0 0 1
    outer loop
      vertex 31.9543 -33.0896 4.5
      vertex 31.3153 -34.7792 4.5
      vertex 32.51 -33.6651 4.5
    endloop
  endfacet
  facet normal -0 0 1
    outer loop
      vertex 30.78 -34.1847 4.5
      vertex 31.3153 -34.7792 4.5
      vertex 31.9543 -33.0896 4.5
    endloop
  endfacet
  facet normal 0 0 1
    outer loop
      vertex 30.78 -34.1847 4.5
      vertex 30.0825 -35.8509 4.5
      vertex 31.3153 -34.7792 4.5
    endloop
  endfacet
  facet normal -0 0 1
    outer loop
      vertex 29.5682 -35.238 4.5
      vertex 30.0825 -35.8509 4.5
      vertex 30.78 -34.1847 4.5
    endloop
  endfacet
  facet normal 0 0 1
    outer loop
      vertex 29.5682 -35.238 4.5
      vertex 28.813 -36.8789 4.5
      vertex 30.0825 -35.8509 4.5
    endloop
  endfacet
  facet normal -0 0 1
    outer loop
      vertex 28.3204 -36.2485 4.5
      vertex 28.813 -36.8789 4.5
      vertex 29.5682 -35.238 4.5
    endloop
  endfacet
  facet normal 0 0 1
    outer loop
      vertex 28.3204 -36.2485 4.5
      vertex 27.5084 -37.862 4.5
      vertex 28.813 -36.8789 4.5
    endloop
  endfacet
  facet normal -0 0 1
    outer loop
      vertex 27.0381 -37.2148 4.5
      vertex 27.5084 -37.862 4.5
      vertex 28.3204 -36.2485 4.5
    endloop
  endfacet
  facet normal 0 0 1
    outer loop
      vertex 27.0381 -37.2148 4.5
      vertex 26.1702 -38.799 4.5
      vertex 27.5084 -37.862 4.5
    endloop
  endfacet
  facet normal -0 0 1
    outer loop
      vertex 25.7229 -38.1357 4.5
      vertex 26.1702 -38.799 4.5
      vertex 27.0381 -37.2148 4.5
    endloop
  endfacet
  facet normal 0 0 1
    outer loop
      vertex 25.7229 -38.1357 4.5
      vertex 24.8002 -39.6887 4.5
      vertex 26.1702 -38.799 4.5
    endloop
  endfacet
  facet normal -0 0 1
    outer loop
      vertex 24.3763 -39.0102 4.5
      vertex 24.8002 -39.6887 4.5
      vertex 25.7229 -38.1357 4.5
    endloop
  endfacet
  facet normal 0 0 1
    outer loop
      vertex 24.3763 -39.0102 4.5
      vertex 23.4 -40.53 4.5
      vertex 24.8002 -39.6887 4.5
    endloop
  endfacet
  facet normal -0 0 1
    outer loop
      vertex 23 -39.8372 4.5
      vertex 23.4 -40.53 4.5
      vertex 24.3763 -39.0102 4.5
    endloop
  endfacet
  facet normal 0 0 1
    outer loop
      vertex 23 -39.8372 4.5
      vertex 21.9713 -41.3219 4.5
      vertex 23.4 -40.53 4.5
    endloop
  endfacet
  facet normal -0 0 1
    outer loop
      vertex 21.5957 -40.6156 4.5
      vertex 21.9713 -41.3219 4.5
      vertex 23 -39.8372 4.5
    endloop
  endfacet
  facet normal 0 0 1
    outer loop
      vertex 21.5957 -40.6156 4.5
      vertex 20.5158 -42.0636 4.5
      vertex 21.9713 -41.3219 4.5
    endloop
  endfacet
  facet normal -0 0 1
    outer loop
      vertex 20.1651 -41.3445 4.5
      vertex 20.5158 -42.0636 4.5
      vertex 21.5957 -40.6156 4.5
    endloop
  endfacet
  facet normal 0 0 1
    outer loop
      vertex 20.1651 -41.3445 4.5
      vertex 19.0353 -42.7539 4.5
      vertex 20.5158 -42.0636 4.5
    endloop
  endfacet
  facet normal -0 0 1
    outer loop
      vertex 18.7099 -42.0231 4.5
      vertex 19.0353 -42.7539 4.5
      vertex 20.1651 -41.3445 4.5
    endloop
  endfacet
  facet normal 0 0 1
    outer loop
      vertex 18.7099 -42.0231 4.5
      vertex 17.5316 -43.3922 4.5
      vertex 19.0353 -42.7539 4.5
    endloop
  endfacet
  facet normal -0 0 1
    outer loop
      vertex 17.2319 -42.6505 4.5
      vertex 17.5316 -43.3922 4.5
      vertex 18.7099 -42.0231 4.5
    endloop
  endfacet
  facet normal 0 0 1
    outer loop
      vertex 17.2319 -42.6505 4.5
      vertex 16.0065 -43.9776 4.5
      vertex 17.5316 -43.3922 4.5
    endloop
  endfacet
  facet normal -0 0 1
    outer loop
      vertex 15.7329 -43.2259 4.5
      vertex 16.0065 -43.9776 4.5
      vertex 17.2319 -42.6505 4.5
    endloop
  endfacet
  facet normal 0 0 1
    outer loop
      vertex 15.7329 -43.2259 4.5
      vertex 14.462 -44.5094 4.5
      vertex 16.0065 -43.9776 4.5
    endloop
  endfacet
  facet normal -0 0 1
    outer loop
      vertex 14.2148 -43.7486 4.5
      vertex 14.462 -44.5094 4.5
      vertex 15.7329 -43.2259 4.5
    endloop
  endfacet
  facet normal 0 0 1
    outer loop
      vertex 14.2148 -43.7486 4.5
      vertex 12.8998 -44.987 4.5
      vertex 14.462 -44.5094 4.5
    endloop
  endfacet
  facet normal -0 0 1
    outer loop
      vertex 12.6793 -44.218 4.5
      vertex 12.8998 -44.987 4.5
      vertex 14.2148 -43.7486 4.5
    endloop
  endfacet
  facet normal 0 0 1
    outer loop
      vertex 12.6793 -44.218 4.5
      vertex 11.3219 -45.4098 4.5
      vertex 12.8998 -44.987 4.5
    endloop
  endfacet
  facet normal -0 0 1
    outer loop
      vertex 11.1284 -44.6336 4.5
      vertex 11.3219 -45.4098 4.5
      vertex 12.6793 -44.218 4.5
    endloop
  endfacet
  facet normal 0 0 1
    outer loop
      vertex 11.1284 -44.6336 4.5
      vertex 9.73027 -45.7773 4.5
      vertex 11.3219 -45.4098 4.5
    endloop
  endfacet
  facet normal -0 0 1
    outer loop
      vertex 9.56394 -44.9948 4.5
      vertex 9.73027 -45.7773 4.5
      vertex 11.1284 -44.6336 4.5
    endloop
  endfacet
  facet normal 0 0 1
    outer loop
      vertex 9.56394 -44.9948 4.5
      vertex 8.12673 -46.089 4.5
      vertex 9.73027 -45.7773 4.5
    endloop
  endfacet
  facet normal -0 0 1
    outer loop
      vertex 7.98782 -45.3012 4.5
      vertex 8.12673 -46.089 4.5
      vertex 9.56394 -44.9948 4.5
    endloop
  endfacet
  facet normal 0 0 1
    outer loop
      vertex 7.98782 -45.3012 4.5
      vertex 6.5133 -46.3445 4.5
      vertex 8.12673 -46.089 4.5
    endloop
  endfacet
  facet normal -0 0 1
    outer loop
      vertex 6.40196 -45.5523 4.5
      vertex 6.5133 -46.3445 4.5
      vertex 7.98782 -45.3012 4.5
    endloop
  endfacet
  facet normal 0 0 1
    outer loop
      vertex 6.40196 -45.5523 4.5
      vertex 4.89193 -46.5436 4.5
      vertex 6.5133 -46.3445 4.5
    endloop
  endfacet
  facet normal -0 0 1
    outer loop
      vertex 4.80831 -45.748 4.5
      vertex 4.89193 -46.5436 4.5
      vertex 6.40196 -45.5523 4.5
    endloop
  endfacet
  facet normal 0 0 1
    outer loop
      vertex 4.80831 -45.748 4.5
      vertex 3.2646 -46.686 4.5
      vertex 4.89193 -46.5436 4.5
    endloop
  endfacet
  facet normal -0 0 1
    outer loop
      vertex 3.2088 -45.8879 4.5
      vertex 3.2646 -46.686 4.5
      vertex 4.80831 -45.748 4.5
    endloop
  endfacet
  facet normal 0 0 1
    outer loop
      vertex 3.2088 -45.8879 4.5
      vertex 1.6333 -46.7715 4.5
      vertex 3.2646 -46.686 4.5
    endloop
  endfacet
  facet normal -0 0 1
    outer loop
      vertex 1.60538 -45.972 4.5
      vertex 1.6333 -46.7715 4.5
      vertex 3.2088 -45.8879 4.5
    endloop
  endfacet
  facet normal -0 0 1
    outer loop
      vertex 0 -46 4.5
      vertex 1.6333 -46.7715 4.5
      vertex 1.60538 -45.972 4.5
    endloop
  endfacet
  facet normal 0 0 1
    outer loop
      vertex 0 -46 4.5
      vertex 0 -46.8 4.5
      vertex 1.6333 -46.7715 4.5
    endloop
  endfacet
  facet normal 0 0 1
    outer loop
      vertex -1.60538 -45.972 4.5
      vertex 0 -46.8 4.5
      vertex 0 -46 4.5
    endloop
  endfacet
  facet normal 0 0 1
    outer loop
      vertex -1.60538 -45.972 4.5
      vertex -1.6333 -46.7715 4.5
      vertex 0 -46.8 4.5
    endloop
  endfacet
  facet normal 0 0 1
    outer loop
      vertex -3.2088 -45.8879 4.5
      vertex -1.6333 -46.7715 4.5
      vertex -1.60538 -45.972 4.5
    endloop
  endfacet
  facet normal 0 0 1
    outer loop
      vertex -3.2088 -45.8879 4.5
      vertex -3.2646 -46.686 4.5
      vertex -1.6333 -46.7715 4.5
    endloop
  endfacet
  facet normal 0 0 1
    outer loop
      vertex -4.80831 -45.748 4.5
      vertex -3.2646 -46.686 4.5
      vertex -3.2088 -45.8879 4.5
    endloop
  endfacet
  facet normal 0 0 1
    outer loop
      vertex -4.80831 -45.748 4.5
      vertex -4.89193 -46.5436 4.5
      vertex -3.2646 -46.686 4.5
    endloop
  endfacet
  facet normal 0 0 1
    outer loop
      vertex -6.40196 -45.5523 4.5
      vertex -4.89193 -46.5436 4.5
      vertex -4.80831 -45.748 4.5
    endloop
  endfacet
  facet normal 0 0 1
    outer loop
      vertex -6.40196 -45.5523 4.5
      vertex -6.5133 -46.3445 4.5
      vertex -4.89193 -46.5436 4.5
    endloop
  endfacet
  facet normal 0 0 1
    outer loop
      vertex -7.98782 -45.3012 4.5
      vertex -6.5133 -46.3445 4.5
      vertex -6.40196 -45.5523 4.5
    endloop
  endfacet
  facet normal 0 0 1
    outer loop
      vertex -7.98782 -45.3012 4.5
      vertex -8.12673 -46.089 4.5
      vertex -6.5133 -46.3445 4.5
    endloop
  endfacet
  facet normal 0 0 1
    outer loop
      vertex -9.56394 -44.9948 4.5
      vertex -8.12673 -46.089 4.5
      vertex -7.98782 -45.3012 4.5
    endloop
  endfacet
  facet normal 0 0 1
    outer loop
      vertex -9.56394 -44.9948 4.5
      vertex -9.73027 -45.7773 4.5
      vertex -8.12673 -46.089 4.5
    endloop
  endfacet
  facet normal 0 0 1
    outer loop
      vertex -11.1284 -44.6336 4.5
      vertex -9.73027 -45.7773 4.5
      vertex -9.56394 -44.9948 4.5
    endloop
  endfacet
  facet normal 0 0 1
    outer loop
      vertex -11.1284 -44.6336 4.5
      vertex -11.3219 -45.4098 4.5
      vertex -9.73027 -45.7773 4.5
    endloop
  endfacet
  facet normal 0 0 1
    outer loop
      vertex -12.6793 -44.218 4.5
      vertex -11.3219 -45.4098 4.5
      vertex -11.1284 -44.6336 4.5
    endloop
  endfacet
  facet normal 0 0 1
    outer loop
      vertex -12.6793 -44.218 4.5
      vertex -12.8998 -44.987 4.5
      vertex -11.3219 -45.4098 4.5
    endloop
  endfacet
  facet normal 0 0 1
    outer loop
      vertex -14.2148 -43.7486 4.5
      vertex -12.8998 -44.987 4.5
      vertex -12.6793 -44.218 4.5
    endloop
  endfacet
  facet normal 0 0 1
    outer loop
      vertex -14.2148 -43.7486 4.5
      vertex -14.462 -44.5094 4.5
      vertex -12.8998 -44.987 4.5
    endloop
  endfacet
  facet normal 0 0 1
    outer loop
      vertex -15.7329 -43.2259 4.5
      vertex -14.462 -44.5094 4.5
      vertex -14.2148 -43.7486 4.5
    endloop
  endfacet
  facet normal 0 0 1
    outer loop
      vertex -15.7329 -43.2259 4.5
      vertex -16.0065 -43.9776 4.5
      vertex -14.462 -44.5094 4.5
    endloop
  endfacet
  facet normal 0 0 1
    outer loop
      vertex -17.2319 -42.6505 4.5
      vertex -16.0065 -43.9776 4.5
      vertex -15.7329 -43.2259 4.5
    endloop
  endfacet
  facet normal 0 0 1
    outer loop
      vertex -17.2319 -42.6505 4.5
      vertex -17.5316 -43.3922 4.5
      vertex -16.0065 -43.9776 4.5
    endloop
  endfacet
  facet normal 0 0 1
    outer loop
      vertex -18.7099 -42.0231 4.5
      vertex -17.5316 -43.3922 4.5
      vertex -17.2319 -42.6505 4.5
    endloop
  endfacet
  facet normal 0 0 1
    outer loop
      vertex -18.7099 -42.0231 4.5
      vertex -19.0353 -42.7539 4.5
      vertex -17.5316 -43.3922 4.5
    endloop
  endfacet
  facet normal 0 0 1
    outer loop
      vertex -20.1651 -41.3445 4.5
      vertex -19.0353 -42.7539 4.5
      vertex -18.7099 -42.0231 4.5
    endloop
  endfacet
  facet normal 0 0 1
    outer loop
      vertex -20.1651 -41.3445 4.5
      vertex -20.5158 -42.0636 4.5
      vertex -19.0353 -42.7539 4.5
    endloop
  endfacet
  facet normal 0 0 1
    outer loop
      vertex -21.5957 -40.6156 4.5
      vertex -20.5158 -42.0636 4.5
      vertex -20.1651 -41.3445 4.5
    endloop
  endfacet
  facet normal 0 0 1
    outer loop
      vertex -21.5957 -40.6156 4.5
      vertex -21.9713 -41.3219 4.5
      vertex -20.5158 -42.0636 4.5
    endloop
  endfacet
  facet normal 0 0 1
    outer loop
      vertex -23 -39.8372 4.5
      vertex -21.9713 -41.3219 4.5
      vertex -21.5957 -40.6156 4.5
    endloop
  endfacet
  facet normal 0 0 1
    outer loop
      vertex -23 -39.8372 4.5
      vertex -23.4 -40.53 4.5
      vertex -21.9713 -41.3219 4.5
    endloop
  endfacet
  facet normal 0 0 1
    outer loop
      vertex -24.3763 -39.0102 4.5
      vertex -23.4 -40.53 4.5
      vertex -23 -39.8372 4.5
    endloop
  endfacet
  facet normal 0 0 1
    outer loop
      vertex -24.3763 -39.0102 4.5
      vertex -24.8002 -39.6887 4.5
      vertex -23.4 -40.53 4.5
    endloop
  endfacet
  facet normal 0 0 1
    outer loop
      vertex -25.7229 -38.1357 4.5
      vertex -24.8002 -39.6887 4.5
      vertex -24.3763 -39.0102 4.5
    endloop
  endfacet
  facet normal 0 0 1
    outer loop
      vertex -25.7229 -38.1357 4.5
      vertex -26.1702 -38.799 4.5
      vertex -24.8002 -39.6887 4.5
    endloop
  endfacet
  facet normal 0 0 1
    outer loop
      vertex -27.0381 -37.2148 4.5
      vertex -26.1702 -38.799 4.5
      vertex -25.7229 -38.1357 4.5
    endloop
  endfacet
  facet normal 0 0 1
    outer loop
      vertex -27.0381 -37.2148 4.5
      vertex -27.5084 -37.862 4.5
      vertex -26.1702 -38.799 4.5
    endloop
  endfacet
  facet normal 0 0 1
    outer loop
      vertex -28.3204 -36.2485 4.5
      vertex -27.5084 -37.862 4.5
      vertex -27.0381 -37.2148 4.5
    endloop
  endfacet
  facet normal 0 0 1
    outer loop
      vertex -28.3204 -36.2485 4.5
      vertex -28.813 -36.8789 4.5
      vertex -27.5084 -37.862 4.5
    endloop
  endfacet
  facet normal 0 0 1
    outer loop
      vertex -29.5682 -35.238 4.5
      vertex -28.813 -36.8789 4.5
      vertex -28.3204 -36.2485 4.5
    endloop
  endfacet
  facet normal 0 0 1
    outer loop
      vertex -29.5682 -35.238 4.5
      vertex -30.0825 -35.8509 4.5
      vertex -28.813 -36.8789 4.5
    endloop
  endfacet
  facet normal 0 0 1
    outer loop
      vertex -30.78 -34.1847 4.5
      vertex -30.0825 -35.8509 4.5
      vertex -29.5682 -35.238 4.5
    endloop
  endfacet
  facet normal 0 0 1
    outer loop
      vertex -30.78 -34.1847 4.5
      vertex -31.3153 -34.7792 4.5
      vertex -30.0825 -35.8509 4.5
    endloop
  endfacet
  facet normal 0 0 1
    outer loop
      vertex -31.9543 -33.0896 4.5
      vertex -31.3153 -34.7792 4.5
      vertex -30.78 -34.1847 4.5
    endloop
  endfacet
  facet normal 0 0 1
    outer loop
      vertex -31.9543 -33.0896 4.5
      vertex -32.51 -33.6651 4.5
      vertex -31.3153 -34.7792 4.5
    endloop
  endfacet
  facet normal 0 0 1
    outer loop
      vertex -33.0896 -31.9543 4.5
      vertex -32.51 -33.6651 4.5
      vertex -31.9543 -33.0896 4.5
    endloop
  endfacet
  facet normal 0 0 1
    outer loop
      vertex -33.0896 -31.9543 4.5
      vertex -33.6651 -32.51 4.5
      vertex -32.51 -33.6651 4.5
    endloop
  endfacet
  facet normal 0 0 1
    outer loop
      vertex -34.1847 -30.78 4.5
      vertex -33.6651 -32.51 4.5
      vertex -33.0896 -31.9543 4.5
    endloop
  endfacet
  facet normal 0 0 1
    outer loop
      vertex -34.1847 -30.78 4.5
      vertex -34.7792 -31.3153 4.5
      vertex -33.6651 -32.51 4.5
    endloop
  endfacet
  facet normal 0 0 1
    outer loop
      vertex -35.238 -29.5682 4.5
      vertex -34.7792 -31.3153 4.5
      vertex -34.1847 -30.78 4.5
    endloop
  endfacet
  facet normal 0 0 1
    outer loop
      vertex -35.238 -29.5682 4.5
      vertex -35.8509 -30.0825 4.5
      vertex -34.7792 -31.3153 4.5
    endloop
  endfacet
  facet normal 0 0 1
    outer loop
      vertex -36.2485 -28.3204 4.5
      vertex -35.8509 -30.0825 4.5
      vertex -35.238 -29.5682 4.5
    endloop
  endfacet
  facet normal 0 0 1
    outer loop
      vertex -36.2485 -28.3204 4.5
      vertex -36.8789 -28.813 4.5
      vertex -35.8509 -30.0825 4.5
    endloop
  endfacet
  facet normal 0 0 1
    outer loop
      vertex -37.2148 -27.0381 4.5
      vertex -36.8789 -28.813 4.5
      vertex -36.2485 -28.3204 4.5
    endloop
  endfacet
  facet normal 0 0 1
    outer loop
      vertex -37.2148 -27.0381 4.5
      vertex -37.862 -27.5084 4.5
      vertex -36.8789 -28.813 4.5
    endloop
  endfacet
  facet normal 0 0 1
    outer loop
      vertex -38.1357 -25.7229 4.5
      vertex -37.862 -27.5084 4.5
      vertex -37.2148 -27.0381 4.5
    endloop
  endfacet
  facet normal 0 0 1
    outer loop
      vertex -38.1357 -25.7229 4.5
      vertex -38.799 -26.1702 4.5
      vertex -37.862 -27.5084 4.5
    endloop
  endfacet
  facet normal 0 0 1
    outer loop
      vertex -39.0102 -24.3763 4.5
      vertex -38.799 -26.1702 4.5
      vertex -38.1357 -25.7229 4.5
    endloop
  endfacet
  facet normal 0 0 1
    outer loop
      vertex -39.0102 -24.3763 4.5
      vertex -39.6887 -24.8002 4.5
      vertex -38.799 -26.1702 4.5
    endloop
  endfacet
  facet normal 0 0 1
    outer loop
      vertex -39.8372 -23 4.5
      vertex -39.6887 -24.8002 4.5
      vertex -39.0102 -24.3763 4.5
    endloop
  endfacet
  facet normal 0 0 1
    outer loop
      vertex -39.8372 -23 4.5
      vertex -40.53 -23.4 4.5
      vertex -39.6887 -24.8002 4.5
    endloop
  endfacet
  facet normal 0 0 1
    outer loop
      vertex -40.6156 -21.5957 4.5
      vertex -40.53 -23.4 4.5
      vertex -39.8372 -23 4.5
    endloop
  endfacet
  facet normal 0 0 1
    outer loop
      vertex -40.6156 -21.5957 4.5
      vertex -41.3219 -21.9713 4.5
      vertex -40.53 -23.4 4.5
    endloop
  endfacet
  facet normal 0 0 1
    outer loop
      vertex -41.3445 -20.1651 4.5
      vertex -41.3219 -21.9713 4.5
      vertex -40.6156 -21.5957 4.5
    endloop
  endfacet
  facet normal 0 0 1
    outer loop
      vertex -42.0636 -20.5158 4.5
      vertex -41.3445 -20.1651 4.5
      vertex -42.0231 -18.7099 4.5
    endloop
  endfacet
  facet normal 0 0 1
    outer loop
      vertex -41.3445 -20.1651 4.5
      vertex -42.0636 -20.5158 4.5
      vertex -41.3219 -21.9713 4.5
    endloop
  endfacet
  facet normal 0 0 1
    outer loop
      vertex -42.7539 -19.0353 4.5
      vertex -42.0231 -18.7099 4.5
      vertex -42.6505 -17.2319 4.5
    endloop
  endfacet
  facet normal 0 0 1
    outer loop
      vertex -42.0231 -18.7099 4.5
      vertex -42.7539 -19.0353 4.5
      vertex -42.0636 -20.5158 4.5
    endloop
  endfacet
  facet normal 0 0 1
    outer loop
      vertex -43.3922 -17.5316 4.5
      vertex -42.6505 -17.2319 4.5
      vertex -43.2259 -15.7329 4.5
    endloop
  endfacet
  facet normal 0 0 1
    outer loop
      vertex -42.6505 -17.2319 4.5
      vertex -43.3922 -17.5316 4.5
      vertex -42.7539 -19.0353 4.5
    endloop
  endfacet
  facet normal 0 0 1
    outer loop
      vertex -43.9776 -16.0065 4.5
      vertex -43.2259 -15.7329 4.5
      vertex -43.7486 -14.2148 4.5
    endloop
  endfacet
  facet normal 0 0 1
    outer loop
      vertex -43.2259 -15.7329 4.5
      vertex -43.9776 -16.0065 4.5
      vertex -43.3922 -17.5316 4.5
    endloop
  endfacet
  facet normal 0 0 1
    outer loop
      vertex -44.5094 -14.462 4.5
      vertex -43.7486 -14.2148 4.5
      vertex -44.218 -12.6793 4.5
    endloop
  endfacet
  facet normal 0 0 1
    outer loop
      vertex -43.7486 -14.2148 4.5
      vertex -44.5094 -14.462 4.5
      vertex -43.9776 -16.0065 4.5
    endloop
  endfacet
  facet normal 0 0 1
    outer loop
      vertex -44.987 -12.8998 4.5
      vertex -44.218 -12.6793 4.5
      vertex -44.6336 -11.1284 4.5
    endloop
  endfacet
  facet normal 0 0 1
    outer loop
      vertex -44.218 -12.6793 4.5
      vertex -44.987 -12.8998 4.5
      vertex -44.5094 -14.462 4.5
    endloop
  endfacet
  facet normal 0 0 1
    outer loop
      vertex -45.4098 -11.3219 4.5
      vertex -44.6336 -11.1284 4.5
      vertex -44.9948 -9.56394 4.5
    endloop
  endfacet
  facet normal 0 0 1
    outer loop
      vertex -45.7773 -9.73027 4.5
      vertex -44.9948 -9.56394 4.5
      vertex -45.3012 -7.98782 4.5
    endloop
  endfacet
  facet normal 0 0 1
    outer loop
      vertex -44.6336 -11.1284 4.5
      vertex -45.4098 -11.3219 4.5
      vertex -44.987 -12.8998 4.5
    endloop
  endfacet
  facet normal 0 0 1
    outer loop
      vertex -46.089 -8.12673 4.5
      vertex -45.3012 -7.98782 4.5
      vertex -45.5523 -6.40196 4.5
    endloop
  endfacet
  facet normal 0 0 1
    outer loop
      vertex -46.3445 -6.5133 4.5
      vertex -45.5523 -6.40196 4.5
      vertex -45.748 -4.80831 4.5
    endloop
  endfacet
  facet normal 0 0 1
    outer loop
      vertex -44.9948 -9.56394 4.5
      vertex -45.7773 -9.73027 4.5
      vertex -45.4098 -11.3219 4.5
    endloop
  endfacet
  facet normal 0 0 1
    outer loop
      vertex -46.5436 -4.89193 4.5
      vertex -45.748 -4.80831 4.5
      vertex -45.8879 -3.2088 4.5
    endloop
  endfacet
  facet normal 0 0 1
    outer loop
      vertex -46.686 -3.2646 4.5
      vertex -45.8879 -3.2088 4.5
      vertex -45.972 -1.60538 4.5
    endloop
  endfacet
  facet normal 0 0 1
    outer loop
      vertex -45.3012 -7.98782 4.5
      vertex -46.089 -8.12673 4.5
      vertex -45.7773 -9.73027 4.5
    endloop
  endfacet
  facet normal 0 0 1
    outer loop
      vertex -46.7715 -1.6333 4.5
      vertex -45.972 -1.60538 4.5
      vertex -46 0 4.5
    endloop
  endfacet
  facet normal -0 0 1
    outer loop
      vertex -46.686 3.2646 4.5
      vertex -45.8879 3.2088 4.5
      vertex -46.5436 4.89193 4.5
    endloop
  endfacet
  facet normal 0 0 1
    outer loop
      vertex -45.8879 3.2088 4.5
      vertex -46.686 3.2646 4.5
      vertex -45.972 1.60538 4.5
    endloop
  endfacet
  facet normal 0 0 1
    outer loop
      vertex -45.5523 -6.40196 4.5
      vertex -46.3445 -6.5133 4.5
      vertex -46.089 -8.12673 4.5
    endloop
  endfacet
  facet normal -0 0 1
    outer loop
      vertex -46.7715 1.6333 4.5
      vertex -45.972 1.60538 4.5
      vertex -46.686 3.2646 4.5
    endloop
  endfacet
  facet normal 0 0 1
    outer loop
      vertex -45.748 -4.80831 4.5
      vertex -46.5436 -4.89193 4.5
      vertex -46.3445 -6.5133 4.5
    endloop
  endfacet
  facet normal 0 0 1
    outer loop
      vertex -45.972 1.60538 4.5
      vertex -46.7715 1.6333 4.5
      vertex -46 0 4.5
    endloop
  endfacet
  facet normal 0 0 1
    outer loop
      vertex -45.8879 -3.2088 4.5
      vertex -46.686 -3.2646 4.5
      vertex -46.5436 -4.89193 4.5
    endloop
  endfacet
  facet normal 0 0 1
    outer loop
      vertex -46.8 0 4.5
      vertex -46 0 4.5
      vertex -46.7715 1.6333 4.5
    endloop
  endfacet
  facet normal 0 0 1
    outer loop
      vertex -45.972 -1.60538 4.5
      vertex -46.7715 -1.6333 4.5
      vertex -46.686 -3.2646 4.5
    endloop
  endfacet
  facet normal 0 0 1
    outer loop
      vertex -46 0 4.5
      vertex -46.8 0 4.5
      vertex -46.7715 -1.6333 4.5
    endloop
  endfacet
  facet normal -0.920509 0.390722 0
    outer loop
      vertex -46.3592 18.7303 0
      vertex -45.6773 20.3368 4.5
      vertex -45.6773 20.3368 0
    endloop
  endfacet
  facet normal -0.920509 0.390722 0
    outer loop
      vertex -45.6773 20.3368 4.5
      vertex -46.3592 18.7303 0
      vertex -46.3592 18.7303 4.5
    endloop
  endfacet
  facet normal 0.981628 -0.190803 0
    outer loop
      vertex 48.9074 -10.3956 4.5
      vertex 49.2404 -8.68241 0
      vertex 49.2404 -8.68241 4.5
    endloop
  endfacet
  facet normal 0.981628 -0.190803 0
    outer loop
      vertex 49.2404 -8.68241 0
      vertex 48.9074 -10.3956 4.5
      vertex 48.9074 -10.3956 0
    endloop
  endfacet
  facet normal 0.94552 -0.325563 0
    outer loop
      vertex 46.9846 -17.101 4.5
      vertex 47.5528 -15.4508 0
      vertex 47.5528 -15.4508 4.5
    endloop
  endfacet
  facet normal 0.94552 -0.325563 0
    outer loop
      vertex 47.5528 -15.4508 0
      vertex 46.9846 -17.101 4.5
      vertex 46.9846 -17.101 0
    endloop
  endfacet
  facet normal 0.956294 -0.292406 0
    outer loop
      vertex 47.5528 -15.4508 4.5
      vertex 48.0631 -13.7819 0
      vertex 48.0631 -13.7819 4.5
    endloop
  endfacet
  facet normal 0.956294 -0.292406 0
    outer loop
      vertex 48.0631 -13.7819 0
      vertex 47.5528 -15.4508 4.5
      vertex 47.5528 -15.4508 0
    endloop
  endfacet
  facet normal 0.874619 -0.484811 0
    outer loop
      vertex 43.3013 -25 4.5
      vertex 44.1474 -23.4736 0
      vertex 44.1474 -23.4736 4.5
    endloop
  endfacet
  facet normal 0.874619 -0.484811 0
    outer loop
      vertex 44.1474 -23.4736 0
      vertex 43.3013 -25 4.5
      vertex 43.3013 -25 0
    endloop
  endfacet
  facet normal 0.891009 -0.453985 0
    outer loop
      vertex 44.1474 -23.4736 4.5
      vertex 44.9397 -21.9186 0
      vertex 44.9397 -21.9186 4.5
    endloop
  endfacet
  facet normal 0.891009 -0.453985 0
    outer loop
      vertex 44.9397 -21.9186 0
      vertex 44.1474 -23.4736 4.5
      vertex 44.1474 -23.4736 0
    endloop
  endfacet
  facet normal 0.857164 -0.515043 0
    outer loop
      vertex 42.4024 -26.496 4.5
      vertex 43.3013 -25 0
      vertex 43.3013 -25 4.5
    endloop
  endfacet
  facet normal 0.857164 -0.515043 0
    outer loop
      vertex 43.3013 -25 0
      vertex 42.4024 -26.496 4.5
      vertex 42.4024 -26.496 0
    endloop
  endfacet
  facet normal 0.731371 -0.681979 0
    outer loop
      vertex 35.967 -34.7329 4.5
      vertex 37.1572 -33.4565 0
      vertex 37.1572 -33.4565 4.5
    endloop
  endfacet
  facet normal 0.731371 -0.681979 0
    outer loop
      vertex 37.1572 -33.4565 0
      vertex 35.967 -34.7329 4.5
      vertex 35.967 -34.7329 0
    endloop
  endfacet
  facet normal 0.707107 -0.707107 0
    outer loop
      vertex 34.7329 -35.967 4.5
      vertex 35.967 -34.7329 0
      vertex 35.967 -34.7329 4.5
    endloop
  endfacet
  facet normal 0.707107 -0.707107 0
    outer loop
      vertex 35.967 -34.7329 0
      vertex 34.7329 -35.967 4.5
      vertex 34.7329 -35.967 0
    endloop
  endfacet
  facet normal 0.629317 -0.777149 0
    outer loop
      vertex 30.7831 -39.4005 0
      vertex 32.1394 -38.3022 4.5
      vertex 30.7831 -39.4005 4.5
    endloop
  endfacet
  facet normal 0.629317 -0.777149 0
    outer loop
      vertex 32.1394 -38.3022 4.5
      vertex 30.7831 -39.4005 0
      vertex 32.1394 -38.3022 0
    endloop
  endfacet
  facet normal 0.656079 -0.754692 0
    outer loop
      vertex 32.1394 -38.3022 0
      vertex 33.4565 -37.1572 4.5
      vertex 32.1394 -38.3022 4.5
    endloop
  endfacet
  facet normal 0.656079 -0.754692 0
    outer loop
      vertex 33.4565 -37.1572 4.5
      vertex 32.1394 -38.3022 0
      vertex 33.4565 -37.1572 0
    endloop
  endfacet
  facet normal 0.573543 -0.819175 0
    outer loop
      vertex 27.9596 -41.4519 0
      vertex 29.3893 -40.4509 4.5
      vertex 27.9596 -41.4519 4.5
    endloop
  endfacet
  facet normal 0.573543 -0.819175 0
    outer loop
      vertex 29.3893 -40.4509 4.5
      vertex 27.9596 -41.4519 0
      vertex 29.3893 -40.4509 0
    endloop
  endfacet
  facet normal 0.453985 -0.891009 0
    outer loop
      vertex 21.9186 -44.9397 0
      vertex 23.4736 -44.1474 4.5
      vertex 21.9186 -44.9397 4.5
    endloop
  endfacet
  facet normal 0.453985 -0.891009 0
    outer loop
      vertex 23.4736 -44.1474 4.5
      vertex 21.9186 -44.9397 0
      vertex 23.4736 -44.1474 0
    endloop
  endfacet
  facet normal 0.484811 -0.874619 -0.000101456
    outer loop
      vertex 24.5408 -43.5558 4.15933
      vertex 25 -43.3013 4.5
      vertex 23.4736 -44.1474 4.5
    endloop
  endfacet
  facet normal 0.447214 -0.894427 0
    outer loop
      vertex 25 -43.3013 4.5
      vertex 24.9984 -43.3021 4.29976
      vertex 25 -43.3013 4.3
    endloop
  endfacet
  facet normal 0.484932 -0.874552 -0.000380789
    outer loop
      vertex 25 -43.3013 4.5
      vertex 24.7623 -43.433 4.26422
      vertex 24.9984 -43.3021 4.29976
    endloop
  endfacet
  facet normal 0.486569 -0.873638 -0.0025417
    outer loop
      vertex 25 -43.3013 4.5
      vertex 24.7605 -43.434 4.26336
      vertex 24.7623 -43.433 4.26422
    endloop
  endfacet
  facet normal 0.485063 -0.874479 -0.000546173
    outer loop
      vertex 25 -43.3013 4.5
      vertex 24.5408 -43.5558 4.15933
      vertex 24.7605 -43.434 4.26336
    endloop
  endfacet
  facet normal 0.484809 -0.87462 -0.000109794
    outer loop
      vertex 23.4736 -44.1474 4.5
      vertex 24.3526 -43.6601 3.99428
      vertex 24.5408 -43.5558 4.15933
    endloop
  endfacet
  facet normal 0.489362 -0.87202 0.0103098
    outer loop
      vertex 23.4736 -44.1474 4.5
      vertex 24.3505 -43.6613 3.99246
      vertex 24.3526 -43.6601 3.99428
    endloop
  endfacet
  facet normal 0.486359 -0.873752 0.00346137
    outer loop
      vertex 23.4736 -44.1474 4.5
      vertex 24.3489 -43.6622 3.99009
      vertex 24.3505 -43.6613 3.99246
    endloop
  endfacet
  facet normal 0.484834 -0.874606 3.21988e-05
    outer loop
      vertex 23.4736 -44.1474 4.5
      vertex 24.2046 -43.7422 3.775
      vertex 24.3489 -43.6622 3.99009
    endloop
  endfacet
  facet normal 0.48477 -0.874642 -5.25151e-05
    outer loop
      vertex 23.4736 -44.1474 4.5
      vertex 24.114 -43.7924 3.52492
      vertex 24.2046 -43.7422 3.775
    endloop
  endfacet
  facet normal 0.471311 -0.881892 -0.0115312
    outer loop
      vertex 23.4736 -44.1474 4.5
      vertex 24.1128 -43.793 3.52176
      vertex 24.114 -43.7924 3.52492
    endloop
  endfacet
  facet normal 0.504457 -0.863272 0.0168727
    outer loop
      vertex 23.4736 -44.1474 4.5
      vertex 24.1124 -43.7933 3.51837
      vertex 24.1128 -43.793 3.52176
    endloop
  endfacet
  facet normal 0.484725 -0.874667 -7.89409e-05
    outer loop
      vertex 23.4736 -44.1474 4.5
      vertex 24.0815 -43.8104 3.25
      vertex 24.1124 -43.7933 3.51837
    endloop
  endfacet
  facet normal 0.48505 -0.874486 0.000127889
    outer loop
      vertex 23.4736 -44.1474 4.5
      vertex 24.1124 -43.7933 2.98163
      vertex 24.0815 -43.8104 3.25
    endloop
  endfacet
  facet normal 0.431119 -0.901831 -0.0289385
    outer loop
      vertex 23.4736 -44.1474 4.5
      vertex 24.1128 -43.793 2.97824
      vertex 24.1124 -43.7933 2.98163
    endloop
  endfacet
  facet normal 0.484899 -0.87457 0
    outer loop
      vertex 23.4736 -44.1474 0
      vertex 24.1128 -43.793 2.97824
      vertex 23.4736 -44.1474 4.5
    endloop
  endfacet
  facet normal 0.461104 -0.887321 0.00662426
    outer loop
      vertex 24.1128 -43.793 2.97824
      vertex 23.4736 -44.1474 0
      vertex 24.114 -43.7924 2.97508
    endloop
  endfacet
  facet normal 0.484853 -0.874595 -1.53168e-05
    outer loop
      vertex 23.4736 -44.1474 0
      vertex 24.3489 -43.6622 2.50991
      vertex 24.2046 -43.7422 2.725
    endloop
  endfacet
  facet normal 0.484723 -0.874668 3.03706e-05
    outer loop
      vertex 24.114 -43.7924 2.97508
      vertex 23.4736 -44.1474 0
      vertex 24.2046 -43.7422 2.725
    endloop
  endfacet
  facet normal 0.488414 -0.872611 -0.00164054
    outer loop
      vertex 24.3489 -43.6622 2.50991
      vertex 23.4736 -44.1474 0
      vertex 24.3505 -43.6613 2.50754
    endloop
  endfacet
  facet normal 0.493527 -0.869721 -0.00398877
    outer loop
      vertex 23.4736 -44.1474 0
      vertex 24.3526 -43.6601 2.50572
      vertex 24.3505 -43.6613 2.50754
    endloop
  endfacet
  facet normal 0.484764 -0.874645 4.2778e-05
    outer loop
      vertex 23.4736 -44.1474 0
      vertex 24.5408 -43.5558 2.34067
      vertex 24.3526 -43.6601 2.50572
    endloop
  endfacet
  facet normal 0.48486 -0.874592 -1.4603e-05
    outer loop
      vertex 23.4736 -44.1474 0
      vertex 24.7605 -43.434 2.23664
      vertex 24.5408 -43.5558 2.34067
    endloop
  endfacet
  facet normal 0.48547 -0.874253 -0.000473519
    outer loop
      vertex 23.4736 -44.1474 0
      vertex 24.7623 -43.433 2.23578
      vertex 24.7605 -43.434 2.23664
    endloop
  endfacet
  facet normal 0.484811 -0.874619 2.33449e-05
    outer loop
      vertex 25 -43.3013 0
      vertex 24.7623 -43.433 2.23578
      vertex 23.4736 -44.1474 0
    endloop
  endfacet
  facet normal 0.484892 -0.874574 3.46179e-05
    outer loop
      vertex 24.7623 -43.433 2.23578
      vertex 25 -43.3013 0
      vertex 24.9984 -43.3021 2.20024
    endloop
  endfacet
  facet normal 0.447214 -0.894427 0
    outer loop
      vertex 24.9984 -43.3021 2.20024
      vertex 25 -43.3013 0
      vertex 25 -43.3013 2.2
    endloop
  endfacet
  facet normal 0.0523137 -0.998631 0
    outer loop
      vertex 1.74497 -49.9695 0
      vertex 3.48782 -49.8782 4.5
      vertex 1.74497 -49.9695 4.5
    endloop
  endfacet
  facet normal 0.0523137 -0.998631 0
    outer loop
      vertex 3.48782 -49.8782 4.5
      vertex 1.74497 -49.9695 0
      vertex 3.48782 -49.8782 0
    endloop
  endfacet
  facet normal 0.121874 -0.992546 0
    outer loop
      vertex 5.22642 -49.7261 0
      vertex 6.95865 -49.5134 4.5
      vertex 5.22642 -49.7261 4.5
    endloop
  endfacet
  facet normal 0.121874 -0.992546 0
    outer loop
      vertex 6.95865 -49.5134 4.5
      vertex 5.22642 -49.7261 0
      vertex 6.95865 -49.5134 0
    endloop
  endfacet
  facet normal 0.292406 -0.956294 0
    outer loop
      vertex 13.7819 -48.0631 0
      vertex 15.4508 -47.5528 4.5
      vertex 13.7819 -48.0631 4.5
    endloop
  endfacet
  facet normal 0.292406 -0.956294 0
    outer loop
      vertex 15.4508 -47.5528 4.5
      vertex 13.7819 -48.0631 0
      vertex 15.4508 -47.5528 0
    endloop
  endfacet
  facet normal 0.325563 -0.94552 0
    outer loop
      vertex 15.4508 -47.5528 0
      vertex 17.101 -46.9846 4.5
      vertex 15.4508 -47.5528 4.5
    endloop
  endfacet
  facet normal 0.325563 -0.94552 0
    outer loop
      vertex 17.101 -46.9846 4.5
      vertex 15.4508 -47.5528 0
      vertex 17.101 -46.9846 0
    endloop
  endfacet
  facet normal 0.224956 -0.974369 0
    outer loop
      vertex 10.3956 -48.9074 0
      vertex 12.0961 -48.5148 4.5
      vertex 10.3956 -48.9074 4.5
    endloop
  endfacet
  facet normal 0.224956 -0.974369 0
    outer loop
      vertex 12.0961 -48.5148 4.5
      vertex 10.3956 -48.9074 0
      vertex 12.0961 -48.5148 0
    endloop
  endfacet
  facet normal -0.99985 -0.0172921 0
    outer loop
      vertex -50 0 0
      vertex -49.9953 -0.27176 2.23578
      vertex -50 0 2.2
    endloop
  endfacet
  facet normal -0.999847 -0.0174761 -2.23787e-05
    outer loop
      vertex -49.9695 -1.74497 0
      vertex -49.9953 -0.27176 2.23578
      vertex -50 0 0
    endloop
  endfacet
  facet normal -0.999843 -0.0177118 0.000132976
    outer loop
      vertex -49.9953 -0.27176 2.23578
      vertex -49.9695 -1.74497 0
      vertex -49.9908 -0.525 2.34067
    endloop
  endfacet
  facet normal -0.999847 -0.0174675 5.56582e-06
    outer loop
      vertex -49.9908 -0.525 2.34067
      vertex -49.9695 -1.74497 0
      vertex -49.987 -0.742461 2.50754
    endloop
  endfacet
  facet normal -0.999849 -0.017403 -2.02331e-05
    outer loop
      vertex -49.987 -0.742461 2.50754
      vertex -49.9695 -1.74497 0
      vertex -49.9841 -0.909327 2.725
    endloop
  endfacet
  facet normal -0.999847 -0.0175136 -0
    outer loop
      vertex -49.9695 -1.74497 4.5
      vertex -49.9823 -1.01422 2.97824
      vertex -49.9695 -1.74497 0
    endloop
  endfacet
  facet normal -0.999851 -0.0172902 -5.48321e-05
    outer loop
      vertex -49.9841 -0.909327 2.725
      vertex -49.9695 -1.74497 0
      vertex -49.9823 -1.01422 2.97824
    endloop
  endfacet
  facet normal -0.99985 -0.0172921 0
    outer loop
      vertex -49.9953 -0.27176 4.26422
      vertex -50 0 4.5
      vertex -50 0 4.3
    endloop
  endfacet
  facet normal -0.999834 -0.0182006 0.00104751
    outer loop
      vertex -49.9908 -0.525 4.15933
      vertex -50 0 4.5
      vertex -49.9953 -0.27176 4.26422
    endloop
  endfacet
  facet normal -0.999842 -0.0177956 -0.0001355
    outer loop
      vertex -49.9823 -1.01422 2.97824
      vertex -49.9695 -1.74497 4.5
      vertex -49.9817 -1.05 3.25
    endloop
  endfacet
  facet normal -0.999847 -0.0174761 -6.93365e-05
    outer loop
      vertex -49.9908 -0.525 4.15933
      vertex -49.9695 -1.74497 4.5
      vertex -50 0 4.5
    endloop
  endfacet
  facet normal -0.999848 -0.0174608 -1.42841e-05
    outer loop
      vertex -49.987 -0.742461 3.99246
      vertex -49.9695 -1.74497 4.5
      vertex -49.9908 -0.525 4.15933
    endloop
  endfacet
  facet normal -0.999848 -0.017432 4.25407e-05
    outer loop
      vertex -49.9841 -0.909327 3.775
      vertex -49.9695 -1.74497 4.5
      vertex -49.987 -0.742461 3.99246
    endloop
  endfacet
  facet normal -0.999849 -0.0173867 9.48194e-05
    outer loop
      vertex -49.9823 -1.01422 3.52176
      vertex -49.9695 -1.74497 4.5
      vertex -49.9841 -0.909327 3.775
    endloop
  endfacet
  facet normal -0.999849 -0.0174017 8.36125e-05
    outer loop
      vertex -49.9817 -1.05 3.25
      vertex -49.9695 -1.74497 4.5
      vertex -49.9823 -1.01422 3.52176
    endloop
  endfacet
  facet normal -0.933586 -0.358353 0
    outer loop
      vertex -46.3592 -18.7303 0
      vertex -46.9846 -17.101 4.5
      vertex -46.9846 -17.101 0
    endloop
  endfacet
  facet normal -0.933586 -0.358353 0
    outer loop
      vertex -46.9846 -17.101 4.5
      vertex -46.3592 -18.7303 0
      vertex -46.3592 -18.7303 4.5
    endloop
  endfacet
  facet normal -0.920509 -0.390722 0
    outer loop
      vertex -45.6773 -20.3368 0
      vertex -46.3592 -18.7303 4.5
      vertex -46.3592 -18.7303 0
    endloop
  endfacet
  facet normal -0.920509 -0.390722 0
    outer loop
      vertex -46.3592 -18.7303 4.5
      vertex -45.6773 -20.3368 0
      vertex -45.6773 -20.3368 4.5
    endloop
  endfacet
  facet normal -0.981628 -0.190803 0
    outer loop
      vertex -48.9074 -10.3956 0
      vertex -49.2404 -8.68241 4.5
      vertex -49.2404 -8.68241 0
    endloop
  endfacet
  facet normal -0.981628 -0.190803 0
    outer loop
      vertex -49.2404 -8.68241 4.5
      vertex -48.9074 -10.3956 0
      vertex -48.9074 -10.3956 4.5
    endloop
  endfacet
  facet normal -0.996195 -0.0871513 0
    outer loop
      vertex -49.7261 -5.22642 0
      vertex -49.8782 -3.48782 4.5
      vertex -49.8782 -3.48782 0
    endloop
  endfacet
  facet normal -0.996195 -0.0871513 0
    outer loop
      vertex -49.8782 -3.48782 4.5
      vertex -49.7261 -5.22642 0
      vertex -49.7261 -5.22642 4.5
    endloop
  endfacet
  facet normal -0.98769 -0.156425 0
    outer loop
      vertex -49.2404 -8.68241 0
      vertex -49.5134 -6.95865 4.5
      vertex -49.5134 -6.95865 0
    endloop
  endfacet
  facet normal -0.98769 -0.156425 0
    outer loop
      vertex -49.5134 -6.95865 4.5
      vertex -49.2404 -8.68241 0
      vertex -49.2404 -8.68241 4.5
    endloop
  endfacet
  facet normal -0.965927 -0.258814 0
    outer loop
      vertex -48.0631 -13.7819 0
      vertex -48.5148 -12.0961 4.5
      vertex -48.5148 -12.0961 0
    endloop
  endfacet
  facet normal -0.965927 -0.258814 0
    outer loop
      vertex -48.5148 -12.0961 4.5
      vertex -48.0631 -13.7819 0
      vertex -48.0631 -13.7819 4.5
    endloop
  endfacet
  facet normal -0.819175 -0.573543 0
    outer loop
      vertex -40.4509 -29.3893 0
      vertex -41.4519 -27.9596 4.5
      vertex -41.4519 -27.9596 0
    endloop
  endfacet
  facet normal -0.819175 -0.573543 0
    outer loop
      vertex -41.4519 -27.9596 4.5
      vertex -40.4509 -29.3893 0
      vertex -40.4509 -29.3893 4.5
    endloop
  endfacet
  facet normal -0.838663 -0.54465 0
    outer loop
      vertex -41.4519 -27.9596 0
      vertex -42.4024 -26.496 4.5
      vertex -42.4024 -26.496 0
    endloop
  endfacet
  facet normal -0.838663 -0.54465 0
    outer loop
      vertex -42.4024 -26.496 4.5
      vertex -41.4519 -27.9596 0
      vertex -41.4519 -27.9596 4.5
    endloop
  endfacet
  facet normal -0.874619 -0.484811 0
    outer loop
      vertex -43.3013 -25 0
      vertex -44.1474 -23.4736 4.5
      vertex -44.1474 -23.4736 0
    endloop
  endfacet
  facet normal -0.874619 -0.484811 0
    outer loop
      vertex -44.1474 -23.4736 4.5
      vertex -43.3013 -25 0
      vertex -43.3013 -25 4.5
    endloop
  endfacet
  facet normal -0.891009 -0.453985 0
    outer loop
      vertex -44.1474 -23.4736 0
      vertex -44.9397 -21.9186 4.5
      vertex -44.9397 -21.9186 0
    endloop
  endfacet
  facet normal -0.891009 -0.453985 0
    outer loop
      vertex -44.9397 -21.9186 4.5
      vertex -44.1474 -23.4736 0
      vertex -44.1474 -23.4736 4.5
    endloop
  endfacet
  facet normal -0.731371 -0.681979 0
    outer loop
      vertex -35.967 -34.7329 0
      vertex -37.1572 -33.4565 4.5
      vertex -37.1572 -33.4565 0
    endloop
  endfacet
  facet normal -0.731371 -0.681979 0
    outer loop
      vertex -37.1572 -33.4565 4.5
      vertex -35.967 -34.7329 0
      vertex -35.967 -34.7329 4.5
    endloop
  endfacet
  facet normal -0.777149 -0.629317 0
    outer loop
      vertex -38.3022 -32.1394 0
      vertex -39.4005 -30.7831 4.5
      vertex -39.4005 -30.7831 0
    endloop
  endfacet
  facet normal -0.777149 -0.629317 0
    outer loop
      vertex -39.4005 -30.7831 4.5
      vertex -38.3022 -32.1394 0
      vertex -38.3022 -32.1394 4.5
    endloop
  endfacet
  facet normal -0.190803 -0.981628 0
    outer loop
      vertex -10.3956 -48.9074 0
      vertex -8.68241 -49.2404 4.5
      vertex -10.3956 -48.9074 4.5
    endloop
  endfacet
  facet normal -0.190803 -0.981628 -0
    outer loop
      vertex -8.68241 -49.2404 4.5
      vertex -10.3956 -48.9074 0
      vertex -8.68241 -49.2404 0
    endloop
  endfacet
  facet normal -0.224956 -0.974369 0
    outer loop
      vertex -12.0961 -48.5148 0
      vertex -10.3956 -48.9074 4.5
      vertex -12.0961 -48.5148 4.5
    endloop
  endfacet
  facet normal -0.224956 -0.974369 -0
    outer loop
      vertex -10.3956 -48.9074 4.5
      vertex -12.0961 -48.5148 0
      vertex -10.3956 -48.9074 0
    endloop
  endfacet
  facet normal -0.292406 -0.956294 0
    outer loop
      vertex -15.4508 -47.5528 0
      vertex -13.7819 -48.0631 4.5
      vertex -15.4508 -47.5528 4.5
    endloop
  endfacet
  facet normal -0.292406 -0.956294 -0
    outer loop
      vertex -13.7819 -48.0631 4.5
      vertex -15.4508 -47.5528 0
      vertex -13.7819 -48.0631 0
    endloop
  endfacet
  facet normal -0.325563 -0.94552 0
    outer loop
      vertex -17.101 -46.9846 0
      vertex -15.4508 -47.5528 4.5
      vertex -17.101 -46.9846 4.5
    endloop
  endfacet
  facet normal -0.325563 -0.94552 -0
    outer loop
      vertex -15.4508 -47.5528 4.5
      vertex -17.101 -46.9846 0
      vertex -15.4508 -47.5528 0
    endloop
  endfacet
  facet normal -0.0871513 -0.996195 0
    outer loop
      vertex -5.22642 -49.7261 0
      vertex -3.48782 -49.8782 4.5
      vertex -5.22642 -49.7261 4.5
    endloop
  endfacet
  facet normal -0.0871513 -0.996195 -0
    outer loop
      vertex -3.48782 -49.8782 4.5
      vertex -5.22642 -49.7261 0
      vertex -3.48782 -49.8782 0
    endloop
  endfacet
  facet normal -0.453985 -0.891009 0
    outer loop
      vertex -23.4736 -44.1474 0
      vertex -21.9186 -44.9397 4.5
      vertex -23.4736 -44.1474 4.5
    endloop
  endfacet
  facet normal -0.453985 -0.891009 -0
    outer loop
      vertex -21.9186 -44.9397 4.5
      vertex -23.4736 -44.1474 0
      vertex -21.9186 -44.9397 0
    endloop
  endfacet
  facet normal -0.484811 -0.874619 0
    outer loop
      vertex -25 -43.3013 0
      vertex -23.4736 -44.1474 4.5
      vertex -25 -43.3013 4.5
    endloop
  endfacet
  facet normal -0.484811 -0.874619 -0
    outer loop
      vertex -23.4736 -44.1474 4.5
      vertex -25 -43.3013 0
      vertex -23.4736 -44.1474 0
    endloop
  endfacet
  facet normal -0.573543 -0.819175 0
    outer loop
      vertex -29.3893 -40.4509 0
      vertex -27.9596 -41.4519 4.5
      vertex -29.3893 -40.4509 4.5
    endloop
  endfacet
  facet normal -0.573543 -0.819175 -0
    outer loop
      vertex -27.9596 -41.4519 4.5
      vertex -29.3893 -40.4509 0
      vertex -27.9596 -41.4519 0
    endloop
  endfacet
  facet normal -0.54465 -0.838663 0
    outer loop
      vertex -27.9596 -41.4519 0
      vertex -26.496 -42.4024 4.5
      vertex -27.9596 -41.4519 4.5
    endloop
  endfacet
  facet normal -0.54465 -0.838663 -0
    outer loop
      vertex -26.496 -42.4024 4.5
      vertex -27.9596 -41.4519 0
      vertex -26.496 -42.4024 0
    endloop
  endfacet
  facet normal -0.656079 -0.754692 0
    outer loop
      vertex -33.4565 -37.1572 0
      vertex -32.1394 -38.3022 4.5
      vertex -33.4565 -37.1572 4.5
    endloop
  endfacet
  facet normal -0.656079 -0.754692 -0
    outer loop
      vertex -32.1394 -38.3022 4.5
      vertex -33.4565 -37.1572 0
      vertex -32.1394 -38.3022 0
    endloop
  endfacet
  facet normal 0.998631 0.0523137 0
    outer loop
      vertex 49.9695 1.74497 4.5
      vertex 49.8782 3.48782 0
      vertex 49.8782 3.48782 4.5
    endloop
  endfacet
  facet normal 0.998631 0.0523137 0
    outer loop
      vertex 49.8782 3.48782 0
      vertex 49.9695 1.74497 4.5
      vertex 49.9695 1.74497 0
    endloop
  endfacet
  facet normal 0.996195 0.0871513 0
    outer loop
      vertex 49.8782 3.48782 4.5
      vertex 49.7261 5.22642 0
      vertex 49.7261 5.22642 4.5
    endloop
  endfacet
  facet normal 0.996195 0.0871513 0
    outer loop
      vertex 49.7261 5.22642 0
      vertex 49.8782 3.48782 4.5
      vertex 49.8782 3.48782 0
    endloop
  endfacet
  facet normal 0.0174761 0.999847 -0
    outer loop
      vertex 1.74497 49.9695 0
      vertex 0 50 4.5
      vertex 1.74497 49.9695 4.5
    endloop
  endfacet
  facet normal 0.0174761 0.999847 0
    outer loop
      vertex 0 50 4.5
      vertex 1.74497 49.9695 0
      vertex 0 50 0
    endloop
  endfacet
  facet normal 0.906309 0.422616 0
    outer loop
      vertex 45.6773 20.3368 4.5
      vertex 44.9397 21.9186 0
      vertex 44.9397 21.9186 4.5
    endloop
  endfacet
  facet normal 0.906309 0.422616 0
    outer loop
      vertex 44.9397 21.9186 0
      vertex 45.6773 20.3368 4.5
      vertex 45.6773 20.3368 0
    endloop
  endfacet
  facet normal 0.156425 0.98769 -0
    outer loop
      vertex 8.68241 49.2404 0
      vertex 6.95865 49.5134 4.5
      vertex 8.68241 49.2404 4.5
    endloop
  endfacet
  facet normal 0.156425 0.98769 0
    outer loop
      vertex 6.95865 49.5134 4.5
      vertex 8.68241 49.2404 0
      vertex 6.95865 49.5134 0
    endloop
  endfacet
  facet normal 0.358353 0.933586 -0
    outer loop
      vertex 18.7303 46.3592 0
      vertex 17.101 46.9846 4.5
      vertex 18.7303 46.3592 4.5
    endloop
  endfacet
  facet normal 0.358353 0.933586 0
    outer loop
      vertex 17.101 46.9846 4.5
      vertex 18.7303 46.3592 0
      vertex 17.101 46.9846 0
    endloop
  endfacet
  facet normal 0.292406 0.956294 -0
    outer loop
      vertex 15.4508 47.5528 0
      vertex 13.7819 48.0631 4.5
      vertex 15.4508 47.5528 4.5
    endloop
  endfacet
  facet normal 0.292406 0.956294 0
    outer loop
      vertex 13.7819 48.0631 4.5
      vertex 15.4508 47.5528 0
      vertex 13.7819 48.0631 0
    endloop
  endfacet
  facet normal 0.224956 0.974369 -0
    outer loop
      vertex 12.0961 48.5148 0
      vertex 10.3956 48.9074 4.5
      vertex 12.0961 48.5148 4.5
    endloop
  endfacet
  facet normal 0.224956 0.974369 0
    outer loop
      vertex 10.3956 48.9074 4.5
      vertex 12.0961 48.5148 0
      vertex 10.3956 48.9074 0
    endloop
  endfacet
  facet normal 0.707107 0.707107 0
    outer loop
      vertex 35.967 34.7329 4.5
      vertex 34.7329 35.967 0
      vertex 34.7329 35.967 4.5
    endloop
  endfacet
  facet normal 0.707107 0.707107 0
    outer loop
      vertex 34.7329 35.967 0
      vertex 35.967 34.7329 4.5
      vertex 35.967 34.7329 0
    endloop
  endfacet
  facet normal 0.681979 0.731371 -0
    outer loop
      vertex 34.7329 35.967 0
      vertex 33.4565 37.1572 4.5
      vertex 34.7329 35.967 4.5
    endloop
  endfacet
  facet normal 0.681979 0.731371 0
    outer loop
      vertex 33.4565 37.1572 4.5
      vertex 34.7329 35.967 0
      vertex 33.4565 37.1572 0
    endloop
  endfacet
  facet normal 0.447214 0.894427 0
    outer loop
      vertex 24.9984 43.3021 4.29976
      vertex 25 43.3013 4.5
      vertex 25 43.3013 4.3
    endloop
  endfacet
  facet normal 0.484932 0.874552 -0.000380789
    outer loop
      vertex 24.7623 43.433 4.26422
      vertex 25 43.3013 4.5
      vertex 24.9984 43.3021 4.29976
    endloop
  endfacet
  facet normal 0.486569 0.873638 -0.0025417
    outer loop
      vertex 24.7605 43.434 4.26336
      vertex 25 43.3013 4.5
      vertex 24.7623 43.433 4.26422
    endloop
  endfacet
  facet normal 0.485063 0.874479 -0.000546173
    outer loop
      vertex 24.5408 43.5558 4.15933
      vertex 25 43.3013 4.5
      vertex 24.7605 43.434 4.26336
    endloop
  endfacet
  facet normal 0.484811 0.874619 -0.000101456
    outer loop
      vertex 25 43.3013 4.5
      vertex 24.5408 43.5558 4.15933
      vertex 23.4736 44.1474 4.5
    endloop
  endfacet
  facet normal 0.484809 0.87462 -0.000109794
    outer loop
      vertex 24.3526 43.6601 3.99428
      vertex 23.4736 44.1474 4.5
      vertex 24.5408 43.5558 4.15933
    endloop
  endfacet
  facet normal 0.489362 0.87202 0.0103098
    outer loop
      vertex 24.3505 43.6613 3.99246
      vertex 23.4736 44.1474 4.5
      vertex 24.3526 43.6601 3.99428
    endloop
  endfacet
  facet normal 0.486359 0.873752 0.00346137
    outer loop
      vertex 24.3489 43.6622 3.99009
      vertex 23.4736 44.1474 4.5
      vertex 24.3505 43.6613 3.99246
    endloop
  endfacet
  facet normal 0.484834 0.874606 3.21988e-05
    outer loop
      vertex 24.2046 43.7422 3.775
      vertex 23.4736 44.1474 4.5
      vertex 24.3489 43.6622 3.99009
    endloop
  endfacet
  facet normal 0.48477 0.874642 -5.25151e-05
    outer loop
      vertex 24.114 43.7924 3.52492
      vertex 23.4736 44.1474 4.5
      vertex 24.2046 43.7422 3.775
    endloop
  endfacet
  facet normal 0.471311 0.881892 -0.0115312
    outer loop
      vertex 24.1128 43.793 3.52176
      vertex 23.4736 44.1474 4.5
      vertex 24.114 43.7924 3.52492
    endloop
  endfacet
  facet normal 0.504457 0.863272 0.0168727
    outer loop
      vertex 24.1124 43.7933 3.51837
      vertex 23.4736 44.1474 4.5
      vertex 24.1128 43.793 3.52176
    endloop
  endfacet
  facet normal 0.484725 0.874667 -7.89409e-05
    outer loop
      vertex 24.0815 43.8104 3.25
      vertex 23.4736 44.1474 4.5
      vertex 24.1124 43.7933 3.51837
    endloop
  endfacet
  facet normal 0.48505 0.874486 0.000127889
    outer loop
      vertex 24.1124 43.7933 2.98163
      vertex 23.4736 44.1474 4.5
      vertex 24.0815 43.8104 3.25
    endloop
  endfacet
  facet normal 0.431119 0.901831 -0.0289385
    outer loop
      vertex 24.1128 43.793 2.97824
      vertex 23.4736 44.1474 4.5
      vertex 24.1124 43.7933 2.98163
    endloop
  endfacet
  facet normal 0.461104 0.887321 0.00662426
    outer loop
      vertex 23.4736 44.1474 0
      vertex 24.1128 43.793 2.97824
      vertex 24.114 43.7924 2.97508
    endloop
  endfacet
  facet normal 0.484723 0.874668 3.03706e-05
    outer loop
      vertex 23.4736 44.1474 0
      vertex 24.114 43.7924 2.97508
      vertex 24.2046 43.7422 2.725
    endloop
  endfacet
  facet normal 0.488414 0.872611 -0.00164054
    outer loop
      vertex 23.4736 44.1474 0
      vertex 24.3489 43.6622 2.50991
      vertex 24.3505 43.6613 2.50754
    endloop
  endfacet
  facet normal 0.447214 0.894427 -0
    outer loop
      vertex 25 43.3013 0
      vertex 24.9984 43.3021 2.20024
      vertex 25 43.3013 2.2
    endloop
  endfacet
  facet normal 0.484892 0.874574 3.46179e-05
    outer loop
      vertex 25 43.3013 0
      vertex 24.7623 43.433 2.23578
      vertex 24.9984 43.3021 2.20024
    endloop
  endfacet
  facet normal 0.484811 0.874619 2.33449e-05
    outer loop
      vertex 23.4736 44.1474 0
      vertex 24.7623 43.433 2.23578
      vertex 25 43.3013 0
    endloop
  endfacet
  facet normal 0.48547 0.874253 -0.000473519
    outer loop
      vertex 24.7623 43.433 2.23578
      vertex 23.4736 44.1474 0
      vertex 24.7605 43.434 2.23664
    endloop
  endfacet
  facet normal 0.48486 0.874592 -1.4603e-05
    outer loop
      vertex 24.7605 43.434 2.23664
      vertex 23.4736 44.1474 0
      vertex 24.5408 43.5558 2.34067
    endloop
  endfacet
  facet normal 0.484764 0.874645 4.2778e-05
    outer loop
      vertex 24.5408 43.5558 2.34067
      vertex 23.4736 44.1474 0
      vertex 24.3526 43.6601 2.50572
    endloop
  endfacet
  facet normal 0.493527 0.869721 -0.00398877
    outer loop
      vertex 24.3526 43.6601 2.50572
      vertex 23.4736 44.1474 0
      vertex 24.3505 43.6613 2.50754
    endloop
  endfacet
  facet normal 0.484853 0.874595 -1.53168e-05
    outer loop
      vertex 24.3489 43.6622 2.50991
      vertex 23.4736 44.1474 0
      vertex 24.2046 43.7422 2.725
    endloop
  endfacet
  facet normal 0.484899 0.87457 0
    outer loop
      vertex 24.1128 43.793 2.97824
      vertex 23.4736 44.1474 0
      vertex 23.4736 44.1474 4.5
    endloop
  endfacet
  facet normal -0.390722 0.920509 0
    outer loop
      vertex -18.7303 46.3592 0
      vertex -20.3368 45.6773 4.5
      vertex -18.7303 46.3592 4.5
    endloop
  endfacet
  facet normal -0.390722 0.920509 0
    outer loop
      vertex -20.3368 45.6773 4.5
      vertex -18.7303 46.3592 0
      vertex -20.3368 45.6773 0
    endloop
  endfacet
  facet normal -0.190803 0.981628 0
    outer loop
      vertex -8.68241 49.2404 0
      vertex -10.3956 48.9074 4.5
      vertex -8.68241 49.2404 4.5
    endloop
  endfacet
  facet normal -0.190803 0.981628 0
    outer loop
      vertex -10.3956 48.9074 4.5
      vertex -8.68241 49.2404 0
      vertex -10.3956 48.9074 0
    endloop
  endfacet
  facet normal -0.325563 0.94552 0
    outer loop
      vertex -15.4508 47.5528 0
      vertex -17.101 46.9846 4.5
      vertex -15.4508 47.5528 4.5
    endloop
  endfacet
  facet normal -0.325563 0.94552 0
    outer loop
      vertex -17.101 46.9846 4.5
      vertex -15.4508 47.5528 0
      vertex -17.101 46.9846 0
    endloop
  endfacet
  facet normal -0.258814 0.965927 0
    outer loop
      vertex -12.0961 48.5148 0
      vertex -13.7819 48.0631 4.5
      vertex -12.0961 48.5148 4.5
    endloop
  endfacet
  facet normal -0.258814 0.965927 0
    outer loop
      vertex -13.7819 48.0631 4.5
      vertex -12.0961 48.5148 0
      vertex -13.7819 48.0631 0
    endloop
  endfacet
  facet normal -0.573543 0.819175 0
    outer loop
      vertex -27.9596 41.4519 0
      vertex -29.3893 40.4509 4.5
      vertex -27.9596 41.4519 4.5
    endloop
  endfacet
  facet normal -0.573543 0.819175 0
    outer loop
      vertex -29.3893 40.4509 4.5
      vertex -27.9596 41.4519 0
      vertex -29.3893 40.4509 0
    endloop
  endfacet
  facet normal -0.484811 0.874619 0
    outer loop
      vertex -23.4736 44.1474 0
      vertex -25 43.3013 4.5
      vertex -23.4736 44.1474 4.5
    endloop
  endfacet
  facet normal -0.484811 0.874619 0
    outer loop
      vertex -25 43.3013 4.5
      vertex -23.4736 44.1474 0
      vertex -25 43.3013 0
    endloop
  endfacet
  facet normal -0.422616 0.906309 0
    outer loop
      vertex -20.3368 45.6773 0
      vertex -21.9186 44.9397 4.5
      vertex -20.3368 45.6773 4.5
    endloop
  endfacet
  facet normal -0.422616 0.906309 0
    outer loop
      vertex -21.9186 44.9397 4.5
      vertex -20.3368 45.6773 0
      vertex -21.9186 44.9397 0
    endloop
  endfacet
  facet normal -0.656079 0.754692 0
    outer loop
      vertex -32.1394 38.3022 0
      vertex -33.4565 37.1572 4.5
      vertex -32.1394 38.3022 4.5
    endloop
  endfacet
  facet normal -0.656079 0.754692 0
    outer loop
      vertex -33.4565 37.1572 4.5
      vertex -32.1394 38.3022 0
      vertex -33.4565 37.1572 0
    endloop
  endfacet
  facet normal -0.981628 0.190803 0
    outer loop
      vertex -49.2404 8.68241 0
      vertex -48.9074 10.3956 4.5
      vertex -48.9074 10.3956 0
    endloop
  endfacet
  facet normal -0.981628 0.190803 0
    outer loop
      vertex -48.9074 10.3956 4.5
      vertex -49.2404 8.68241 0
      vertex -49.2404 8.68241 4.5
    endloop
  endfacet
  facet normal -0.956294 0.292406 0
    outer loop
      vertex -48.0631 13.7819 0
      vertex -47.5528 15.4508 4.5
      vertex -47.5528 15.4508 0
    endloop
  endfacet
  facet normal -0.956294 0.292406 0
    outer loop
      vertex -47.5528 15.4508 4.5
      vertex -48.0631 13.7819 0
      vertex -48.0631 13.7819 4.5
    endloop
  endfacet
  facet normal -0.996195 0.0871513 0
    outer loop
      vertex -49.8782 3.48782 0
      vertex -49.7261 5.22642 4.5
      vertex -49.7261 5.22642 0
    endloop
  endfacet
  facet normal -0.996195 0.0871513 0
    outer loop
      vertex -49.7261 5.22642 4.5
      vertex -49.8782 3.48782 0
      vertex -49.8782 3.48782 4.5
    endloop
  endfacet
  facet normal -0.998631 0.0523137 0
    outer loop
      vertex -49.9695 1.74497 0
      vertex -49.8782 3.48782 4.5
      vertex -49.8782 3.48782 0
    endloop
  endfacet
  facet normal -0.998631 0.0523137 0
    outer loop
      vertex -49.8782 3.48782 4.5
      vertex -49.9695 1.74497 0
      vertex -49.9695 1.74497 4.5
    endloop
  endfacet
  facet normal -0.891009 0.453985 0
    outer loop
      vertex -44.9397 21.9186 0
      vertex -44.1474 23.4736 4.5
      vertex -44.1474 23.4736 0
    endloop
  endfacet
  facet normal -0.891009 0.453985 0
    outer loop
      vertex -44.1474 23.4736 4.5
      vertex -44.9397 21.9186 0
      vertex -44.9397 21.9186 4.5
    endloop
  endfacet
  facet normal -0.857164 0.515043 0
    outer loop
      vertex -43.3013 25 0
      vertex -42.4024 26.496 4.5
      vertex -42.4024 26.496 0
    endloop
  endfacet
  facet normal -0.857164 0.515043 0
    outer loop
      vertex -42.4024 26.496 4.5
      vertex -43.3013 25 0
      vertex -43.3013 25 4.5
    endloop
  endfacet
  facet normal -0.906309 0.422616 0
    outer loop
      vertex -45.6773 20.3368 0
      vertex -44.9397 21.9186 4.5
      vertex -44.9397 21.9186 0
    endloop
  endfacet
  facet normal -0.906309 0.422616 0
    outer loop
      vertex -44.9397 21.9186 4.5
      vertex -45.6773 20.3368 0
      vertex -45.6773 20.3368 4.5
    endloop
  endfacet
  facet normal -0.798609 0.60185 0
    outer loop
      vertex -40.4509 29.3893 0
      vertex -39.4005 30.7831 4.5
      vertex -39.4005 30.7831 0
    endloop
  endfacet
  facet normal -0.798609 0.60185 0
    outer loop
      vertex -39.4005 30.7831 4.5
      vertex -40.4509 29.3893 0
      vertex -40.4509 29.3893 4.5
    endloop
  endfacet
  facet normal -0.731371 0.681979 0
    outer loop
      vertex -37.1572 33.4565 0
      vertex -35.967 34.7329 4.5
      vertex -35.967 34.7329 0
    endloop
  endfacet
  facet normal -0.731371 0.681979 0
    outer loop
      vertex -35.967 34.7329 4.5
      vertex -37.1572 33.4565 0
      vertex -37.1572 33.4565 4.5
    endloop
  endfacet
  facet normal -0.777149 0.629317 0
    outer loop
      vertex -39.4005 30.7831 0
      vertex -38.3022 32.1394 4.5
      vertex -38.3022 32.1394 0
    endloop
  endfacet
  facet normal -0.777149 0.629317 0
    outer loop
      vertex -38.3022 32.1394 4.5
      vertex -39.4005 30.7831 0
      vertex -39.4005 30.7831 4.5
    endloop
  endfacet
  facet normal 0.992546 -0.121874 0
    outer loop
      vertex 49.5134 -6.95865 4.5
      vertex 49.7261 -5.22642 0
      vertex 49.7261 -5.22642 4.5
    endloop
  endfacet
  facet normal 0.992546 -0.121874 0
    outer loop
      vertex 49.7261 -5.22642 0
      vertex 49.5134 -6.95865 4.5
      vertex 49.5134 -6.95865 0
    endloop
  endfacet
  facet normal 0.996195 -0.0871513 0
    outer loop
      vertex 49.7261 -5.22642 4.5
      vertex 49.8782 -3.48782 0
      vertex 49.8782 -3.48782 4.5
    endloop
  endfacet
  facet normal 0.996195 -0.0871513 0
    outer loop
      vertex 49.8782 -3.48782 0
      vertex 49.7261 -5.22642 4.5
      vertex 49.7261 -5.22642 0
    endloop
  endfacet
  facet normal 0 0 -1
    outer loop
      vertex 49.9695 -1.74497 0
      vertex 49.9695 1.74497 0
      vertex 50 0 0
    endloop
  endfacet
  facet normal 0 0 -1
    outer loop
      vertex 49.8782 -3.48782 0
      vertex 49.9695 1.74497 0
      vertex 49.9695 -1.74497 0
    endloop
  endfacet
  facet normal 0 0 -1
    outer loop
      vertex 49.8782 -3.48782 0
      vertex 49.8782 3.48782 0
      vertex 49.9695 1.74497 0
    endloop
  endfacet
  facet normal 0 0 -1
    outer loop
      vertex 49.7261 -5.22642 0
      vertex 49.8782 3.48782 0
      vertex 49.8782 -3.48782 0
    endloop
  endfacet
  facet normal 0 0 -1
    outer loop
      vertex 49.7261 -5.22642 0
      vertex 49.7261 5.22642 0
      vertex 49.8782 3.48782 0
    endloop
  endfacet
  facet normal 0 0 -1
    outer loop
      vertex 49.5134 -6.95865 0
      vertex 49.7261 5.22642 0
      vertex 49.7261 -5.22642 0
    endloop
  endfacet
  facet normal 0 0 -1
    outer loop
      vertex 49.5134 -6.95865 0
      vertex 49.5134 6.95865 0
      vertex 49.7261 5.22642 0
    endloop
  endfacet
  facet normal 0 0 -1
    outer loop
      vertex 49.2404 -8.68241 0
      vertex 49.5134 6.95865 0
      vertex 49.5134 -6.95865 0
    endloop
  endfacet
  facet normal 0 0 -1
    outer loop
      vertex 49.2404 -8.68241 0
      vertex 49.2404 8.68241 0
      vertex 49.5134 6.95865 0
    endloop
  endfacet
  facet normal 0 0 -1
    outer loop
      vertex 48.9074 -10.3956 0
      vertex 49.2404 8.68241 0
      vertex 49.2404 -8.68241 0
    endloop
  endfacet
  facet normal 0 0 -1
    outer loop
      vertex 48.9074 -10.3956 0
      vertex 48.9074 10.3956 0
      vertex 49.2404 8.68241 0
    endloop
  endfacet
  facet normal 0 0 -1
    outer loop
      vertex 48.5148 -12.0961 0
      vertex 48.9074 10.3956 0
      vertex 48.9074 -10.3956 0
    endloop
  endfacet
  facet normal 0 0 -1
    outer loop
      vertex 48.5148 -12.0961 0
      vertex 48.5148 12.0961 0
      vertex 48.9074 10.3956 0
    endloop
  endfacet
  facet normal 0 0 -1
    outer loop
      vertex 48.0631 -13.7819 0
      vertex 48.5148 12.0961 0
      vertex 48.5148 -12.0961 0
    endloop
  endfacet
  facet normal 0 0 -1
    outer loop
      vertex 48.0631 -13.7819 0
      vertex 48.0631 13.7819 0
      vertex 48.5148 12.0961 0
    endloop
  endfacet
  facet normal 0 0 -1
    outer loop
      vertex 47.5528 -15.4508 0
      vertex 48.0631 13.7819 0
      vertex 48.0631 -13.7819 0
    endloop
  endfacet
  facet normal 0 0 -1
    outer loop
      vertex 47.5528 -15.4508 0
      vertex 47.5528 15.4508 0
      vertex 48.0631 13.7819 0
    endloop
  endfacet
  facet normal 0 0 -1
    outer loop
      vertex 46.9846 -17.101 0
      vertex 47.5528 15.4508 0
      vertex 47.5528 -15.4508 0
    endloop
  endfacet
  facet normal 0 0 -1
    outer loop
      vertex 46.9846 -17.101 0
      vertex 46.9846 17.101 0
      vertex 47.5528 15.4508 0
    endloop
  endfacet
  facet normal 0 0 -1
    outer loop
      vertex 46.3592 -18.7303 0
      vertex 46.9846 17.101 0
      vertex 46.9846 -17.101 0
    endloop
  endfacet
  facet normal 0 0 -1
    outer loop
      vertex 46.3592 -18.7303 0
      vertex 46.3592 18.7303 0
      vertex 46.9846 17.101 0
    endloop
  endfacet
  facet normal 0 0 -1
    outer loop
      vertex 45.6773 -20.3368 0
      vertex 46.3592 18.7303 0
      vertex 46.3592 -18.7303 0
    endloop
  endfacet
  facet normal 0 0 -1
    outer loop
      vertex 45.6773 -20.3368 0
      vertex 45.6773 20.3368 0
      vertex 46.3592 18.7303 0
    endloop
  endfacet
  facet normal 0 0 -1
    outer loop
      vertex 44.9397 -21.9186 0
      vertex 45.6773 20.3368 0
      vertex 45.6773 -20.3368 0
    endloop
  endfacet
  facet normal 0 0 -1
    outer loop
      vertex 44.9397 -21.9186 0
      vertex 44.9397 21.9186 0
      vertex 45.6773 20.3368 0
    endloop
  endfacet
  facet normal 0 0 -1
    outer loop
      vertex 44.1474 -23.4736 0
      vertex 44.9397 21.9186 0
      vertex 44.9397 -21.9186 0
    endloop
  endfacet
  facet normal 0 0 -1
    outer loop
      vertex 44.1474 -23.4736 0
      vertex 44.1474 23.4736 0
      vertex 44.9397 21.9186 0
    endloop
  endfacet
  facet normal 0 0 -1
    outer loop
      vertex 43.3013 -25 0
      vertex 44.1474 23.4736 0
      vertex 44.1474 -23.4736 0
    endloop
  endfacet
  facet normal 0 0 -1
    outer loop
      vertex 43.3013 -25 0
      vertex 43.3013 25 0
      vertex 44.1474 23.4736 0
    endloop
  endfacet
  facet normal 0 0 -1
    outer loop
      vertex 42.4024 -26.496 0
      vertex 43.3013 25 0
      vertex 43.3013 -25 0
    endloop
  endfacet
  facet normal 0 0 -1
    outer loop
      vertex 42.4024 -26.496 0
      vertex 42.4024 26.496 0
      vertex 43.3013 25 0
    endloop
  endfacet
  facet normal 0 0 -1
    outer loop
      vertex 41.4519 -27.9596 0
      vertex 42.4024 26.496 0
      vertex 42.4024 -26.496 0
    endloop
  endfacet
  facet normal 0 0 -1
    outer loop
      vertex 41.4519 -27.9596 0
      vertex 41.4519 27.9596 0
      vertex 42.4024 26.496 0
    endloop
  endfacet
  facet normal 0 0 -1
    outer loop
      vertex 40.4509 -29.3893 0
      vertex 41.4519 27.9596 0
      vertex 41.4519 -27.9596 0
    endloop
  endfacet
  facet normal 0 0 -1
    outer loop
      vertex 40.4509 -29.3893 0
      vertex 40.4509 29.3893 0
      vertex 41.4519 27.9596 0
    endloop
  endfacet
  facet normal 0 0 -1
    outer loop
      vertex 39.4005 -30.7831 0
      vertex 40.4509 29.3893 0
      vertex 40.4509 -29.3893 0
    endloop
  endfacet
  facet normal 0 0 -1
    outer loop
      vertex 39.4005 -30.7831 0
      vertex 39.4005 30.7831 0
      vertex 40.4509 29.3893 0
    endloop
  endfacet
  facet normal 0 0 -1
    outer loop
      vertex 38.3022 -32.1394 0
      vertex 39.4005 30.7831 0
      vertex 39.4005 -30.7831 0
    endloop
  endfacet
  facet normal 0 0 -1
    outer loop
      vertex 38.3022 -32.1394 0
      vertex 38.3022 32.1394 0
      vertex 39.4005 30.7831 0
    endloop
  endfacet
  facet normal 0 0 -1
    outer loop
      vertex 37.1572 -33.4565 0
      vertex 38.3022 32.1394 0
      vertex 38.3022 -32.1394 0
    endloop
  endfacet
  facet normal 0 0 -1
    outer loop
      vertex 37.1572 -33.4565 0
      vertex 37.1572 33.4565 0
      vertex 38.3022 32.1394 0
    endloop
  endfacet
  facet normal 0 0 -1
    outer loop
      vertex 35.967 -34.7329 0
      vertex 37.1572 33.4565 0
      vertex 37.1572 -33.4565 0
    endloop
  endfacet
  facet normal 0 0 -1
    outer loop
      vertex 35.967 -34.7329 0
      vertex 35.967 34.7329 0
      vertex 37.1572 33.4565 0
    endloop
  endfacet
  facet normal 0 0 -1
    outer loop
      vertex 34.7329 -35.967 0
      vertex 35.967 34.7329 0
      vertex 35.967 -34.7329 0
    endloop
  endfacet
  facet normal 0 0 -1
    outer loop
      vertex 34.7329 -35.967 0
      vertex 34.7329 35.967 0
      vertex 35.967 34.7329 0
    endloop
  endfacet
  facet normal 0 0 -1
    outer loop
      vertex 33.4565 -37.1572 0
      vertex 34.7329 35.967 0
      vertex 34.7329 -35.967 0
    endloop
  endfacet
  facet normal 0 0 -1
    outer loop
      vertex 33.4565 -37.1572 0
      vertex 33.4565 37.1572 0
      vertex 34.7329 35.967 0
    endloop
  endfacet
  facet normal 0 0 -1
    outer loop
      vertex 32.1394 -38.3022 0
      vertex 33.4565 37.1572 0
      vertex 33.4565 -37.1572 0
    endloop
  endfacet
  facet normal 0 0 -1
    outer loop
      vertex 32.1394 -38.3022 0
      vertex 32.1394 38.3022 0
      vertex 33.4565 37.1572 0
    endloop
  endfacet
  facet normal 0 0 -1
    outer loop
      vertex 30.7831 -39.4005 0
      vertex 32.1394 38.3022 0
      vertex 32.1394 -38.3022 0
    endloop
  endfacet
  facet normal 0 0 -1
    outer loop
      vertex 30.7831 -39.4005 0
      vertex 30.7831 39.4005 0
      vertex 32.1394 38.3022 0
    endloop
  endfacet
  facet normal 0 0 -1
    outer loop
      vertex 29.3893 -40.4509 0
      vertex 30.7831 39.4005 0
      vertex 30.7831 -39.4005 0
    endloop
  endfacet
  facet normal 0 0 -1
    outer loop
      vertex 29.3893 -40.4509 0
      vertex 29.3893 40.4509 0
      vertex 30.7831 39.4005 0
    endloop
  endfacet
  facet normal 0 0 -1
    outer loop
      vertex 27.9596 -41.4519 0
      vertex 29.3893 40.4509 0
      vertex 29.3893 -40.4509 0
    endloop
  endfacet
  facet normal 0 0 -1
    outer loop
      vertex 27.9596 -41.4519 0
      vertex 27.9596 41.4519 0
      vertex 29.3893 40.4509 0
    endloop
  endfacet
  facet normal 0 0 -1
    outer loop
      vertex 26.496 -42.4024 0
      vertex 27.9596 41.4519 0
      vertex 27.9596 -41.4519 0
    endloop
  endfacet
  facet normal 0 0 -1
    outer loop
      vertex 26.496 -42.4024 0
      vertex 26.496 42.4024 0
      vertex 27.9596 41.4519 0
    endloop
  endfacet
  facet normal 0 0 -1
    outer loop
      vertex 25 -43.3013 0
      vertex 26.496 42.4024 0
      vertex 26.496 -42.4024 0
    endloop
  endfacet
  facet normal 0 0 -1
    outer loop
      vertex 25 -43.3013 0
      vertex 25 43.3013 0
      vertex 26.496 42.4024 0
    endloop
  endfacet
  facet normal 0 0 -1
    outer loop
      vertex 23.4736 -44.1474 0
      vertex 25 43.3013 0
      vertex 25 -43.3013 0
    endloop
  endfacet
  facet normal 0 0 -1
    outer loop
      vertex 23.4736 -44.1474 0
      vertex 23.4736 44.1474 0
      vertex 25 43.3013 0
    endloop
  endfacet
  facet normal 0 0 -1
    outer loop
      vertex 21.9186 -44.9397 0
      vertex 23.4736 44.1474 0
      vertex 23.4736 -44.1474 0
    endloop
  endfacet
  facet normal 0 0 -1
    outer loop
      vertex 21.9186 -44.9397 0
      vertex 21.9186 44.9397 0
      vertex 23.4736 44.1474 0
    endloop
  endfacet
  facet normal 0 0 -1
    outer loop
      vertex 20.3368 -45.6773 0
      vertex 21.9186 44.9397 0
      vertex 21.9186 -44.9397 0
    endloop
  endfacet
  facet normal 0 0 -1
    outer loop
      vertex 20.3368 -45.6773 0
      vertex 20.3368 45.6773 0
      vertex 21.9186 44.9397 0
    endloop
  endfacet
  facet normal 0 0 -1
    outer loop
      vertex 18.7303 -46.3592 0
      vertex 20.3368 45.6773 0
      vertex 20.3368 -45.6773 0
    endloop
  endfacet
  facet normal 0 0 -1
    outer loop
      vertex 18.7303 -46.3592 0
      vertex 18.7303 46.3592 0
      vertex 20.3368 45.6773 0
    endloop
  endfacet
  facet normal 0 0 -1
    outer loop
      vertex 17.101 -46.9846 0
      vertex 18.7303 46.3592 0
      vertex 18.7303 -46.3592 0
    endloop
  endfacet
  facet normal 0 0 -1
    outer loop
      vertex 17.101 -46.9846 0
      vertex 17.101 46.9846 0
      vertex 18.7303 46.3592 0
    endloop
  endfacet
  facet normal 0 0 -1
    outer loop
      vertex 15.4508 -47.5528 0
      vertex 17.101 46.9846 0
      vertex 17.101 -46.9846 0
    endloop
  endfacet
  facet normal 0 0 -1
    outer loop
      vertex 15.4508 -47.5528 0
      vertex 15.4508 47.5528 0
      vertex 17.101 46.9846 0
    endloop
  endfacet
  facet normal 0 0 -1
    outer loop
      vertex 13.7819 -48.0631 0
      vertex 15.4508 47.5528 0
      vertex 15.4508 -47.5528 0
    endloop
  endfacet
  facet normal 0 0 -1
    outer loop
      vertex 13.7819 -48.0631 0
      vertex 13.7819 48.0631 0
      vertex 15.4508 47.5528 0
    endloop
  endfacet
  facet normal 0 0 -1
    outer loop
      vertex 12.0961 -48.5148 0
      vertex 13.7819 48.0631 0
      vertex 13.7819 -48.0631 0
    endloop
  endfacet
  facet normal 0 0 -1
    outer loop
      vertex 12.0961 -48.5148 0
      vertex 12.0961 48.5148 0
      vertex 13.7819 48.0631 0
    endloop
  endfacet
  facet normal 0 0 -1
    outer loop
      vertex 10.3956 -48.9074 0
      vertex 12.0961 48.5148 0
      vertex 12.0961 -48.5148 0
    endloop
  endfacet
  facet normal 0 0 -1
    outer loop
      vertex 10.3956 -48.9074 0
      vertex 10.3956 48.9074 0
      vertex 12.0961 48.5148 0
    endloop
  endfacet
  facet normal 0 0 -1
    outer loop
      vertex 8.68241 -49.2404 0
      vertex 10.3956 48.9074 0
      vertex 10.3956 -48.9074 0
    endloop
  endfacet
  facet normal 0 0 -1
    outer loop
      vertex 8.68241 -49.2404 0
      vertex 8.68241 49.2404 0
      vertex 10.3956 48.9074 0
    endloop
  endfacet
  facet normal 0 0 -1
    outer loop
      vertex 6.95865 -49.5134 0
      vertex 8.68241 49.2404 0
      vertex 8.68241 -49.2404 0
    endloop
  endfacet
  facet normal 0 0 -1
    outer loop
      vertex 6.95865 -49.5134 0
      vertex 6.95865 49.5134 0
      vertex 8.68241 49.2404 0
    endloop
  endfacet
  facet normal 0 0 -1
    outer loop
      vertex 5.22642 -49.7261 0
      vertex 6.95865 49.5134 0
      vertex 6.95865 -49.5134 0
    endloop
  endfacet
  facet normal 0 0 -1
    outer loop
      vertex 5.22642 -49.7261 0
      vertex 5.22642 49.7261 0
      vertex 6.95865 49.5134 0
    endloop
  endfacet
  facet normal 0 0 -1
    outer loop
      vertex 3.48782 -49.8782 0
      vertex 5.22642 49.7261 0
      vertex 5.22642 -49.7261 0
    endloop
  endfacet
  facet normal 0 0 -1
    outer loop
      vertex 3.48782 -49.8782 0
      vertex 3.48782 49.8782 0
      vertex 5.22642 49.7261 0
    endloop
  endfacet
  facet normal 0 0 -1
    outer loop
      vertex 1.74497 -49.9695 0
      vertex 3.48782 49.8782 0
      vertex 3.48782 -49.8782 0
    endloop
  endfacet
  facet normal 0 0 -1
    outer loop
      vertex 1.74497 -49.9695 0
      vertex 1.74497 49.9695 0
      vertex 3.48782 49.8782 0
    endloop
  endfacet
  facet normal 0 0 -1
    outer loop
      vertex 0 -50 0
      vertex 1.74497 49.9695 0
      vertex 1.74497 -49.9695 0
    endloop
  endfacet
  facet normal 0 0 -1
    outer loop
      vertex 0 -50 0
      vertex 0 50 0
      vertex 1.74497 49.9695 0
    endloop
  endfacet
  facet normal 0 0 -1
    outer loop
      vertex -1.74497 -49.9695 0
      vertex 0 50 0
      vertex 0 -50 0
    endloop
  endfacet
  facet normal 0 0 -1
    outer loop
      vertex -1.74497 -49.9695 0
      vertex -1.74497 49.9695 0
      vertex 0 50 0
    endloop
  endfacet
  facet normal 0 0 -1
    outer loop
      vertex -3.48782 -49.8782 0
      vertex -1.74497 49.9695 0
      vertex -1.74497 -49.9695 0
    endloop
  endfacet
  facet normal 0 0 -1
    outer loop
      vertex -3.48782 -49.8782 0
      vertex -3.48782 49.8782 0
      vertex -1.74497 49.9695 0
    endloop
  endfacet
  facet normal 0 0 -1
    outer loop
      vertex -5.22642 -49.7261 0
      vertex -3.48782 49.8782 0
      vertex -3.48782 -49.8782 0
    endloop
  endfacet
  facet normal 0 0 -1
    outer loop
      vertex -5.22642 -49.7261 0
      vertex -5.22642 49.7261 0
      vertex -3.48782 49.8782 0
    endloop
  endfacet
  facet normal 0 0 -1
    outer loop
      vertex -6.95865 -49.5134 0
      vertex -5.22642 49.7261 0
      vertex -5.22642 -49.7261 0
    endloop
  endfacet
  facet normal 0 0 -1
    outer loop
      vertex -6.95865 -49.5134 0
      vertex -6.95865 49.5134 0
      vertex -5.22642 49.7261 0
    endloop
  endfacet
  facet normal 0 0 -1
    outer loop
      vertex -8.68241 -49.2404 0
      vertex -6.95865 49.5134 0
      vertex -6.95865 -49.5134 0
    endloop
  endfacet
  facet normal 0 0 -1
    outer loop
      vertex -8.68241 -49.2404 0
      vertex -8.68241 49.2404 0
      vertex -6.95865 49.5134 0
    endloop
  endfacet
  facet normal 0 0 -1
    outer loop
      vertex -10.3956 -48.9074 0
      vertex -8.68241 49.2404 0
      vertex -8.68241 -49.2404 0
    endloop
  endfacet
  facet normal 0 0 -1
    outer loop
      vertex -10.3956 -48.9074 0
      vertex -10.3956 48.9074 0
      vertex -8.68241 49.2404 0
    endloop
  endfacet
  facet normal 0 0 -1
    outer loop
      vertex -12.0961 -48.5148 0
      vertex -10.3956 48.9074 0
      vertex -10.3956 -48.9074 0
    endloop
  endfacet
  facet normal 0 0 -1
    outer loop
      vertex -12.0961 -48.5148 0
      vertex -12.0961 48.5148 0
      vertex -10.3956 48.9074 0
    endloop
  endfacet
  facet normal 0 0 -1
    outer loop
      vertex -13.7819 -48.0631 0
      vertex -12.0961 48.5148 0
      vertex -12.0961 -48.5148 0
    endloop
  endfacet
  facet normal 0 0 -1
    outer loop
      vertex -13.7819 -48.0631 0
      vertex -13.7819 48.0631 0
      vertex -12.0961 48.5148 0
    endloop
  endfacet
  facet normal 0 0 -1
    outer loop
      vertex -15.4508 -47.5528 0
      vertex -13.7819 48.0631 0
      vertex -13.7819 -48.0631 0
    endloop
  endfacet
  facet normal 0 0 -1
    outer loop
      vertex -15.4508 -47.5528 0
      vertex -15.4508 47.5528 0
      vertex -13.7819 48.0631 0
    endloop
  endfacet
  facet normal 0 0 -1
    outer loop
      vertex -17.101 -46.9846 0
      vertex -15.4508 47.5528 0
      vertex -15.4508 -47.5528 0
    endloop
  endfacet
  facet normal 0 0 -1
    outer loop
      vertex -17.101 -46.9846 0
      vertex -17.101 46.9846 0
      vertex -15.4508 47.5528 0
    endloop
  endfacet
  facet normal 0 0 -1
    outer loop
      vertex -18.7303 -46.3592 0
      vertex -17.101 46.9846 0
      vertex -17.101 -46.9846 0
    endloop
  endfacet
  facet normal 0 0 -1
    outer loop
      vertex -18.7303 -46.3592 0
      vertex -18.7303 46.3592 0
      vertex -17.101 46.9846 0
    endloop
  endfacet
  facet normal 0 0 -1
    outer loop
      vertex -20.3368 -45.6773 0
      vertex -18.7303 46.3592 0
      vertex -18.7303 -46.3592 0
    endloop
  endfacet
  facet normal 0 0 -1
    outer loop
      vertex -20.3368 -45.6773 0
      vertex -20.3368 45.6773 0
      vertex -18.7303 46.3592 0
    endloop
  endfacet
  facet normal 0 0 -1
    outer loop
      vertex -21.9186 -44.9397 0
      vertex -20.3368 45.6773 0
      vertex -20.3368 -45.6773 0
    endloop
  endfacet
  facet normal 0 0 -1
    outer loop
      vertex -21.9186 -44.9397 0
      vertex -21.9186 44.9397 0
      vertex -20.3368 45.6773 0
    endloop
  endfacet
  facet normal 0 0 -1
    outer loop
      vertex -23.4736 -44.1474 0
      vertex -21.9186 44.9397 0
      vertex -21.9186 -44.9397 0
    endloop
  endfacet
  facet normal 0 0 -1
    outer loop
      vertex -23.4736 -44.1474 0
      vertex -23.4736 44.1474 0
      vertex -21.9186 44.9397 0
    endloop
  endfacet
  facet normal 0 0 -1
    outer loop
      vertex -25 -43.3013 0
      vertex -23.4736 44.1474 0
      vertex -23.4736 -44.1474 0
    endloop
  endfacet
  facet normal 0 0 -1
    outer loop
      vertex -25 -43.3013 0
      vertex -25 43.3013 0
      vertex -23.4736 44.1474 0
    endloop
  endfacet
  facet normal 0 0 -1
    outer loop
      vertex -26.496 -42.4024 0
      vertex -25 43.3013 0
      vertex -25 -43.3013 0
    endloop
  endfacet
  facet normal 0 0 -1
    outer loop
      vertex -26.496 -42.4024 0
      vertex -26.496 42.4024 0
      vertex -25 43.3013 0
    endloop
  endfacet
  facet normal 0 0 -1
    outer loop
      vertex -27.9596 -41.4519 0
      vertex -26.496 42.4024 0
      vertex -26.496 -42.4024 0
    endloop
  endfacet
  facet normal 0 0 -1
    outer loop
      vertex -27.9596 -41.4519 0
      vertex -27.9596 41.4519 0
      vertex -26.496 42.4024 0
    endloop
  endfacet
  facet normal 0 0 -1
    outer loop
      vertex -29.3893 -40.4509 0
      vertex -27.9596 41.4519 0
      vertex -27.9596 -41.4519 0
    endloop
  endfacet
  facet normal 0 0 -1
    outer loop
      vertex -29.3893 -40.4509 0
      vertex -29.3893 40.4509 0
      vertex -27.9596 41.4519 0
    endloop
  endfacet
  facet normal 0 0 -1
    outer loop
      vertex -30.7831 -39.4005 0
      vertex -29.3893 40.4509 0
      vertex -29.3893 -40.4509 0
    endloop
  endfacet
  facet normal 0 0 -1
    outer loop
      vertex -30.7831 -39.4005 0
      vertex -30.7831 39.4005 0
      vertex -29.3893 40.4509 0
    endloop
  endfacet
  facet normal 0 0 -1
    outer loop
      vertex -32.1394 -38.3022 0
      vertex -30.7831 39.4005 0
      vertex -30.7831 -39.4005 0
    endloop
  endfacet
  facet normal 0 0 -1
    outer loop
      vertex -32.1394 -38.3022 0
      vertex -32.1394 38.3022 0
      vertex -30.7831 39.4005 0
    endloop
  endfacet
  facet normal 0 0 -1
    outer loop
      vertex -33.4565 -37.1572 0
      vertex -32.1394 38.3022 0
      vertex -32.1394 -38.3022 0
    endloop
  endfacet
  facet normal 0 0 -1
    outer loop
      vertex -33.4565 -37.1572 0
      vertex -33.4565 37.1572 0
      vertex -32.1394 38.3022 0
    endloop
  endfacet
  facet normal 0 0 -1
    outer loop
      vertex -34.7329 -35.967 0
      vertex -33.4565 37.1572 0
      vertex -33.4565 -37.1572 0
    endloop
  endfacet
  facet normal 0 0 -1
    outer loop
      vertex -34.7329 -35.967 0
      vertex -34.7329 35.967 0
      vertex -33.4565 37.1572 0
    endloop
  endfacet
  facet normal 0 0 -1
    outer loop
      vertex -35.967 -34.7329 0
      vertex -34.7329 35.967 0
      vertex -34.7329 -35.967 0
    endloop
  endfacet
  facet normal 0 0 -1
    outer loop
      vertex -35.967 -34.7329 0
      vertex -35.967 34.7329 0
      vertex -34.7329 35.967 0
    endloop
  endfacet
  facet normal 0 0 -1
    outer loop
      vertex -37.1572 -33.4565 0
      vertex -35.967 34.7329 0
      vertex -35.967 -34.7329 0
    endloop
  endfacet
  facet normal 0 0 -1
    outer loop
      vertex -37.1572 -33.4565 0
      vertex -37.1572 33.4565 0
      vertex -35.967 34.7329 0
    endloop
  endfacet
  facet normal 0 0 -1
    outer loop
      vertex -38.3022 -32.1394 0
      vertex -37.1572 33.4565 0
      vertex -37.1572 -33.4565 0
    endloop
  endfacet
  facet normal 0 0 -1
    outer loop
      vertex -38.3022 -32.1394 0
      vertex -38.3022 32.1394 0
      vertex -37.1572 33.4565 0
    endloop
  endfacet
  facet normal 0 0 -1
    outer loop
      vertex -39.4005 -30.7831 0
      vertex -38.3022 32.1394 0
      vertex -38.3022 -32.1394 0
    endloop
  endfacet
  facet normal 0 0 -1
    outer loop
      vertex -39.4005 -30.7831 0
      vertex -39.4005 30.7831 0
      vertex -38.3022 32.1394 0
    endloop
  endfacet
  facet normal 0 0 -1
    outer loop
      vertex -40.4509 -29.3893 0
      vertex -39.4005 30.7831 0
      vertex -39.4005 -30.7831 0
    endloop
  endfacet
  facet normal 0 0 -1
    outer loop
      vertex -40.4509 -29.3893 0
      vertex -40.4509 29.3893 0
      vertex -39.4005 30.7831 0
    endloop
  endfacet
  facet normal 0 0 -1
    outer loop
      vertex -41.4519 -27.9596 0
      vertex -40.4509 29.3893 0
      vertex -40.4509 -29.3893 0
    endloop
  endfacet
  facet normal 0 0 -1
    outer loop
      vertex -41.4519 -27.9596 0
      vertex -41.4519 27.9596 0
      vertex -40.4509 29.3893 0
    endloop
  endfacet
  facet normal 0 0 -1
    outer loop
      vertex -42.4024 -26.496 0
      vertex -41.4519 27.9596 0
      vertex -41.4519 -27.9596 0
    endloop
  endfacet
  facet normal 0 0 -1
    outer loop
      vertex -42.4024 -26.496 0
      vertex -42.4024 26.496 0
      vertex -41.4519 27.9596 0
    endloop
  endfacet
  facet normal 0 0 -1
    outer loop
      vertex -43.3013 -25 0
      vertex -42.4024 26.496 0
      vertex -42.4024 -26.496 0
    endloop
  endfacet
  facet normal 0 0 -1
    outer loop
      vertex -43.3013 -25 0
      vertex -43.3013 25 0
      vertex -42.4024 26.496 0
    endloop
  endfacet
  facet normal 0 0 -1
    outer loop
      vertex -44.1474 -23.4736 0
      vertex -43.3013 25 0
      vertex -43.3013 -25 0
    endloop
  endfacet
  facet normal 0 0 -1
    outer loop
      vertex -44.1474 -23.4736 0
      vertex -44.1474 23.4736 0
      vertex -43.3013 25 0
    endloop
  endfacet
  facet normal 0 0 -1
    outer loop
      vertex -44.9397 -21.9186 0
      vertex -44.1474 23.4736 0
      vertex -44.1474 -23.4736 0
    endloop
  endfacet
  facet normal 0 0 -1
    outer loop
      vertex -44.9397 -21.9186 0
      vertex -44.9397 21.9186 0
      vertex -44.1474 23.4736 0
    endloop
  endfacet
  facet normal 0 0 -1
    outer loop
      vertex -45.6773 -20.3368 0
      vertex -44.9397 21.9186 0
      vertex -44.9397 -21.9186 0
    endloop
  endfacet
  facet normal 0 0 -1
    outer loop
      vertex -45.6773 -20.3368 0
      vertex -45.6773 20.3368 0
      vertex -44.9397 21.9186 0
    endloop
  endfacet
  facet normal 0 0 -1
    outer loop
      vertex -46.3592 -18.7303 0
      vertex -45.6773 20.3368 0
      vertex -45.6773 -20.3368 0
    endloop
  endfacet
  facet normal 0 0 -1
    outer loop
      vertex -46.3592 -18.7303 0
      vertex -46.3592 18.7303 0
      vertex -45.6773 20.3368 0
    endloop
  endfacet
  facet normal 0 0 -1
    outer loop
      vertex -46.9846 -17.101 0
      vertex -46.3592 18.7303 0
      vertex -46.3592 -18.7303 0
    endloop
  endfacet
  facet normal 0 0 -1
    outer loop
      vertex -46.9846 -17.101 0
      vertex -46.9846 17.101 0
      vertex -46.3592 18.7303 0
    endloop
  endfacet
  facet normal 0 0 -1
    outer loop
      vertex -47.5528 -15.4508 0
      vertex -46.9846 17.101 0
      vertex -46.9846 -17.101 0
    endloop
  endfacet
  facet normal 0 0 -1
    outer loop
      vertex -47.5528 -15.4508 0
      vertex -47.5528 15.4508 0
      vertex -46.9846 17.101 0
    endloop
  endfacet
  facet normal 0 0 -1
    outer loop
      vertex -48.0631 -13.7819 0
      vertex -47.5528 15.4508 0
      vertex -47.5528 -15.4508 0
    endloop
  endfacet
  facet normal 0 0 -1
    outer loop
      vertex -48.0631 -13.7819 0
      vertex -48.0631 13.7819 0
      vertex -47.5528 15.4508 0
    endloop
  endfacet
  facet normal 0 0 -1
    outer loop
      vertex -48.5148 -12.0961 0
      vertex -48.0631 13.7819 0
      vertex -48.0631 -13.7819 0
    endloop
  endfacet
  facet normal 0 0 -1
    outer loop
      vertex -48.5148 -12.0961 0
      vertex -48.5148 12.0961 0
      vertex -48.0631 13.7819 0
    endloop
  endfacet
  facet normal 0 0 -1
    outer loop
      vertex -48.9074 -10.3956 0
      vertex -48.5148 12.0961 0
      vertex -48.5148 -12.0961 0
    endloop
  endfacet
  facet normal 0 0 -1
    outer loop
      vertex -48.9074 -10.3956 0
      vertex -48.9074 10.3956 0
      vertex -48.5148 12.0961 0
    endloop
  endfacet
  facet normal 0 0 -1
    outer loop
      vertex -49.2404 -8.68241 0
      vertex -48.9074 10.3956 0
      vertex -48.9074 -10.3956 0
    endloop
  endfacet
  facet normal 0 0 -1
    outer loop
      vertex -49.2404 -8.68241 0
      vertex -49.2404 8.68241 0
      vertex -48.9074 10.3956 0
    endloop
  endfacet
  facet normal 0 0 -1
    outer loop
      vertex -49.5134 -6.95865 0
      vertex -49.2404 8.68241 0
      vertex -49.2404 -8.68241 0
    endloop
  endfacet
  facet normal 0 0 -1
    outer loop
      vertex -49.5134 -6.95865 0
      vertex -49.5134 6.95865 0
      vertex -49.2404 8.68241 0
    endloop
  endfacet
  facet normal 0 0 -1
    outer loop
      vertex -49.7261 -5.22642 0
      vertex -49.5134 6.95865 0
      vertex -49.5134 -6.95865 0
    endloop
  endfacet
  facet normal 0 0 -1
    outer loop
      vertex -49.7261 -5.22642 0
      vertex -49.7261 5.22642 0
      vertex -49.5134 6.95865 0
    endloop
  endfacet
  facet normal 0 0 -1
    outer loop
      vertex -49.8782 -3.48782 0
      vertex -49.7261 5.22642 0
      vertex -49.7261 -5.22642 0
    endloop
  endfacet
  facet normal 0 0 -1
    outer loop
      vertex -49.8782 -3.48782 0
      vertex -49.8782 3.48782 0
      vertex -49.7261 5.22642 0
    endloop
  endfacet
  facet normal 0 0 -1
    outer loop
      vertex -49.9695 -1.74497 0
      vertex -49.8782 3.48782 0
      vertex -49.8782 -3.48782 0
    endloop
  endfacet
  facet normal 0 0 -1
    outer loop
      vertex -49.9695 -1.74497 0
      vertex -49.9695 1.74497 0
      vertex -49.8782 3.48782 0
    endloop
  endfacet
  facet normal 0 -0 -1
    outer loop
      vertex -49.9695 1.74497 0
      vertex -49.9695 -1.74497 0
      vertex -50 0 0
    endloop
  endfacet
  facet normal 0.999847 0.0174761 0
    outer loop
      vertex 50 0 4.5
      vertex 49.9695 1.74497 0
      vertex 49.9695 1.74497 4.5
    endloop
  endfacet
  facet normal 0.999847 0.0174761 0
    outer loop
      vertex 49.9695 1.74497 0
      vertex 50 0 4.5
      vertex 50 0 0
    endloop
  endfacet
  facet normal 0.98769 0.156425 0
    outer loop
      vertex 49.5134 6.95865 4.5
      vertex 49.2404 8.68241 0
      vertex 49.2404 8.68241 4.5
    endloop
  endfacet
  facet normal 0.98769 0.156425 0
    outer loop
      vertex 49.2404 8.68241 0
      vertex 49.5134 6.95865 4.5
      vertex 49.5134 6.95865 0
    endloop
  endfacet
  facet normal 0.974369 0.224956 0
    outer loop
      vertex 48.9074 10.3956 4.5
      vertex 48.5148 12.0961 0
      vertex 48.5148 12.0961 4.5
    endloop
  endfacet
  facet normal 0.974369 0.224956 0
    outer loop
      vertex 48.5148 12.0961 0
      vertex 48.9074 10.3956 4.5
      vertex 48.9074 10.3956 0
    endloop
  endfacet
  facet normal 0.965927 0.258814 0
    outer loop
      vertex 48.5148 12.0961 4.5
      vertex 48.0631 13.7819 0
      vertex 48.0631 13.7819 4.5
    endloop
  endfacet
  facet normal 0.965927 0.258814 0
    outer loop
      vertex 48.0631 13.7819 0
      vertex 48.5148 12.0961 4.5
      vertex 48.5148 12.0961 0
    endloop
  endfacet
  facet normal 0.956294 0.292406 0
    outer loop
      vertex 48.0631 13.7819 4.5
      vertex 47.5528 15.4508 0
      vertex 47.5528 15.4508 4.5
    endloop
  endfacet
  facet normal 0.956294 0.292406 0
    outer loop
      vertex 47.5528 15.4508 0
      vertex 48.0631 13.7819 4.5
      vertex 48.0631 13.7819 0
    endloop
  endfacet
  facet normal 0.920509 0.390722 0
    outer loop
      vertex 46.3592 18.7303 4.5
      vertex 45.6773 20.3368 0
      vertex 45.6773 20.3368 4.5
    endloop
  endfacet
  facet normal 0.920509 0.390722 0
    outer loop
      vertex 45.6773 20.3368 0
      vertex 46.3592 18.7303 4.5
      vertex 46.3592 18.7303 0
    endloop
  endfacet
  facet normal 0.857164 0.515043 0
    outer loop
      vertex 43.3013 25 4.5
      vertex 42.4024 26.496 0
      vertex 42.4024 26.496 4.5
    endloop
  endfacet
  facet normal 0.857164 0.515043 0
    outer loop
      vertex 42.4024 26.496 0
      vertex 43.3013 25 4.5
      vertex 43.3013 25 0
    endloop
  endfacet
  facet normal 0.891009 0.453985 0
    outer loop
      vertex 44.9397 21.9186 4.5
      vertex 44.1474 23.4736 0
      vertex 44.1474 23.4736 4.5
    endloop
  endfacet
  facet normal 0.891009 0.453985 0
    outer loop
      vertex 44.1474 23.4736 0
      vertex 44.9397 21.9186 4.5
      vertex 44.9397 21.9186 0
    endloop
  endfacet
  facet normal 0.798609 0.60185 0
    outer loop
      vertex 40.4509 29.3893 4.5
      vertex 39.4005 30.7831 0
      vertex 39.4005 30.7831 4.5
    endloop
  endfacet
  facet normal 0.798609 0.60185 0
    outer loop
      vertex 39.4005 30.7831 0
      vertex 40.4509 29.3893 4.5
      vertex 40.4509 29.3893 0
    endloop
  endfacet
  facet normal 0.0523137 0.998631 -0
    outer loop
      vertex 3.48782 49.8782 0
      vertex 1.74497 49.9695 4.5
      vertex 3.48782 49.8782 4.5
    endloop
  endfacet
  facet normal 0.0523137 0.998631 0
    outer loop
      vertex 1.74497 49.9695 4.5
      vertex 3.48782 49.8782 0
      vertex 1.74497 49.9695 0
    endloop
  endfacet
  facet normal 0.190803 0.981628 -0
    outer loop
      vertex 10.3956 48.9074 0
      vertex 8.68241 49.2404 4.5
      vertex 10.3956 48.9074 4.5
    endloop
  endfacet
  facet normal 0.190803 0.981628 0
    outer loop
      vertex 8.68241 49.2404 4.5
      vertex 10.3956 48.9074 0
      vertex 8.68241 49.2404 0
    endloop
  endfacet
  facet normal 0.258814 0.965927 -0
    outer loop
      vertex 13.7819 48.0631 0
      vertex 12.0961 48.5148 4.5
      vertex 13.7819 48.0631 4.5
    endloop
  endfacet
  facet normal 0.258814 0.965927 0
    outer loop
      vertex 12.0961 48.5148 4.5
      vertex 13.7819 48.0631 0
      vertex 12.0961 48.5148 0
    endloop
  endfacet
  facet normal -0.0174761 0.999847 0
    outer loop
      vertex 0 50 0
      vertex -1.74497 49.9695 4.5
      vertex 0 50 4.5
    endloop
  endfacet
  facet normal -0.0174761 0.999847 0
    outer loop
      vertex -1.74497 49.9695 4.5
      vertex 0 50 0
      vertex -1.74497 49.9695 0
    endloop
  endfacet
  facet normal -0.156425 0.98769 0
    outer loop
      vertex -6.95865 49.5134 0
      vertex -8.68241 49.2404 4.5
      vertex -6.95865 49.5134 4.5
    endloop
  endfacet
  facet normal -0.156425 0.98769 0
    outer loop
      vertex -8.68241 49.2404 4.5
      vertex -6.95865 49.5134 0
      vertex -8.68241 49.2404 0
    endloop
  endfacet
  facet normal -0.358353 0.933586 0
    outer loop
      vertex -17.101 46.9846 0
      vertex -18.7303 46.3592 4.5
      vertex -17.101 46.9846 4.5
    endloop
  endfacet
  facet normal -0.358353 0.933586 0
    outer loop
      vertex -18.7303 46.3592 4.5
      vertex -17.101 46.9846 0
      vertex -18.7303 46.3592 0
    endloop
  endfacet
  facet normal -0.54465 0.838663 0
    outer loop
      vertex -26.496 42.4024 0
      vertex -27.9596 41.4519 4.5
      vertex -26.496 42.4024 4.5
    endloop
  endfacet
  facet normal -0.54465 0.838663 0
    outer loop
      vertex -27.9596 41.4519 4.5
      vertex -26.496 42.4024 0
      vertex -27.9596 41.4519 0
    endloop
  endfacet
  facet normal -0.453985 0.891009 0
    outer loop
      vertex -21.9186 44.9397 0
      vertex -23.4736 44.1474 4.5
      vertex -21.9186 44.9397 4.5
    endloop
  endfacet
  facet normal -0.453985 0.891009 0
    outer loop
      vertex -23.4736 44.1474 4.5
      vertex -21.9186 44.9397 0
      vertex -23.4736 44.1474 0
    endloop
  endfacet
  facet normal -0.681979 0.731371 0
    outer loop
      vertex -33.4565 37.1572 0
      vertex -34.7329 35.967 4.5
      vertex -33.4565 37.1572 4.5
    endloop
  endfacet
  facet normal -0.681979 0.731371 0
    outer loop
      vertex -34.7329 35.967 4.5
      vertex -33.4565 37.1572 0
      vertex -34.7329 35.967 0
    endloop
  endfacet
  facet normal -0.974369 0.224956 0
    outer loop
      vertex -48.9074 10.3956 0
      vertex -48.5148 12.0961 4.5
      vertex -48.5148 12.0961 0
    endloop
  endfacet
  facet normal -0.974369 0.224956 0
    outer loop
      vertex -48.5148 12.0961 4.5
      vertex -48.9074 10.3956 0
      vertex -48.9074 10.3956 4.5
    endloop
  endfacet
  facet normal -0.94552 0.325563 0
    outer loop
      vertex -47.5528 15.4508 0
      vertex -46.9846 17.101 4.5
      vertex -46.9846 17.101 0
    endloop
  endfacet
  facet normal -0.94552 0.325563 0
    outer loop
      vertex -46.9846 17.101 4.5
      vertex -47.5528 15.4508 0
      vertex -47.5528 15.4508 4.5
    endloop
  endfacet
  facet normal -0.992546 0.121874 0
    outer loop
      vertex -49.7261 5.22642 0
      vertex -49.5134 6.95865 4.5
      vertex -49.5134 6.95865 0
    endloop
  endfacet
  facet normal -0.992546 0.121874 0
    outer loop
      vertex -49.5134 6.95865 4.5
      vertex -49.7261 5.22642 0
      vertex -49.7261 5.22642 4.5
    endloop
  endfacet
  facet normal -0.874619 0.484811 0
    outer loop
      vertex -44.1474 23.4736 0
      vertex -43.3013 25 4.5
      vertex -43.3013 25 0
    endloop
  endfacet
  facet normal -0.874619 0.484811 0
    outer loop
      vertex -43.3013 25 4.5
      vertex -44.1474 23.4736 0
      vertex -44.1474 23.4736 4.5
    endloop
  endfacet
  facet normal -0.819175 0.573543 0
    outer loop
      vertex -41.4519 27.9596 0
      vertex -40.4509 29.3893 4.5
      vertex -40.4509 29.3893 0
    endloop
  endfacet
  facet normal -0.819175 0.573543 0
    outer loop
      vertex -40.4509 29.3893 4.5
      vertex -41.4519 27.9596 0
      vertex -41.4519 27.9596 4.5
    endloop
  endfacet
  facet normal -0.754692 0.656079 0
    outer loop
      vertex -38.3022 32.1394 0
      vertex -37.1572 33.4565 4.5
      vertex -37.1572 33.4565 0
    endloop
  endfacet
  facet normal -0.754692 0.656079 0
    outer loop
      vertex -37.1572 33.4565 4.5
      vertex -38.3022 32.1394 0
      vertex -38.3022 32.1394 4.5
    endloop
  endfacet
  facet normal 0.981628 0.190803 0
    outer loop
      vertex 49.2404 8.68241 4.5
      vertex 48.9074 10.3956 0
      vertex 48.9074 10.3956 4.5
    endloop
  endfacet
  facet normal 0.981628 0.190803 0
    outer loop
      vertex 48.9074 10.3956 0
      vertex 49.2404 8.68241 4.5
      vertex 49.2404 8.68241 0
    endloop
  endfacet
  facet normal 0.874619 0.484811 0
    outer loop
      vertex 44.1474 23.4736 4.5
      vertex 43.3013 25 0
      vertex 43.3013 25 4.5
    endloop
  endfacet
  facet normal 0.874619 0.484811 0
    outer loop
      vertex 43.3013 25 0
      vertex 44.1474 23.4736 4.5
      vertex 44.1474 23.4736 0
    endloop
  endfacet
  facet normal 0.754692 0.656079 0
    outer loop
      vertex 38.3022 32.1394 4.5
      vertex 37.1572 33.4565 0
      vertex 37.1572 33.4565 4.5
    endloop
  endfacet
  facet normal 0.754692 0.656079 0
    outer loop
      vertex 37.1572 33.4565 0
      vertex 38.3022 32.1394 4.5
      vertex 38.3022 32.1394 0
    endloop
  endfacet
  facet normal 0.819175 0.573543 0
    outer loop
      vertex 41.4519 27.9596 4.5
      vertex 40.4509 29.3893 0
      vertex 40.4509 29.3893 4.5
    endloop
  endfacet
  facet normal 0.819175 0.573543 0
    outer loop
      vertex 40.4509 29.3893 0
      vertex 41.4519 27.9596 4.5
      vertex 41.4519 27.9596 0
    endloop
  endfacet
  facet normal 0.838663 0.54465 0
    outer loop
      vertex 42.4024 26.496 4.5
      vertex 41.4519 27.9596 0
      vertex 41.4519 27.9596 4.5
    endloop
  endfacet
  facet normal 0.838663 0.54465 0
    outer loop
      vertex 41.4519 27.9596 0
      vertex 42.4024 26.496 4.5
      vertex 42.4024 26.496 0
    endloop
  endfacet
  facet normal -0.0871316 -0.996197 0
    outer loop
      vertex 3.2088 45.8879 1.8
      vertex 4.80831 45.748 4.5
      vertex 3.2088 45.8879 4.5
    endloop
  endfacet
  facet normal -0.0871316 -0.996197 -0
    outer loop
      vertex 4.80831 45.748 4.5
      vertex 3.2088 45.8879 1.8
      vertex 4.80831 45.748 1.8
    endloop
  endfacet
  facet normal -0.96592 0.258841 0
    outer loop
      vertex 44.218 -12.6793 1.8
      vertex 44.6336 -11.1284 4.5
      vertex 44.6336 -11.1284 1.8
    endloop
  endfacet
  facet normal -0.96592 0.258841 0
    outer loop
      vertex 44.6336 -11.1284 4.5
      vertex 44.218 -12.6793 1.8
      vertex 44.218 -12.6793 4.5
    endloop
  endfacet
  facet normal 0.754741 0.656023 0
    outer loop
      vertex -34.1847 -30.78 4.5
      vertex -35.238 -29.5682 1.8
      vertex -35.238 -29.5682 4.5
    endloop
  endfacet
  facet normal 0.754741 0.656023 0
    outer loop
      vertex -35.238 -29.5682 1.8
      vertex -34.1847 -30.78 4.5
      vertex -34.1847 -30.78 1.8
    endloop
  endfacet
  facet normal -0.857158 -0.515054 0
    outer loop
      vertex 39.8372 23 1.8
      vertex 39.0102 24.3763 4.5
      vertex 39.0102 24.3763 1.8
    endloop
  endfacet
  facet normal -0.857158 -0.515054 0
    outer loop
      vertex 39.0102 24.3763 4.5
      vertex 39.8372 23 1.8
      vertex 39.8372 23 4.5
    endloop
  endfacet
  facet normal -0.22496 -0.974368 0
    outer loop
      vertex 9.56394 44.9948 1.8
      vertex 11.1284 44.6336 4.5
      vertex 9.56394 44.9948 4.5
    endloop
  endfacet
  facet normal -0.22496 -0.974368 -0
    outer loop
      vertex 11.1284 44.6336 4.5
      vertex 9.56394 44.9948 1.8
      vertex 11.1284 44.6336 1.8
    endloop
  endfacet
  facet normal -0.682014 -0.731339 0
    outer loop
      vertex 30.78 34.1847 1.8
      vertex 31.9543 33.0896 4.5
      vertex 30.78 34.1847 4.5
    endloop
  endfacet
  facet normal -0.682014 -0.731339 -0
    outer loop
      vertex 31.9543 33.0896 4.5
      vertex 30.78 34.1847 1.8
      vertex 31.9543 33.0896 1.8
    endloop
  endfacet
  facet normal -0.999848 -0.0174387 0
    outer loop
      vertex 46 0 1.8
      vertex 45.972 1.60538 4.5
      vertex 45.972 1.60538 1.8
    endloop
  endfacet
  facet normal -0.999848 -0.0174387 0
    outer loop
      vertex 45.972 1.60538 4.5
      vertex 46 0 1.8
      vertex 46 0 4.5
    endloop
  endfacet
  facet normal 0.358361 -0.933583 0
    outer loop
      vertex -17.2319 42.6505 1.8
      vertex -15.7329 43.2259 4.5
      vertex -17.2319 42.6505 4.5
    endloop
  endfacet
  facet normal 0.358361 -0.933583 0
    outer loop
      vertex -15.7329 43.2259 4.5
      vertex -17.2319 42.6505 1.8
      vertex -15.7329 43.2259 1.8
    endloop
  endfacet
  facet normal 0.544642 -0.838668 0
    outer loop
      vertex -25.7229 38.1357 1.8
      vertex -24.3763 39.0102 4.5
      vertex -25.7229 38.1357 4.5
    endloop
  endfacet
  facet normal 0.544642 -0.838668 0
    outer loop
      vertex -24.3763 39.0102 4.5
      vertex -25.7229 38.1357 1.8
      vertex -24.3763 39.0102 1.8
    endloop
  endfacet
  facet normal 0.974368 -0.22496 0
    outer loop
      vertex -44.9948 9.56394 4.5
      vertex -44.6336 11.1284 1.8
      vertex -44.6336 11.1284 4.5
    endloop
  endfacet
  facet normal 0.974368 -0.22496 0
    outer loop
      vertex -44.6336 11.1284 1.8
      vertex -44.9948 9.56394 4.5
      vertex -44.9948 9.56394 1.8
    endloop
  endfacet
  facet normal -0.874624 0.484802 0
    outer loop
      vertex 39.8372 -23 1.8
      vertex 40.6156 -21.5957 4.5
      vertex 40.6156 -21.5957 1.8
    endloop
  endfacet
  facet normal -0.874624 0.484802 0
    outer loop
      vertex 40.6156 -21.5957 4.5
      vertex 39.8372 -23 1.8
      vertex 39.8372 -23 4.5
    endloop
  endfacet
  facet normal -0.258841 0.96592 0
    outer loop
      vertex 12.6793 -44.218 1.8
      vertex 11.1284 -44.6336 4.5
      vertex 12.6793 -44.218 4.5
    endloop
  endfacet
  facet normal -0.258841 0.96592 0
    outer loop
      vertex 11.1284 -44.6336 4.5
      vertex 12.6793 -44.218 1.8
      vertex 11.1284 -44.6336 1.8
    endloop
  endfacet
  facet normal -0.601822 0.79863 0
    outer loop
      vertex 28.3204 -36.2485 1.8
      vertex 27.0381 -37.2148 4.5
      vertex 28.3204 -36.2485 4.5
    endloop
  endfacet
  facet normal -0.601822 0.79863 0
    outer loop
      vertex 27.0381 -37.2148 4.5
      vertex 28.3204 -36.2485 1.8
      vertex 27.0381 -37.2148 1.8
    endloop
  endfacet
  facet normal 0.96592 0.258841 0
    outer loop
      vertex -44.218 -12.6793 4.5
      vertex -44.6336 -11.1284 1.8
      vertex -44.6336 -11.1284 4.5
    endloop
  endfacet
  facet normal 0.96592 0.258841 0
    outer loop
      vertex -44.6336 -11.1284 1.8
      vertex -44.218 -12.6793 4.5
      vertex -44.218 -12.6793 1.8
    endloop
  endfacet
  facet normal 0.484802 0.874624 -0
    outer loop
      vertex -21.5957 -40.6156 1.8
      vertex -23 -39.8372 4.5
      vertex -21.5957 -40.6156 4.5
    endloop
  endfacet
  facet normal 0.484802 0.874624 0
    outer loop
      vertex -23 -39.8372 4.5
      vertex -21.5957 -40.6156 1.8
      vertex -23 -39.8372 1.8
    endloop
  endfacet
  facet normal 0.121884 0.992544 -0
    outer loop
      vertex -4.80831 -45.748 1.8
      vertex -6.40196 -45.5523 4.5
      vertex -4.80831 -45.748 4.5
    endloop
  endfacet
  facet normal 0.121884 0.992544 0
    outer loop
      vertex -6.40196 -45.5523 4.5
      vertex -4.80831 -45.748 1.8
      vertex -6.40196 -45.5523 1.8
    endloop
  endfacet
  facet normal -0.156389 -0.987696 0
    outer loop
      vertex 6.40196 45.5523 1.8
      vertex 7.98782 45.3012 4.5
      vertex 6.40196 45.5523 4.5
    endloop
  endfacet
  facet normal -0.156389 -0.987696 -0
    outer loop
      vertex 7.98782 45.3012 4.5
      vertex 6.40196 45.5523 1.8
      vertex 7.98782 45.3012 1.8
    endloop
  endfacet
  facet normal 0.0174387 -0.999848 0
    outer loop
      vertex -1.60538 45.972 1.8
      vertex 0 46 4.5
      vertex -1.60538 45.972 4.5
    endloop
  endfacet
  facet normal 0.0174387 -0.999848 0
    outer loop
      vertex 0 46 4.5
      vertex -1.60538 45.972 1.8
      vertex 0 46 1.8
    endloop
  endfacet
  facet normal 0.0871316 -0.996197 0
    outer loop
      vertex -4.80831 45.748 1.8
      vertex -3.2088 45.8879 4.5
      vertex -4.80831 45.748 4.5
    endloop
  endfacet
  facet normal 0.0871316 -0.996197 0
    outer loop
      vertex -3.2088 45.8879 4.5
      vertex -4.80831 45.748 1.8
      vertex -3.2088 45.8879 1.8
    endloop
  endfacet
  facet normal -0.998627 0.0523784 0
    outer loop
      vertex 45.8879 -3.2088 1.8
      vertex 45.972 -1.60538 4.5
      vertex 45.972 -1.60538 1.8
    endloop
  endfacet
  facet normal -0.998627 0.0523784 0
    outer loop
      vertex 45.972 -1.60538 4.5
      vertex 45.8879 -3.2088 1.8
      vertex 45.8879 -3.2088 4.5
    endloop
  endfacet
  facet normal -0.996197 0.0871316 0
    outer loop
      vertex 45.748 -4.80831 1.8
      vertex 45.8879 -3.2088 4.5
      vertex 45.8879 -3.2088 1.8
    endloop
  endfacet
  facet normal -0.996197 0.0871316 0
    outer loop
      vertex 45.8879 -3.2088 4.5
      vertex 45.748 -4.80831 1.8
      vertex 45.748 -4.80831 4.5
    endloop
  endfacet
  facet normal -0.933583 0.358361 0
    outer loop
      vertex 42.6505 -17.2319 1.8
      vertex 43.2259 -15.7329 4.5
      vertex 43.2259 -15.7329 1.8
    endloop
  endfacet
  facet normal -0.933583 0.358361 0
    outer loop
      vertex 43.2259 -15.7329 4.5
      vertex 42.6505 -17.2319 1.8
      vertex 42.6505 -17.2319 4.5
    endloop
  endfacet
  facet normal -0.920499 0.390745 0
    outer loop
      vertex 42.0231 -18.7099 1.8
      vertex 42.6505 -17.2319 4.5
      vertex 42.6505 -17.2319 1.8
    endloop
  endfacet
  facet normal -0.920499 0.390745 0
    outer loop
      vertex 42.6505 -17.2319 4.5
      vertex 42.0231 -18.7099 1.8
      vertex 42.0231 -18.7099 4.5
    endloop
  endfacet
  facet normal -0.956313 0.292344 0
    outer loop
      vertex 43.7486 -14.2148 1.8
      vertex 44.218 -12.6793 4.5
      vertex 44.218 -12.6793 1.8
    endloop
  endfacet
  facet normal -0.956313 0.292344 0
    outer loop
      vertex 44.218 -12.6793 4.5
      vertex 43.7486 -14.2148 1.8
      vertex 43.7486 -14.2148 4.5
    endloop
  endfacet
  facet normal -0.819156 0.573571 0
    outer loop
      vertex 37.2148 -27.0381 1.8
      vertex 38.1357 -25.7229 4.5
      vertex 38.1357 -25.7229 1.8
    endloop
  endfacet
  facet normal -0.819156 0.573571 0
    outer loop
      vertex 38.1357 -25.7229 4.5
      vertex 37.2148 -27.0381 1.8
      vertex 37.2148 -27.0381 4.5
    endloop
  endfacet
  facet normal -0.906301 0.422633 0
    outer loop
      vertex 41.3445 -20.1651 1.8
      vertex 42.0231 -18.7099 4.5
      vertex 42.0231 -18.7099 1.8
    endloop
  endfacet
  facet normal -0.906301 0.422633 0
    outer loop
      vertex 42.0231 -18.7099 4.5
      vertex 41.3445 -20.1651 1.8
      vertex 41.3445 -20.1651 4.5
    endloop
  endfacet
  facet normal -0.891013 0.453977 0
    outer loop
      vertex 40.6156 -21.5957 1.8
      vertex 41.3445 -20.1651 4.5
      vertex 41.3445 -20.1651 1.8
    endloop
  endfacet
  facet normal -0.891013 0.453977 0
    outer loop
      vertex 41.3445 -20.1651 4.5
      vertex 40.6156 -21.5957 1.8
      vertex 40.6156 -21.5957 4.5
    endloop
  endfacet
  facet normal -0.838668 0.544642 0
    outer loop
      vertex 38.1357 -25.7229 1.8
      vertex 39.0102 -24.3763 4.5
      vertex 39.0102 -24.3763 1.8
    endloop
  endfacet
  facet normal -0.838668 0.544642 0
    outer loop
      vertex 39.0102 -24.3763 4.5
      vertex 38.1357 -25.7229 1.8
      vertex 38.1357 -25.7229 4.5
    endloop
  endfacet
  facet normal -0.156389 0.987696 0
    outer loop
      vertex 7.98782 -45.3012 1.8
      vertex 6.40196 -45.5523 4.5
      vertex 7.98782 -45.3012 4.5
    endloop
  endfacet
  facet normal -0.156389 0.987696 0
    outer loop
      vertex 6.40196 -45.5523 4.5
      vertex 7.98782 -45.3012 1.8
      vertex 6.40196 -45.5523 1.8
    endloop
  endfacet
  facet normal -0.22496 0.974368 0
    outer loop
      vertex 11.1284 -44.6336 1.8
      vertex 9.56394 -44.9948 4.5
      vertex 11.1284 -44.6336 4.5
    endloop
  endfacet
  facet normal -0.22496 0.974368 0
    outer loop
      vertex 9.56394 -44.9948 4.5
      vertex 11.1284 -44.6336 1.8
      vertex 9.56394 -44.9948 1.8
    endloop
  endfacet
  facet normal -0.121884 0.992544 0
    outer loop
      vertex 6.40196 -45.5523 1.8
      vertex 4.80831 -45.748 4.5
      vertex 6.40196 -45.5523 4.5
    endloop
  endfacet
  facet normal -0.121884 0.992544 0
    outer loop
      vertex 4.80831 -45.748 4.5
      vertex 6.40196 -45.5523 1.8
      vertex 4.80831 -45.748 1.8
    endloop
  endfacet
  facet normal -0.390745 0.920499 0
    outer loop
      vertex 18.7099 -42.0231 1.8
      vertex 17.2319 -42.6505 4.5
      vertex 18.7099 -42.0231 4.5
    endloop
  endfacet
  facet normal -0.390745 0.920499 0
    outer loop
      vertex 17.2319 -42.6505 4.5
      vertex 18.7099 -42.0231 1.8
      vertex 17.2319 -42.6505 1.8
    endloop
  endfacet
  facet normal -0.515054 0.857158 0
    outer loop
      vertex 24.3763 -39.0102 1.8
      vertex 23 -39.8372 4.5
      vertex 24.3763 -39.0102 4.5
    endloop
  endfacet
  facet normal -0.515054 0.857158 0
    outer loop
      vertex 23 -39.8372 4.5
      vertex 24.3763 -39.0102 1.8
      vertex 23 -39.8372 1.8
    endloop
  endfacet
  facet normal -0.422633 0.906301 0
    outer loop
      vertex 20.1651 -41.3445 1.8
      vertex 18.7099 -42.0231 4.5
      vertex 20.1651 -41.3445 4.5
    endloop
  endfacet
  facet normal -0.422633 0.906301 0
    outer loop
      vertex 18.7099 -42.0231 4.5
      vertex 20.1651 -41.3445 1.8
      vertex 18.7099 -42.0231 1.8
    endloop
  endfacet
  facet normal -0.484802 0.874624 0
    outer loop
      vertex 23 -39.8372 1.8
      vertex 21.5957 -40.6156 4.5
      vertex 23 -39.8372 4.5
    endloop
  endfacet
  facet normal -0.484802 0.874624 0
    outer loop
      vertex 21.5957 -40.6156 4.5
      vertex 23 -39.8372 1.8
      vertex 21.5957 -40.6156 1.8
    endloop
  endfacet
  facet normal -0.682014 0.731339 0
    outer loop
      vertex 31.9543 -33.0896 1.8
      vertex 30.78 -34.1847 4.5
      vertex 31.9543 -33.0896 4.5
    endloop
  endfacet
  facet normal -0.682014 0.731339 0
    outer loop
      vertex 30.78 -34.1847 4.5
      vertex 31.9543 -33.0896 1.8
      vertex 30.78 -34.1847 1.8
    endloop
  endfacet
  facet normal -0.544642 0.838668 0
    outer loop
      vertex 25.7229 -38.1357 1.8
      vertex 24.3763 -39.0102 4.5
      vertex 25.7229 -38.1357 4.5
    endloop
  endfacet
  facet normal -0.544642 0.838668 0
    outer loop
      vertex 24.3763 -39.0102 4.5
      vertex 25.7229 -38.1357 1.8
      vertex 24.3763 -39.0102 1.8
    endloop
  endfacet
  facet normal 0.920499 0.390745 0
    outer loop
      vertex -42.0231 -18.7099 4.5
      vertex -42.6505 -17.2319 1.8
      vertex -42.6505 -17.2319 4.5
    endloop
  endfacet
  facet normal 0.920499 0.390745 0
    outer loop
      vertex -42.6505 -17.2319 1.8
      vertex -42.0231 -18.7099 4.5
      vertex -42.0231 -18.7099 1.8
    endloop
  endfacet
  facet normal 0.857158 0.515054 0
    outer loop
      vertex -39.0102 -24.3763 4.5
      vertex -39.8372 -23 1.8
      vertex -39.8372 -23 4.5
    endloop
  endfacet
  facet normal 0.857158 0.515054 0
    outer loop
      vertex -39.8372 -23 1.8
      vertex -39.0102 -24.3763 4.5
      vertex -39.0102 -24.3763 1.8
    endloop
  endfacet
  facet normal 0.987696 0.156389 0
    outer loop
      vertex -45.3012 -7.98782 4.5
      vertex -45.5523 -6.40196 1.8
      vertex -45.5523 -6.40196 4.5
    endloop
  endfacet
  facet normal 0.987696 0.156389 0
    outer loop
      vertex -45.5523 -6.40196 1.8
      vertex -45.3012 -7.98782 4.5
      vertex -45.3012 -7.98782 1.8
    endloop
  endfacet
  facet normal 0.974368 0.22496 0
    outer loop
      vertex -44.6336 -11.1284 4.5
      vertex -44.9948 -9.56394 1.8
      vertex -44.9948 -9.56394 4.5
    endloop
  endfacet
  facet normal 0.974368 0.22496 0
    outer loop
      vertex -44.9948 -9.56394 1.8
      vertex -44.6336 -11.1284 4.5
      vertex -44.6336 -11.1284 1.8
    endloop
  endfacet
  facet normal 0.992544 0.121884 0
    outer loop
      vertex -45.5523 -6.40196 4.5
      vertex -45.748 -4.80831 1.8
      vertex -45.748 -4.80831 4.5
    endloop
  endfacet
  facet normal 0.992544 0.121884 0
    outer loop
      vertex -45.748 -4.80831 1.8
      vertex -45.5523 -6.40196 4.5
      vertex -45.5523 -6.40196 1.8
    endloop
  endfacet
  facet normal 0.682014 0.731339 -0
    outer loop
      vertex -30.78 -34.1847 1.8
      vertex -31.9543 -33.0896 4.5
      vertex -30.78 -34.1847 4.5
    endloop
  endfacet
  facet normal 0.682014 0.731339 0
    outer loop
      vertex -31.9543 -33.0896 4.5
      vertex -30.78 -34.1847 1.8
      vertex -31.9543 -33.0896 1.8
    endloop
  endfacet
  facet normal 0.544642 0.838668 -0
    outer loop
      vertex -24.3763 -39.0102 1.8
      vertex -25.7229 -38.1357 4.5
      vertex -24.3763 -39.0102 4.5
    endloop
  endfacet
  facet normal 0.544642 0.838668 0
    outer loop
      vertex -25.7229 -38.1357 4.5
      vertex -24.3763 -39.0102 1.8
      vertex -25.7229 -38.1357 1.8
    endloop
  endfacet
  facet normal 0.656023 0.754741 -0
    outer loop
      vertex -29.5682 -35.238 1.8
      vertex -30.78 -34.1847 4.5
      vertex -29.5682 -35.238 4.5
    endloop
  endfacet
  facet normal 0.656023 0.754741 0
    outer loop
      vertex -30.78 -34.1847 4.5
      vertex -29.5682 -35.238 1.8
      vertex -30.78 -34.1847 1.8
    endloop
  endfacet
  facet normal 0.515054 0.857158 -0
    outer loop
      vertex -23 -39.8372 1.8
      vertex -24.3763 -39.0102 4.5
      vertex -23 -39.8372 4.5
    endloop
  endfacet
  facet normal 0.515054 0.857158 0
    outer loop
      vertex -24.3763 -39.0102 4.5
      vertex -23 -39.8372 1.8
      vertex -24.3763 -39.0102 1.8
    endloop
  endfacet
  facet normal 0.358361 0.933583 -0
    outer loop
      vertex -15.7329 -43.2259 1.8
      vertex -17.2319 -42.6505 4.5
      vertex -15.7329 -43.2259 4.5
    endloop
  endfacet
  facet normal 0.358361 0.933583 0
    outer loop
      vertex -17.2319 -42.6505 4.5
      vertex -15.7329 -43.2259 1.8
      vertex -17.2319 -42.6505 1.8
    endloop
  endfacet
  facet normal 0.22496 0.974368 -0
    outer loop
      vertex -9.56394 -44.9948 1.8
      vertex -11.1284 -44.6336 4.5
      vertex -9.56394 -44.9948 4.5
    endloop
  endfacet
  facet normal 0.22496 0.974368 0
    outer loop
      vertex -11.1284 -44.6336 4.5
      vertex -9.56394 -44.9948 1.8
      vertex -11.1284 -44.6336 1.8
    endloop
  endfacet
  facet normal 0.325555 0.945523 -0
    outer loop
      vertex -14.2148 -43.7486 1.8
      vertex -15.7329 -43.2259 4.5
      vertex -14.2148 -43.7486 4.5
    endloop
  endfacet
  facet normal 0.325555 0.945523 0
    outer loop
      vertex -15.7329 -43.2259 4.5
      vertex -14.2148 -43.7486 1.8
      vertex -15.7329 -43.2259 1.8
    endloop
  endfacet
  facet normal 0.258841 0.96592 -0
    outer loop
      vertex -11.1284 -44.6336 1.8
      vertex -12.6793 -44.218 4.5
      vertex -11.1284 -44.6336 4.5
    endloop
  endfacet
  facet normal 0.258841 0.96592 0
    outer loop
      vertex -12.6793 -44.218 4.5
      vertex -11.1284 -44.6336 1.8
      vertex -12.6793 -44.218 1.8
    endloop
  endfacet
  facet normal 0.0523784 0.998627 -0
    outer loop
      vertex -1.60538 -45.972 1.8
      vertex -3.2088 -45.8879 4.5
      vertex -1.60538 -45.972 4.5
    endloop
  endfacet
  facet normal 0.0523784 0.998627 0
    outer loop
      vertex -3.2088 -45.8879 4.5
      vertex -1.60538 -45.972 1.8
      vertex -3.2088 -45.8879 1.8
    endloop
  endfacet
  facet normal 0.0871316 0.996197 -0
    outer loop
      vertex -3.2088 -45.8879 1.8
      vertex -4.80831 -45.748 4.5
      vertex -3.2088 -45.8879 4.5
    endloop
  endfacet
  facet normal 0.0871316 0.996197 0
    outer loop
      vertex -4.80831 -45.748 4.5
      vertex -3.2088 -45.8879 1.8
      vertex -4.80831 -45.748 1.8
    endloop
  endfacet
  facet normal -0.999848 0.0174387 0
    outer loop
      vertex 45.972 -1.60538 1.8
      vertex 46 0 4.5
      vertex 46 0 1.8
    endloop
  endfacet
  facet normal -0.999848 0.0174387 0
    outer loop
      vertex 46 0 4.5
      vertex 45.972 -1.60538 1.8
      vertex 45.972 -1.60538 4.5
    endloop
  endfacet
  facet normal -0.358361 -0.933583 0
    outer loop
      vertex 15.7329 43.2259 1.8
      vertex 17.2319 42.6505 4.5
      vertex 15.7329 43.2259 4.5
    endloop
  endfacet
  facet normal -0.358361 -0.933583 -0
    outer loop
      vertex 17.2319 42.6505 4.5
      vertex 15.7329 43.2259 1.8
      vertex 17.2319 42.6505 1.8
    endloop
  endfacet
  facet normal -0.258841 -0.96592 0
    outer loop
      vertex 11.1284 44.6336 1.8
      vertex 12.6793 44.218 4.5
      vertex 11.1284 44.6336 4.5
    endloop
  endfacet
  facet normal -0.258841 -0.96592 -0
    outer loop
      vertex 12.6793 44.218 4.5
      vertex 11.1284 44.6336 1.8
      vertex 12.6793 44.218 1.8
    endloop
  endfacet
  facet normal -0.573571 -0.819156 0
    outer loop
      vertex 25.7229 38.1357 1.8
      vertex 27.0381 37.2148 4.5
      vertex 25.7229 38.1357 4.5
    endloop
  endfacet
  facet normal -0.573571 -0.819156 -0
    outer loop
      vertex 27.0381 37.2148 4.5
      vertex 25.7229 38.1357 1.8
      vertex 27.0381 37.2148 1.8
    endloop
  endfacet
  facet normal -0.656023 -0.754741 0
    outer loop
      vertex 29.5682 35.238 1.8
      vertex 30.78 34.1847 4.5
      vertex 29.5682 35.238 4.5
    endloop
  endfacet
  facet normal -0.656023 -0.754741 -0
    outer loop
      vertex 30.78 34.1847 4.5
      vertex 29.5682 35.238 1.8
      vertex 30.78 34.1847 1.8
    endloop
  endfacet
  facet normal -0.453977 -0.891013 0
    outer loop
      vertex 20.1651 41.3445 1.8
      vertex 21.5957 40.6156 4.5
      vertex 20.1651 41.3445 4.5
    endloop
  endfacet
  facet normal -0.453977 -0.891013 -0
    outer loop
      vertex 21.5957 40.6156 4.5
      vertex 20.1651 41.3445 1.8
      vertex 21.5957 40.6156 1.8
    endloop
  endfacet
  facet normal -0.390745 -0.920499 0
    outer loop
      vertex 17.2319 42.6505 1.8
      vertex 18.7099 42.0231 4.5
      vertex 17.2319 42.6505 4.5
    endloop
  endfacet
  facet normal -0.390745 -0.920499 -0
    outer loop
      vertex 18.7099 42.0231 4.5
      vertex 17.2319 42.6505 1.8
      vertex 18.7099 42.0231 1.8
    endloop
  endfacet
  facet normal -0.731339 -0.682014 0
    outer loop
      vertex 34.1847 30.78 1.8
      vertex 33.0896 31.9543 4.5
      vertex 33.0896 31.9543 1.8
    endloop
  endfacet
  facet normal -0.731339 -0.682014 0
    outer loop
      vertex 33.0896 31.9543 4.5
      vertex 34.1847 30.78 1.8
      vertex 34.1847 30.78 4.5
    endloop
  endfacet
  facet normal -0.933583 -0.358361 0
    outer loop
      vertex 43.2259 15.7329 1.8
      vertex 42.6505 17.2319 4.5
      vertex 42.6505 17.2319 1.8
    endloop
  endfacet
  facet normal -0.933583 -0.358361 0
    outer loop
      vertex 42.6505 17.2319 4.5
      vertex 43.2259 15.7329 1.8
      vertex 43.2259 15.7329 4.5
    endloop
  endfacet
  facet normal -0.96592 -0.258841 0
    outer loop
      vertex 44.6336 11.1284 1.8
      vertex 44.218 12.6793 4.5
      vertex 44.218 12.6793 1.8
    endloop
  endfacet
  facet normal -0.96592 -0.258841 0
    outer loop
      vertex 44.218 12.6793 4.5
      vertex 44.6336 11.1284 1.8
      vertex 44.6336 11.1284 4.5
    endloop
  endfacet
  facet normal -0.987696 -0.156389 0
    outer loop
      vertex 45.5523 6.40196 1.8
      vertex 45.3012 7.98782 4.5
      vertex 45.3012 7.98782 1.8
    endloop
  endfacet
  facet normal -0.987696 -0.156389 0
    outer loop
      vertex 45.3012 7.98782 4.5
      vertex 45.5523 6.40196 1.8
      vertex 45.5523 6.40196 4.5
    endloop
  endfacet
  facet normal 0.656023 -0.754741 0
    outer loop
      vertex -30.78 34.1847 1.8
      vertex -29.5682 35.238 4.5
      vertex -30.78 34.1847 4.5
    endloop
  endfacet
  facet normal 0.656023 -0.754741 0
    outer loop
      vertex -29.5682 35.238 4.5
      vertex -30.78 34.1847 1.8
      vertex -29.5682 35.238 1.8
    endloop
  endfacet
  facet normal 0.258841 -0.96592 0
    outer loop
      vertex -12.6793 44.218 1.8
      vertex -11.1284 44.6336 4.5
      vertex -12.6793 44.218 4.5
    endloop
  endfacet
  facet normal 0.258841 -0.96592 0
    outer loop
      vertex -11.1284 44.6336 4.5
      vertex -12.6793 44.218 1.8
      vertex -11.1284 44.6336 1.8
    endloop
  endfacet
  facet normal 0.190829 -0.981623 0
    outer loop
      vertex -9.56394 44.9948 1.8
      vertex -7.98782 45.3012 4.5
      vertex -9.56394 44.9948 4.5
    endloop
  endfacet
  facet normal 0.190829 -0.981623 0
    outer loop
      vertex -7.98782 45.3012 4.5
      vertex -9.56394 44.9948 1.8
      vertex -7.98782 45.3012 1.8
    endloop
  endfacet
  facet normal 0.838668 -0.544642 0
    outer loop
      vertex -39.0102 24.3763 4.5
      vertex -38.1357 25.7229 1.8
      vertex -38.1357 25.7229 4.5
    endloop
  endfacet
  facet normal 0.838668 -0.544642 0
    outer loop
      vertex -38.1357 25.7229 1.8
      vertex -39.0102 24.3763 4.5
      vertex -39.0102 24.3763 1.8
    endloop
  endfacet
  facet normal 0.874624 -0.484802 0
    outer loop
      vertex -40.6156 21.5957 4.5
      vertex -39.8372 23 1.8
      vertex -39.8372 23 4.5
    endloop
  endfacet
  facet normal 0.874624 -0.484802 0
    outer loop
      vertex -39.8372 23 1.8
      vertex -40.6156 21.5957 4.5
      vertex -40.6156 21.5957 1.8
    endloop
  endfacet
  facet normal 0.920499 -0.390745 0
    outer loop
      vertex -42.6505 17.2319 4.5
      vertex -42.0231 18.7099 1.8
      vertex -42.0231 18.7099 4.5
    endloop
  endfacet
  facet normal 0.920499 -0.390745 0
    outer loop
      vertex -42.0231 18.7099 1.8
      vertex -42.6505 17.2319 4.5
      vertex -42.6505 17.2319 1.8
    endloop
  endfacet
  facet normal 0.992544 -0.121884 0
    outer loop
      vertex -45.748 4.80831 4.5
      vertex -45.5523 6.40196 1.8
      vertex -45.5523 6.40196 4.5
    endloop
  endfacet
  facet normal 0.992544 -0.121884 0
    outer loop
      vertex -45.5523 6.40196 1.8
      vertex -45.748 4.80831 4.5
      vertex -45.748 4.80831 1.8
    endloop
  endfacet
  facet normal 0.933583 -0.358361 0
    outer loop
      vertex -43.2259 15.7329 4.5
      vertex -42.6505 17.2319 1.8
      vertex -42.6505 17.2319 4.5
    endloop
  endfacet
  facet normal 0.933583 -0.358361 0
    outer loop
      vertex -42.6505 17.2319 1.8
      vertex -43.2259 15.7329 4.5
      vertex -43.2259 15.7329 1.8
    endloop
  endfacet
  facet normal -0.992544 0.121884 0
    outer loop
      vertex 45.5523 -6.40196 1.8
      vertex 45.748 -4.80831 4.5
      vertex 45.748 -4.80831 1.8
    endloop
  endfacet
  facet normal -0.992544 0.121884 0
    outer loop
      vertex 45.748 -4.80831 4.5
      vertex 45.5523 -6.40196 1.8
      vertex 45.5523 -6.40196 4.5
    endloop
  endfacet
  facet normal -0.987696 0.156389 0
    outer loop
      vertex 45.3012 -7.98782 1.8
      vertex 45.5523 -6.40196 4.5
      vertex 45.5523 -6.40196 1.8
    endloop
  endfacet
  facet normal -0.987696 0.156389 0
    outer loop
      vertex 45.5523 -6.40196 4.5
      vertex 45.3012 -7.98782 1.8
      vertex 45.3012 -7.98782 4.5
    endloop
  endfacet
  facet normal -0.974368 0.22496 0
    outer loop
      vertex 44.6336 -11.1284 1.8
      vertex 44.9948 -9.56394 4.5
      vertex 44.9948 -9.56394 1.8
    endloop
  endfacet
  facet normal -0.974368 0.22496 0
    outer loop
      vertex 44.9948 -9.56394 4.5
      vertex 44.6336 -11.1284 1.8
      vertex 44.6336 -11.1284 4.5
    endloop
  endfacet
  facet normal -0.945523 0.325555 0
    outer loop
      vertex 43.2259 -15.7329 1.8
      vertex 43.7486 -14.2148 4.5
      vertex 43.7486 -14.2148 1.8
    endloop
  endfacet
  facet normal -0.945523 0.325555 0
    outer loop
      vertex 43.7486 -14.2148 4.5
      vertex 43.2259 -15.7329 1.8
      vertex 43.2259 -15.7329 4.5
    endloop
  endfacet
  facet normal -0.707107 0.707107 0
    outer loop
      vertex 31.9543 -33.0896 1.8
      vertex 33.0896 -31.9543 4.5
      vertex 33.0896 -31.9543 1.8
    endloop
  endfacet
  facet normal -0.707107 0.707107 0
    outer loop
      vertex 33.0896 -31.9543 4.5
      vertex 31.9543 -33.0896 1.8
      vertex 31.9543 -33.0896 4.5
    endloop
  endfacet
  facet normal -0.754741 0.656023 0
    outer loop
      vertex 34.1847 -30.78 1.8
      vertex 35.238 -29.5682 4.5
      vertex 35.238 -29.5682 1.8
    endloop
  endfacet
  facet normal -0.754741 0.656023 0
    outer loop
      vertex 35.238 -29.5682 4.5
      vertex 34.1847 -30.78 1.8
      vertex 34.1847 -30.78 4.5
    endloop
  endfacet
  facet normal -0.79863 0.601822 0
    outer loop
      vertex 36.2485 -28.3204 1.8
      vertex 37.2148 -27.0381 4.5
      vertex 37.2148 -27.0381 1.8
    endloop
  endfacet
  facet normal -0.79863 0.601822 0
    outer loop
      vertex 37.2148 -27.0381 4.5
      vertex 36.2485 -28.3204 1.8
      vertex 36.2485 -28.3204 4.5
    endloop
  endfacet
  facet normal -0.77713 0.62934 0
    outer loop
      vertex 35.238 -29.5682 1.8
      vertex 36.2485 -28.3204 4.5
      vertex 36.2485 -28.3204 1.8
    endloop
  endfacet
  facet normal -0.77713 0.62934 0
    outer loop
      vertex 36.2485 -28.3204 4.5
      vertex 35.238 -29.5682 1.8
      vertex 35.238 -29.5682 4.5
    endloop
  endfacet
  facet normal -0.857158 0.515054 0
    outer loop
      vertex 39.0102 -24.3763 1.8
      vertex 39.8372 -23 4.5
      vertex 39.8372 -23 1.8
    endloop
  endfacet
  facet normal -0.857158 0.515054 0
    outer loop
      vertex 39.8372 -23 4.5
      vertex 39.0102 -24.3763 1.8
      vertex 39.0102 -24.3763 4.5
    endloop
  endfacet
  facet normal -0.0174387 0.999848 0
    outer loop
      vertex 1.60538 -45.972 1.8
      vertex 0 -46 4.5
      vertex 1.60538 -45.972 4.5
    endloop
  endfacet
  facet normal -0.0174387 0.999848 0
    outer loop
      vertex 0 -46 4.5
      vertex 1.60538 -45.972 1.8
      vertex 0 -46 1.8
    endloop
  endfacet
  facet normal -0.0871316 0.996197 0
    outer loop
      vertex 4.80831 -45.748 1.8
      vertex 3.2088 -45.8879 4.5
      vertex 4.80831 -45.748 4.5
    endloop
  endfacet
  facet normal -0.0871316 0.996197 0
    outer loop
      vertex 3.2088 -45.8879 4.5
      vertex 4.80831 -45.748 1.8
      vertex 3.2088 -45.8879 1.8
    endloop
  endfacet
  facet normal -0.190829 0.981623 0
    outer loop
      vertex 9.56394 -44.9948 1.8
      vertex 7.98782 -45.3012 4.5
      vertex 9.56394 -44.9948 4.5
    endloop
  endfacet
  facet normal -0.190829 0.981623 0
    outer loop
      vertex 7.98782 -45.3012 4.5
      vertex 9.56394 -44.9948 1.8
      vertex 7.98782 -45.3012 1.8
    endloop
  endfacet
  facet normal -0.453977 0.891013 0
    outer loop
      vertex 21.5957 -40.6156 1.8
      vertex 20.1651 -41.3445 4.5
      vertex 21.5957 -40.6156 4.5
    endloop
  endfacet
  facet normal -0.453977 0.891013 0
    outer loop
      vertex 20.1651 -41.3445 4.5
      vertex 21.5957 -40.6156 1.8
      vertex 20.1651 -41.3445 1.8
    endloop
  endfacet
  facet normal -0.656023 0.754741 0
    outer loop
      vertex 30.78 -34.1847 1.8
      vertex 29.5682 -35.238 4.5
      vertex 30.78 -34.1847 4.5
    endloop
  endfacet
  facet normal -0.656023 0.754741 0
    outer loop
      vertex 29.5682 -35.238 4.5
      vertex 30.78 -34.1847 1.8
      vertex 29.5682 -35.238 1.8
    endloop
  endfacet
  facet normal -0.62934 0.77713 0
    outer loop
      vertex 29.5682 -35.238 1.8
      vertex 28.3204 -36.2485 4.5
      vertex 29.5682 -35.238 4.5
    endloop
  endfacet
  facet normal -0.62934 0.77713 0
    outer loop
      vertex 28.3204 -36.2485 4.5
      vertex 29.5682 -35.238 1.8
      vertex 28.3204 -36.2485 1.8
    endloop
  endfacet
  facet normal -0.573571 0.819156 0
    outer loop
      vertex 27.0381 -37.2148 1.8
      vertex 25.7229 -38.1357 4.5
      vertex 27.0381 -37.2148 4.5
    endloop
  endfacet
  facet normal -0.573571 0.819156 0
    outer loop
      vertex 25.7229 -38.1357 4.5
      vertex 27.0381 -37.2148 1.8
      vertex 25.7229 -38.1357 1.8
    endloop
  endfacet
  facet normal 0.999848 0.0174387 0
    outer loop
      vertex -45.972 -1.60538 4.5
      vertex -46 0 1.8
      vertex -46 0 4.5
    endloop
  endfacet
  facet normal 0.999848 0.0174387 0
    outer loop
      vertex -46 0 1.8
      vertex -45.972 -1.60538 4.5
      vertex -45.972 -1.60538 1.8
    endloop
  endfacet
  facet normal 0.707107 0.707107 0
    outer loop
      vertex -31.9543 -33.0896 4.5
      vertex -33.0896 -31.9543 1.8
      vertex -33.0896 -31.9543 4.5
    endloop
  endfacet
  facet normal 0.707107 0.707107 0
    outer loop
      vertex -33.0896 -31.9543 1.8
      vertex -31.9543 -33.0896 4.5
      vertex -31.9543 -33.0896 1.8
    endloop
  endfacet
  facet normal 0.731339 0.682014 0
    outer loop
      vertex -33.0896 -31.9543 4.5
      vertex -34.1847 -30.78 1.8
      vertex -34.1847 -30.78 4.5
    endloop
  endfacet
  facet normal 0.731339 0.682014 0
    outer loop
      vertex -34.1847 -30.78 1.8
      vertex -33.0896 -31.9543 4.5
      vertex -33.0896 -31.9543 1.8
    endloop
  endfacet
  facet normal 0.819156 0.573571 0
    outer loop
      vertex -37.2148 -27.0381 4.5
      vertex -38.1357 -25.7229 1.8
      vertex -38.1357 -25.7229 4.5
    endloop
  endfacet
  facet normal 0.819156 0.573571 0
    outer loop
      vertex -38.1357 -25.7229 1.8
      vertex -37.2148 -27.0381 4.5
      vertex -37.2148 -27.0381 1.8
    endloop
  endfacet
  facet normal 0.874624 0.484802 0
    outer loop
      vertex -39.8372 -23 4.5
      vertex -40.6156 -21.5957 1.8
      vertex -40.6156 -21.5957 4.5
    endloop
  endfacet
  facet normal 0.874624 0.484802 0
    outer loop
      vertex -40.6156 -21.5957 1.8
      vertex -39.8372 -23 4.5
      vertex -39.8372 -23 1.8
    endloop
  endfacet
  facet normal 0.891013 0.453977 0
    outer loop
      vertex -40.6156 -21.5957 4.5
      vertex -41.3445 -20.1651 1.8
      vertex -41.3445 -20.1651 4.5
    endloop
  endfacet
  facet normal 0.891013 0.453977 0
    outer loop
      vertex -41.3445 -20.1651 1.8
      vertex -40.6156 -21.5957 4.5
      vertex -40.6156 -21.5957 1.8
    endloop
  endfacet
  facet normal 0.906301 0.422633 0
    outer loop
      vertex -41.3445 -20.1651 4.5
      vertex -42.0231 -18.7099 1.8
      vertex -42.0231 -18.7099 4.5
    endloop
  endfacet
  facet normal 0.906301 0.422633 0
    outer loop
      vertex -42.0231 -18.7099 1.8
      vertex -41.3445 -20.1651 4.5
      vertex -41.3445 -20.1651 1.8
    endloop
  endfacet
  facet normal 0.838668 0.544642 0
    outer loop
      vertex -38.1357 -25.7229 4.5
      vertex -39.0102 -24.3763 1.8
      vertex -39.0102 -24.3763 4.5
    endloop
  endfacet
  facet normal 0.838668 0.544642 0
    outer loop
      vertex -39.0102 -24.3763 1.8
      vertex -38.1357 -25.7229 4.5
      vertex -38.1357 -25.7229 1.8
    endloop
  endfacet
  facet normal 0.996197 0.0871316 0
    outer loop
      vertex -45.748 -4.80831 4.5
      vertex -45.8879 -3.2088 1.8
      vertex -45.8879 -3.2088 4.5
    endloop
  endfacet
  facet normal 0.996197 0.0871316 0
    outer loop
      vertex -45.8879 -3.2088 1.8
      vertex -45.748 -4.80831 4.5
      vertex -45.748 -4.80831 1.8
    endloop
  endfacet
  facet normal 0.981623 0.190829 0
    outer loop
      vertex -44.9948 -9.56394 4.5
      vertex -45.3012 -7.98782 1.8
      vertex -45.3012 -7.98782 4.5
    endloop
  endfacet
  facet normal 0.981623 0.190829 0
    outer loop
      vertex -45.3012 -7.98782 1.8
      vertex -44.9948 -9.56394 4.5
      vertex -44.9948 -9.56394 1.8
    endloop
  endfacet
  facet normal 0.62934 0.77713 -0
    outer loop
      vertex -28.3204 -36.2485 1.8
      vertex -29.5682 -35.238 4.5
      vertex -28.3204 -36.2485 4.5
    endloop
  endfacet
  facet normal 0.62934 0.77713 0
    outer loop
      vertex -29.5682 -35.238 4.5
      vertex -28.3204 -36.2485 1.8
      vertex -29.5682 -35.238 1.8
    endloop
  endfacet
  facet normal 0.573571 0.819156 -0
    outer loop
      vertex -25.7229 -38.1357 1.8
      vertex -27.0381 -37.2148 4.5
      vertex -25.7229 -38.1357 4.5
    endloop
  endfacet
  facet normal 0.573571 0.819156 0
    outer loop
      vertex -27.0381 -37.2148 4.5
      vertex -25.7229 -38.1357 1.8
      vertex -27.0381 -37.2148 1.8
    endloop
  endfacet
  facet normal 0.601822 0.79863 -0
    outer loop
      vertex -27.0381 -37.2148 1.8
      vertex -28.3204 -36.2485 4.5
      vertex -27.0381 -37.2148 4.5
    endloop
  endfacet
  facet normal 0.601822 0.79863 0
    outer loop
      vertex -28.3204 -36.2485 4.5
      vertex -27.0381 -37.2148 1.8
      vertex -28.3204 -36.2485 1.8
    endloop
  endfacet
  facet normal 0.292344 0.956313 -0
    outer loop
      vertex -12.6793 -44.218 1.8
      vertex -14.2148 -43.7486 4.5
      vertex -12.6793 -44.218 4.5
    endloop
  endfacet
  facet normal 0.292344 0.956313 0
    outer loop
      vertex -14.2148 -43.7486 4.5
      vertex -12.6793 -44.218 1.8
      vertex -14.2148 -43.7486 1.8
    endloop
  endfacet
  facet normal 0.0174387 0.999848 -0
    outer loop
      vertex 0 -46 1.8
      vertex -1.60538 -45.972 4.5
      vertex 0 -46 4.5
    endloop
  endfacet
  facet normal 0.0174387 0.999848 0
    outer loop
      vertex -1.60538 -45.972 4.5
      vertex 0 -46 1.8
      vertex -1.60538 -45.972 1.8
    endloop
  endfacet
  facet normal 0.190829 0.981623 -0
    outer loop
      vertex -7.98782 -45.3012 1.8
      vertex -9.56394 -44.9948 4.5
      vertex -7.98782 -45.3012 4.5
    endloop
  endfacet
  facet normal 0.190829 0.981623 0
    outer loop
      vertex -9.56394 -44.9948 4.5
      vertex -7.98782 -45.3012 1.8
      vertex -9.56394 -44.9948 1.8
    endloop
  endfacet
  facet normal 0.156389 0.987696 -0
    outer loop
      vertex -6.40196 -45.5523 1.8
      vertex -7.98782 -45.3012 4.5
      vertex -6.40196 -45.5523 4.5
    endloop
  endfacet
  facet normal 0.156389 0.987696 0
    outer loop
      vertex -7.98782 -45.3012 4.5
      vertex -6.40196 -45.5523 1.8
      vertex -7.98782 -45.3012 1.8
    endloop
  endfacet
  facet normal -0.998627 -0.0523784 0
    outer loop
      vertex 45.972 1.60538 1.8
      vertex 45.8879 3.2088 4.5
      vertex 45.8879 3.2088 1.8
    endloop
  endfacet
  facet normal -0.998627 -0.0523784 0
    outer loop
      vertex 45.8879 3.2088 4.5
      vertex 45.972 1.60538 1.8
      vertex 45.972 1.60538 4.5
    endloop
  endfacet
  facet normal -0.0174387 -0.999848 0
    outer loop
      vertex 0 46 1.8
      vertex 1.60538 45.972 4.5
      vertex 0 46 4.5
    endloop
  endfacet
  facet normal -0.0174387 -0.999848 -0
    outer loop
      vertex 1.60538 45.972 4.5
      vertex 0 46 1.8
      vertex 1.60538 45.972 1.8
    endloop
  endfacet
  facet normal -0.0523784 -0.998627 0
    outer loop
      vertex 1.60538 45.972 1.8
      vertex 3.2088 45.8879 4.5
      vertex 1.60538 45.972 4.5
    endloop
  endfacet
  facet normal -0.0523784 -0.998627 -0
    outer loop
      vertex 3.2088 45.8879 4.5
      vertex 1.60538 45.972 1.8
      vertex 3.2088 45.8879 1.8
    endloop
  endfacet
  facet normal -0.292344 -0.956313 0
    outer loop
      vertex 12.6793 44.218 1.8
      vertex 14.2148 43.7486 4.5
      vertex 12.6793 44.218 4.5
    endloop
  endfacet
  facet normal -0.292344 -0.956313 -0
    outer loop
      vertex 14.2148 43.7486 4.5
      vertex 12.6793 44.218 1.8
      vertex 14.2148 43.7486 1.8
    endloop
  endfacet
  facet normal -0.707107 -0.707107 0
    outer loop
      vertex 33.0896 31.9543 1.8
      vertex 31.9543 33.0896 4.5
      vertex 31.9543 33.0896 1.8
    endloop
  endfacet
  facet normal -0.707107 -0.707107 0
    outer loop
      vertex 31.9543 33.0896 4.5
      vertex 33.0896 31.9543 1.8
      vertex 33.0896 31.9543 4.5
    endloop
  endfacet
  facet normal -0.601822 -0.79863 0
    outer loop
      vertex 27.0381 37.2148 1.8
      vertex 28.3204 36.2485 4.5
      vertex 27.0381 37.2148 4.5
    endloop
  endfacet
  facet normal -0.601822 -0.79863 -0
    outer loop
      vertex 28.3204 36.2485 4.5
      vertex 27.0381 37.2148 1.8
      vertex 28.3204 36.2485 1.8
    endloop
  endfacet
  facet normal -0.422633 -0.906301 0
    outer loop
      vertex 18.7099 42.0231 1.8
      vertex 20.1651 41.3445 4.5
      vertex 18.7099 42.0231 4.5
    endloop
  endfacet
  facet normal -0.422633 -0.906301 -0
    outer loop
      vertex 20.1651 41.3445 4.5
      vertex 18.7099 42.0231 1.8
      vertex 20.1651 41.3445 1.8
    endloop
  endfacet
  facet normal -0.544642 -0.838668 0
    outer loop
      vertex 24.3763 39.0102 1.8
      vertex 25.7229 38.1357 4.5
      vertex 24.3763 39.0102 4.5
    endloop
  endfacet
  facet normal -0.544642 -0.838668 -0
    outer loop
      vertex 25.7229 38.1357 4.5
      vertex 24.3763 39.0102 1.8
      vertex 25.7229 38.1357 1.8
    endloop
  endfacet
  facet normal -0.484802 -0.874624 0
    outer loop
      vertex 21.5957 40.6156 1.8
      vertex 23 39.8372 4.5
      vertex 21.5957 40.6156 4.5
    endloop
  endfacet
  facet normal -0.484802 -0.874624 -0
    outer loop
      vertex 23 39.8372 4.5
      vertex 21.5957 40.6156 1.8
      vertex 23 39.8372 1.8
    endloop
  endfacet
  facet normal -0.838668 -0.544642 0
    outer loop
      vertex 39.0102 24.3763 1.8
      vertex 38.1357 25.7229 4.5
      vertex 38.1357 25.7229 1.8
    endloop
  endfacet
  facet normal -0.838668 -0.544642 0
    outer loop
      vertex 38.1357 25.7229 4.5
      vertex 39.0102 24.3763 1.8
      vertex 39.0102 24.3763 4.5
    endloop
  endfacet
  facet normal -0.874624 -0.484802 0
    outer loop
      vertex 40.6156 21.5957 1.8
      vertex 39.8372 23 4.5
      vertex 39.8372 23 1.8
    endloop
  endfacet
  facet normal -0.874624 -0.484802 0
    outer loop
      vertex 39.8372 23 4.5
      vertex 40.6156 21.5957 1.8
      vertex 40.6156 21.5957 4.5
    endloop
  endfacet
  facet normal -0.920499 -0.390745 0
    outer loop
      vertex 42.6505 17.2319 1.8
      vertex 42.0231 18.7099 4.5
      vertex 42.0231 18.7099 1.8
    endloop
  endfacet
  facet normal -0.920499 -0.390745 0
    outer loop
      vertex 42.0231 18.7099 4.5
      vertex 42.6505 17.2319 1.8
      vertex 42.6505 17.2319 4.5
    endloop
  endfacet
  facet normal -0.891013 -0.453977 0
    outer loop
      vertex 41.3445 20.1651 1.8
      vertex 40.6156 21.5957 4.5
      vertex 40.6156 21.5957 1.8
    endloop
  endfacet
  facet normal -0.891013 -0.453977 0
    outer loop
      vertex 40.6156 21.5957 4.5
      vertex 41.3445 20.1651 1.8
      vertex 41.3445 20.1651 4.5
    endloop
  endfacet
  facet normal -0.906301 -0.422633 0
    outer loop
      vertex 42.0231 18.7099 1.8
      vertex 41.3445 20.1651 4.5
      vertex 41.3445 20.1651 1.8
    endloop
  endfacet
  facet normal -0.906301 -0.422633 0
    outer loop
      vertex 41.3445 20.1651 4.5
      vertex 42.0231 18.7099 1.8
      vertex 42.0231 18.7099 4.5
    endloop
  endfacet
  facet normal -0.945523 -0.325555 0
    outer loop
      vertex 43.7486 14.2148 1.8
      vertex 43.2259 15.7329 4.5
      vertex 43.2259 15.7329 1.8
    endloop
  endfacet
  facet normal -0.945523 -0.325555 0
    outer loop
      vertex 43.2259 15.7329 4.5
      vertex 43.7486 14.2148 1.8
      vertex 43.7486 14.2148 4.5
    endloop
  endfacet
  facet normal -0.974368 -0.22496 0
    outer loop
      vertex 44.9948 9.56394 1.8
      vertex 44.6336 11.1284 4.5
      vertex 44.6336 11.1284 1.8
    endloop
  endfacet
  facet normal -0.974368 -0.22496 0
    outer loop
      vertex 44.6336 11.1284 4.5
      vertex 44.9948 9.56394 1.8
      vertex 44.9948 9.56394 4.5
    endloop
  endfacet
  facet normal -0.992544 -0.121884 0
    outer loop
      vertex 45.748 4.80831 1.8
      vertex 45.5523 6.40196 4.5
      vertex 45.5523 6.40196 1.8
    endloop
  endfacet
  facet normal -0.992544 -0.121884 0
    outer loop
      vertex 45.5523 6.40196 4.5
      vertex 45.748 4.80831 1.8
      vertex 45.748 4.80831 4.5
    endloop
  endfacet
  facet normal -0.996197 -0.0871316 0
    outer loop
      vertex 45.8879 3.2088 1.8
      vertex 45.748 4.80831 4.5
      vertex 45.748 4.80831 1.8
    endloop
  endfacet
  facet normal -0.996197 -0.0871316 0
    outer loop
      vertex 45.748 4.80831 4.5
      vertex 45.8879 3.2088 1.8
      vertex 45.8879 3.2088 4.5
    endloop
  endfacet
  facet normal 0.707107 -0.707107 0
    outer loop
      vertex -33.0896 31.9543 4.5
      vertex -31.9543 33.0896 1.8
      vertex -31.9543 33.0896 4.5
    endloop
  endfacet
  facet normal 0.707107 -0.707107 0
    outer loop
      vertex -31.9543 33.0896 1.8
      vertex -33.0896 31.9543 4.5
      vertex -33.0896 31.9543 1.8
    endloop
  endfacet
  facet normal 0.325555 -0.945523 0
    outer loop
      vertex -15.7329 43.2259 1.8
      vertex -14.2148 43.7486 4.5
      vertex -15.7329 43.2259 4.5
    endloop
  endfacet
  facet normal 0.325555 -0.945523 0
    outer loop
      vertex -14.2148 43.7486 4.5
      vertex -15.7329 43.2259 1.8
      vertex -14.2148 43.7486 1.8
    endloop
  endfacet
  facet normal 0.22496 -0.974368 0
    outer loop
      vertex -11.1284 44.6336 1.8
      vertex -9.56394 44.9948 4.5
      vertex -11.1284 44.6336 4.5
    endloop
  endfacet
  facet normal 0.22496 -0.974368 0
    outer loop
      vertex -9.56394 44.9948 4.5
      vertex -11.1284 44.6336 1.8
      vertex -9.56394 44.9948 1.8
    endloop
  endfacet
  facet normal 0.0523784 -0.998627 0
    outer loop
      vertex -3.2088 45.8879 1.8
      vertex -1.60538 45.972 4.5
      vertex -3.2088 45.8879 4.5
    endloop
  endfacet
  facet normal 0.0523784 -0.998627 0
    outer loop
      vertex -1.60538 45.972 4.5
      vertex -3.2088 45.8879 1.8
      vertex -1.60538 45.972 1.8
    endloop
  endfacet
  facet normal 0.121884 -0.992544 0
    outer loop
      vertex -6.40196 45.5523 1.8
      vertex -4.80831 45.748 4.5
      vertex -6.40196 45.5523 4.5
    endloop
  endfacet
  facet normal 0.121884 -0.992544 0
    outer loop
      vertex -4.80831 45.748 4.5
      vertex -6.40196 45.5523 1.8
      vertex -4.80831 45.748 1.8
    endloop
  endfacet
  facet normal 0.515054 -0.857158 0
    outer loop
      vertex -24.3763 39.0102 1.8
      vertex -23 39.8372 4.5
      vertex -24.3763 39.0102 4.5
    endloop
  endfacet
  facet normal 0.515054 -0.857158 0
    outer loop
      vertex -23 39.8372 4.5
      vertex -24.3763 39.0102 1.8
      vertex -23 39.8372 1.8
    endloop
  endfacet
  facet normal 0.422633 -0.906301 0
    outer loop
      vertex -20.1651 41.3445 1.8
      vertex -18.7099 42.0231 4.5
      vertex -20.1651 41.3445 4.5
    endloop
  endfacet
  facet normal 0.422633 -0.906301 0
    outer loop
      vertex -18.7099 42.0231 4.5
      vertex -20.1651 41.3445 1.8
      vertex -18.7099 42.0231 1.8
    endloop
  endfacet
  facet normal 0.453977 -0.891013 0
    outer loop
      vertex -21.5957 40.6156 1.8
      vertex -20.1651 41.3445 4.5
      vertex -21.5957 40.6156 4.5
    endloop
  endfacet
  facet normal 0.453977 -0.891013 0
    outer loop
      vertex -20.1651 41.3445 4.5
      vertex -21.5957 40.6156 1.8
      vertex -20.1651 41.3445 1.8
    endloop
  endfacet
  facet normal 0.390745 -0.920499 0
    outer loop
      vertex -18.7099 42.0231 1.8
      vertex -17.2319 42.6505 4.5
      vertex -18.7099 42.0231 4.5
    endloop
  endfacet
  facet normal 0.390745 -0.920499 0
    outer loop
      vertex -17.2319 42.6505 4.5
      vertex -18.7099 42.0231 1.8
      vertex -17.2319 42.6505 1.8
    endloop
  endfacet
  facet normal 0.682014 -0.731339 0
    outer loop
      vertex -31.9543 33.0896 1.8
      vertex -30.78 34.1847 4.5
      vertex -31.9543 33.0896 4.5
    endloop
  endfacet
  facet normal 0.682014 -0.731339 0
    outer loop
      vertex -30.78 34.1847 4.5
      vertex -31.9543 33.0896 1.8
      vertex -30.78 34.1847 1.8
    endloop
  endfacet
  facet normal 0.573571 -0.819156 0
    outer loop
      vertex -27.0381 37.2148 1.8
      vertex -25.7229 38.1357 4.5
      vertex -27.0381 37.2148 4.5
    endloop
  endfacet
  facet normal 0.573571 -0.819156 0
    outer loop
      vertex -25.7229 38.1357 4.5
      vertex -27.0381 37.2148 1.8
      vertex -25.7229 38.1357 1.8
    endloop
  endfacet
  facet normal 0.62934 -0.77713 0
    outer loop
      vertex -29.5682 35.238 1.8
      vertex -28.3204 36.2485 4.5
      vertex -29.5682 35.238 4.5
    endloop
  endfacet
  facet normal 0.62934 -0.77713 0
    outer loop
      vertex -28.3204 36.2485 4.5
      vertex -29.5682 35.238 1.8
      vertex -28.3204 36.2485 1.8
    endloop
  endfacet
  facet normal 0.731339 -0.682014 0
    outer loop
      vertex -34.1847 30.78 4.5
      vertex -33.0896 31.9543 1.8
      vertex -33.0896 31.9543 4.5
    endloop
  endfacet
  facet normal 0.731339 -0.682014 0
    outer loop
      vertex -33.0896 31.9543 1.8
      vertex -34.1847 30.78 4.5
      vertex -34.1847 30.78 1.8
    endloop
  endfacet
  facet normal 0.77713 -0.62934 0
    outer loop
      vertex -36.2485 28.3204 4.5
      vertex -35.238 29.5682 1.8
      vertex -35.238 29.5682 4.5
    endloop
  endfacet
  facet normal 0.77713 -0.62934 0
    outer loop
      vertex -35.238 29.5682 1.8
      vertex -36.2485 28.3204 4.5
      vertex -36.2485 28.3204 1.8
    endloop
  endfacet
  facet normal 0.754741 -0.656023 0
    outer loop
      vertex -35.238 29.5682 4.5
      vertex -34.1847 30.78 1.8
      vertex -34.1847 30.78 4.5
    endloop
  endfacet
  facet normal 0.754741 -0.656023 0
    outer loop
      vertex -34.1847 30.78 1.8
      vertex -35.238 29.5682 4.5
      vertex -35.238 29.5682 1.8
    endloop
  endfacet
  facet normal 0.819156 -0.573571 0
    outer loop
      vertex -38.1357 25.7229 4.5
      vertex -37.2148 27.0381 1.8
      vertex -37.2148 27.0381 4.5
    endloop
  endfacet
  facet normal 0.819156 -0.573571 0
    outer loop
      vertex -37.2148 27.0381 1.8
      vertex -38.1357 25.7229 4.5
      vertex -38.1357 25.7229 1.8
    endloop
  endfacet
  facet normal 0.79863 -0.601822 0
    outer loop
      vertex -37.2148 27.0381 4.5
      vertex -36.2485 28.3204 1.8
      vertex -36.2485 28.3204 4.5
    endloop
  endfacet
  facet normal 0.79863 -0.601822 0
    outer loop
      vertex -36.2485 28.3204 1.8
      vertex -37.2148 27.0381 4.5
      vertex -37.2148 27.0381 1.8
    endloop
  endfacet
  facet normal 0.906301 -0.422633 0
    outer loop
      vertex -42.0231 18.7099 4.5
      vertex -41.3445 20.1651 1.8
      vertex -41.3445 20.1651 4.5
    endloop
  endfacet
  facet normal 0.906301 -0.422633 0
    outer loop
      vertex -41.3445 20.1651 1.8
      vertex -42.0231 18.7099 4.5
      vertex -42.0231 18.7099 1.8
    endloop
  endfacet
  facet normal 0.891013 -0.453977 0
    outer loop
      vertex -41.3445 20.1651 4.5
      vertex -40.6156 21.5957 1.8
      vertex -40.6156 21.5957 4.5
    endloop
  endfacet
  facet normal 0.891013 -0.453977 0
    outer loop
      vertex -40.6156 21.5957 1.8
      vertex -41.3445 20.1651 4.5
      vertex -41.3445 20.1651 1.8
    endloop
  endfacet
  facet normal 0.857158 -0.515054 0
    outer loop
      vertex -39.8372 23 4.5
      vertex -39.0102 24.3763 1.8
      vertex -39.0102 24.3763 4.5
    endloop
  endfacet
  facet normal 0.857158 -0.515054 0
    outer loop
      vertex -39.0102 24.3763 1.8
      vertex -39.8372 23 4.5
      vertex -39.8372 23 1.8
    endloop
  endfacet
  facet normal 0.999848 -0.0174387 0
    outer loop
      vertex -46 0 4.5
      vertex -45.972 1.60538 1.8
      vertex -45.972 1.60538 4.5
    endloop
  endfacet
  facet normal 0.999848 -0.0174387 0
    outer loop
      vertex -45.972 1.60538 1.8
      vertex -46 0 4.5
      vertex -46 0 1.8
    endloop
  endfacet
  facet normal 0.996197 -0.0871316 0
    outer loop
      vertex -45.8879 3.2088 4.5
      vertex -45.748 4.80831 1.8
      vertex -45.748 4.80831 4.5
    endloop
  endfacet
  facet normal 0.996197 -0.0871316 0
    outer loop
      vertex -45.748 4.80831 1.8
      vertex -45.8879 3.2088 4.5
      vertex -45.8879 3.2088 1.8
    endloop
  endfacet
  facet normal 0.987696 -0.156389 0
    outer loop
      vertex -45.5523 6.40196 4.5
      vertex -45.3012 7.98782 1.8
      vertex -45.3012 7.98782 4.5
    endloop
  endfacet
  facet normal 0.987696 -0.156389 0
    outer loop
      vertex -45.3012 7.98782 1.8
      vertex -45.5523 6.40196 4.5
      vertex -45.5523 6.40196 1.8
    endloop
  endfacet
  facet normal 0.96592 -0.258841 0
    outer loop
      vertex -44.6336 11.1284 4.5
      vertex -44.218 12.6793 1.8
      vertex -44.218 12.6793 4.5
    endloop
  endfacet
  facet normal 0.96592 -0.258841 0
    outer loop
      vertex -44.218 12.6793 1.8
      vertex -44.6336 11.1284 4.5
      vertex -44.6336 11.1284 1.8
    endloop
  endfacet
  facet normal 0.945523 -0.325555 0
    outer loop
      vertex -43.7486 14.2148 4.5
      vertex -43.2259 15.7329 1.8
      vertex -43.2259 15.7329 4.5
    endloop
  endfacet
  facet normal 0.945523 -0.325555 0
    outer loop
      vertex -43.2259 15.7329 1.8
      vertex -43.7486 14.2148 4.5
      vertex -43.7486 14.2148 1.8
    endloop
  endfacet
  facet normal 0.956313 -0.292344 0
    outer loop
      vertex -44.218 12.6793 4.5
      vertex -43.7486 14.2148 1.8
      vertex -43.7486 14.2148 4.5
    endloop
  endfacet
  facet normal 0.956313 -0.292344 0
    outer loop
      vertex -43.7486 14.2148 1.8
      vertex -44.218 12.6793 4.5
      vertex -44.218 12.6793 1.8
    endloop
  endfacet
  facet normal -0.981623 0.190829 0
    outer loop
      vertex 44.9948 -9.56394 1.8
      vertex 45.3012 -7.98782 4.5
      vertex 45.3012 -7.98782 1.8
    endloop
  endfacet
  facet normal -0.981623 0.190829 0
    outer loop
      vertex 45.3012 -7.98782 4.5
      vertex 44.9948 -9.56394 1.8
      vertex 44.9948 -9.56394 4.5
    endloop
  endfacet
  facet normal -0.731339 0.682014 0
    outer loop
      vertex 33.0896 -31.9543 1.8
      vertex 34.1847 -30.78 4.5
      vertex 34.1847 -30.78 1.8
    endloop
  endfacet
  facet normal -0.731339 0.682014 0
    outer loop
      vertex 34.1847 -30.78 4.5
      vertex 33.0896 -31.9543 1.8
      vertex 33.0896 -31.9543 4.5
    endloop
  endfacet
  facet normal -0.0523784 0.998627 0
    outer loop
      vertex 3.2088 -45.8879 1.8
      vertex 1.60538 -45.972 4.5
      vertex 3.2088 -45.8879 4.5
    endloop
  endfacet
  facet normal -0.0523784 0.998627 0
    outer loop
      vertex 1.60538 -45.972 4.5
      vertex 3.2088 -45.8879 1.8
      vertex 1.60538 -45.972 1.8
    endloop
  endfacet
  facet normal -0.292344 0.956313 0
    outer loop
      vertex 14.2148 -43.7486 1.8
      vertex 12.6793 -44.218 4.5
      vertex 14.2148 -43.7486 4.5
    endloop
  endfacet
  facet normal -0.292344 0.956313 0
    outer loop
      vertex 12.6793 -44.218 4.5
      vertex 14.2148 -43.7486 1.8
      vertex 12.6793 -44.218 1.8
    endloop
  endfacet
  facet normal -0.325555 0.945523 0
    outer loop
      vertex 15.7329 -43.2259 1.8
      vertex 14.2148 -43.7486 4.5
      vertex 15.7329 -43.2259 4.5
    endloop
  endfacet
  facet normal -0.325555 0.945523 0
    outer loop
      vertex 14.2148 -43.7486 4.5
      vertex 15.7329 -43.2259 1.8
      vertex 14.2148 -43.7486 1.8
    endloop
  endfacet
  facet normal -0.358361 0.933583 0
    outer loop
      vertex 17.2319 -42.6505 1.8
      vertex 15.7329 -43.2259 4.5
      vertex 17.2319 -42.6505 4.5
    endloop
  endfacet
  facet normal -0.358361 0.933583 0
    outer loop
      vertex 15.7329 -43.2259 4.5
      vertex 17.2319 -42.6505 1.8
      vertex 15.7329 -43.2259 1.8
    endloop
  endfacet
  facet normal 0.77713 0.62934 0
    outer loop
      vertex -35.238 -29.5682 4.5
      vertex -36.2485 -28.3204 1.8
      vertex -36.2485 -28.3204 4.5
    endloop
  endfacet
  facet normal 0.77713 0.62934 0
    outer loop
      vertex -36.2485 -28.3204 1.8
      vertex -35.238 -29.5682 4.5
      vertex -35.238 -29.5682 1.8
    endloop
  endfacet
  facet normal 0.79863 0.601822 0
    outer loop
      vertex -36.2485 -28.3204 4.5
      vertex -37.2148 -27.0381 1.8
      vertex -37.2148 -27.0381 4.5
    endloop
  endfacet
  facet normal 0.79863 0.601822 0
    outer loop
      vertex -37.2148 -27.0381 1.8
      vertex -36.2485 -28.3204 4.5
      vertex -36.2485 -28.3204 1.8
    endloop
  endfacet
  facet normal 0 0 1
    outer loop
      vertex 45.972 1.60538 1.8
      vertex 45.972 -1.60538 1.8
      vertex 46 0 1.8
    endloop
  endfacet
  facet normal 0 0 1
    outer loop
      vertex 45.8879 3.2088 1.8
      vertex 45.972 -1.60538 1.8
      vertex 45.972 1.60538 1.8
    endloop
  endfacet
  facet normal 0 0 1
    outer loop
      vertex 45.8879 3.2088 1.8
      vertex 45.8879 -3.2088 1.8
      vertex 45.972 -1.60538 1.8
    endloop
  endfacet
  facet normal 0 0 1
    outer loop
      vertex 45.748 4.80831 1.8
      vertex 45.8879 -3.2088 1.8
      vertex 45.8879 3.2088 1.8
    endloop
  endfacet
  facet normal 0 0 1
    outer loop
      vertex 45.748 4.80831 1.8
      vertex 45.748 -4.80831 1.8
      vertex 45.8879 -3.2088 1.8
    endloop
  endfacet
  facet normal 0 0 1
    outer loop
      vertex 45.5523 6.40196 1.8
      vertex 45.748 -4.80831 1.8
      vertex 45.748 4.80831 1.8
    endloop
  endfacet
  facet normal 0 0 1
    outer loop
      vertex 45.5523 6.40196 1.8
      vertex 45.5523 -6.40196 1.8
      vertex 45.748 -4.80831 1.8
    endloop
  endfacet
  facet normal 0 0 1
    outer loop
      vertex 45.3012 7.98782 1.8
      vertex 45.5523 -6.40196 1.8
      vertex 45.5523 6.40196 1.8
    endloop
  endfacet
  facet normal 0 0 1
    outer loop
      vertex 45.3012 7.98782 1.8
      vertex 45.3012 -7.98782 1.8
      vertex 45.5523 -6.40196 1.8
    endloop
  endfacet
  facet normal 0 0 1
    outer loop
      vertex 44.9948 9.56394 1.8
      vertex 45.3012 -7.98782 1.8
      vertex 45.3012 7.98782 1.8
    endloop
  endfacet
  facet normal 0 0 1
    outer loop
      vertex 44.9948 9.56394 1.8
      vertex 44.9948 -9.56394 1.8
      vertex 45.3012 -7.98782 1.8
    endloop
  endfacet
  facet normal 0 0 1
    outer loop
      vertex 44.6336 11.1284 1.8
      vertex 44.9948 -9.56394 1.8
      vertex 44.9948 9.56394 1.8
    endloop
  endfacet
  facet normal 0 0 1
    outer loop
      vertex 44.6336 11.1284 1.8
      vertex 44.6336 -11.1284 1.8
      vertex 44.9948 -9.56394 1.8
    endloop
  endfacet
  facet normal 0 0 1
    outer loop
      vertex 44.218 12.6793 1.8
      vertex 44.6336 -11.1284 1.8
      vertex 44.6336 11.1284 1.8
    endloop
  endfacet
  facet normal 0 0 1
    outer loop
      vertex 44.218 12.6793 1.8
      vertex 44.218 -12.6793 1.8
      vertex 44.6336 -11.1284 1.8
    endloop
  endfacet
  facet normal 0 0 1
    outer loop
      vertex 43.7486 14.2148 1.8
      vertex 44.218 -12.6793 1.8
      vertex 44.218 12.6793 1.8
    endloop
  endfacet
  facet normal 0 0 1
    outer loop
      vertex 43.7486 14.2148 1.8
      vertex 43.7486 -14.2148 1.8
      vertex 44.218 -12.6793 1.8
    endloop
  endfacet
  facet normal 0 0 1
    outer loop
      vertex 43.2259 15.7329 1.8
      vertex 43.7486 -14.2148 1.8
      vertex 43.7486 14.2148 1.8
    endloop
  endfacet
  facet normal 0 0 1
    outer loop
      vertex 43.2259 15.7329 1.8
      vertex 43.2259 -15.7329 1.8
      vertex 43.7486 -14.2148 1.8
    endloop
  endfacet
  facet normal 0 0 1
    outer loop
      vertex 42.6505 17.2319 1.8
      vertex 43.2259 -15.7329 1.8
      vertex 43.2259 15.7329 1.8
    endloop
  endfacet
  facet normal 0 0 1
    outer loop
      vertex 42.6505 17.2319 1.8
      vertex 42.6505 -17.2319 1.8
      vertex 43.2259 -15.7329 1.8
    endloop
  endfacet
  facet normal 0 0 1
    outer loop
      vertex 42.0231 18.7099 1.8
      vertex 42.6505 -17.2319 1.8
      vertex 42.6505 17.2319 1.8
    endloop
  endfacet
  facet normal 0 0 1
    outer loop
      vertex 42.0231 18.7099 1.8
      vertex 42.0231 -18.7099 1.8
      vertex 42.6505 -17.2319 1.8
    endloop
  endfacet
  facet normal 0 0 1
    outer loop
      vertex 41.3445 20.1651 1.8
      vertex 42.0231 -18.7099 1.8
      vertex 42.0231 18.7099 1.8
    endloop
  endfacet
  facet normal 0 0 1
    outer loop
      vertex 41.3445 20.1651 1.8
      vertex 41.3445 -20.1651 1.8
      vertex 42.0231 -18.7099 1.8
    endloop
  endfacet
  facet normal 0 0 1
    outer loop
      vertex 40.6156 21.5957 1.8
      vertex 41.3445 -20.1651 1.8
      vertex 41.3445 20.1651 1.8
    endloop
  endfacet
  facet normal 0 0 1
    outer loop
      vertex 40.6156 21.5957 1.8
      vertex 40.6156 -21.5957 1.8
      vertex 41.3445 -20.1651 1.8
    endloop
  endfacet
  facet normal 0 0 1
    outer loop
      vertex 39.8372 23 1.8
      vertex 40.6156 -21.5957 1.8
      vertex 40.6156 21.5957 1.8
    endloop
  endfacet
  facet normal 0 0 1
    outer loop
      vertex 39.8372 23 1.8
      vertex 39.8372 -23 1.8
      vertex 40.6156 -21.5957 1.8
    endloop
  endfacet
  facet normal 0 0 1
    outer loop
      vertex 39.0102 24.3763 1.8
      vertex 39.8372 -23 1.8
      vertex 39.8372 23 1.8
    endloop
  endfacet
  facet normal 0 0 1
    outer loop
      vertex 39.0102 24.3763 1.8
      vertex 39.0102 -24.3763 1.8
      vertex 39.8372 -23 1.8
    endloop
  endfacet
  facet normal 0 0 1
    outer loop
      vertex 38.1357 25.7229 1.8
      vertex 39.0102 -24.3763 1.8
      vertex 39.0102 24.3763 1.8
    endloop
  endfacet
  facet normal 0 0 1
    outer loop
      vertex 38.1357 25.7229 1.8
      vertex 38.1357 -25.7229 1.8
      vertex 39.0102 -24.3763 1.8
    endloop
  endfacet
  facet normal 0 0 1
    outer loop
      vertex 37.2148 27.0381 1.8
      vertex 38.1357 -25.7229 1.8
      vertex 38.1357 25.7229 1.8
    endloop
  endfacet
  facet normal 0 0 1
    outer loop
      vertex 37.2148 27.0381 1.8
      vertex 37.2148 -27.0381 1.8
      vertex 38.1357 -25.7229 1.8
    endloop
  endfacet
  facet normal 0 0 1
    outer loop
      vertex 36.2485 28.3204 1.8
      vertex 37.2148 -27.0381 1.8
      vertex 37.2148 27.0381 1.8
    endloop
  endfacet
  facet normal 0 0 1
    outer loop
      vertex 36.2485 28.3204 1.8
      vertex 36.2485 -28.3204 1.8
      vertex 37.2148 -27.0381 1.8
    endloop
  endfacet
  facet normal 0 0 1
    outer loop
      vertex 35.238 29.5682 1.8
      vertex 36.2485 -28.3204 1.8
      vertex 36.2485 28.3204 1.8
    endloop
  endfacet
  facet normal 0 0 1
    outer loop
      vertex 35.238 29.5682 1.8
      vertex 35.238 -29.5682 1.8
      vertex 36.2485 -28.3204 1.8
    endloop
  endfacet
  facet normal 0 0 1
    outer loop
      vertex 34.1847 30.78 1.8
      vertex 35.238 -29.5682 1.8
      vertex 35.238 29.5682 1.8
    endloop
  endfacet
  facet normal 0 0 1
    outer loop
      vertex 34.1847 30.78 1.8
      vertex 34.1847 -30.78 1.8
      vertex 35.238 -29.5682 1.8
    endloop
  endfacet
  facet normal 0 0 1
    outer loop
      vertex 33.0896 31.9543 1.8
      vertex 34.1847 -30.78 1.8
      vertex 34.1847 30.78 1.8
    endloop
  endfacet
  facet normal 0 0 1
    outer loop
      vertex 33.0896 31.9543 1.8
      vertex 33.0896 -31.9543 1.8
      vertex 34.1847 -30.78 1.8
    endloop
  endfacet
  facet normal 0 0 1
    outer loop
      vertex 31.9543 33.0896 1.8
      vertex 33.0896 -31.9543 1.8
      vertex 33.0896 31.9543 1.8
    endloop
  endfacet
  facet normal 0 0 1
    outer loop
      vertex 31.9543 33.0896 1.8
      vertex 31.9543 -33.0896 1.8
      vertex 33.0896 -31.9543 1.8
    endloop
  endfacet
  facet normal 0 0 1
    outer loop
      vertex 30.78 34.1847 1.8
      vertex 31.9543 -33.0896 1.8
      vertex 31.9543 33.0896 1.8
    endloop
  endfacet
  facet normal 0 0 1
    outer loop
      vertex 30.78 34.1847 1.8
      vertex 30.78 -34.1847 1.8
      vertex 31.9543 -33.0896 1.8
    endloop
  endfacet
  facet normal 0 0 1
    outer loop
      vertex 29.5682 35.238 1.8
      vertex 30.78 -34.1847 1.8
      vertex 30.78 34.1847 1.8
    endloop
  endfacet
  facet normal 0 0 1
    outer loop
      vertex 29.5682 35.238 1.8
      vertex 29.5682 -35.238 1.8
      vertex 30.78 -34.1847 1.8
    endloop
  endfacet
  facet normal 0 0 1
    outer loop
      vertex 28.3204 36.2485 1.8
      vertex 29.5682 -35.238 1.8
      vertex 29.5682 35.238 1.8
    endloop
  endfacet
  facet normal 0 0 1
    outer loop
      vertex 28.3204 36.2485 1.8
      vertex 28.3204 -36.2485 1.8
      vertex 29.5682 -35.238 1.8
    endloop
  endfacet
  facet normal 0 0 1
    outer loop
      vertex 27.0381 37.2148 1.8
      vertex 28.3204 -36.2485 1.8
      vertex 28.3204 36.2485 1.8
    endloop
  endfacet
  facet normal 0 0 1
    outer loop
      vertex 27.0381 37.2148 1.8
      vertex 27.0381 -37.2148 1.8
      vertex 28.3204 -36.2485 1.8
    endloop
  endfacet
  facet normal 0 0 1
    outer loop
      vertex 25.7229 38.1357 1.8
      vertex 27.0381 -37.2148 1.8
      vertex 27.0381 37.2148 1.8
    endloop
  endfacet
  facet normal 0 0 1
    outer loop
      vertex 25.7229 38.1357 1.8
      vertex 25.7229 -38.1357 1.8
      vertex 27.0381 -37.2148 1.8
    endloop
  endfacet
  facet normal 0 0 1
    outer loop
      vertex 24.3763 39.0102 1.8
      vertex 25.7229 -38.1357 1.8
      vertex 25.7229 38.1357 1.8
    endloop
  endfacet
  facet normal 0 0 1
    outer loop
      vertex 24.3763 39.0102 1.8
      vertex 24.3763 -39.0102 1.8
      vertex 25.7229 -38.1357 1.8
    endloop
  endfacet
  facet normal 0 0 1
    outer loop
      vertex 23 39.8372 1.8
      vertex 24.3763 -39.0102 1.8
      vertex 24.3763 39.0102 1.8
    endloop
  endfacet
  facet normal 0 0 1
    outer loop
      vertex 23 39.8372 1.8
      vertex 23 -39.8372 1.8
      vertex 24.3763 -39.0102 1.8
    endloop
  endfacet
  facet normal 0 0 1
    outer loop
      vertex 21.5957 40.6156 1.8
      vertex 23 -39.8372 1.8
      vertex 23 39.8372 1.8
    endloop
  endfacet
  facet normal 0 0 1
    outer loop
      vertex 21.5957 40.6156 1.8
      vertex 21.5957 -40.6156 1.8
      vertex 23 -39.8372 1.8
    endloop
  endfacet
  facet normal 0 0 1
    outer loop
      vertex 20.1651 41.3445 1.8
      vertex 21.5957 -40.6156 1.8
      vertex 21.5957 40.6156 1.8
    endloop
  endfacet
  facet normal 0 0 1
    outer loop
      vertex 20.1651 41.3445 1.8
      vertex 20.1651 -41.3445 1.8
      vertex 21.5957 -40.6156 1.8
    endloop
  endfacet
  facet normal 0 0 1
    outer loop
      vertex 18.7099 42.0231 1.8
      vertex 20.1651 -41.3445 1.8
      vertex 20.1651 41.3445 1.8
    endloop
  endfacet
  facet normal 0 0 1
    outer loop
      vertex 18.7099 42.0231 1.8
      vertex 18.7099 -42.0231 1.8
      vertex 20.1651 -41.3445 1.8
    endloop
  endfacet
  facet normal 0 0 1
    outer loop
      vertex 17.2319 42.6505 1.8
      vertex 18.7099 -42.0231 1.8
      vertex 18.7099 42.0231 1.8
    endloop
  endfacet
  facet normal 0 0 1
    outer loop
      vertex 17.2319 42.6505 1.8
      vertex 17.2319 -42.6505 1.8
      vertex 18.7099 -42.0231 1.8
    endloop
  endfacet
  facet normal 0 0 1
    outer loop
      vertex 15.7329 43.2259 1.8
      vertex 17.2319 -42.6505 1.8
      vertex 17.2319 42.6505 1.8
    endloop
  endfacet
  facet normal 0 0 1
    outer loop
      vertex 15.7329 43.2259 1.8
      vertex 15.7329 -43.2259 1.8
      vertex 17.2319 -42.6505 1.8
    endloop
  endfacet
  facet normal 0 0 1
    outer loop
      vertex 14.2148 43.7486 1.8
      vertex 15.7329 -43.2259 1.8
      vertex 15.7329 43.2259 1.8
    endloop
  endfacet
  facet normal 0 0 1
    outer loop
      vertex 14.2148 43.7486 1.8
      vertex 14.2148 -43.7486 1.8
      vertex 15.7329 -43.2259 1.8
    endloop
  endfacet
  facet normal 0 0 1
    outer loop
      vertex 12.6793 44.218 1.8
      vertex 14.2148 -43.7486 1.8
      vertex 14.2148 43.7486 1.8
    endloop
  endfacet
  facet normal 0 0 1
    outer loop
      vertex 12.6793 44.218 1.8
      vertex 12.6793 -44.218 1.8
      vertex 14.2148 -43.7486 1.8
    endloop
  endfacet
  facet normal 0 0 1
    outer loop
      vertex 11.1284 44.6336 1.8
      vertex 12.6793 -44.218 1.8
      vertex 12.6793 44.218 1.8
    endloop
  endfacet
  facet normal 0 0 1
    outer loop
      vertex 11.1284 44.6336 1.8
      vertex 11.1284 -44.6336 1.8
      vertex 12.6793 -44.218 1.8
    endloop
  endfacet
  facet normal 0 0 1
    outer loop
      vertex 9.56394 44.9948 1.8
      vertex 11.1284 -44.6336 1.8
      vertex 11.1284 44.6336 1.8
    endloop
  endfacet
  facet normal 0 0 1
    outer loop
      vertex 9.56394 44.9948 1.8
      vertex 9.56394 -44.9948 1.8
      vertex 11.1284 -44.6336 1.8
    endloop
  endfacet
  facet normal 0 0 1
    outer loop
      vertex 7.98782 45.3012 1.8
      vertex 9.56394 -44.9948 1.8
      vertex 9.56394 44.9948 1.8
    endloop
  endfacet
  facet normal 0 0 1
    outer loop
      vertex 7.98782 45.3012 1.8
      vertex 7.98782 -45.3012 1.8
      vertex 9.56394 -44.9948 1.8
    endloop
  endfacet
  facet normal 0 0 1
    outer loop
      vertex 6.40196 45.5523 1.8
      vertex 7.98782 -45.3012 1.8
      vertex 7.98782 45.3012 1.8
    endloop
  endfacet
  facet normal 0 0 1
    outer loop
      vertex 6.40196 45.5523 1.8
      vertex 6.40196 -45.5523 1.8
      vertex 7.98782 -45.3012 1.8
    endloop
  endfacet
  facet normal 0 0 1
    outer loop
      vertex 4.80831 45.748 1.8
      vertex 6.40196 -45.5523 1.8
      vertex 6.40196 45.5523 1.8
    endloop
  endfacet
  facet normal 0 0 1
    outer loop
      vertex 4.80831 45.748 1.8
      vertex 4.80831 -45.748 1.8
      vertex 6.40196 -45.5523 1.8
    endloop
  endfacet
  facet normal 0 0 1
    outer loop
      vertex 3.2088 45.8879 1.8
      vertex 4.80831 -45.748 1.8
      vertex 4.80831 45.748 1.8
    endloop
  endfacet
  facet normal 0 0 1
    outer loop
      vertex 3.2088 45.8879 1.8
      vertex 3.2088 -45.8879 1.8
      vertex 4.80831 -45.748 1.8
    endloop
  endfacet
  facet normal 0 0 1
    outer loop
      vertex 1.60538 45.972 1.8
      vertex 3.2088 -45.8879 1.8
      vertex 3.2088 45.8879 1.8
    endloop
  endfacet
  facet normal 0 0 1
    outer loop
      vertex 1.60538 45.972 1.8
      vertex 1.60538 -45.972 1.8
      vertex 3.2088 -45.8879 1.8
    endloop
  endfacet
  facet normal 0 0 1
    outer loop
      vertex 0 46 1.8
      vertex 1.60538 -45.972 1.8
      vertex 1.60538 45.972 1.8
    endloop
  endfacet
  facet normal 0 0 1
    outer loop
      vertex 0 46 1.8
      vertex 0 -46 1.8
      vertex 1.60538 -45.972 1.8
    endloop
  endfacet
  facet normal -0 0 1
    outer loop
      vertex -1.60538 45.972 1.8
      vertex 0 -46 1.8
      vertex 0 46 1.8
    endloop
  endfacet
  facet normal 0 0 1
    outer loop
      vertex -1.60538 45.972 1.8
      vertex -1.60538 -45.972 1.8
      vertex 0 -46 1.8
    endloop
  endfacet
  facet normal -0 0 1
    outer loop
      vertex -3.2088 45.8879 1.8
      vertex -1.60538 -45.972 1.8
      vertex -1.60538 45.972 1.8
    endloop
  endfacet
  facet normal 0 0 1
    outer loop
      vertex -3.2088 45.8879 1.8
      vertex -3.2088 -45.8879 1.8
      vertex -1.60538 -45.972 1.8
    endloop
  endfacet
  facet normal -0 0 1
    outer loop
      vertex -4.80831 45.748 1.8
      vertex -3.2088 -45.8879 1.8
      vertex -3.2088 45.8879 1.8
    endloop
  endfacet
  facet normal 0 0 1
    outer loop
      vertex -4.80831 45.748 1.8
      vertex -4.80831 -45.748 1.8
      vertex -3.2088 -45.8879 1.8
    endloop
  endfacet
  facet normal -0 0 1
    outer loop
      vertex -6.40196 45.5523 1.8
      vertex -4.80831 -45.748 1.8
      vertex -4.80831 45.748 1.8
    endloop
  endfacet
  facet normal 0 0 1
    outer loop
      vertex -6.40196 45.5523 1.8
      vertex -6.40196 -45.5523 1.8
      vertex -4.80831 -45.748 1.8
    endloop
  endfacet
  facet normal -0 0 1
    outer loop
      vertex -7.98782 45.3012 1.8
      vertex -6.40196 -45.5523 1.8
      vertex -6.40196 45.5523 1.8
    endloop
  endfacet
  facet normal 0 0 1
    outer loop
      vertex -7.98782 45.3012 1.8
      vertex -7.98782 -45.3012 1.8
      vertex -6.40196 -45.5523 1.8
    endloop
  endfacet
  facet normal -0 0 1
    outer loop
      vertex -9.56394 44.9948 1.8
      vertex -7.98782 -45.3012 1.8
      vertex -7.98782 45.3012 1.8
    endloop
  endfacet
  facet normal 0 0 1
    outer loop
      vertex -9.56394 44.9948 1.8
      vertex -9.56394 -44.9948 1.8
      vertex -7.98782 -45.3012 1.8
    endloop
  endfacet
  facet normal -0 0 1
    outer loop
      vertex -11.1284 44.6336 1.8
      vertex -9.56394 -44.9948 1.8
      vertex -9.56394 44.9948 1.8
    endloop
  endfacet
  facet normal 0 0 1
    outer loop
      vertex -11.1284 44.6336 1.8
      vertex -11.1284 -44.6336 1.8
      vertex -9.56394 -44.9948 1.8
    endloop
  endfacet
  facet normal -0 0 1
    outer loop
      vertex -12.6793 44.218 1.8
      vertex -11.1284 -44.6336 1.8
      vertex -11.1284 44.6336 1.8
    endloop
  endfacet
  facet normal 0 0 1
    outer loop
      vertex -12.6793 44.218 1.8
      vertex -12.6793 -44.218 1.8
      vertex -11.1284 -44.6336 1.8
    endloop
  endfacet
  facet normal -0 0 1
    outer loop
      vertex -14.2148 43.7486 1.8
      vertex -12.6793 -44.218 1.8
      vertex -12.6793 44.218 1.8
    endloop
  endfacet
  facet normal 0 0 1
    outer loop
      vertex -14.2148 43.7486 1.8
      vertex -14.2148 -43.7486 1.8
      vertex -12.6793 -44.218 1.8
    endloop
  endfacet
  facet normal -0 0 1
    outer loop
      vertex -15.7329 43.2259 1.8
      vertex -14.2148 -43.7486 1.8
      vertex -14.2148 43.7486 1.8
    endloop
  endfacet
  facet normal 0 0 1
    outer loop
      vertex -15.7329 43.2259 1.8
      vertex -15.7329 -43.2259 1.8
      vertex -14.2148 -43.7486 1.8
    endloop
  endfacet
  facet normal -0 0 1
    outer loop
      vertex -17.2319 42.6505 1.8
      vertex -15.7329 -43.2259 1.8
      vertex -15.7329 43.2259 1.8
    endloop
  endfacet
  facet normal 0 0 1
    outer loop
      vertex -17.2319 42.6505 1.8
      vertex -17.2319 -42.6505 1.8
      vertex -15.7329 -43.2259 1.8
    endloop
  endfacet
  facet normal -0 0 1
    outer loop
      vertex -18.7099 42.0231 1.8
      vertex -17.2319 -42.6505 1.8
      vertex -17.2319 42.6505 1.8
    endloop
  endfacet
  facet normal 0 0 1
    outer loop
      vertex -18.7099 42.0231 1.8
      vertex -18.7099 -42.0231 1.8
      vertex -17.2319 -42.6505 1.8
    endloop
  endfacet
  facet normal -0 0 1
    outer loop
      vertex -20.1651 41.3445 1.8
      vertex -18.7099 -42.0231 1.8
      vertex -18.7099 42.0231 1.8
    endloop
  endfacet
  facet normal 0 0 1
    outer loop
      vertex -20.1651 41.3445 1.8
      vertex -20.1651 -41.3445 1.8
      vertex -18.7099 -42.0231 1.8
    endloop
  endfacet
  facet normal -0 0 1
    outer loop
      vertex -21.5957 40.6156 1.8
      vertex -20.1651 -41.3445 1.8
      vertex -20.1651 41.3445 1.8
    endloop
  endfacet
  facet normal 0 0 1
    outer loop
      vertex -21.5957 40.6156 1.8
      vertex -21.5957 -40.6156 1.8
      vertex -20.1651 -41.3445 1.8
    endloop
  endfacet
  facet normal -0 0 1
    outer loop
      vertex -23 39.8372 1.8
      vertex -21.5957 -40.6156 1.8
      vertex -21.5957 40.6156 1.8
    endloop
  endfacet
  facet normal 0 0 1
    outer loop
      vertex -23 39.8372 1.8
      vertex -23 -39.8372 1.8
      vertex -21.5957 -40.6156 1.8
    endloop
  endfacet
  facet normal -0 0 1
    outer loop
      vertex -24.3763 39.0102 1.8
      vertex -23 -39.8372 1.8
      vertex -23 39.8372 1.8
    endloop
  endfacet
  facet normal 0 0 1
    outer loop
      vertex -24.3763 39.0102 1.8
      vertex -24.3763 -39.0102 1.8
      vertex -23 -39.8372 1.8
    endloop
  endfacet
  facet normal -0 0 1
    outer loop
      vertex -25.7229 38.1357 1.8
      vertex -24.3763 -39.0102 1.8
      vertex -24.3763 39.0102 1.8
    endloop
  endfacet
  facet normal 0 0 1
    outer loop
      vertex -25.7229 38.1357 1.8
      vertex -25.7229 -38.1357 1.8
      vertex -24.3763 -39.0102 1.8
    endloop
  endfacet
  facet normal -0 0 1
    outer loop
      vertex -27.0381 37.2148 1.8
      vertex -25.7229 -38.1357 1.8
      vertex -25.7229 38.1357 1.8
    endloop
  endfacet
  facet normal 0 0 1
    outer loop
      vertex -27.0381 37.2148 1.8
      vertex -27.0381 -37.2148 1.8
      vertex -25.7229 -38.1357 1.8
    endloop
  endfacet
  facet normal -0 0 1
    outer loop
      vertex -28.3204 36.2485 1.8
      vertex -27.0381 -37.2148 1.8
      vertex -27.0381 37.2148 1.8
    endloop
  endfacet
  facet normal 0 0 1
    outer loop
      vertex -28.3204 36.2485 1.8
      vertex -28.3204 -36.2485 1.8
      vertex -27.0381 -37.2148 1.8
    endloop
  endfacet
  facet normal -0 0 1
    outer loop
      vertex -29.5682 35.238 1.8
      vertex -28.3204 -36.2485 1.8
      vertex -28.3204 36.2485 1.8
    endloop
  endfacet
  facet normal 0 0 1
    outer loop
      vertex -29.5682 35.238 1.8
      vertex -29.5682 -35.238 1.8
      vertex -28.3204 -36.2485 1.8
    endloop
  endfacet
  facet normal -0 0 1
    outer loop
      vertex -30.78 34.1847 1.8
      vertex -29.5682 -35.238 1.8
      vertex -29.5682 35.238 1.8
    endloop
  endfacet
  facet normal 0 0 1
    outer loop
      vertex -30.78 34.1847 1.8
      vertex -30.78 -34.1847 1.8
      vertex -29.5682 -35.238 1.8
    endloop
  endfacet
  facet normal -0 0 1
    outer loop
      vertex -31.9543 33.0896 1.8
      vertex -30.78 -34.1847 1.8
      vertex -30.78 34.1847 1.8
    endloop
  endfacet
  facet normal 0 0 1
    outer loop
      vertex -31.9543 33.0896 1.8
      vertex -31.9543 -33.0896 1.8
      vertex -30.78 -34.1847 1.8
    endloop
  endfacet
  facet normal -0 0 1
    outer loop
      vertex -33.0896 31.9543 1.8
      vertex -31.9543 -33.0896 1.8
      vertex -31.9543 33.0896 1.8
    endloop
  endfacet
  facet normal 0 0 1
    outer loop
      vertex -33.0896 31.9543 1.8
      vertex -33.0896 -31.9543 1.8
      vertex -31.9543 -33.0896 1.8
    endloop
  endfacet
  facet normal -0 0 1
    outer loop
      vertex -34.1847 30.78 1.8
      vertex -33.0896 -31.9543 1.8
      vertex -33.0896 31.9543 1.8
    endloop
  endfacet
  facet normal 0 0 1
    outer loop
      vertex -34.1847 30.78 1.8
      vertex -34.1847 -30.78 1.8
      vertex -33.0896 -31.9543 1.8
    endloop
  endfacet
  facet normal -0 0 1
    outer loop
      vertex -35.238 29.5682 1.8
      vertex -34.1847 -30.78 1.8
      vertex -34.1847 30.78 1.8
    endloop
  endfacet
  facet normal 0 0 1
    outer loop
      vertex -35.238 29.5682 1.8
      vertex -35.238 -29.5682 1.8
      vertex -34.1847 -30.78 1.8
    endloop
  endfacet
  facet normal -0 0 1
    outer loop
      vertex -36.2485 28.3204 1.8
      vertex -35.238 -29.5682 1.8
      vertex -35.238 29.5682 1.8
    endloop
  endfacet
  facet normal 0 0 1
    outer loop
      vertex -36.2485 28.3204 1.8
      vertex -36.2485 -28.3204 1.8
      vertex -35.238 -29.5682 1.8
    endloop
  endfacet
  facet normal -0 0 1
    outer loop
      vertex -37.2148 27.0381 1.8
      vertex -36.2485 -28.3204 1.8
      vertex -36.2485 28.3204 1.8
    endloop
  endfacet
  facet normal 0 0 1
    outer loop
      vertex -37.2148 27.0381 1.8
      vertex -37.2148 -27.0381 1.8
      vertex -36.2485 -28.3204 1.8
    endloop
  endfacet
  facet normal -0 0 1
    outer loop
      vertex -38.1357 25.7229 1.8
      vertex -37.2148 -27.0381 1.8
      vertex -37.2148 27.0381 1.8
    endloop
  endfacet
  facet normal 0 0 1
    outer loop
      vertex -38.1357 25.7229 1.8
      vertex -38.1357 -25.7229 1.8
      vertex -37.2148 -27.0381 1.8
    endloop
  endfacet
  facet normal -0 0 1
    outer loop
      vertex -39.0102 24.3763 1.8
      vertex -38.1357 -25.7229 1.8
      vertex -38.1357 25.7229 1.8
    endloop
  endfacet
  facet normal 0 0 1
    outer loop
      vertex -39.0102 24.3763 1.8
      vertex -39.0102 -24.3763 1.8
      vertex -38.1357 -25.7229 1.8
    endloop
  endfacet
  facet normal -0 0 1
    outer loop
      vertex -39.8372 23 1.8
      vertex -39.0102 -24.3763 1.8
      vertex -39.0102 24.3763 1.8
    endloop
  endfacet
  facet normal 0 0 1
    outer loop
      vertex -39.8372 23 1.8
      vertex -39.8372 -23 1.8
      vertex -39.0102 -24.3763 1.8
    endloop
  endfacet
  facet normal -0 0 1
    outer loop
      vertex -40.6156 21.5957 1.8
      vertex -39.8372 -23 1.8
      vertex -39.8372 23 1.8
    endloop
  endfacet
  facet normal 0 0 1
    outer loop
      vertex -40.6156 21.5957 1.8
      vertex -40.6156 -21.5957 1.8
      vertex -39.8372 -23 1.8
    endloop
  endfacet
  facet normal -0 0 1
    outer loop
      vertex -41.3445 20.1651 1.8
      vertex -40.6156 -21.5957 1.8
      vertex -40.6156 21.5957 1.8
    endloop
  endfacet
  facet normal 0 0 1
    outer loop
      vertex -41.3445 20.1651 1.8
      vertex -41.3445 -20.1651 1.8
      vertex -40.6156 -21.5957 1.8
    endloop
  endfacet
  facet normal -0 0 1
    outer loop
      vertex -42.0231 18.7099 1.8
      vertex -41.3445 -20.1651 1.8
      vertex -41.3445 20.1651 1.8
    endloop
  endfacet
  facet normal 0 0 1
    outer loop
      vertex -42.0231 18.7099 1.8
      vertex -42.0231 -18.7099 1.8
      vertex -41.3445 -20.1651 1.8
    endloop
  endfacet
  facet normal -0 0 1
    outer loop
      vertex -42.6505 17.2319 1.8
      vertex -42.0231 -18.7099 1.8
      vertex -42.0231 18.7099 1.8
    endloop
  endfacet
  facet normal 0 0 1
    outer loop
      vertex -42.6505 17.2319 1.8
      vertex -42.6505 -17.2319 1.8
      vertex -42.0231 -18.7099 1.8
    endloop
  endfacet
  facet normal -0 0 1
    outer loop
      vertex -43.2259 15.7329 1.8
      vertex -42.6505 -17.2319 1.8
      vertex -42.6505 17.2319 1.8
    endloop
  endfacet
  facet normal 0 0 1
    outer loop
      vertex -43.2259 15.7329 1.8
      vertex -43.2259 -15.7329 1.8
      vertex -42.6505 -17.2319 1.8
    endloop
  endfacet
  facet normal -0 0 1
    outer loop
      vertex -43.7486 14.2148 1.8
      vertex -43.2259 -15.7329 1.8
      vertex -43.2259 15.7329 1.8
    endloop
  endfacet
  facet normal 0 0 1
    outer loop
      vertex -43.7486 14.2148 1.8
      vertex -43.7486 -14.2148 1.8
      vertex -43.2259 -15.7329 1.8
    endloop
  endfacet
  facet normal -0 0 1
    outer loop
      vertex -44.218 12.6793 1.8
      vertex -43.7486 -14.2148 1.8
      vertex -43.7486 14.2148 1.8
    endloop
  endfacet
  facet normal 0 0 1
    outer loop
      vertex -44.218 12.6793 1.8
      vertex -44.218 -12.6793 1.8
      vertex -43.7486 -14.2148 1.8
    endloop
  endfacet
  facet normal -0 0 1
    outer loop
      vertex -44.6336 11.1284 1.8
      vertex -44.218 -12.6793 1.8
      vertex -44.218 12.6793 1.8
    endloop
  endfacet
  facet normal 0 0 1
    outer loop
      vertex -44.6336 11.1284 1.8
      vertex -44.6336 -11.1284 1.8
      vertex -44.218 -12.6793 1.8
    endloop
  endfacet
  facet normal -0 0 1
    outer loop
      vertex -44.9948 9.56394 1.8
      vertex -44.6336 -11.1284 1.8
      vertex -44.6336 11.1284 1.8
    endloop
  endfacet
  facet normal 0 0 1
    outer loop
      vertex -44.9948 9.56394 1.8
      vertex -44.9948 -9.56394 1.8
      vertex -44.6336 -11.1284 1.8
    endloop
  endfacet
  facet normal -0 0 1
    outer loop
      vertex -45.3012 7.98782 1.8
      vertex -44.9948 -9.56394 1.8
      vertex -44.9948 9.56394 1.8
    endloop
  endfacet
  facet normal 0 0 1
    outer loop
      vertex -45.3012 7.98782 1.8
      vertex -45.3012 -7.98782 1.8
      vertex -44.9948 -9.56394 1.8
    endloop
  endfacet
  facet normal -0 0 1
    outer loop
      vertex -45.5523 6.40196 1.8
      vertex -45.3012 -7.98782 1.8
      vertex -45.3012 7.98782 1.8
    endloop
  endfacet
  facet normal 0 0 1
    outer loop
      vertex -45.5523 6.40196 1.8
      vertex -45.5523 -6.40196 1.8
      vertex -45.3012 -7.98782 1.8
    endloop
  endfacet
  facet normal -0 0 1
    outer loop
      vertex -45.748 4.80831 1.8
      vertex -45.5523 -6.40196 1.8
      vertex -45.5523 6.40196 1.8
    endloop
  endfacet
  facet normal 0 0 1
    outer loop
      vertex -45.748 4.80831 1.8
      vertex -45.748 -4.80831 1.8
      vertex -45.5523 -6.40196 1.8
    endloop
  endfacet
  facet normal -0 0 1
    outer loop
      vertex -45.8879 3.2088 1.8
      vertex -45.748 -4.80831 1.8
      vertex -45.748 4.80831 1.8
    endloop
  endfacet
  facet normal 0 0 1
    outer loop
      vertex -45.8879 3.2088 1.8
      vertex -45.8879 -3.2088 1.8
      vertex -45.748 -4.80831 1.8
    endloop
  endfacet
  facet normal -0 0 1
    outer loop
      vertex -45.972 1.60538 1.8
      vertex -45.8879 -3.2088 1.8
      vertex -45.8879 3.2088 1.8
    endloop
  endfacet
  facet normal 0 0 1
    outer loop
      vertex -45.972 1.60538 1.8
      vertex -45.972 -1.60538 1.8
      vertex -45.8879 -3.2088 1.8
    endloop
  endfacet
  facet normal 0 -0 1
    outer loop
      vertex -45.972 -1.60538 1.8
      vertex -45.972 1.60538 1.8
      vertex -46 0 1.8
    endloop
  endfacet
  facet normal 0.998627 0.0523784 0
    outer loop
      vertex -45.8879 -3.2088 4.5
      vertex -45.972 -1.60538 1.8
      vertex -45.972 -1.60538 4.5
    endloop
  endfacet
  facet normal 0.998627 0.0523784 0
    outer loop
      vertex -45.972 -1.60538 1.8
      vertex -45.8879 -3.2088 4.5
      vertex -45.8879 -3.2088 1.8
    endloop
  endfacet
  facet normal 0.956313 0.292344 0
    outer loop
      vertex -43.7486 -14.2148 4.5
      vertex -44.218 -12.6793 1.8
      vertex -44.218 -12.6793 4.5
    endloop
  endfacet
  facet normal 0.956313 0.292344 0
    outer loop
      vertex -44.218 -12.6793 1.8
      vertex -43.7486 -14.2148 4.5
      vertex -43.7486 -14.2148 1.8
    endloop
  endfacet
  facet normal 0.945523 0.325555 0
    outer loop
      vertex -43.2259 -15.7329 4.5
      vertex -43.7486 -14.2148 1.8
      vertex -43.7486 -14.2148 4.5
    endloop
  endfacet
  facet normal 0.945523 0.325555 0
    outer loop
      vertex -43.7486 -14.2148 1.8
      vertex -43.2259 -15.7329 4.5
      vertex -43.2259 -15.7329 1.8
    endloop
  endfacet
  facet normal 0.933583 0.358361 0
    outer loop
      vertex -42.6505 -17.2319 4.5
      vertex -43.2259 -15.7329 1.8
      vertex -43.2259 -15.7329 4.5
    endloop
  endfacet
  facet normal 0.933583 0.358361 0
    outer loop
      vertex -43.2259 -15.7329 1.8
      vertex -42.6505 -17.2319 4.5
      vertex -42.6505 -17.2319 1.8
    endloop
  endfacet
  facet normal 0.453977 0.891013 -0
    outer loop
      vertex -20.1651 -41.3445 1.8
      vertex -21.5957 -40.6156 4.5
      vertex -20.1651 -41.3445 4.5
    endloop
  endfacet
  facet normal 0.453977 0.891013 0
    outer loop
      vertex -21.5957 -40.6156 4.5
      vertex -20.1651 -41.3445 1.8
      vertex -21.5957 -40.6156 1.8
    endloop
  endfacet
  facet normal 0.422633 0.906301 -0
    outer loop
      vertex -18.7099 -42.0231 1.8
      vertex -20.1651 -41.3445 4.5
      vertex -18.7099 -42.0231 4.5
    endloop
  endfacet
  facet normal 0.422633 0.906301 0
    outer loop
      vertex -20.1651 -41.3445 4.5
      vertex -18.7099 -42.0231 1.8
      vertex -20.1651 -41.3445 1.8
    endloop
  endfacet
  facet normal 0.390745 0.920499 -0
    outer loop
      vertex -17.2319 -42.6505 1.8
      vertex -18.7099 -42.0231 4.5
      vertex -17.2319 -42.6505 4.5
    endloop
  endfacet
  facet normal 0.390745 0.920499 0
    outer loop
      vertex -18.7099 -42.0231 4.5
      vertex -17.2319 -42.6505 1.8
      vertex -18.7099 -42.0231 1.8
    endloop
  endfacet
  facet normal -0.121884 -0.992544 0
    outer loop
      vertex 4.80831 45.748 1.8
      vertex 6.40196 45.5523 4.5
      vertex 4.80831 45.748 4.5
    endloop
  endfacet
  facet normal -0.121884 -0.992544 -0
    outer loop
      vertex 6.40196 45.5523 4.5
      vertex 4.80831 45.748 1.8
      vertex 6.40196 45.5523 1.8
    endloop
  endfacet
  facet normal -0.190829 -0.981623 0
    outer loop
      vertex 7.98782 45.3012 1.8
      vertex 9.56394 44.9948 4.5
      vertex 7.98782 45.3012 4.5
    endloop
  endfacet
  facet normal -0.190829 -0.981623 -0
    outer loop
      vertex 9.56394 44.9948 4.5
      vertex 7.98782 45.3012 1.8
      vertex 9.56394 44.9948 1.8
    endloop
  endfacet
  facet normal -0.325555 -0.945523 0
    outer loop
      vertex 14.2148 43.7486 1.8
      vertex 15.7329 43.2259 4.5
      vertex 14.2148 43.7486 4.5
    endloop
  endfacet
  facet normal -0.325555 -0.945523 -0
    outer loop
      vertex 15.7329 43.2259 4.5
      vertex 14.2148 43.7486 1.8
      vertex 15.7329 43.2259 1.8
    endloop
  endfacet
  facet normal -0.62934 -0.77713 0
    outer loop
      vertex 28.3204 36.2485 1.8
      vertex 29.5682 35.238 4.5
      vertex 28.3204 36.2485 4.5
    endloop
  endfacet
  facet normal -0.62934 -0.77713 -0
    outer loop
      vertex 29.5682 35.238 4.5
      vertex 28.3204 36.2485 1.8
      vertex 29.5682 35.238 1.8
    endloop
  endfacet
  facet normal -0.515054 -0.857158 0
    outer loop
      vertex 23 39.8372 1.8
      vertex 24.3763 39.0102 4.5
      vertex 23 39.8372 4.5
    endloop
  endfacet
  facet normal -0.515054 -0.857158 -0
    outer loop
      vertex 24.3763 39.0102 4.5
      vertex 23 39.8372 1.8
      vertex 24.3763 39.0102 1.8
    endloop
  endfacet
  facet normal -0.77713 -0.62934 0
    outer loop
      vertex 36.2485 28.3204 1.8
      vertex 35.238 29.5682 4.5
      vertex 35.238 29.5682 1.8
    endloop
  endfacet
  facet normal -0.77713 -0.62934 0
    outer loop
      vertex 35.238 29.5682 4.5
      vertex 36.2485 28.3204 1.8
      vertex 36.2485 28.3204 4.5
    endloop
  endfacet
  facet normal -0.956313 -0.292344 0
    outer loop
      vertex 44.218 12.6793 1.8
      vertex 43.7486 14.2148 4.5
      vertex 43.7486 14.2148 1.8
    endloop
  endfacet
  facet normal -0.956313 -0.292344 0
    outer loop
      vertex 43.7486 14.2148 4.5
      vertex 44.218 12.6793 1.8
      vertex 44.218 12.6793 4.5
    endloop
  endfacet
  facet normal -0.981623 -0.190829 0
    outer loop
      vertex 45.3012 7.98782 1.8
      vertex 44.9948 9.56394 4.5
      vertex 44.9948 9.56394 1.8
    endloop
  endfacet
  facet normal -0.981623 -0.190829 0
    outer loop
      vertex 44.9948 9.56394 4.5
      vertex 45.3012 7.98782 1.8
      vertex 45.3012 7.98782 4.5
    endloop
  endfacet
  facet normal 0.292344 -0.956313 0
    outer loop
      vertex -14.2148 43.7486 1.8
      vertex -12.6793 44.218 4.5
      vertex -14.2148 43.7486 4.5
    endloop
  endfacet
  facet normal 0.292344 -0.956313 0
    outer loop
      vertex -12.6793 44.218 4.5
      vertex -14.2148 43.7486 1.8
      vertex -12.6793 44.218 1.8
    endloop
  endfacet
  facet normal 0.156389 -0.987696 0
    outer loop
      vertex -7.98782 45.3012 1.8
      vertex -6.40196 45.5523 4.5
      vertex -7.98782 45.3012 4.5
    endloop
  endfacet
  facet normal 0.156389 -0.987696 0
    outer loop
      vertex -6.40196 45.5523 4.5
      vertex -7.98782 45.3012 1.8
      vertex -6.40196 45.5523 1.8
    endloop
  endfacet
  facet normal 0.484802 -0.874624 0
    outer loop
      vertex -23 39.8372 1.8
      vertex -21.5957 40.6156 4.5
      vertex -23 39.8372 4.5
    endloop
  endfacet
  facet normal 0.484802 -0.874624 0
    outer loop
      vertex -21.5957 40.6156 4.5
      vertex -23 39.8372 1.8
      vertex -21.5957 40.6156 1.8
    endloop
  endfacet
  facet normal 0.601822 -0.79863 0
    outer loop
      vertex -28.3204 36.2485 1.8
      vertex -27.0381 37.2148 4.5
      vertex -28.3204 36.2485 4.5
    endloop
  endfacet
  facet normal 0.601822 -0.79863 0
    outer loop
      vertex -27.0381 37.2148 4.5
      vertex -28.3204 36.2485 1.8
      vertex -27.0381 37.2148 1.8
    endloop
  endfacet
  facet normal 0.998627 -0.0523784 0
    outer loop
      vertex -45.972 1.60538 4.5
      vertex -45.8879 3.2088 1.8
      vertex -45.8879 3.2088 4.5
    endloop
  endfacet
  facet normal 0.998627 -0.0523784 0
    outer loop
      vertex -45.8879 3.2088 1.8
      vertex -45.972 1.60538 4.5
      vertex -45.972 1.60538 1.8
    endloop
  endfacet
  facet normal 0.981623 -0.190829 0
    outer loop
      vertex -45.3012 7.98782 4.5
      vertex -44.9948 9.56394 1.8
      vertex -44.9948 9.56394 4.5
    endloop
  endfacet
  facet normal 0.981623 -0.190829 0
    outer loop
      vertex -44.9948 9.56394 1.8
      vertex -45.3012 7.98782 4.5
      vertex -45.3012 7.98782 1.8
    endloop
  endfacet
  facet normal -0.754741 -0.656023 0
    outer loop
      vertex 35.238 29.5682 1.8
      vertex 34.1847 30.78 4.5
      vertex 34.1847 30.78 1.8
    endloop
  endfacet
  facet normal -0.754741 -0.656023 0
    outer loop
      vertex 34.1847 30.78 4.5
      vertex 35.238 29.5682 1.8
      vertex 35.238 29.5682 4.5
    endloop
  endfacet
  facet normal -0.819156 -0.573571 0
    outer loop
      vertex 38.1357 25.7229 1.8
      vertex 37.2148 27.0381 4.5
      vertex 37.2148 27.0381 1.8
    endloop
  endfacet
  facet normal -0.819156 -0.573571 0
    outer loop
      vertex 37.2148 27.0381 4.5
      vertex 38.1357 25.7229 1.8
      vertex 38.1357 25.7229 4.5
    endloop
  endfacet
  facet normal -0.79863 -0.601822 0
    outer loop
      vertex 37.2148 27.0381 1.8
      vertex 36.2485 28.3204 4.5
      vertex 36.2485 28.3204 1.8
    endloop
  endfacet
  facet normal -0.79863 -0.601822 0
    outer loop
      vertex 36.2485 28.3204 4.5
      vertex 37.2148 27.0381 1.8
      vertex 37.2148 27.0381 4.5
    endloop
  endfacet
endsolid OpenSCAD_Model
