solid OpenSCAD_Model
  facet normal -0.998629 0.0523515 0
    outer loop
      vertex 38.7055 -2.70655 1.8
      vertex 38.7764 -1.3541 4.5
      vertex 38.7764 -1.3541 1.8
    endloop
  endfacet
  facet normal -0.998629 0.0523515 0
    outer loop
      vertex 38.7764 -1.3541 4.5
      vertex 38.7055 -2.70655 1.8
      vertex 38.7055 -2.70655 4.5
    endloop
  endfacet
  facet normal -0.999847 0.0175184 0
    outer loop
      vertex 38.7764 -1.3541 1.8
      vertex 38.7791 -1.2 4.5
      vertex 38.7791 -1.2 1.8
    endloop
  endfacet
  facet normal -0.999847 0.0175184 0
    outer loop
      vertex 38.7791 -1.2 4.5
      vertex 38.7764 -1.3541 1.8
      vertex 38.7764 -1.3541 4.5
    endloop
  endfacet
  facet normal 0.0174259 0.999848 -0
    outer loop
      vertex 0 -38.8 1.8
      vertex -1.3541 -38.7764 4.5
      vertex 0 -38.8 4.5
    endloop
  endfacet
  facet normal 0.0174259 0.999848 0
    outer loop
      vertex -1.3541 -38.7764 4.5
      vertex 0 -38.8 1.8
      vertex -1.3541 -38.7764 1.8
    endloop
  endfacet
  facet normal -0.682013 0.73134 0
    outer loop
      vertex 26.9527 -27.9104 1.8
      vertex 25.9623 -28.834 4.5
      vertex 26.9527 -27.9104 4.5
    endloop
  endfacet
  facet normal -0.682013 0.73134 0
    outer loop
      vertex 25.9623 -28.834 4.5
      vertex 26.9527 -27.9104 1.8
      vertex 25.9623 -28.834 1.8
    endloop
  endfacet
  facet normal 0.707107 0.707107 0
    outer loop
      vertex -26.9527 -27.9104 4.5
      vertex -27.9104 -26.9527 1.8
      vertex -27.9104 -26.9527 4.5
    endloop
  endfacet
  facet normal 0.707107 0.707107 0
    outer loop
      vertex -27.9104 -26.9527 1.8
      vertex -26.9527 -27.9104 4.5
      vertex -26.9527 -27.9104 1.8
    endloop
  endfacet
  facet normal -0.906293 0.422651 0
    outer loop
      vertex 34.8732 -17.0088 1.8
      vertex 35.4456 -15.7814 4.5
      vertex 35.4456 -15.7814 1.8
    endloop
  endfacet
  facet normal -0.906293 0.422651 0
    outer loop
      vertex 35.4456 -15.7814 4.5
      vertex 34.8732 -17.0088 1.8
      vertex 34.8732 -17.0088 4.5
    endloop
  endfacet
  facet normal 0.920529 0.390673 0
    outer loop
      vertex -35.4456 -15.7814 4.5
      vertex -35.9747 -14.5347 1.8
      vertex -35.9747 -14.5347 4.5
    endloop
  endfacet
  facet normal 0.920529 0.390673 0
    outer loop
      vertex -35.9747 -14.5347 1.8
      vertex -35.4456 -15.7814 4.5
      vertex -35.4456 -15.7814 1.8
    endloop
  endfacet
  facet normal 0.390673 0.920529 -0
    outer loop
      vertex -14.5347 -35.9747 1.8
      vertex -15.7814 -35.4456 4.5
      vertex -14.5347 -35.9747 4.5
    endloop
  endfacet
  facet normal 0.390673 0.920529 0
    outer loop
      vertex -15.7814 -35.4456 4.5
      vertex -14.5347 -35.9747 1.8
      vertex -15.7814 -35.4456 1.8
    endloop
  endfacet
  facet normal -0.35842 0.93356 0
    outer loop
      vertex 14.5347 -35.9747 1.8
      vertex 13.2704 -36.4601 4.5
      vertex 14.5347 -35.9747 4.5
    endloop
  endfacet
  facet normal -0.35842 0.93356 0
    outer loop
      vertex 13.2704 -36.4601 4.5
      vertex 14.5347 -35.9747 1.8
      vertex 13.2704 -36.4601 1.8
    endloop
  endfacet
  facet normal -0.965928 0.258811 0
    outer loop
      vertex 37.297 -10.6947 1.8
      vertex 37.6475 -9.38657 4.5
      vertex 37.6475 -9.38657 1.8
    endloop
  endfacet
  facet normal -0.965928 0.258811 0
    outer loop
      vertex 37.6475 -9.38657 4.5
      vertex 37.297 -10.6947 1.8
      vertex 37.297 -10.6947 4.5
    endloop
  endfacet
  facet normal 0.981629 0.1908 0
    outer loop
      vertex -37.9521 -8.06697 4.5
      vertex -38.2105 -6.73755 1.8
      vertex -38.2105 -6.73755 4.5
    endloop
  endfacet
  facet normal 0.981629 0.1908 0
    outer loop
      vertex -38.2105 -6.73755 1.8
      vertex -37.9521 -8.06697 4.5
      vertex -37.9521 -8.06697 1.8
    endloop
  endfacet
  facet normal 0.1908 0.981629 -0
    outer loop
      vertex -6.73755 -38.2105 1.8
      vertex -8.06697 -37.9521 4.5
      vertex -6.73755 -38.2105 4.5
    endloop
  endfacet
  facet normal 0.1908 0.981629 0
    outer loop
      vertex -8.06697 -37.9521 4.5
      vertex -6.73755 -38.2105 1.8
      vertex -8.06697 -37.9521 1.8
    endloop
  endfacet
  facet normal 0.573571 0.819156 -0
    outer loop
      vertex -21.6967 -32.1667 1.8
      vertex -22.8061 -31.3899 4.5
      vertex -21.6967 -32.1667 4.5
    endloop
  endfacet
  facet normal 0.573571 0.819156 0
    outer loop
      vertex -22.8061 -31.3899 4.5
      vertex -21.6967 -32.1667 1.8
      vertex -22.8061 -31.3899 1.8
    endloop
  endfacet
  facet normal 0.484821 0.874613 -0
    outer loop
      vertex -18.2155 -34.2584 1.8
      vertex -19.4 -33.6018 4.5
      vertex -18.2155 -34.2584 4.5
    endloop
  endfacet
  facet normal 0.484821 0.874613 0
    outer loop
      vertex -19.4 -33.6018 4.5
      vertex -18.2155 -34.2584 1.8
      vertex -19.4 -33.6018 1.8
    endloop
  endfacet
  facet normal 0.83867 0.544641 0
    outer loop
      vertex -32.1667 -21.6967 4.5
      vertex -32.9043 -20.5609 1.8
      vertex -32.9043 -20.5609 4.5
    endloop
  endfacet
  facet normal 0.83867 0.544641 0
    outer loop
      vertex -32.9043 -20.5609 1.8
      vertex -32.1667 -21.6967 4.5
      vertex -32.1667 -21.6967 1.8
    endloop
  endfacet
  facet normal -0.1908 0.981629 0
    outer loop
      vertex 8.06697 -37.9521 1.8
      vertex 6.73755 -38.2105 4.5
      vertex 8.06697 -37.9521 4.5
    endloop
  endfacet
  facet normal -0.1908 0.981629 0
    outer loop
      vertex 6.73755 -38.2105 4.5
      vertex 8.06697 -37.9521 1.8
      vertex 6.73755 -38.2105 1.8
    endloop
  endfacet
  facet normal -0.515017 0.85718 4.42951e-05
    outer loop
      vertex 19.7212 -33.4088 4.22162
      vertex 19.4 -33.6018 4.5
      vertex 20.5609 -32.9043 4.5
    endloop
  endfacet
  facet normal -0.515132 0.857111 0
    outer loop
      vertex 19.4 -33.6018 4.5
      vertex 19.5386 -33.5185 4.27871
      vertex 19.4 -33.6018 4.3
    endloop
  endfacet
  facet normal -0.514871 0.857268 0.000222473
    outer loop
      vertex 19.4 -33.6018 4.5
      vertex 19.633 -33.4618 4.26422
      vertex 19.5386 -33.5185 4.27871
    endloop
  endfacet
  facet normal -0.515095 0.857133 -7.88531e-05
    outer loop
      vertex 19.4 -33.6018 4.5
      vertex 19.7212 -33.4088 4.22162
      vertex 19.633 -33.4618 4.26422
    endloop
  endfacet
  facet normal -0.515117 0.85712 0.000453888
    outer loop
      vertex 20.5609 -32.9043 4.5
      vertex 19.8501 -33.3313 4.15933
      vertex 19.7212 -33.4088 4.22162
    endloop
  endfacet
  facet normal -0.514915 0.857241 -0.00011731
    outer loop
      vertex 20.5609 -32.9043 4.5
      vertex 19.9605 -33.265 4.0605
      vertex 19.8501 -33.3313 4.15933
    endloop
  endfacet
  facet normal -0.515134 0.857109 0.0002895
    outer loop
      vertex 20.5609 -32.9043 4.5
      vertex 20.0365 -33.2193 3.99246
      vertex 19.9605 -33.265 4.0605
    endloop
  endfacet
  facet normal -0.514876 0.857265 -7.36466e-05
    outer loop
      vertex 20.5609 -32.9043 4.5
      vertex 20.1211 -33.1685 3.86391
      vertex 20.0365 -33.2193 3.99246
    endloop
  endfacet
  facet normal -0.514731 0.857352 -0.000210311
    outer loop
      vertex 20.5609 -32.9043 4.5
      vertex 20.1796 -33.1334 3.775
      vertex 20.1211 -33.1685 3.86391
    endloop
  endfacet
  facet normal -0.515263 0.857032 0.000170836
    outer loop
      vertex 20.5609 -32.9043 4.5
      vertex 20.2695 -33.0793 3.52176
      vertex 20.1796 -33.1334 3.775
    endloop
  endfacet
  facet normal -0.51392 0.857838 -0.000373491
    outer loop
      vertex 20.5609 -32.9043 4.5
      vertex 20.2821 -33.0718 3.41036
      vertex 20.2695 -33.0793 3.52176
    endloop
  endfacet
  facet normal -0.515267 0.85703 9.53721e-05
    outer loop
      vertex 20.5609 -32.9043 4.5
      vertex 20.3002 -33.0609 3.25
      vertex 20.2821 -33.0718 3.41036
    endloop
  endfacet
  facet normal -0.514931 0.857232 0
    outer loop
      vertex 20.5609 -32.9043 1.8
      vertex 20.3002 -33.0609 3.25
      vertex 20.5609 -32.9043 4.5
    endloop
  endfacet
  facet normal -0.5153 0.85701 -9.02966e-05
    outer loop
      vertex 20.3002 -33.0609 3.25
      vertex 20.5609 -32.9043 1.8
      vertex 20.2821 -33.0718 3.08964
    endloop
  endfacet
  facet normal -0.5147 0.857371 0.000182357
    outer loop
      vertex 20.5609 -32.9043 1.8
      vertex 20.1211 -33.1685 2.63609
      vertex 20.1796 -33.1334 2.725
    endloop
  endfacet
  facet normal -0.515167 0.85709 -0.000240302
    outer loop
      vertex 20.5609 -32.9043 1.8
      vertex 19.9605 -33.265 2.4395
      vertex 20.0365 -33.2193 2.50754
    endloop
  endfacet
  facet normal -0.513791 0.857916 0.000353628
    outer loop
      vertex 20.2821 -33.0718 3.08964
      vertex 20.5609 -32.9043 1.8
      vertex 20.2695 -33.0793 2.97824
    endloop
  endfacet
  facet normal -0.515299 0.857011 -0.000153741
    outer loop
      vertex 20.5609 -32.9043 1.8
      vertex 20.1796 -33.1334 2.725
      vertex 20.2695 -33.0793 2.97824
    endloop
  endfacet
  facet normal -0.514865 0.857271 6.38561e-05
    outer loop
      vertex 20.1211 -33.1685 2.63609
      vertex 20.5609 -32.9043 1.8
      vertex 20.0365 -33.2193 2.50754
    endloop
  endfacet
  facet normal -0.514902 0.857249 9.73769e-05
    outer loop
      vertex 19.9605 -33.265 2.4395
      vertex 20.5609 -32.9043 1.8
      vertex 19.8501 -33.3313 2.34067
    endloop
  endfacet
  facet normal -0.515153 0.857098 -0.000351208
    outer loop
      vertex 20.5609 -32.9043 1.8
      vertex 19.7212 -33.4088 2.27838
      vertex 19.8501 -33.3313 2.34067
    endloop
  endfacet
  facet normal -0.515017 0.85718 -2.57763e-05
    outer loop
      vertex 19.4 -33.6018 1.8
      vertex 19.7212 -33.4088 2.27838
      vertex 20.5609 -32.9043 1.8
    endloop
  endfacet
  facet normal -0.515078 0.857143 3.00647e-05
    outer loop
      vertex 19.7212 -33.4088 2.27838
      vertex 19.4 -33.6018 1.8
      vertex 19.633 -33.4618 2.23578
    endloop
  endfacet
  facet normal -0.514884 0.85726 -0.00011124
    outer loop
      vertex 19.633 -33.4618 2.23578
      vertex 19.4 -33.6018 1.8
      vertex 19.5386 -33.5185 2.22129
    endloop
  endfacet
  facet normal -0.515132 0.857111 0
    outer loop
      vertex 19.5386 -33.5185 2.22129
      vertex 19.4 -33.6018 1.8
      vertex 19.4 -33.6018 2.2
    endloop
  endfacet
  facet normal -0.819156 0.573571 0
    outer loop
      vertex 31.3899 -22.8061 1.8
      vertex 32.1667 -21.6967 4.5
      vertex 32.1667 -21.6967 1.8
    endloop
  endfacet
  facet normal -0.819156 0.573571 0
    outer loop
      vertex 32.1667 -21.6967 4.5
      vertex 31.3899 -22.8061 1.8
      vertex 31.3899 -22.8061 4.5
    endloop
  endfacet
  facet normal -0.992551 0.121833 0
    outer loop
      vertex 38.4224 -5.39992 1.8
      vertex 38.5874 -4.0557 4.5
      vertex 38.5874 -4.0557 1.8
    endloop
  endfacet
  facet normal -0.992551 0.121833 0
    outer loop
      vertex 38.5874 -4.0557 4.5
      vertex 38.4224 -5.39992 1.8
      vertex 38.4224 -5.39992 4.5
    endloop
  endfacet
  facet normal 0.998629 -0.0523515 0
    outer loop
      vertex -38.7764 1.3541 4.5
      vertex -38.7055 2.70655 1.8
      vertex -38.7055 2.70655 4.5
    endloop
  endfacet
  facet normal 0.998629 -0.0523515 0
    outer loop
      vertex -38.7055 2.70655 1.8
      vertex -38.7764 1.3541 4.5
      vertex -38.7764 1.3541 1.8
    endloop
  endfacet
  facet normal 0.798616 -0.601841 0
    outer loop
      vertex -31.3899 22.8061 4.5
      vertex -30.5748 23.8877 1.8
      vertex -30.5748 23.8877 4.5
    endloop
  endfacet
  facet normal 0.798616 -0.601841 0
    outer loop
      vertex -30.5748 23.8877 1.8
      vertex -31.3899 22.8061 4.5
      vertex -31.3899 22.8061 1.8
    endloop
  endfacet
  facet normal 0.85718 -0.515017 0
    outer loop
      vertex -33.6018 19.4 4.5
      vertex -32.9043 20.5609 1.8
      vertex -32.9043 20.5609 4.5
    endloop
  endfacet
  facet normal 0.85718 -0.515017 0
    outer loop
      vertex -32.9043 20.5609 1.8
      vertex -33.6018 19.4 4.5
      vertex -33.6018 19.4 1.8
    endloop
  endfacet
  facet normal 0.35842 -0.93356 0
    outer loop
      vertex -14.5347 35.9747 1.8
      vertex -13.2704 36.4601 4.5
      vertex -14.5347 35.9747 4.5
    endloop
  endfacet
  facet normal 0.35842 -0.93356 0
    outer loop
      vertex -13.2704 36.4601 4.5
      vertex -14.5347 35.9747 1.8
      vertex -13.2704 36.4601 1.8
    endloop
  endfacet
  facet normal 0.0523515 -0.998629 0
    outer loop
      vertex -2.70655 38.7055 1.8
      vertex -1.3541 38.7764 4.5
      vertex -2.70655 38.7055 4.5
    endloop
  endfacet
  facet normal 0.0523515 -0.998629 0
    outer loop
      vertex -1.3541 38.7764 4.5
      vertex -2.70655 38.7055 1.8
      vertex -1.3541 38.7764 1.8
    endloop
  endfacet
  facet normal 0.515017 -0.85718 0
    outer loop
      vertex -20.5609 32.9043 1.8
      vertex -19.4 33.6018 4.5
      vertex -20.5609 32.9043 4.5
    endloop
  endfacet
  facet normal 0.515017 -0.85718 0
    outer loop
      vertex -19.4 33.6018 4.5
      vertex -20.5609 32.9043 1.8
      vertex -19.4 33.6018 1.8
    endloop
  endfacet
  facet normal 0.601841 -0.798616 0
    outer loop
      vertex -23.8877 30.5748 1.8
      vertex -22.8061 31.3899 4.5
      vertex -23.8877 30.5748 4.5
    endloop
  endfacet
  facet normal 0.601841 -0.798616 0
    outer loop
      vertex -22.8061 31.3899 4.5
      vertex -23.8877 30.5748 1.8
      vertex -22.8061 31.3899 1.8
    endloop
  endfacet
  facet normal -0.0523515 -0.998629 0
    outer loop
      vertex 1.3541 38.7764 1.8
      vertex 2.70655 38.7055 4.5
      vertex 1.3541 38.7764 4.5
    endloop
  endfacet
  facet normal -0.0523515 -0.998629 -0
    outer loop
      vertex 2.70655 38.7055 4.5
      vertex 1.3541 38.7764 1.8
      vertex 2.70655 38.7055 1.8
    endloop
  endfacet
  facet normal -0.601841 -0.798616 0
    outer loop
      vertex 22.8061 31.3899 1.8
      vertex 23.8877 30.5748 4.5
      vertex 22.8061 31.3899 4.5
    endloop
  endfacet
  facet normal -0.601841 -0.798616 -0
    outer loop
      vertex 23.8877 30.5748 4.5
      vertex 22.8061 31.3899 1.8
      vertex 23.8877 30.5748 1.8
    endloop
  endfacet
  facet normal -0.515132 -0.857111 0
    outer loop
      vertex 19.5386 33.5185 4.27871
      vertex 19.4 33.6018 4.5
      vertex 19.4 33.6018 4.3
    endloop
  endfacet
  facet normal -0.514871 -0.857268 0.000222473
    outer loop
      vertex 19.633 33.4618 4.26422
      vertex 19.4 33.6018 4.5
      vertex 19.5386 33.5185 4.27871
    endloop
  endfacet
  facet normal -0.515095 -0.857133 -7.88531e-05
    outer loop
      vertex 19.7212 33.4088 4.22162
      vertex 19.4 33.6018 4.5
      vertex 19.633 33.4618 4.26422
    endloop
  endfacet
  facet normal -0.515017 -0.85718 4.42951e-05
    outer loop
      vertex 19.4 33.6018 4.5
      vertex 19.7212 33.4088 4.22162
      vertex 20.5609 32.9043 4.5
    endloop
  endfacet
  facet normal -0.515117 -0.85712 0.000453888
    outer loop
      vertex 19.8501 33.3313 4.15933
      vertex 20.5609 32.9043 4.5
      vertex 19.7212 33.4088 4.22162
    endloop
  endfacet
  facet normal -0.514915 -0.857241 -0.00011731
    outer loop
      vertex 19.9605 33.265 4.0605
      vertex 20.5609 32.9043 4.5
      vertex 19.8501 33.3313 4.15933
    endloop
  endfacet
  facet normal -0.515134 -0.857109 0.0002895
    outer loop
      vertex 20.0365 33.2193 3.99246
      vertex 20.5609 32.9043 4.5
      vertex 19.9605 33.265 4.0605
    endloop
  endfacet
  facet normal -0.514876 -0.857265 -7.36466e-05
    outer loop
      vertex 20.1211 33.1685 3.86391
      vertex 20.5609 32.9043 4.5
      vertex 20.0365 33.2193 3.99246
    endloop
  endfacet
  facet normal -0.514731 -0.857352 -0.000210311
    outer loop
      vertex 20.1796 33.1334 3.775
      vertex 20.5609 32.9043 4.5
      vertex 20.1211 33.1685 3.86391
    endloop
  endfacet
  facet normal -0.515263 -0.857032 0.000170836
    outer loop
      vertex 20.2695 33.0793 3.52176
      vertex 20.5609 32.9043 4.5
      vertex 20.1796 33.1334 3.775
    endloop
  endfacet
  facet normal -0.51392 -0.857838 -0.000373491
    outer loop
      vertex 20.2821 33.0718 3.41036
      vertex 20.5609 32.9043 4.5
      vertex 20.2695 33.0793 3.52176
    endloop
  endfacet
  facet normal -0.515267 -0.85703 9.53721e-05
    outer loop
      vertex 20.3002 33.0609 3.25
      vertex 20.5609 32.9043 4.5
      vertex 20.2821 33.0718 3.41036
    endloop
  endfacet
  facet normal -0.5153 -0.85701 -9.02966e-05
    outer loop
      vertex 20.5609 32.9043 1.8
      vertex 20.3002 33.0609 3.25
      vertex 20.2821 33.0718 3.08964
    endloop
  endfacet
  facet normal -0.513791 -0.857916 0.000353628
    outer loop
      vertex 20.5609 32.9043 1.8
      vertex 20.2821 33.0718 3.08964
      vertex 20.2695 33.0793 2.97824
    endloop
  endfacet
  facet normal -0.514865 -0.857271 6.38561e-05
    outer loop
      vertex 20.5609 32.9043 1.8
      vertex 20.1211 33.1685 2.63609
      vertex 20.0365 33.2193 2.50754
    endloop
  endfacet
  facet normal -0.514902 -0.857249 9.73769e-05
    outer loop
      vertex 20.5609 32.9043 1.8
      vertex 19.9605 33.265 2.4395
      vertex 19.8501 33.3313 2.34067
    endloop
  endfacet
  facet normal -0.515132 -0.857111 0
    outer loop
      vertex 19.4 33.6018 1.8
      vertex 19.5386 33.5185 2.22129
      vertex 19.4 33.6018 2.2
    endloop
  endfacet
  facet normal -0.514884 -0.85726 -0.00011124
    outer loop
      vertex 19.4 33.6018 1.8
      vertex 19.633 33.4618 2.23578
      vertex 19.5386 33.5185 2.22129
    endloop
  endfacet
  facet normal -0.515078 -0.857143 3.00647e-05
    outer loop
      vertex 19.4 33.6018 1.8
      vertex 19.7212 33.4088 2.27838
      vertex 19.633 33.4618 2.23578
    endloop
  endfacet
  facet normal -0.515017 -0.85718 -2.57763e-05
    outer loop
      vertex 20.5609 32.9043 1.8
      vertex 19.7212 33.4088 2.27838
      vertex 19.4 33.6018 1.8
    endloop
  endfacet
  facet normal -0.515153 -0.857098 -0.000351208
    outer loop
      vertex 19.7212 33.4088 2.27838
      vertex 20.5609 32.9043 1.8
      vertex 19.8501 33.3313 2.34067
    endloop
  endfacet
  facet normal -0.514931 -0.857232 0
    outer loop
      vertex 20.3002 33.0609 3.25
      vertex 20.5609 32.9043 1.8
      vertex 20.5609 32.9043 4.5
    endloop
  endfacet
  facet normal -0.515299 -0.857011 -0.000153741
    outer loop
      vertex 20.1796 33.1334 2.725
      vertex 20.5609 32.9043 1.8
      vertex 20.2695 33.0793 2.97824
    endloop
  endfacet
  facet normal -0.5147 -0.857371 0.000182357
    outer loop
      vertex 20.1211 33.1685 2.63609
      vertex 20.5609 32.9043 1.8
      vertex 20.1796 33.1334 2.725
    endloop
  endfacet
  facet normal -0.515167 -0.85709 -0.000240302
    outer loop
      vertex 19.9605 33.265 2.4395
      vertex 20.5609 32.9043 1.8
      vertex 20.0365 33.2193 2.50754
    endloop
  endfacet
  facet normal -0.798616 -0.601841 0
    outer loop
      vertex 31.3899 22.8061 1.8
      vertex 30.5748 23.8877 4.5
      vertex 30.5748 23.8877 1.8
    endloop
  endfacet
  facet normal -0.798616 -0.601841 0
    outer loop
      vertex 30.5748 23.8877 4.5
      vertex 31.3899 22.8061 1.8
      vertex 31.3899 22.8061 4.5
    endloop
  endfacet
  facet normal -0.85718 -0.515017 0
    outer loop
      vertex 33.6018 19.4 1.8
      vertex 32.9043 20.5609 4.5
      vertex 32.9043 20.5609 1.8
    endloop
  endfacet
  facet normal -0.85718 -0.515017 0
    outer loop
      vertex 32.9043 20.5609 4.5
      vertex 33.6018 19.4 1.8
      vertex 33.6018 19.4 4.5
    endloop
  endfacet
  facet normal -0.93356 -0.35842 0
    outer loop
      vertex 36.4601 13.2704 1.8
      vertex 35.9747 14.5347 4.5
      vertex 35.9747 14.5347 1.8
    endloop
  endfacet
  facet normal -0.93356 -0.35842 0
    outer loop
      vertex 35.9747 14.5347 4.5
      vertex 36.4601 13.2704 1.8
      vertex 36.4601 13.2704 4.5
    endloop
  endfacet
  facet normal -0.987684 -0.156463 0
    outer loop
      vertex 38.4224 5.39992 1.8
      vertex 38.2105 6.73755 4.5
      vertex 38.2105 6.73755 1.8
    endloop
  endfacet
  facet normal -0.987684 -0.156463 0
    outer loop
      vertex 38.2105 6.73755 4.5
      vertex 38.4224 5.39992 1.8
      vertex 38.4224 5.39992 4.5
    endloop
  endfacet
  facet normal 0.996191 0.0872031 0
    outer loop
      vertex -38.5874 -4.0557 4.5
      vertex -38.7055 -2.70655 1.8
      vertex -38.7055 -2.70655 4.5
    endloop
  endfacet
  facet normal 0.996191 0.0872031 0
    outer loop
      vertex -38.7055 -2.70655 1.8
      vertex -38.5874 -4.0557 4.5
      vertex -38.5874 -4.0557 1.8
    endloop
  endfacet
  facet normal 0.0872031 0.996191 -0
    outer loop
      vertex -2.70655 -38.7055 1.8
      vertex -4.0557 -38.5874 4.5
      vertex -2.70655 -38.7055 4.5
    endloop
  endfacet
  facet normal 0.0872031 0.996191 0
    outer loop
      vertex -4.0557 -38.5874 4.5
      vertex -2.70655 -38.7055 1.8
      vertex -4.0557 -38.5874 1.8
    endloop
  endfacet
  facet normal 0.0523515 0.998629 -0
    outer loop
      vertex -1.3541 -38.7764 1.8
      vertex -2.70655 -38.7055 4.5
      vertex -1.3541 -38.7764 4.5
    endloop
  endfacet
  facet normal 0.0523515 0.998629 0
    outer loop
      vertex -2.70655 -38.7055 4.5
      vertex -1.3541 -38.7764 1.8
      vertex -2.70655 -38.7055 1.8
    endloop
  endfacet
  facet normal 0.292384 0.956301 -0
    outer loop
      vertex -10.6947 -37.297 1.8
      vertex -11.9899 -36.901 4.5
      vertex -10.6947 -37.297 4.5
    endloop
  endfacet
  facet normal 0.292384 0.956301 0
    outer loop
      vertex -11.9899 -36.901 4.5
      vertex -10.6947 -37.297 1.8
      vertex -11.9899 -36.901 1.8
    endloop
  endfacet
  facet normal 0.258811 0.965928 -0
    outer loop
      vertex -9.38657 -37.6475 1.8
      vertex -10.6947 -37.297 4.5
      vertex -9.38657 -37.6475 4.5
    endloop
  endfacet
  facet normal 0.258811 0.965928 0
    outer loop
      vertex -10.6947 -37.297 4.5
      vertex -9.38657 -37.6475 1.8
      vertex -10.6947 -37.297 1.8
    endloop
  endfacet
  facet normal 0.629321 0.777145 -0
    outer loop
      vertex -23.8877 -30.5748 1.8
      vertex -24.9402 -29.7225 4.5
      vertex -23.8877 -30.5748 4.5
    endloop
  endfacet
  facet normal 0.629321 0.777145 0
    outer loop
      vertex -24.9402 -29.7225 4.5
      vertex -23.8877 -30.5748 1.8
      vertex -24.9402 -29.7225 1.8
    endloop
  endfacet
  facet normal 0.601841 0.798616 -0
    outer loop
      vertex -22.8061 -31.3899 1.8
      vertex -23.8877 -30.5748 4.5
      vertex -22.8061 -31.3899 4.5
    endloop
  endfacet
  facet normal 0.601841 0.798616 0
    outer loop
      vertex -23.8877 -30.5748 4.5
      vertex -22.8061 -31.3899 1.8
      vertex -23.8877 -30.5748 1.8
    endloop
  endfacet
  facet normal 0.515017 0.85718 -0
    outer loop
      vertex -19.4 -33.6018 1.8
      vertex -20.5609 -32.9043 4.5
      vertex -19.4 -33.6018 4.5
    endloop
  endfacet
  facet normal 0.515017 0.85718 0
    outer loop
      vertex -20.5609 -32.9043 4.5
      vertex -19.4 -33.6018 1.8
      vertex -20.5609 -32.9043 1.8
    endloop
  endfacet
  facet normal 0.453964 0.89102 -0
    outer loop
      vertex -17.0088 -34.8732 1.8
      vertex -18.2155 -34.2584 4.5
      vertex -17.0088 -34.8732 4.5
    endloop
  endfacet
  facet normal 0.453964 0.89102 0
    outer loop
      vertex -18.2155 -34.2584 4.5
      vertex -17.0088 -34.8732 1.8
      vertex -18.2155 -34.2584 1.8
    endloop
  endfacet
  facet normal 0.777145 0.629321 0
    outer loop
      vertex -29.7225 -24.9402 4.5
      vertex -30.5748 -23.8877 1.8
      vertex -30.5748 -23.8877 4.5
    endloop
  endfacet
  facet normal 0.777145 0.629321 0
    outer loop
      vertex -30.5748 -23.8877 1.8
      vertex -29.7225 -24.9402 4.5
      vertex -29.7225 -24.9402 1.8
    endloop
  endfacet
  facet normal 0.798616 0.601841 0
    outer loop
      vertex -30.5748 -23.8877 4.5
      vertex -31.3899 -22.8061 1.8
      vertex -31.3899 -22.8061 4.5
    endloop
  endfacet
  facet normal 0.798616 0.601841 0
    outer loop
      vertex -31.3899 -22.8061 1.8
      vertex -30.5748 -23.8877 4.5
      vertex -30.5748 -23.8877 1.8
    endloop
  endfacet
  facet normal 0.874613 0.484821 0
    outer loop
      vertex -33.6018 -19.4 4.5
      vertex -34.2584 -18.2155 1.8
      vertex -34.2584 -18.2155 4.5
    endloop
  endfacet
  facet normal 0.874613 0.484821 0
    outer loop
      vertex -34.2584 -18.2155 1.8
      vertex -33.6018 -19.4 4.5
      vertex -33.6018 -19.4 1.8
    endloop
  endfacet
  facet normal 0.85718 0.515017 0
    outer loop
      vertex -32.9043 -20.5609 4.5
      vertex -33.6018 -19.4 1.8
      vertex -33.6018 -19.4 4.5
    endloop
  endfacet
  facet normal 0.85718 0.515017 0
    outer loop
      vertex -33.6018 -19.4 1.8
      vertex -32.9043 -20.5609 4.5
      vertex -32.9043 -20.5609 1.8
    endloop
  endfacet
  facet normal 0.956301 0.292384 0
    outer loop
      vertex -36.901 -11.9899 4.5
      vertex -37.297 -10.6947 1.8
      vertex -37.297 -10.6947 4.5
    endloop
  endfacet
  facet normal 0.956301 0.292384 0
    outer loop
      vertex -37.297 -10.6947 1.8
      vertex -36.901 -11.9899 4.5
      vertex -36.901 -11.9899 1.8
    endloop
  endfacet
  facet normal 0.93356 0.35842 0
    outer loop
      vertex -35.9747 -14.5347 4.5
      vertex -36.4601 -13.2704 1.8
      vertex -36.4601 -13.2704 4.5
    endloop
  endfacet
  facet normal 0.93356 0.35842 0
    outer loop
      vertex -36.4601 -13.2704 1.8
      vertex -35.9747 -14.5347 4.5
      vertex -35.9747 -14.5347 1.8
    endloop
  endfacet
  facet normal 0.998629 0.0523515 0
    outer loop
      vertex -38.7055 -2.70655 4.5
      vertex -38.7764 -1.3541 1.8
      vertex -38.7764 -1.3541 4.5
    endloop
  endfacet
  facet normal 0.998629 0.0523515 0
    outer loop
      vertex -38.7764 -1.3541 1.8
      vertex -38.7055 -2.70655 4.5
      vertex -38.7055 -2.70655 1.8
    endloop
  endfacet
  facet normal -0.0872031 0.996191 0
    outer loop
      vertex 4.0557 -38.5874 1.8
      vertex 2.70655 -38.7055 4.5
      vertex 4.0557 -38.5874 4.5
    endloop
  endfacet
  facet normal -0.0872031 0.996191 0
    outer loop
      vertex 2.70655 -38.7055 4.5
      vertex 4.0557 -38.5874 1.8
      vertex 2.70655 -38.7055 1.8
    endloop
  endfacet
  facet normal -0.601841 0.798616 0
    outer loop
      vertex 23.8877 -30.5748 1.8
      vertex 22.8061 -31.3899 4.5
      vertex 23.8877 -30.5748 4.5
    endloop
  endfacet
  facet normal -0.601841 0.798616 0
    outer loop
      vertex 22.8061 -31.3899 4.5
      vertex 23.8877 -30.5748 1.8
      vertex 22.8061 -31.3899 1.8
    endloop
  endfacet
  facet normal -0.65606 0.754709 0
    outer loop
      vertex 25.9623 -28.834 1.8
      vertex 24.9402 -29.7225 4.5
      vertex 25.9623 -28.834 4.5
    endloop
  endfacet
  facet normal -0.65606 0.754709 0
    outer loop
      vertex 24.9402 -29.7225 4.5
      vertex 25.9623 -28.834 1.8
      vertex 24.9402 -29.7225 1.8
    endloop
  endfacet
  facet normal -0.544641 0.83867 0
    outer loop
      vertex 21.6967 -32.1667 1.8
      vertex 20.5609 -32.9043 4.5
      vertex 21.6967 -32.1667 4.5
    endloop
  endfacet
  facet normal -0.544641 0.83867 0
    outer loop
      vertex 20.5609 -32.9043 4.5
      vertex 21.6967 -32.1667 1.8
      vertex 20.5609 -32.9043 1.8
    endloop
  endfacet
  facet normal -0.390673 0.920529 0
    outer loop
      vertex 15.7814 -35.4456 1.8
      vertex 14.5347 -35.9747 4.5
      vertex 15.7814 -35.4456 4.5
    endloop
  endfacet
  facet normal -0.390673 0.920529 0
    outer loop
      vertex 14.5347 -35.9747 4.5
      vertex 15.7814 -35.4456 1.8
      vertex 14.5347 -35.9747 1.8
    endloop
  endfacet
  facet normal -0.484639 0.874714 0
    outer loop
      vertex 19.3038 -33.6551 4.28552
      vertex 19.4 -33.6018 4.5
      vertex 19.4 -33.6018 4.3
    endloop
  endfacet
  facet normal -0.485153 0.874429 0.000301262
    outer loop
      vertex 19.1623 -33.7336 4.26422
      vertex 19.4 -33.6018 4.5
      vertex 19.3038 -33.6551 4.28552
    endloop
  endfacet
  facet normal -0.484821 0.874613 -0.000135538
    outer loop
      vertex 19.4 -33.6018 4.5
      vertex 19.1623 -33.7336 4.26422
      vertex 18.2155 -34.2584 4.5
    endloop
  endfacet
  facet normal -0.48464 0.874714 0.000818383
    outer loop
      vertex 19.0308 -33.8064 4.20196
      vertex 18.2155 -34.2584 4.5
      vertex 19.1623 -33.7336 4.26422
    endloop
  endfacet
  facet normal -0.484882 0.874579 -4.92822e-05
    outer loop
      vertex 18.9408 -33.8563 4.15933
      vertex 18.2155 -34.2584 4.5
      vertex 19.0308 -33.8064 4.20196
    endloop
  endfacet
  facet normal -0.484906 0.874566 -0.000115841
    outer loop
      vertex 18.8281 -33.9188 4.0605
      vertex 18.2155 -34.2584 4.5
      vertex 18.9408 -33.8563 4.15933
    endloop
  endfacet
  facet normal -0.484772 0.874641 0.000128796
    outer loop
      vertex 18.7505 -33.9618 3.99246
      vertex 18.2155 -34.2584 4.5
      vertex 18.8281 -33.9188 4.0605
    endloop
  endfacet
  facet normal -0.485119 0.874448 -0.000350027
    outer loop
      vertex 18.6909 -33.9949 3.90359
      vertex 18.2155 -34.2584 4.5
      vertex 18.7505 -33.9618 3.99246
    endloop
  endfacet
  facet normal -0.484665 0.8747 0.000123745
    outer loop
      vertex 18.6046 -34.0427 3.775
      vertex 18.2155 -34.2584 4.5
      vertex 18.6909 -33.9949 3.90359
    endloop
  endfacet
  facet normal -0.484527 0.874776 0.000220474
    outer loop
      vertex 18.567 -34.0635 3.6713
      vertex 18.2155 -34.2584 4.5
      vertex 18.6046 -34.0427 3.775
    endloop
  endfacet
  facet normal -0.485193 0.874407 -0.000148637
    outer loop
      vertex 18.5128 -34.0936 3.52176
      vertex 18.2155 -34.2584 4.5
      vertex 18.567 -34.0635 3.6713
    endloop
  endfacet
  facet normal -0.484523 0.874779 0.000117382
    outer loop
      vertex 18.4815 -34.1109 3.25
      vertex 18.2155 -34.2584 4.5
      vertex 18.5128 -34.0936 3.52176
    endloop
  endfacet
  facet normal -0.484481 0.874802 -0.000111141
    outer loop
      vertex 18.2155 -34.2584 1.8
      vertex 18.4815 -34.1109 3.25
      vertex 18.5128 -34.0936 2.97824
    endloop
  endfacet
  facet normal -0.48448 0.874802 -0.000198412
    outer loop
      vertex 18.2155 -34.2584 1.8
      vertex 18.567 -34.0635 2.8287
      vertex 18.6046 -34.0427 2.725
    endloop
  endfacet
  facet normal -0.484141 0.87499 0.000558681
    outer loop
      vertex 19.4 -33.6018 1.8
      vertex 19.0308 -33.8064 2.29804
      vertex 19.1623 -33.7336 2.23578
    endloop
  endfacet
  facet normal -0.484639 0.874714 0
    outer loop
      vertex 19.4 -33.6018 1.8
      vertex 19.3038 -33.6551 2.21448
      vertex 19.4 -33.6018 2.2
    endloop
  endfacet
  facet normal -0.485135 0.874439 -0.000150633
    outer loop
      vertex 19.4 -33.6018 1.8
      vertex 19.1623 -33.7336 2.23578
      vertex 19.3038 -33.6551 2.21448
    endloop
  endfacet
  facet normal -0.484821 0.874613 -0.000100845
    outer loop
      vertex 19.0308 -33.8064 2.29804
      vertex 19.4 -33.6018 1.8
      vertex 18.2155 -34.2584 1.8
    endloop
  endfacet
  facet normal -0.484886 0.874577 3.81351e-05
    outer loop
      vertex 19.0308 -33.8064 2.29804
      vertex 18.2155 -34.2584 1.8
      vertex 18.9408 -33.8563 2.34067
    endloop
  endfacet
  facet normal -0.484919 0.874559 9.61511e-05
    outer loop
      vertex 18.9408 -33.8563 2.34067
      vertex 18.2155 -34.2584 1.8
      vertex 18.8281 -33.9188 2.4395
    endloop
  endfacet
  facet normal -0.484945 0.874545 0
    outer loop
      vertex 18.4815 -34.1109 3.25
      vertex 18.2155 -34.2584 1.8
      vertex 18.2155 -34.2584 4.5
    endloop
  endfacet
  facet normal -0.485224 0.87439 0.000133759
    outer loop
      vertex 18.567 -34.0635 2.8287
      vertex 18.2155 -34.2584 1.8
      vertex 18.5128 -34.0936 2.97824
    endloop
  endfacet
  facet normal -0.484646 0.87471 -0.0001073
    outer loop
      vertex 18.6909 -33.9949 2.59641
      vertex 18.2155 -34.2584 1.8
      vertex 18.6046 -34.0427 2.725
    endloop
  endfacet
  facet normal -0.485172 0.874418 0.00030351
    outer loop
      vertex 18.7505 -33.9618 2.50754
      vertex 18.2155 -34.2584 1.8
      vertex 18.6909 -33.9949 2.59641
    endloop
  endfacet
  facet normal -0.484757 0.874649 -0.000106905
    outer loop
      vertex 18.8281 -33.9188 2.4395
      vertex 18.2155 -34.2584 1.8
      vertex 18.7505 -33.9618 2.50754
    endloop
  endfacet
  facet normal -0.292384 0.956301 0
    outer loop
      vertex 11.9899 -36.901 1.8
      vertex 10.6947 -37.297 4.5
      vertex 11.9899 -36.901 4.5
    endloop
  endfacet
  facet normal -0.292384 0.956301 0
    outer loop
      vertex 10.6947 -37.297 4.5
      vertex 11.9899 -36.901 1.8
      vertex 10.6947 -37.297 1.8
    endloop
  endfacet
  facet normal -0.325561 0.945521 0
    outer loop
      vertex 13.2704 -36.4601 1.8
      vertex 11.9899 -36.901 4.5
      vertex 13.2704 -36.4601 4.5
    endloop
  endfacet
  facet normal -0.325561 0.945521 0
    outer loop
      vertex 11.9899 -36.901 4.5
      vertex 13.2704 -36.4601 1.8
      vertex 11.9899 -36.901 1.8
    endloop
  endfacet
  facet normal -0.258811 0.965928 0
    outer loop
      vertex 10.6947 -37.297 1.8
      vertex 9.38657 -37.6475 4.5
      vertex 10.6947 -37.297 4.5
    endloop
  endfacet
  facet normal -0.258811 0.965928 0
    outer loop
      vertex 9.38657 -37.6475 4.5
      vertex 10.6947 -37.297 1.8
      vertex 9.38657 -37.6475 1.8
    endloop
  endfacet
  facet normal -0.0523515 0.998629 0
    outer loop
      vertex 2.70655 -38.7055 1.8
      vertex 1.3541 -38.7764 4.5
      vertex 2.70655 -38.7055 4.5
    endloop
  endfacet
  facet normal -0.0523515 0.998629 0
    outer loop
      vertex 1.3541 -38.7764 4.5
      vertex 2.70655 -38.7055 1.8
      vertex 1.3541 -38.7764 1.8
    endloop
  endfacet
  facet normal -0.754709 0.65606 0
    outer loop
      vertex 28.834 -25.9623 1.8
      vertex 29.7225 -24.9402 4.5
      vertex 29.7225 -24.9402 1.8
    endloop
  endfacet
  facet normal -0.754709 0.65606 0
    outer loop
      vertex 29.7225 -24.9402 4.5
      vertex 28.834 -25.9623 1.8
      vertex 28.834 -25.9623 4.5
    endloop
  endfacet
  facet normal -0.874613 0.484821 0
    outer loop
      vertex 33.6018 -19.4 1.8
      vertex 34.2584 -18.2155 4.5
      vertex 34.2584 -18.2155 1.8
    endloop
  endfacet
  facet normal -0.874613 0.484821 0
    outer loop
      vertex 34.2584 -18.2155 4.5
      vertex 33.6018 -19.4 1.8
      vertex 33.6018 -19.4 4.5
    endloop
  endfacet
  facet normal -0.89102 0.453964 0
    outer loop
      vertex 34.2584 -18.2155 1.8
      vertex 34.8732 -17.0088 4.5
      vertex 34.8732 -17.0088 1.8
    endloop
  endfacet
  facet normal -0.89102 0.453964 0
    outer loop
      vertex 34.8732 -17.0088 4.5
      vertex 34.2584 -18.2155 1.8
      vertex 34.2584 -18.2155 4.5
    endloop
  endfacet
  facet normal -0.85718 0.515017 0
    outer loop
      vertex 32.9043 -20.5609 1.8
      vertex 33.6018 -19.4 4.5
      vertex 33.6018 -19.4 1.8
    endloop
  endfacet
  facet normal -0.85718 0.515017 0
    outer loop
      vertex 33.6018 -19.4 4.5
      vertex 32.9043 -20.5609 1.8
      vertex 32.9043 -20.5609 4.5
    endloop
  endfacet
  facet normal -0.93356 0.35842 0
    outer loop
      vertex 35.9747 -14.5347 1.8
      vertex 36.4601 -13.2704 4.5
      vertex 36.4601 -13.2704 1.8
    endloop
  endfacet
  facet normal -0.93356 0.35842 0
    outer loop
      vertex 36.4601 -13.2704 4.5
      vertex 35.9747 -14.5347 1.8
      vertex 35.9747 -14.5347 4.5
    endloop
  endfacet
  facet normal -0.920529 0.390673 0
    outer loop
      vertex 35.4456 -15.7814 1.8
      vertex 35.9747 -14.5347 4.5
      vertex 35.9747 -14.5347 1.8
    endloop
  endfacet
  facet normal -0.920529 0.390673 0
    outer loop
      vertex 35.9747 -14.5347 4.5
      vertex 35.4456 -15.7814 1.8
      vertex 35.4456 -15.7814 4.5
    endloop
  endfacet
  facet normal -0.974379 0.224913 0
    outer loop
      vertex 37.6475 -9.38657 1.8
      vertex 37.9521 -8.06697 4.5
      vertex 37.9521 -8.06697 1.8
    endloop
  endfacet
  facet normal -0.974379 0.224913 0
    outer loop
      vertex 37.9521 -8.06697 4.5
      vertex 37.6475 -9.38657 1.8
      vertex 37.6475 -9.38657 4.5
    endloop
  endfacet
  facet normal -0.996191 0.0872031 0
    outer loop
      vertex 38.5874 -4.0557 1.8
      vertex 38.7055 -2.70655 4.5
      vertex 38.7055 -2.70655 1.8
    endloop
  endfacet
  facet normal -0.996191 0.0872031 0
    outer loop
      vertex 38.7055 -2.70655 4.5
      vertex 38.5874 -4.0557 1.8
      vertex 38.5874 -4.0557 4.5
    endloop
  endfacet
  facet normal 0.996191 -0.0872031 0
    outer loop
      vertex -38.7055 2.70655 4.5
      vertex -38.5874 4.0557 1.8
      vertex -38.5874 4.0557 4.5
    endloop
  endfacet
  facet normal 0.996191 -0.0872031 0
    outer loop
      vertex -38.5874 4.0557 1.8
      vertex -38.7055 2.70655 4.5
      vertex -38.7055 2.70655 1.8
    endloop
  endfacet
  facet normal 0.987684 -0.156463 0
    outer loop
      vertex -38.4224 5.39992 4.5
      vertex -38.2105 6.73755 1.8
      vertex -38.2105 6.73755 4.5
    endloop
  endfacet
  facet normal 0.987684 -0.156463 0
    outer loop
      vertex -38.2105 6.73755 1.8
      vertex -38.4224 5.39992 4.5
      vertex -38.4224 5.39992 1.8
    endloop
  endfacet
  facet normal 0.981629 -0.1908 0
    outer loop
      vertex -38.2105 6.73755 4.5
      vertex -37.9521 8.06697 1.8
      vertex -37.9521 8.06697 4.5
    endloop
  endfacet
  facet normal 0.981629 -0.1908 0
    outer loop
      vertex -37.9521 8.06697 1.8
      vertex -38.2105 6.73755 4.5
      vertex -38.2105 6.73755 1.8
    endloop
  endfacet
  facet normal 0.992551 -0.121833 0
    outer loop
      vertex -38.5874 4.0557 4.5
      vertex -38.4224 5.39992 1.8
      vertex -38.4224 5.39992 4.5
    endloop
  endfacet
  facet normal 0.992551 -0.121833 0
    outer loop
      vertex -38.4224 5.39992 1.8
      vertex -38.5874 4.0557 4.5
      vertex -38.5874 4.0557 1.8
    endloop
  endfacet
  facet normal 0.93356 -0.35842 0
    outer loop
      vertex -36.4601 13.2704 4.5
      vertex -35.9747 14.5347 1.8
      vertex -35.9747 14.5347 4.5
    endloop
  endfacet
  facet normal 0.93356 -0.35842 0
    outer loop
      vertex -35.9747 14.5347 1.8
      vertex -36.4601 13.2704 4.5
      vertex -36.4601 13.2704 1.8
    endloop
  endfacet
  facet normal 0.945521 -0.325561 0
    outer loop
      vertex -36.901 11.9899 4.5
      vertex -36.4601 13.2704 1.8
      vertex -36.4601 13.2704 4.5
    endloop
  endfacet
  facet normal 0.945521 -0.325561 0
    outer loop
      vertex -36.4601 13.2704 1.8
      vertex -36.901 11.9899 4.5
      vertex -36.901 11.9899 1.8
    endloop
  endfacet
  facet normal 0.920529 -0.390673 0
    outer loop
      vertex -35.9747 14.5347 4.5
      vertex -35.4456 15.7814 1.8
      vertex -35.4456 15.7814 4.5
    endloop
  endfacet
  facet normal 0.920529 -0.390673 0
    outer loop
      vertex -35.4456 15.7814 1.8
      vertex -35.9747 14.5347 4.5
      vertex -35.9747 14.5347 1.8
    endloop
  endfacet
  facet normal 0.956301 -0.292384 0
    outer loop
      vertex -37.297 10.6947 4.5
      vertex -36.901 11.9899 1.8
      vertex -36.901 11.9899 4.5
    endloop
  endfacet
  facet normal 0.956301 -0.292384 0
    outer loop
      vertex -36.901 11.9899 1.8
      vertex -37.297 10.6947 4.5
      vertex -37.297 10.6947 1.8
    endloop
  endfacet
  facet normal 0.974379 -0.224913 0
    outer loop
      vertex -37.9521 8.06697 4.5
      vertex -37.6475 9.38657 1.8
      vertex -37.6475 9.38657 4.5
    endloop
  endfacet
  facet normal 0.974379 -0.224913 0
    outer loop
      vertex -37.6475 9.38657 1.8
      vertex -37.9521 8.06697 4.5
      vertex -37.9521 8.06697 1.8
    endloop
  endfacet
  facet normal 0.777145 -0.629321 0
    outer loop
      vertex -30.5748 23.8877 4.5
      vertex -29.7225 24.9402 1.8
      vertex -29.7225 24.9402 4.5
    endloop
  endfacet
  facet normal 0.777145 -0.629321 0
    outer loop
      vertex -29.7225 24.9402 1.8
      vertex -30.5748 23.8877 4.5
      vertex -30.5748 23.8877 1.8
    endloop
  endfacet
  facet normal 0.73134 -0.682013 0
    outer loop
      vertex -28.834 25.9623 4.5
      vertex -27.9104 26.9527 1.8
      vertex -27.9104 26.9527 4.5
    endloop
  endfacet
  facet normal 0.73134 -0.682013 0
    outer loop
      vertex -27.9104 26.9527 1.8
      vertex -28.834 25.9623 4.5
      vertex -28.834 25.9623 1.8
    endloop
  endfacet
  facet normal 0.754709 -0.65606 0
    outer loop
      vertex -29.7225 24.9402 4.5
      vertex -28.834 25.9623 1.8
      vertex -28.834 25.9623 4.5
    endloop
  endfacet
  facet normal 0.754709 -0.65606 0
    outer loop
      vertex -28.834 25.9623 1.8
      vertex -29.7225 24.9402 4.5
      vertex -29.7225 24.9402 1.8
    endloop
  endfacet
  facet normal 0.707107 -0.707107 0
    outer loop
      vertex -27.9104 26.9527 4.5
      vertex -26.9527 27.9104 1.8
      vertex -26.9527 27.9104 4.5
    endloop
  endfacet
  facet normal 0.707107 -0.707107 0
    outer loop
      vertex -26.9527 27.9104 1.8
      vertex -27.9104 26.9527 4.5
      vertex -27.9104 26.9527 1.8
    endloop
  endfacet
  facet normal 0.83867 -0.544641 0
    outer loop
      vertex -32.9043 20.5609 4.5
      vertex -32.1667 21.6967 1.8
      vertex -32.1667 21.6967 4.5
    endloop
  endfacet
  facet normal 0.83867 -0.544641 0
    outer loop
      vertex -32.1667 21.6967 1.8
      vertex -32.9043 20.5609 4.5
      vertex -32.9043 20.5609 1.8
    endloop
  endfacet
  facet normal 0.874613 -0.484821 0
    outer loop
      vertex -34.2584 18.2155 4.5
      vertex -33.6018 19.4 1.8
      vertex -33.6018 19.4 4.5
    endloop
  endfacet
  facet normal 0.874613 -0.484821 0
    outer loop
      vertex -33.6018 19.4 1.8
      vertex -34.2584 18.2155 4.5
      vertex -34.2584 18.2155 1.8
    endloop
  endfacet
  facet normal 0.906293 -0.422651 0
    outer loop
      vertex -35.4456 15.7814 4.5
      vertex -34.8732 17.0088 1.8
      vertex -34.8732 17.0088 4.5
    endloop
  endfacet
  facet normal 0.906293 -0.422651 0
    outer loop
      vertex -34.8732 17.0088 1.8
      vertex -35.4456 15.7814 4.5
      vertex -35.4456 15.7814 1.8
    endloop
  endfacet
  facet normal 0.325561 -0.945521 0
    outer loop
      vertex -13.2704 36.4601 1.8
      vertex -11.9899 36.901 4.5
      vertex -13.2704 36.4601 4.5
    endloop
  endfacet
  facet normal 0.325561 -0.945521 0
    outer loop
      vertex -11.9899 36.901 4.5
      vertex -13.2704 36.4601 1.8
      vertex -11.9899 36.901 1.8
    endloop
  endfacet
  facet normal 0.224913 -0.974379 0
    outer loop
      vertex -9.38657 37.6475 1.8
      vertex -8.06697 37.9521 4.5
      vertex -9.38657 37.6475 4.5
    endloop
  endfacet
  facet normal 0.224913 -0.974379 0
    outer loop
      vertex -8.06697 37.9521 4.5
      vertex -9.38657 37.6475 1.8
      vertex -8.06697 37.9521 1.8
    endloop
  endfacet
  facet normal 0.1908 -0.981629 0
    outer loop
      vertex -8.06697 37.9521 1.8
      vertex -6.73755 38.2105 4.5
      vertex -8.06697 37.9521 4.5
    endloop
  endfacet
  facet normal 0.1908 -0.981629 0
    outer loop
      vertex -6.73755 38.2105 4.5
      vertex -8.06697 37.9521 1.8
      vertex -6.73755 38.2105 1.8
    endloop
  endfacet
  facet normal 0.258811 -0.965928 0
    outer loop
      vertex -10.6947 37.297 1.8
      vertex -9.38657 37.6475 4.5
      vertex -10.6947 37.297 4.5
    endloop
  endfacet
  facet normal 0.258811 -0.965928 0
    outer loop
      vertex -9.38657 37.6475 4.5
      vertex -10.6947 37.297 1.8
      vertex -9.38657 37.6475 1.8
    endloop
  endfacet
  facet normal 0.156463 -0.987684 0
    outer loop
      vertex -6.73755 38.2105 1.8
      vertex -5.39992 38.4224 4.5
      vertex -6.73755 38.2105 4.5
    endloop
  endfacet
  facet normal 0.156463 -0.987684 0
    outer loop
      vertex -5.39992 38.4224 4.5
      vertex -6.73755 38.2105 1.8
      vertex -5.39992 38.4224 1.8
    endloop
  endfacet
  facet normal 0.0872031 -0.996191 0
    outer loop
      vertex -4.0557 38.5874 1.8
      vertex -2.70655 38.7055 4.5
      vertex -4.0557 38.5874 4.5
    endloop
  endfacet
  facet normal 0.0872031 -0.996191 0
    outer loop
      vertex -2.70655 38.7055 4.5
      vertex -4.0557 38.5874 1.8
      vertex -2.70655 38.7055 1.8
    endloop
  endfacet
  facet normal 0.0174259 -0.999848 0
    outer loop
      vertex -1.3541 38.7764 1.8
      vertex 0 38.8 4.5
      vertex -1.3541 38.7764 4.5
    endloop
  endfacet
  facet normal 0.0174259 -0.999848 0
    outer loop
      vertex 0 38.8 4.5
      vertex -1.3541 38.7764 1.8
      vertex 0 38.8 1.8
    endloop
  endfacet
  facet normal 0.484821 -0.874613 0
    outer loop
      vertex -19.4 33.6018 1.8
      vertex -18.2155 34.2584 4.5
      vertex -19.4 33.6018 4.5
    endloop
  endfacet
  facet normal 0.484821 -0.874613 0
    outer loop
      vertex -18.2155 34.2584 4.5
      vertex -19.4 33.6018 1.8
      vertex -18.2155 34.2584 1.8
    endloop
  endfacet
  facet normal 0.422651 -0.906293 0
    outer loop
      vertex -17.0088 34.8732 1.8
      vertex -15.7814 35.4456 4.5
      vertex -17.0088 34.8732 4.5
    endloop
  endfacet
  facet normal 0.422651 -0.906293 0
    outer loop
      vertex -15.7814 35.4456 4.5
      vertex -17.0088 34.8732 1.8
      vertex -15.7814 35.4456 1.8
    endloop
  endfacet
  facet normal 0.453964 -0.89102 0
    outer loop
      vertex -18.2155 34.2584 1.8
      vertex -17.0088 34.8732 4.5
      vertex -18.2155 34.2584 4.5
    endloop
  endfacet
  facet normal 0.453964 -0.89102 0
    outer loop
      vertex -17.0088 34.8732 4.5
      vertex -18.2155 34.2584 1.8
      vertex -17.0088 34.8732 1.8
    endloop
  endfacet
  facet normal 0.390673 -0.920529 0
    outer loop
      vertex -15.7814 35.4456 1.8
      vertex -14.5347 35.9747 4.5
      vertex -15.7814 35.4456 4.5
    endloop
  endfacet
  facet normal 0.390673 -0.920529 0
    outer loop
      vertex -14.5347 35.9747 4.5
      vertex -15.7814 35.4456 1.8
      vertex -14.5347 35.9747 1.8
    endloop
  endfacet
  facet normal 0.573571 -0.819156 0
    outer loop
      vertex -22.8061 31.3899 1.8
      vertex -21.6967 32.1667 4.5
      vertex -22.8061 31.3899 4.5
    endloop
  endfacet
  facet normal 0.573571 -0.819156 0
    outer loop
      vertex -21.6967 32.1667 4.5
      vertex -22.8061 31.3899 1.8
      vertex -21.6967 32.1667 1.8
    endloop
  endfacet
  facet normal 0.629321 -0.777145 0
    outer loop
      vertex -24.9402 29.7225 1.8
      vertex -23.8877 30.5748 4.5
      vertex -24.9402 29.7225 4.5
    endloop
  endfacet
  facet normal 0.629321 -0.777145 0
    outer loop
      vertex -23.8877 30.5748 4.5
      vertex -24.9402 29.7225 1.8
      vertex -23.8877 30.5748 1.8
    endloop
  endfacet
  facet normal 0.682013 -0.73134 0
    outer loop
      vertex -26.9527 27.9104 1.8
      vertex -25.9623 28.834 4.5
      vertex -26.9527 27.9104 4.5
    endloop
  endfacet
  facet normal 0.682013 -0.73134 0
    outer loop
      vertex -25.9623 28.834 4.5
      vertex -26.9527 27.9104 1.8
      vertex -25.9623 28.834 1.8
    endloop
  endfacet
  facet normal -0.0872031 -0.996191 0
    outer loop
      vertex 2.70655 38.7055 1.8
      vertex 4.0557 38.5874 4.5
      vertex 2.70655 38.7055 4.5
    endloop
  endfacet
  facet normal -0.0872031 -0.996191 -0
    outer loop
      vertex 4.0557 38.5874 4.5
      vertex 2.70655 38.7055 1.8
      vertex 4.0557 38.5874 1.8
    endloop
  endfacet
  facet normal -0.156463 -0.987684 0
    outer loop
      vertex 5.39992 38.4224 1.8
      vertex 6.73755 38.2105 4.5
      vertex 5.39992 38.4224 4.5
    endloop
  endfacet
  facet normal -0.156463 -0.987684 -0
    outer loop
      vertex 6.73755 38.2105 4.5
      vertex 5.39992 38.4224 1.8
      vertex 6.73755 38.2105 1.8
    endloop
  endfacet
  facet normal -0.1908 -0.981629 0
    outer loop
      vertex 6.73755 38.2105 1.8
      vertex 8.06697 37.9521 4.5
      vertex 6.73755 38.2105 4.5
    endloop
  endfacet
  facet normal -0.1908 -0.981629 -0
    outer loop
      vertex 8.06697 37.9521 4.5
      vertex 6.73755 38.2105 1.8
      vertex 8.06697 37.9521 1.8
    endloop
  endfacet
  facet normal -0.121833 -0.992551 0
    outer loop
      vertex 4.0557 38.5874 1.8
      vertex 5.39992 38.4224 4.5
      vertex 4.0557 38.5874 4.5
    endloop
  endfacet
  facet normal -0.121833 -0.992551 -0
    outer loop
      vertex 5.39992 38.4224 4.5
      vertex 4.0557 38.5874 1.8
      vertex 5.39992 38.4224 1.8
    endloop
  endfacet
  facet normal -0.35842 -0.93356 0
    outer loop
      vertex 13.2704 36.4601 1.8
      vertex 14.5347 35.9747 4.5
      vertex 13.2704 36.4601 4.5
    endloop
  endfacet
  facet normal -0.35842 -0.93356 -0
    outer loop
      vertex 14.5347 35.9747 4.5
      vertex 13.2704 36.4601 1.8
      vertex 14.5347 35.9747 1.8
    endloop
  endfacet
  facet normal -0.325561 -0.945521 0
    outer loop
      vertex 11.9899 36.901 1.8
      vertex 13.2704 36.4601 4.5
      vertex 11.9899 36.901 4.5
    endloop
  endfacet
  facet normal -0.325561 -0.945521 -0
    outer loop
      vertex 13.2704 36.4601 4.5
      vertex 11.9899 36.901 1.8
      vertex 13.2704 36.4601 1.8
    endloop
  endfacet
  facet normal -0.390673 -0.920529 0
    outer loop
      vertex 14.5347 35.9747 1.8
      vertex 15.7814 35.4456 4.5
      vertex 14.5347 35.9747 4.5
    endloop
  endfacet
  facet normal -0.390673 -0.920529 -0
    outer loop
      vertex 15.7814 35.4456 4.5
      vertex 14.5347 35.9747 1.8
      vertex 15.7814 35.4456 1.8
    endloop
  endfacet
  facet normal -0.292384 -0.956301 0
    outer loop
      vertex 10.6947 37.297 1.8
      vertex 11.9899 36.901 4.5
      vertex 10.6947 37.297 4.5
    endloop
  endfacet
  facet normal -0.292384 -0.956301 -0
    outer loop
      vertex 11.9899 36.901 4.5
      vertex 10.6947 37.297 1.8
      vertex 11.9899 36.901 1.8
    endloop
  endfacet
  facet normal -0.224913 -0.974379 0
    outer loop
      vertex 8.06697 37.9521 1.8
      vertex 9.38657 37.6475 4.5
      vertex 8.06697 37.9521 4.5
    endloop
  endfacet
  facet normal -0.224913 -0.974379 -0
    outer loop
      vertex 9.38657 37.6475 4.5
      vertex 8.06697 37.9521 1.8
      vertex 9.38657 37.6475 1.8
    endloop
  endfacet
  facet normal -0.629321 -0.777145 0
    outer loop
      vertex 23.8877 30.5748 1.8
      vertex 24.9402 29.7225 4.5
      vertex 23.8877 30.5748 4.5
    endloop
  endfacet
  facet normal -0.629321 -0.777145 -0
    outer loop
      vertex 24.9402 29.7225 4.5
      vertex 23.8877 30.5748 1.8
      vertex 24.9402 29.7225 1.8
    endloop
  endfacet
  facet normal -0.65606 -0.754709 0
    outer loop
      vertex 24.9402 29.7225 1.8
      vertex 25.9623 28.834 4.5
      vertex 24.9402 29.7225 4.5
    endloop
  endfacet
  facet normal -0.65606 -0.754709 -0
    outer loop
      vertex 25.9623 28.834 4.5
      vertex 24.9402 29.7225 1.8
      vertex 25.9623 28.834 1.8
    endloop
  endfacet
  facet normal -0.707107 -0.707107 0
    outer loop
      vertex 27.9104 26.9527 1.8
      vertex 26.9527 27.9104 4.5
      vertex 26.9527 27.9104 1.8
    endloop
  endfacet
  facet normal -0.707107 -0.707107 0
    outer loop
      vertex 26.9527 27.9104 4.5
      vertex 27.9104 26.9527 1.8
      vertex 27.9104 26.9527 4.5
    endloop
  endfacet
  facet normal -0.544641 -0.83867 0
    outer loop
      vertex 20.5609 32.9043 1.8
      vertex 21.6967 32.1667 4.5
      vertex 20.5609 32.9043 4.5
    endloop
  endfacet
  facet normal -0.544641 -0.83867 -0
    outer loop
      vertex 21.6967 32.1667 4.5
      vertex 20.5609 32.9043 1.8
      vertex 21.6967 32.1667 1.8
    endloop
  endfacet
  facet normal -0.484821 -0.874613 -0.000135538
    outer loop
      vertex 19.1623 33.7336 4.26422
      vertex 19.4 33.6018 4.5
      vertex 18.2155 34.2584 4.5
    endloop
  endfacet
  facet normal -0.484639 -0.874714 -0
    outer loop
      vertex 19.4 33.6018 4.5
      vertex 19.3038 33.6551 4.28552
      vertex 19.4 33.6018 4.3
    endloop
  endfacet
  facet normal -0.485153 -0.874429 0.000301262
    outer loop
      vertex 19.4 33.6018 4.5
      vertex 19.1623 33.7336 4.26422
      vertex 19.3038 33.6551 4.28552
    endloop
  endfacet
  facet normal -0.48464 -0.874714 0.000818383
    outer loop
      vertex 18.2155 34.2584 4.5
      vertex 19.0308 33.8064 4.20196
      vertex 19.1623 33.7336 4.26422
    endloop
  endfacet
  facet normal -0.484882 -0.874579 -4.92822e-05
    outer loop
      vertex 18.2155 34.2584 4.5
      vertex 18.9408 33.8563 4.15933
      vertex 19.0308 33.8064 4.20196
    endloop
  endfacet
  facet normal -0.484906 -0.874566 -0.000115841
    outer loop
      vertex 18.2155 34.2584 4.5
      vertex 18.8281 33.9188 4.0605
      vertex 18.9408 33.8563 4.15933
    endloop
  endfacet
  facet normal -0.484772 -0.874641 0.000128796
    outer loop
      vertex 18.2155 34.2584 4.5
      vertex 18.7505 33.9618 3.99246
      vertex 18.8281 33.9188 4.0605
    endloop
  endfacet
  facet normal -0.485119 -0.874448 -0.000350027
    outer loop
      vertex 18.2155 34.2584 4.5
      vertex 18.6909 33.9949 3.90359
      vertex 18.7505 33.9618 3.99246
    endloop
  endfacet
  facet normal -0.484665 -0.8747 0.000123745
    outer loop
      vertex 18.2155 34.2584 4.5
      vertex 18.6046 34.0427 3.775
      vertex 18.6909 33.9949 3.90359
    endloop
  endfacet
  facet normal -0.484527 -0.874776 0.000220474
    outer loop
      vertex 18.2155 34.2584 4.5
      vertex 18.567 34.0635 3.6713
      vertex 18.6046 34.0427 3.775
    endloop
  endfacet
  facet normal -0.485193 -0.874407 -0.000148637
    outer loop
      vertex 18.2155 34.2584 4.5
      vertex 18.5128 34.0936 3.52176
      vertex 18.567 34.0635 3.6713
    endloop
  endfacet
  facet normal -0.484523 -0.874779 0.000117382
    outer loop
      vertex 18.2155 34.2584 4.5
      vertex 18.4815 34.1109 3.25
      vertex 18.5128 34.0936 3.52176
    endloop
  endfacet
  facet normal -0.484945 -0.874545 0
    outer loop
      vertex 18.2155 34.2584 1.8
      vertex 18.4815 34.1109 3.25
      vertex 18.2155 34.2584 4.5
    endloop
  endfacet
  facet normal -0.485224 -0.87439 0.000133759
    outer loop
      vertex 18.2155 34.2584 1.8
      vertex 18.567 34.0635 2.8287
      vertex 18.5128 34.0936 2.97824
    endloop
  endfacet
  facet normal -0.484886 -0.874577 3.81351e-05
    outer loop
      vertex 18.2155 34.2584 1.8
      vertex 19.0308 33.8064 2.29804
      vertex 18.9408 33.8563 2.34067
    endloop
  endfacet
  facet normal -0.484481 -0.874802 -0.000111141
    outer loop
      vertex 18.4815 34.1109 3.25
      vertex 18.2155 34.2584 1.8
      vertex 18.5128 34.0936 2.97824
    endloop
  endfacet
  facet normal -0.48448 -0.874802 -0.000198412
    outer loop
      vertex 18.567 34.0635 2.8287
      vertex 18.2155 34.2584 1.8
      vertex 18.6046 34.0427 2.725
    endloop
  endfacet
  facet normal -0.484646 -0.87471 -0.0001073
    outer loop
      vertex 18.2155 34.2584 1.8
      vertex 18.6909 33.9949 2.59641
      vertex 18.6046 34.0427 2.725
    endloop
  endfacet
  facet normal -0.485172 -0.874418 0.00030351
    outer loop
      vertex 18.2155 34.2584 1.8
      vertex 18.7505 33.9618 2.50754
      vertex 18.6909 33.9949 2.59641
    endloop
  endfacet
  facet normal -0.484757 -0.874649 -0.000106905
    outer loop
      vertex 18.2155 34.2584 1.8
      vertex 18.8281 33.9188 2.4395
      vertex 18.7505 33.9618 2.50754
    endloop
  endfacet
  facet normal -0.484919 -0.874559 9.61511e-05
    outer loop
      vertex 18.2155 34.2584 1.8
      vertex 18.9408 33.8563 2.34067
      vertex 18.8281 33.9188 2.4395
    endloop
  endfacet
  facet normal -0.484821 -0.874613 -0.000100845
    outer loop
      vertex 19.4 33.6018 1.8
      vertex 19.0308 33.8064 2.29804
      vertex 18.2155 34.2584 1.8
    endloop
  endfacet
  facet normal -0.484141 -0.87499 0.000558681
    outer loop
      vertex 19.0308 33.8064 2.29804
      vertex 19.4 33.6018 1.8
      vertex 19.1623 33.7336 2.23578
    endloop
  endfacet
  facet normal -0.485135 -0.874439 -0.000150633
    outer loop
      vertex 19.1623 33.7336 2.23578
      vertex 19.4 33.6018 1.8
      vertex 19.3038 33.6551 2.21448
    endloop
  endfacet
  facet normal -0.484639 -0.874714 0
    outer loop
      vertex 19.3038 33.6551 2.21448
      vertex 19.4 33.6018 1.8
      vertex 19.4 33.6018 2.2
    endloop
  endfacet
  facet normal -0.422651 -0.906293 0
    outer loop
      vertex 15.7814 35.4456 1.8
      vertex 17.0088 34.8732 4.5
      vertex 15.7814 35.4456 4.5
    endloop
  endfacet
  facet normal -0.422651 -0.906293 -0
    outer loop
      vertex 17.0088 34.8732 4.5
      vertex 15.7814 35.4456 1.8
      vertex 17.0088 34.8732 1.8
    endloop
  endfacet
  facet normal -0.73134 -0.682013 0
    outer loop
      vertex 28.834 25.9623 1.8
      vertex 27.9104 26.9527 4.5
      vertex 27.9104 26.9527 1.8
    endloop
  endfacet
  facet normal -0.73134 -0.682013 0
    outer loop
      vertex 27.9104 26.9527 4.5
      vertex 28.834 25.9623 1.8
      vertex 28.834 25.9623 4.5
    endloop
  endfacet
  facet normal -0.777145 -0.629321 0
    outer loop
      vertex 30.5748 23.8877 1.8
      vertex 29.7225 24.9402 4.5
      vertex 29.7225 24.9402 1.8
    endloop
  endfacet
  facet normal -0.777145 -0.629321 0
    outer loop
      vertex 29.7225 24.9402 4.5
      vertex 30.5748 23.8877 1.8
      vertex 30.5748 23.8877 4.5
    endloop
  endfacet
  facet normal -0.819156 -0.573571 0
    outer loop
      vertex 32.1667 21.6967 1.8
      vertex 31.3899 22.8061 4.5
      vertex 31.3899 22.8061 1.8
    endloop
  endfacet
  facet normal -0.819156 -0.573571 0
    outer loop
      vertex 31.3899 22.8061 4.5
      vertex 32.1667 21.6967 1.8
      vertex 32.1667 21.6967 4.5
    endloop
  endfacet
  facet normal -0.89102 -0.453964 0
    outer loop
      vertex 34.8732 17.0088 1.8
      vertex 34.2584 18.2155 4.5
      vertex 34.2584 18.2155 1.8
    endloop
  endfacet
  facet normal -0.89102 -0.453964 0
    outer loop
      vertex 34.2584 18.2155 4.5
      vertex 34.8732 17.0088 1.8
      vertex 34.8732 17.0088 4.5
    endloop
  endfacet
  facet normal -0.920529 -0.390673 0
    outer loop
      vertex 35.9747 14.5347 1.8
      vertex 35.4456 15.7814 4.5
      vertex 35.4456 15.7814 1.8
    endloop
  endfacet
  facet normal -0.920529 -0.390673 0
    outer loop
      vertex 35.4456 15.7814 4.5
      vertex 35.9747 14.5347 1.8
      vertex 35.9747 14.5347 4.5
    endloop
  endfacet
  facet normal -0.874613 -0.484821 0
    outer loop
      vertex 34.2584 18.2155 1.8
      vertex 33.6018 19.4 4.5
      vertex 33.6018 19.4 1.8
    endloop
  endfacet
  facet normal -0.874613 -0.484821 0
    outer loop
      vertex 33.6018 19.4 4.5
      vertex 34.2584 18.2155 1.8
      vertex 34.2584 18.2155 4.5
    endloop
  endfacet
  facet normal -0.945521 -0.325561 0
    outer loop
      vertex 36.901 11.9899 1.8
      vertex 36.4601 13.2704 4.5
      vertex 36.4601 13.2704 1.8
    endloop
  endfacet
  facet normal -0.945521 -0.325561 0
    outer loop
      vertex 36.4601 13.2704 4.5
      vertex 36.901 11.9899 1.8
      vertex 36.901 11.9899 4.5
    endloop
  endfacet
  facet normal -0.981629 -0.1908 0
    outer loop
      vertex 38.2105 6.73755 1.8
      vertex 37.9521 8.06697 4.5
      vertex 37.9521 8.06697 1.8
    endloop
  endfacet
  facet normal -0.981629 -0.1908 0
    outer loop
      vertex 37.9521 8.06697 4.5
      vertex 38.2105 6.73755 1.8
      vertex 38.2105 6.73755 4.5
    endloop
  endfacet
  facet normal -0.965928 -0.258811 0
    outer loop
      vertex 37.6475 9.38657 1.8
      vertex 37.297 10.6947 4.5
      vertex 37.297 10.6947 1.8
    endloop
  endfacet
  facet normal -0.965928 -0.258811 0
    outer loop
      vertex 37.297 10.6947 4.5
      vertex 37.6475 9.38657 1.8
      vertex 37.6475 9.38657 4.5
    endloop
  endfacet
  facet normal -0.992551 -0.121833 0
    outer loop
      vertex 38.5874 4.0557 1.8
      vertex 38.4224 5.39992 4.5
      vertex 38.4224 5.39992 1.8
    endloop
  endfacet
  facet normal -0.992551 -0.121833 0
    outer loop
      vertex 38.4224 5.39992 4.5
      vertex 38.5874 4.0557 1.8
      vertex 38.5874 4.0557 4.5
    endloop
  endfacet
  facet normal -0.996191 -0.0872031 0
    outer loop
      vertex 38.7055 2.70655 1.8
      vertex 38.5874 4.0557 4.5
      vertex 38.5874 4.0557 1.8
    endloop
  endfacet
  facet normal -0.996191 -0.0872031 0
    outer loop
      vertex 38.5874 4.0557 4.5
      vertex 38.7055 2.70655 1.8
      vertex 38.7055 2.70655 4.5
    endloop
  endfacet
  facet normal -0.999847 -0.0175184 0
    outer loop
      vertex 38.7791 1.2 1.8
      vertex 38.7764 1.3541 4.5
      vertex 38.7764 1.3541 1.8
    endloop
  endfacet
  facet normal -0.999847 -0.0175184 0
    outer loop
      vertex 38.7764 1.3541 4.5
      vertex 38.7791 1.2 1.8
      vertex 38.7791 1.2 4.5
    endloop
  endfacet
  facet normal 0.156463 0.987684 -0
    outer loop
      vertex -5.39992 -38.4224 1.8
      vertex -6.73755 -38.2105 4.5
      vertex -5.39992 -38.4224 4.5
    endloop
  endfacet
  facet normal 0.156463 0.987684 0
    outer loop
      vertex -6.73755 -38.2105 4.5
      vertex -5.39992 -38.4224 1.8
      vertex -6.73755 -38.2105 1.8
    endloop
  endfacet
  facet normal 0.121833 0.992551 -0
    outer loop
      vertex -4.0557 -38.5874 1.8
      vertex -5.39992 -38.4224 4.5
      vertex -4.0557 -38.5874 4.5
    endloop
  endfacet
  facet normal 0.121833 0.992551 0
    outer loop
      vertex -5.39992 -38.4224 4.5
      vertex -4.0557 -38.5874 1.8
      vertex -5.39992 -38.4224 1.8
    endloop
  endfacet
  facet normal 0.325561 0.945521 -0
    outer loop
      vertex -11.9899 -36.901 1.8
      vertex -13.2704 -36.4601 4.5
      vertex -11.9899 -36.901 4.5
    endloop
  endfacet
  facet normal 0.325561 0.945521 0
    outer loop
      vertex -13.2704 -36.4601 4.5
      vertex -11.9899 -36.901 1.8
      vertex -13.2704 -36.4601 1.8
    endloop
  endfacet
  facet normal 0.35842 0.93356 -0
    outer loop
      vertex -13.2704 -36.4601 1.8
      vertex -14.5347 -35.9747 4.5
      vertex -13.2704 -36.4601 4.5
    endloop
  endfacet
  facet normal 0.35842 0.93356 0
    outer loop
      vertex -14.5347 -35.9747 4.5
      vertex -13.2704 -36.4601 1.8
      vertex -14.5347 -35.9747 1.8
    endloop
  endfacet
  facet normal 0.224913 0.974379 -0
    outer loop
      vertex -8.06697 -37.9521 1.8
      vertex -9.38657 -37.6475 4.5
      vertex -8.06697 -37.9521 4.5
    endloop
  endfacet
  facet normal 0.224913 0.974379 0
    outer loop
      vertex -9.38657 -37.6475 4.5
      vertex -8.06697 -37.9521 1.8
      vertex -9.38657 -37.6475 1.8
    endloop
  endfacet
  facet normal 0.65606 0.754709 -0
    outer loop
      vertex -24.9402 -29.7225 1.8
      vertex -25.9623 -28.834 4.5
      vertex -24.9402 -29.7225 4.5
    endloop
  endfacet
  facet normal 0.65606 0.754709 0
    outer loop
      vertex -25.9623 -28.834 4.5
      vertex -24.9402 -29.7225 1.8
      vertex -25.9623 -28.834 1.8
    endloop
  endfacet
  facet normal 0.682013 0.73134 -0
    outer loop
      vertex -25.9623 -28.834 1.8
      vertex -26.9527 -27.9104 4.5
      vertex -25.9623 -28.834 4.5
    endloop
  endfacet
  facet normal 0.682013 0.73134 0
    outer loop
      vertex -26.9527 -27.9104 4.5
      vertex -25.9623 -28.834 1.8
      vertex -26.9527 -27.9104 1.8
    endloop
  endfacet
  facet normal 0.544641 0.83867 -0
    outer loop
      vertex -20.5609 -32.9043 1.8
      vertex -21.6967 -32.1667 4.5
      vertex -20.5609 -32.9043 4.5
    endloop
  endfacet
  facet normal 0.544641 0.83867 0
    outer loop
      vertex -21.6967 -32.1667 4.5
      vertex -20.5609 -32.9043 1.8
      vertex -21.6967 -32.1667 1.8
    endloop
  endfacet
  facet normal 0.422651 0.906293 -0
    outer loop
      vertex -15.7814 -35.4456 1.8
      vertex -17.0088 -34.8732 4.5
      vertex -15.7814 -35.4456 4.5
    endloop
  endfacet
  facet normal 0.422651 0.906293 0
    outer loop
      vertex -17.0088 -34.8732 4.5
      vertex -15.7814 -35.4456 1.8
      vertex -17.0088 -34.8732 1.8
    endloop
  endfacet
  facet normal 0.754709 0.65606 0
    outer loop
      vertex -28.834 -25.9623 4.5
      vertex -29.7225 -24.9402 1.8
      vertex -29.7225 -24.9402 4.5
    endloop
  endfacet
  facet normal 0.754709 0.65606 0
    outer loop
      vertex -29.7225 -24.9402 1.8
      vertex -28.834 -25.9623 4.5
      vertex -28.834 -25.9623 1.8
    endloop
  endfacet
  facet normal 0.73134 0.682013 0
    outer loop
      vertex -27.9104 -26.9527 4.5
      vertex -28.834 -25.9623 1.8
      vertex -28.834 -25.9623 4.5
    endloop
  endfacet
  facet normal 0.73134 0.682013 0
    outer loop
      vertex -28.834 -25.9623 1.8
      vertex -27.9104 -26.9527 4.5
      vertex -27.9104 -26.9527 1.8
    endloop
  endfacet
  facet normal 0.819156 0.573571 0
    outer loop
      vertex -31.3899 -22.8061 4.5
      vertex -32.1667 -21.6967 1.8
      vertex -32.1667 -21.6967 4.5
    endloop
  endfacet
  facet normal 0.819156 0.573571 0
    outer loop
      vertex -32.1667 -21.6967 1.8
      vertex -31.3899 -22.8061 4.5
      vertex -31.3899 -22.8061 1.8
    endloop
  endfacet
  facet normal 0.89102 0.453964 0
    outer loop
      vertex -34.2584 -18.2155 4.5
      vertex -34.8732 -17.0088 1.8
      vertex -34.8732 -17.0088 4.5
    endloop
  endfacet
  facet normal 0.89102 0.453964 0
    outer loop
      vertex -34.8732 -17.0088 1.8
      vertex -34.2584 -18.2155 4.5
      vertex -34.2584 -18.2155 1.8
    endloop
  endfacet
  facet normal 0.906293 0.422651 0
    outer loop
      vertex -34.8732 -17.0088 4.5
      vertex -35.4456 -15.7814 1.8
      vertex -35.4456 -15.7814 4.5
    endloop
  endfacet
  facet normal 0.906293 0.422651 0
    outer loop
      vertex -35.4456 -15.7814 1.8
      vertex -34.8732 -17.0088 4.5
      vertex -34.8732 -17.0088 1.8
    endloop
  endfacet
  facet normal 0.945521 0.325561 0
    outer loop
      vertex -36.4601 -13.2704 4.5
      vertex -36.901 -11.9899 1.8
      vertex -36.901 -11.9899 4.5
    endloop
  endfacet
  facet normal 0.945521 0.325561 0
    outer loop
      vertex -36.901 -11.9899 1.8
      vertex -36.4601 -13.2704 4.5
      vertex -36.4601 -13.2704 1.8
    endloop
  endfacet
  facet normal 0.974379 0.224913 0
    outer loop
      vertex -37.6475 -9.38657 4.5
      vertex -37.9521 -8.06697 1.8
      vertex -37.9521 -8.06697 4.5
    endloop
  endfacet
  facet normal 0.974379 0.224913 0
    outer loop
      vertex -37.9521 -8.06697 1.8
      vertex -37.6475 -9.38657 4.5
      vertex -37.6475 -9.38657 1.8
    endloop
  endfacet
  facet normal 0.965928 0.258811 0
    outer loop
      vertex -37.297 -10.6947 4.5
      vertex -37.6475 -9.38657 1.8
      vertex -37.6475 -9.38657 4.5
    endloop
  endfacet
  facet normal 0.965928 0.258811 0
    outer loop
      vertex -37.6475 -9.38657 1.8
      vertex -37.297 -10.6947 4.5
      vertex -37.297 -10.6947 1.8
    endloop
  endfacet
  facet normal 0.992551 0.121833 0
    outer loop
      vertex -38.4224 -5.39992 4.5
      vertex -38.5874 -4.0557 1.8
      vertex -38.5874 -4.0557 4.5
    endloop
  endfacet
  facet normal 0.992551 0.121833 0
    outer loop
      vertex -38.5874 -4.0557 1.8
      vertex -38.4224 -5.39992 4.5
      vertex -38.4224 -5.39992 1.8
    endloop
  endfacet
  facet normal 0.987684 0.156463 0
    outer loop
      vertex -38.2105 -6.73755 4.5
      vertex -38.4224 -5.39992 1.8
      vertex -38.4224 -5.39992 4.5
    endloop
  endfacet
  facet normal 0.987684 0.156463 0
    outer loop
      vertex -38.4224 -5.39992 1.8
      vertex -38.2105 -6.73755 4.5
      vertex -38.2105 -6.73755 1.8
    endloop
  endfacet
  facet normal 0.99985 0.0172921 0
    outer loop
      vertex -38.8 0 4.5
      vertex -38.7953 -0.27176 4.26422
      vertex -38.8 0 4.3
    endloop
  endfacet
  facet normal 0.999848 0.0174259 -0.000154285
    outer loop
      vertex -38.7764 -1.3541 4.5
      vertex -38.7953 -0.27176 4.26422
      vertex -38.8 0 4.5
    endloop
  endfacet
  facet normal 0.999852 0.0171944 -5.6317e-05
    outer loop
      vertex -38.7823 -1.01422 3.52176
      vertex -38.7764 -1.3541 4.5
      vertex -38.7817 -1.05 3.25
    endloop
  endfacet
  facet normal 0.999851 0.0172484 -3.75428e-05
    outer loop
      vertex -38.7841 -0.909327 3.775
      vertex -38.7764 -1.3541 4.5
      vertex -38.7823 -1.01422 3.52176
    endloop
  endfacet
  facet normal 0.99985 0.0173468 2.28424e-05
    outer loop
      vertex -38.787 -0.742461 3.99246
      vertex -38.7764 -1.3541 4.5
      vertex -38.7841 -0.909327 3.775
    endloop
  endfacet
  facet normal 0.999849 0.0174026 9.00923e-05
    outer loop
      vertex -38.7908 -0.525 4.15933
      vertex -38.7764 -1.3541 4.5
      vertex -38.787 -0.742461 3.99246
    endloop
  endfacet
  facet normal 0.999846 0.0175655 0.000486511
    outer loop
      vertex -38.7953 -0.27176 4.26422
      vertex -38.7764 -1.3541 4.5
      vertex -38.7908 -0.525 4.15933
    endloop
  endfacet
  facet normal 0.99985 0.0172921 0
    outer loop
      vertex -38.7953 -0.27176 2.23578
      vertex -38.8 0 1.8
      vertex -38.8 0 2.2
    endloop
  endfacet
  facet normal 0.999839 0.0179322 0.000399339
    outer loop
      vertex -38.7908 -0.525 2.34067
      vertex -38.8 0 1.8
      vertex -38.7953 -0.27176 2.23578
    endloop
  endfacet
  facet normal 0.999848 0.0174144 -7.4782e-05
    outer loop
      vertex -38.7764 -1.3541 1.8
      vertex -38.7908 -0.525 2.34067
      vertex -38.787 -0.742461 2.50754
    endloop
  endfacet
  facet normal 0.999848 0.0174258 -0
    outer loop
      vertex -38.7764 -1.3541 1.8
      vertex -38.7817 -1.05 3.25
      vertex -38.7764 -1.3541 4.5
    endloop
  endfacet
  facet normal 0.999848 0.0174259 -9.24843e-05
    outer loop
      vertex -38.7908 -0.525 2.34067
      vertex -38.7764 -1.3541 1.8
      vertex -38.8 0 1.8
    endloop
  endfacet
  facet normal 0.999849 0.0173508 -1.98061e-05
    outer loop
      vertex -38.7841 -0.909327 2.725
      vertex -38.7764 -1.3541 1.8
      vertex -38.787 -0.742461 2.50754
    endloop
  endfacet
  facet normal 0.999851 0.0172394 3.37863e-05
    outer loop
      vertex -38.7823 -1.01422 2.97824
      vertex -38.7764 -1.3541 1.8
      vertex -38.7841 -0.909327 2.725
    endloop
  endfacet
  facet normal 0.999853 0.0171717 5.33212e-05
    outer loop
      vertex -38.7817 -1.05 3.25
      vertex -38.7764 -1.3541 1.8
      vertex -38.7823 -1.01422 2.97824
    endloop
  endfacet
  facet normal 0 0 1
    outer loop
      vertex 38.1 1.2 1.8
      vertex 38.7764 1.3541 1.8
      vertex 38.7055 2.70655 1.8
    endloop
  endfacet
  facet normal 0 0 1
    outer loop
      vertex 36.7104 2.56704 1.8
      vertex 38.7055 2.70655 1.8
      vertex 38.5874 4.0557 1.8
    endloop
  endfacet
  facet normal 0 0 1
    outer loop
      vertex 36.5984 3.84665 1.8
      vertex 38.5874 4.0557 1.8
      vertex 38.4224 5.39992 1.8
    endloop
  endfacet
  facet normal 0 0 1
    outer loop
      vertex 36.5984 3.84665 1.8
      vertex 38.4224 5.39992 1.8
      vertex 38.2105 6.73755 1.8
    endloop
  endfacet
  facet normal 0 0 1
    outer loop
      vertex 38.5874 4.0557 1.8
      vertex 36.5984 3.84665 1.8
      vertex 36.7104 2.56704 1.8
    endloop
  endfacet
  facet normal 0 0 1
    outer loop
      vertex 38.7055 2.70655 1.8
      vertex 36.7104 2.56704 1.8
      vertex 38.1 1.2 1.8
    endloop
  endfacet
  facet normal 0 0 1
    outer loop
      vertex 36.5984 3.84665 1.8
      vertex 38.2105 6.73755 1.8
      vertex 37.9521 8.06697 1.8
    endloop
  endfacet
  facet normal -0 0 1
    outer loop
      vertex 38.1 -1.2 1.8
      vertex 38.7764 -1.3541 1.8
      vertex 38.7791 -1.2 1.8
    endloop
  endfacet
  facet normal 0 0 1
    outer loop
      vertex 38.7764 -1.3541 1.8
      vertex 38.1 -1.2 1.8
      vertex 38.7055 -2.70655 1.8
    endloop
  endfacet
  facet normal -0 0 1
    outer loop
      vertex 36.7104 -2.56704 1.8
      vertex 38.7055 -2.70655 1.8
      vertex 38.1 -1.2 1.8
    endloop
  endfacet
  facet normal -0 0 1
    outer loop
      vertex 36.5984 -3.84665 1.8
      vertex 38.5874 -4.0557 1.8
      vertex 36.7104 -2.56704 1.8
    endloop
  endfacet
  facet normal 0 0 1
    outer loop
      vertex 38.7055 -2.70655 1.8
      vertex 36.7104 -2.56704 1.8
      vertex 38.5874 -4.0557 1.8
    endloop
  endfacet
  facet normal -0 0 1
    outer loop
      vertex 36.4419 -5.12157 1.8
      vertex 38.4224 -5.39992 1.8
      vertex 36.5984 -3.84665 1.8
    endloop
  endfacet
  facet normal -0 -0 1
    outer loop
      vertex 36.7776 1.2843 1.8
      vertex 38.1 1.2 1.8
      vertex 36.7104 2.56704 1.8
    endloop
  endfacet
  facet normal 0 0 1
    outer loop
      vertex 35.9958 7.65115 1.8
      vertex 37.9521 8.06697 1.8
      vertex 37.6475 9.38657 1.8
    endloop
  endfacet
  facet normal 0 0 1
    outer loop
      vertex 36.7776 -1.2843 1.8
      vertex 38.1 -1.2 1.8
      vertex 36.8 0 1.8
    endloop
  endfacet
  facet normal 0 0 1
    outer loop
      vertex 35.7069 8.90273 1.8
      vertex 37.6475 9.38657 1.8
      vertex 37.297 10.6947 1.8
    endloop
  endfacet
  facet normal 0 0 1
    outer loop
      vertex 36.7104 -2.56704 1.8
      vertex 38.1 -1.2 1.8
      vertex 36.7776 -1.2843 1.8
    endloop
  endfacet
  facet normal 0 0 1
    outer loop
      vertex 35.3744 10.1435 1.8
      vertex 37.297 10.6947 1.8
      vertex 36.901 11.9899 1.8
    endloop
  endfacet
  facet normal 0 0 1
    outer loop
      vertex 38.5874 -4.0557 1.8
      vertex 36.5984 -3.84665 1.8
      vertex 38.4224 -5.39992 1.8
    endloop
  endfacet
  facet normal 0 0 1
    outer loop
      vertex 38.4224 -5.39992 1.8
      vertex 36.4419 -5.12157 1.8
      vertex 38.2105 -6.73755 1.8
    endloop
  endfacet
  facet normal 0 0 1
    outer loop
      vertex 38.1 1.2 1.8
      vertex 36.8 0 1.8
      vertex 38.1 -1.2 1.8
    endloop
  endfacet
  facet normal 0 -0 1
    outer loop
      vertex 36.8 0 1.8
      vertex 38.1 1.2 1.8
      vertex 36.7776 1.2843 1.8
    endloop
  endfacet
  facet normal 0 0 1
    outer loop
      vertex 38.7764 1.3541 1.8
      vertex 38.1 1.2 1.8
      vertex 38.7791 1.2 1.8
    endloop
  endfacet
  facet normal 0 0 1
    outer loop
      vertex 34.9989 11.3718 1.8
      vertex 36.901 11.9899 1.8
      vertex 36.4601 13.2704 1.8
    endloop
  endfacet
  facet normal 0 0 1
    outer loop
      vertex 37.9521 8.06697 1.8
      vertex 36.4419 5.12157 1.8
      vertex 36.5984 3.84665 1.8
    endloop
  endfacet
  facet normal 0 0 1
    outer loop
      vertex 37.9521 8.06697 1.8
      vertex 36.2409 6.39025 1.8
      vertex 36.4419 5.12157 1.8
    endloop
  endfacet
  facet normal 0 0 1
    outer loop
      vertex 37.9521 8.06697 1.8
      vertex 35.9958 7.65115 1.8
      vertex 36.2409 6.39025 1.8
    endloop
  endfacet
  facet normal 0 0 1
    outer loop
      vertex 34.5807 12.5863 1.8
      vertex 36.4601 13.2704 1.8
      vertex 35.9747 14.5347 1.8
    endloop
  endfacet
  facet normal 0 0 1
    outer loop
      vertex 37.6475 9.38657 1.8
      vertex 35.7069 8.90273 1.8
      vertex 35.9958 7.65115 1.8
    endloop
  endfacet
  facet normal 0 0 1
    outer loop
      vertex 34.1204 13.7855 1.8
      vertex 35.9747 14.5347 1.8
      vertex 35.4456 15.7814 1.8
    endloop
  endfacet
  facet normal 0 0 1
    outer loop
      vertex 37.297 10.6947 1.8
      vertex 35.3744 10.1435 1.8
      vertex 35.7069 8.90273 1.8
    endloop
  endfacet
  facet normal 0 0 1
    outer loop
      vertex 36.901 11.9899 1.8
      vertex 34.9989 11.3718 1.8
      vertex 35.3744 10.1435 1.8
    endloop
  endfacet
  facet normal 0 0 1
    outer loop
      vertex 33.6185 14.9679 1.8
      vertex 35.4456 15.7814 1.8
      vertex 34.8732 17.0088 1.8
    endloop
  endfacet
  facet normal 0 0 1
    outer loop
      vertex 36.4601 13.2704 1.8
      vertex 34.5807 12.5863 1.8
      vertex 34.9989 11.3718 1.8
    endloop
  endfacet
  facet normal 0 0 1
    outer loop
      vertex 33.0756 16.1321 1.8
      vertex 34.8732 17.0088 1.8
      vertex 34.2584 18.2155 1.8
    endloop
  endfacet
  facet normal 0 0 1
    outer loop
      vertex 35.9747 14.5347 1.8
      vertex 34.1204 13.7855 1.8
      vertex 34.5807 12.5863 1.8
    endloop
  endfacet
  facet normal 0 0 1
    outer loop
      vertex 35.4456 15.7814 1.8
      vertex 33.6185 14.9679 1.8
      vertex 34.1204 13.7855 1.8
    endloop
  endfacet
  facet normal 0 0 1
    outer loop
      vertex 32.4925 17.2766 1.8
      vertex 34.2584 18.2155 1.8
      vertex 33.6018 19.4 1.8
    endloop
  endfacet
  facet normal 0 0 1
    outer loop
      vertex 34.8732 17.0088 1.8
      vertex 33.0756 16.1321 1.8
      vertex 33.6185 14.9679 1.8
    endloop
  endfacet
  facet normal 0 0 1
    outer loop
      vertex 31.8697 18.4 1.8
      vertex 33.6018 19.4 1.8
      vertex 32.9043 20.5609 1.8
    endloop
  endfacet
  facet normal 0 0 1
    outer loop
      vertex 34.2584 18.2155 1.8
      vertex 32.4925 17.2766 1.8
      vertex 33.0756 16.1321 1.8
    endloop
  endfacet
  facet normal 0 0 1
    outer loop
      vertex 31.2082 19.501 1.8
      vertex 32.9043 20.5609 1.8
      vertex 32.1667 21.6967 1.8
    endloop
  endfacet
  facet normal 0 0 1
    outer loop
      vertex 33.6018 19.4 1.8
      vertex 31.8697 18.4 1.8
      vertex 32.4925 17.2766 1.8
    endloop
  endfacet
  facet normal 0 0 1
    outer loop
      vertex 30.5086 20.5783 1.8
      vertex 32.1667 21.6967 1.8
      vertex 31.3899 22.8061 1.8
    endloop
  endfacet
  facet normal 0 0 1
    outer loop
      vertex 32.9043 20.5609 1.8
      vertex 31.2082 19.501 1.8
      vertex 31.8697 18.4 1.8
    endloop
  endfacet
  facet normal 0 0 1
    outer loop
      vertex 29.7718 21.6305 1.8
      vertex 31.3899 22.8061 1.8
      vertex 30.5748 23.8877 1.8
    endloop
  endfacet
  facet normal 0 0 1
    outer loop
      vertex 32.1667 21.6967 1.8
      vertex 30.5086 20.5783 1.8
      vertex 31.2082 19.501 1.8
    endloop
  endfacet
  facet normal 0 0 1
    outer loop
      vertex 31.3899 22.8061 1.8
      vertex 29.7718 21.6305 1.8
      vertex 30.5086 20.5783 1.8
    endloop
  endfacet
  facet normal 0 0 1
    outer loop
      vertex 28.9988 22.6563 1.8
      vertex 30.5748 23.8877 1.8
      vertex 29.7225 24.9402 1.8
    endloop
  endfacet
  facet normal 0 0 1
    outer loop
      vertex 30.5748 23.8877 1.8
      vertex 28.9988 22.6563 1.8
      vertex 29.7718 21.6305 1.8
    endloop
  endfacet
  facet normal 0 0 1
    outer loop
      vertex 28.1904 23.6546 1.8
      vertex 29.7225 24.9402 1.8
      vertex 28.834 25.9623 1.8
    endloop
  endfacet
  facet normal 0 0 1
    outer loop
      vertex 29.7225 24.9402 1.8
      vertex 28.1904 23.6546 1.8
      vertex 28.9988 22.6563 1.8
    endloop
  endfacet
  facet normal 0 0 1
    outer loop
      vertex 27.3477 24.624 1.8
      vertex 28.834 25.9623 1.8
      vertex 27.9104 26.9527 1.8
    endloop
  endfacet
  facet normal 0 0 1
    outer loop
      vertex 28.834 25.9623 1.8
      vertex 27.3477 24.624 1.8
      vertex 28.1904 23.6546 1.8
    endloop
  endfacet
  facet normal 0 0 1
    outer loop
      vertex 26.4717 25.5634 1.8
      vertex 27.9104 26.9527 1.8
      vertex 26.9527 27.9104 1.8
    endloop
  endfacet
  facet normal 0 0 1
    outer loop
      vertex 27.9104 26.9527 1.8
      vertex 26.4717 25.5634 1.8
      vertex 27.3477 24.624 1.8
    endloop
  endfacet
  facet normal 0 0 1
    outer loop
      vertex 25.5634 26.4717 1.8
      vertex 26.9527 27.9104 1.8
      vertex 25.9623 28.834 1.8
    endloop
  endfacet
  facet normal 0 0 1
    outer loop
      vertex 26.9527 27.9104 1.8
      vertex 25.5634 26.4717 1.8
      vertex 26.4717 25.5634 1.8
    endloop
  endfacet
  facet normal 0 0 1
    outer loop
      vertex 24.624 27.3477 1.8
      vertex 25.9623 28.834 1.8
      vertex 24.9402 29.7225 1.8
    endloop
  endfacet
  facet normal 0 0 1
    outer loop
      vertex 25.9623 28.834 1.8
      vertex 24.624 27.3477 1.8
      vertex 25.5634 26.4717 1.8
    endloop
  endfacet
  facet normal 0 0 1
    outer loop
      vertex 23.6546 28.1904 1.8
      vertex 24.9402 29.7225 1.8
      vertex 23.8877 30.5748 1.8
    endloop
  endfacet
  facet normal 0 0 1
    outer loop
      vertex 24.9402 29.7225 1.8
      vertex 23.6546 28.1904 1.8
      vertex 24.624 27.3477 1.8
    endloop
  endfacet
  facet normal 0 0 1
    outer loop
      vertex 22.6563 28.9988 1.8
      vertex 23.8877 30.5748 1.8
      vertex 22.8061 31.3899 1.8
    endloop
  endfacet
  facet normal 0 0 1
    outer loop
      vertex 23.8877 30.5748 1.8
      vertex 22.6563 28.9988 1.8
      vertex 23.6546 28.1904 1.8
    endloop
  endfacet
  facet normal 0 0 1
    outer loop
      vertex 21.6305 29.7718 1.8
      vertex 22.8061 31.3899 1.8
      vertex 21.6967 32.1667 1.8
    endloop
  endfacet
  facet normal 0 0 1
    outer loop
      vertex 22.8061 31.3899 1.8
      vertex 21.6305 29.7718 1.8
      vertex 22.6563 28.9988 1.8
    endloop
  endfacet
  facet normal 0 0 1
    outer loop
      vertex 21.6967 32.1667 1.8
      vertex 20.5783 30.5086 1.8
      vertex 21.6305 29.7718 1.8
    endloop
  endfacet
  facet normal 0 0 1
    outer loop
      vertex 20.5609 32.9043 1.8
      vertex 20.5783 30.5086 1.8
      vertex 21.6967 32.1667 1.8
    endloop
  endfacet
  facet normal 0 0 1
    outer loop
      vertex 20.5609 32.9043 1.8
      vertex 19.501 31.2082 1.8
      vertex 20.5783 30.5086 1.8
    endloop
  endfacet
  facet normal 0 0 1
    outer loop
      vertex 19.4 33.6018 1.8
      vertex 19.501 31.2082 1.8
      vertex 20.5609 32.9043 1.8
    endloop
  endfacet
  facet normal 0 0 1
    outer loop
      vertex 19.4 33.6018 1.8
      vertex 18.4 31.8697 1.8
      vertex 19.501 31.2082 1.8
    endloop
  endfacet
  facet normal 0 0 1
    outer loop
      vertex 18.2155 34.2584 1.8
      vertex 18.4 31.8697 1.8
      vertex 19.4 33.6018 1.8
    endloop
  endfacet
  facet normal 0 0 1
    outer loop
      vertex 18.2155 34.2584 1.8
      vertex 17.2766 32.4925 1.8
      vertex 18.4 31.8697 1.8
    endloop
  endfacet
  facet normal 0 0 1
    outer loop
      vertex 17.0088 34.8732 1.8
      vertex 17.2766 32.4925 1.8
      vertex 18.2155 34.2584 1.8
    endloop
  endfacet
  facet normal 0 0 1
    outer loop
      vertex 17.0088 34.8732 1.8
      vertex 16.1321 33.0756 1.8
      vertex 17.2766 32.4925 1.8
    endloop
  endfacet
  facet normal 0 0 1
    outer loop
      vertex 15.7814 35.4456 1.8
      vertex 16.1321 33.0756 1.8
      vertex 17.0088 34.8732 1.8
    endloop
  endfacet
  facet normal 0 0 1
    outer loop
      vertex 15.7814 35.4456 1.8
      vertex 14.9679 33.6185 1.8
      vertex 16.1321 33.0756 1.8
    endloop
  endfacet
  facet normal 0 0 1
    outer loop
      vertex 14.5347 35.9747 1.8
      vertex 14.9679 33.6185 1.8
      vertex 15.7814 35.4456 1.8
    endloop
  endfacet
  facet normal 0 0 1
    outer loop
      vertex 14.5347 35.9747 1.8
      vertex 13.7855 34.1204 1.8
      vertex 14.9679 33.6185 1.8
    endloop
  endfacet
  facet normal 0 0 1
    outer loop
      vertex 13.2704 36.4601 1.8
      vertex 13.7855 34.1204 1.8
      vertex 14.5347 35.9747 1.8
    endloop
  endfacet
  facet normal 0 0 1
    outer loop
      vertex 13.2704 36.4601 1.8
      vertex 12.5863 34.5807 1.8
      vertex 13.7855 34.1204 1.8
    endloop
  endfacet
  facet normal 0 0 1
    outer loop
      vertex 11.9899 36.901 1.8
      vertex 12.5863 34.5807 1.8
      vertex 13.2704 36.4601 1.8
    endloop
  endfacet
  facet normal 0 0 1
    outer loop
      vertex 11.9899 36.901 1.8
      vertex 11.3718 34.9989 1.8
      vertex 12.5863 34.5807 1.8
    endloop
  endfacet
  facet normal 0 0 1
    outer loop
      vertex 10.6947 37.297 1.8
      vertex 11.3718 34.9989 1.8
      vertex 11.9899 36.901 1.8
    endloop
  endfacet
  facet normal 0 0 1
    outer loop
      vertex 10.6947 37.297 1.8
      vertex 10.1435 35.3744 1.8
      vertex 11.3718 34.9989 1.8
    endloop
  endfacet
  facet normal 0 0 1
    outer loop
      vertex 9.38657 37.6475 1.8
      vertex 10.1435 35.3744 1.8
      vertex 10.6947 37.297 1.8
    endloop
  endfacet
  facet normal 0 0 1
    outer loop
      vertex 9.38657 37.6475 1.8
      vertex 8.90273 35.7069 1.8
      vertex 10.1435 35.3744 1.8
    endloop
  endfacet
  facet normal 0 0 1
    outer loop
      vertex 8.06697 37.9521 1.8
      vertex 8.90273 35.7069 1.8
      vertex 9.38657 37.6475 1.8
    endloop
  endfacet
  facet normal 0 0 1
    outer loop
      vertex 8.06697 37.9521 1.8
      vertex 7.65115 35.9958 1.8
      vertex 8.90273 35.7069 1.8
    endloop
  endfacet
  facet normal 0 0 1
    outer loop
      vertex 6.73755 38.2105 1.8
      vertex 7.65115 35.9958 1.8
      vertex 8.06697 37.9521 1.8
    endloop
  endfacet
  facet normal 0 0 1
    outer loop
      vertex 6.73755 38.2105 1.8
      vertex 6.39025 36.2409 1.8
      vertex 7.65115 35.9958 1.8
    endloop
  endfacet
  facet normal 0 0 1
    outer loop
      vertex 5.39992 38.4224 1.8
      vertex 6.39025 36.2409 1.8
      vertex 6.73755 38.2105 1.8
    endloop
  endfacet
  facet normal 0 0 1
    outer loop
      vertex 5.39992 38.4224 1.8
      vertex 5.12157 36.4419 1.8
      vertex 6.39025 36.2409 1.8
    endloop
  endfacet
  facet normal 0 0 1
    outer loop
      vertex 4.0557 38.5874 1.8
      vertex 5.12157 36.4419 1.8
      vertex 5.39992 38.4224 1.8
    endloop
  endfacet
  facet normal 0 0 1
    outer loop
      vertex 4.0557 38.5874 1.8
      vertex 3.84665 36.5984 1.8
      vertex 5.12157 36.4419 1.8
    endloop
  endfacet
  facet normal 0 0 1
    outer loop
      vertex 2.70655 38.7055 1.8
      vertex 3.84665 36.5984 1.8
      vertex 4.0557 38.5874 1.8
    endloop
  endfacet
  facet normal 0 0 1
    outer loop
      vertex 2.70655 38.7055 1.8
      vertex 2.56704 36.7104 1.8
      vertex 3.84665 36.5984 1.8
    endloop
  endfacet
  facet normal 0 0 1
    outer loop
      vertex 1.3541 38.7764 1.8
      vertex 2.56704 36.7104 1.8
      vertex 2.70655 38.7055 1.8
    endloop
  endfacet
  facet normal 0 0 1
    outer loop
      vertex 1.3541 38.7764 1.8
      vertex 1.2843 36.7776 1.8
      vertex 2.56704 36.7104 1.8
    endloop
  endfacet
  facet normal 0 0 1
    outer loop
      vertex 0 38.8 1.8
      vertex 1.2843 36.7776 1.8
      vertex 1.3541 38.7764 1.8
    endloop
  endfacet
  facet normal 0 0 1
    outer loop
      vertex 0 38.8 1.8
      vertex 0 36.8 1.8
      vertex 1.2843 36.7776 1.8
    endloop
  endfacet
  facet normal 0 0 1
    outer loop
      vertex 0 38.8 1.8
      vertex -1.2843 36.7776 1.8
      vertex 0 36.8 1.8
    endloop
  endfacet
  facet normal -0 0 1
    outer loop
      vertex -1.3541 38.7764 1.8
      vertex -1.2843 36.7776 1.8
      vertex 0 38.8 1.8
    endloop
  endfacet
  facet normal 0 0 1
    outer loop
      vertex -1.3541 38.7764 1.8
      vertex -2.56704 36.7104 1.8
      vertex -1.2843 36.7776 1.8
    endloop
  endfacet
  facet normal -0 0 1
    outer loop
      vertex -2.70655 38.7055 1.8
      vertex -2.56704 36.7104 1.8
      vertex -1.3541 38.7764 1.8
    endloop
  endfacet
  facet normal 0 0 1
    outer loop
      vertex -2.70655 38.7055 1.8
      vertex -3.84665 36.5984 1.8
      vertex -2.56704 36.7104 1.8
    endloop
  endfacet
  facet normal -0 0 1
    outer loop
      vertex -4.0557 38.5874 1.8
      vertex -3.84665 36.5984 1.8
      vertex -2.70655 38.7055 1.8
    endloop
  endfacet
  facet normal 0 0 1
    outer loop
      vertex -4.0557 38.5874 1.8
      vertex -5.12157 36.4419 1.8
      vertex -3.84665 36.5984 1.8
    endloop
  endfacet
  facet normal -0 0 1
    outer loop
      vertex -5.39992 38.4224 1.8
      vertex -5.12157 36.4419 1.8
      vertex -4.0557 38.5874 1.8
    endloop
  endfacet
  facet normal 0 0 1
    outer loop
      vertex -5.39992 38.4224 1.8
      vertex -6.39025 36.2409 1.8
      vertex -5.12157 36.4419 1.8
    endloop
  endfacet
  facet normal -0 0 1
    outer loop
      vertex -6.73755 38.2105 1.8
      vertex -6.39025 36.2409 1.8
      vertex -5.39992 38.4224 1.8
    endloop
  endfacet
  facet normal 0 0 1
    outer loop
      vertex -6.73755 38.2105 1.8
      vertex -7.65115 35.9958 1.8
      vertex -6.39025 36.2409 1.8
    endloop
  endfacet
  facet normal -0 0 1
    outer loop
      vertex -8.06697 37.9521 1.8
      vertex -7.65115 35.9958 1.8
      vertex -6.73755 38.2105 1.8
    endloop
  endfacet
  facet normal 0 0 1
    outer loop
      vertex -8.06697 37.9521 1.8
      vertex -8.90273 35.7069 1.8
      vertex -7.65115 35.9958 1.8
    endloop
  endfacet
  facet normal -0 0 1
    outer loop
      vertex -9.38657 37.6475 1.8
      vertex -8.90273 35.7069 1.8
      vertex -8.06697 37.9521 1.8
    endloop
  endfacet
  facet normal 0 0 1
    outer loop
      vertex -9.38657 37.6475 1.8
      vertex -10.1435 35.3744 1.8
      vertex -8.90273 35.7069 1.8
    endloop
  endfacet
  facet normal -0 0 1
    outer loop
      vertex -10.6947 37.297 1.8
      vertex -10.1435 35.3744 1.8
      vertex -9.38657 37.6475 1.8
    endloop
  endfacet
  facet normal 0 0 1
    outer loop
      vertex -10.6947 37.297 1.8
      vertex -11.3718 34.9989 1.8
      vertex -10.1435 35.3744 1.8
    endloop
  endfacet
  facet normal -0 0 1
    outer loop
      vertex -11.9899 36.901 1.8
      vertex -11.3718 34.9989 1.8
      vertex -10.6947 37.297 1.8
    endloop
  endfacet
  facet normal 0 0 1
    outer loop
      vertex -11.9899 36.901 1.8
      vertex -12.5863 34.5807 1.8
      vertex -11.3718 34.9989 1.8
    endloop
  endfacet
  facet normal -0 0 1
    outer loop
      vertex -13.2704 36.4601 1.8
      vertex -12.5863 34.5807 1.8
      vertex -11.9899 36.901 1.8
    endloop
  endfacet
  facet normal 0 0 1
    outer loop
      vertex -13.2704 36.4601 1.8
      vertex -13.7855 34.1204 1.8
      vertex -12.5863 34.5807 1.8
    endloop
  endfacet
  facet normal -0 0 1
    outer loop
      vertex -14.5347 35.9747 1.8
      vertex -13.7855 34.1204 1.8
      vertex -13.2704 36.4601 1.8
    endloop
  endfacet
  facet normal 0 0 1
    outer loop
      vertex -14.5347 35.9747 1.8
      vertex -14.9679 33.6185 1.8
      vertex -13.7855 34.1204 1.8
    endloop
  endfacet
  facet normal -0 0 1
    outer loop
      vertex -15.7814 35.4456 1.8
      vertex -14.9679 33.6185 1.8
      vertex -14.5347 35.9747 1.8
    endloop
  endfacet
  facet normal 0 0 1
    outer loop
      vertex -15.7814 35.4456 1.8
      vertex -16.1321 33.0756 1.8
      vertex -14.9679 33.6185 1.8
    endloop
  endfacet
  facet normal -0 0 1
    outer loop
      vertex -17.0088 34.8732 1.8
      vertex -16.1321 33.0756 1.8
      vertex -15.7814 35.4456 1.8
    endloop
  endfacet
  facet normal 0 0 1
    outer loop
      vertex -17.0088 34.8732 1.8
      vertex -17.2766 32.4925 1.8
      vertex -16.1321 33.0756 1.8
    endloop
  endfacet
  facet normal -0 0 1
    outer loop
      vertex -18.2155 34.2584 1.8
      vertex -17.2766 32.4925 1.8
      vertex -17.0088 34.8732 1.8
    endloop
  endfacet
  facet normal 0 0 1
    outer loop
      vertex -18.2155 34.2584 1.8
      vertex -18.4 31.8697 1.8
      vertex -17.2766 32.4925 1.8
    endloop
  endfacet
  facet normal -0 0 1
    outer loop
      vertex -19.4 33.6018 1.8
      vertex -18.4 31.8697 1.8
      vertex -18.2155 34.2584 1.8
    endloop
  endfacet
  facet normal 0 0 1
    outer loop
      vertex -19.4 33.6018 1.8
      vertex -19.501 31.2082 1.8
      vertex -18.4 31.8697 1.8
    endloop
  endfacet
  facet normal -0 0 1
    outer loop
      vertex -20.5609 32.9043 1.8
      vertex -19.501 31.2082 1.8
      vertex -19.4 33.6018 1.8
    endloop
  endfacet
  facet normal 0 0 1
    outer loop
      vertex -20.5609 32.9043 1.8
      vertex -20.5783 30.5086 1.8
      vertex -19.501 31.2082 1.8
    endloop
  endfacet
  facet normal -0 0 1
    outer loop
      vertex -21.6967 32.1667 1.8
      vertex -20.5783 30.5086 1.8
      vertex -20.5609 32.9043 1.8
    endloop
  endfacet
  facet normal 0 0 1
    outer loop
      vertex -20.5783 30.5086 1.8
      vertex -21.6967 32.1667 1.8
      vertex -21.6305 29.7718 1.8
    endloop
  endfacet
  facet normal -0 0 1
    outer loop
      vertex -22.8061 31.3899 1.8
      vertex -21.6305 29.7718 1.8
      vertex -21.6967 32.1667 1.8
    endloop
  endfacet
  facet normal 0 0 1
    outer loop
      vertex -21.6305 29.7718 1.8
      vertex -22.8061 31.3899 1.8
      vertex -22.6563 28.9988 1.8
    endloop
  endfacet
  facet normal -0 0 1
    outer loop
      vertex -23.8877 30.5748 1.8
      vertex -22.6563 28.9988 1.8
      vertex -22.8061 31.3899 1.8
    endloop
  endfacet
  facet normal 0 0 1
    outer loop
      vertex -22.6563 28.9988 1.8
      vertex -23.8877 30.5748 1.8
      vertex -23.6546 28.1904 1.8
    endloop
  endfacet
  facet normal -0 0 1
    outer loop
      vertex -24.9402 29.7225 1.8
      vertex -23.6546 28.1904 1.8
      vertex -23.8877 30.5748 1.8
    endloop
  endfacet
  facet normal 0 0 1
    outer loop
      vertex -23.6546 28.1904 1.8
      vertex -24.9402 29.7225 1.8
      vertex -24.624 27.3477 1.8
    endloop
  endfacet
  facet normal -0 0 1
    outer loop
      vertex -25.9623 28.834 1.8
      vertex -24.624 27.3477 1.8
      vertex -24.9402 29.7225 1.8
    endloop
  endfacet
  facet normal 0 0 1
    outer loop
      vertex -24.624 27.3477 1.8
      vertex -25.9623 28.834 1.8
      vertex -25.5634 26.4717 1.8
    endloop
  endfacet
  facet normal -0 0 1
    outer loop
      vertex -26.9527 27.9104 1.8
      vertex -25.5634 26.4717 1.8
      vertex -25.9623 28.834 1.8
    endloop
  endfacet
  facet normal 0 0 1
    outer loop
      vertex -25.5634 26.4717 1.8
      vertex -26.9527 27.9104 1.8
      vertex -26.4717 25.5634 1.8
    endloop
  endfacet
  facet normal -0 0 1
    outer loop
      vertex -27.9104 26.9527 1.8
      vertex -26.4717 25.5634 1.8
      vertex -26.9527 27.9104 1.8
    endloop
  endfacet
  facet normal 0 0 1
    outer loop
      vertex -26.4717 25.5634 1.8
      vertex -27.9104 26.9527 1.8
      vertex -27.3477 24.624 1.8
    endloop
  endfacet
  facet normal -0 0 1
    outer loop
      vertex -28.834 25.9623 1.8
      vertex -27.3477 24.624 1.8
      vertex -27.9104 26.9527 1.8
    endloop
  endfacet
  facet normal 0 0 1
    outer loop
      vertex -27.3477 24.624 1.8
      vertex -28.834 25.9623 1.8
      vertex -28.1904 23.6546 1.8
    endloop
  endfacet
  facet normal -0 0 1
    outer loop
      vertex -29.7225 24.9402 1.8
      vertex -28.1904 23.6546 1.8
      vertex -28.834 25.9623 1.8
    endloop
  endfacet
  facet normal 0 0 1
    outer loop
      vertex -28.1904 23.6546 1.8
      vertex -29.7225 24.9402 1.8
      vertex -28.9988 22.6563 1.8
    endloop
  endfacet
  facet normal -0 0 1
    outer loop
      vertex -30.5748 23.8877 1.8
      vertex -28.9988 22.6563 1.8
      vertex -29.7225 24.9402 1.8
    endloop
  endfacet
  facet normal 0 0 1
    outer loop
      vertex -28.9988 22.6563 1.8
      vertex -30.5748 23.8877 1.8
      vertex -29.7718 21.6305 1.8
    endloop
  endfacet
  facet normal -0 0 1
    outer loop
      vertex -31.3899 22.8061 1.8
      vertex -29.7718 21.6305 1.8
      vertex -30.5748 23.8877 1.8
    endloop
  endfacet
  facet normal 0 0 1
    outer loop
      vertex -29.7718 21.6305 1.8
      vertex -31.3899 22.8061 1.8
      vertex -30.5086 20.5783 1.8
    endloop
  endfacet
  facet normal -0 0 1
    outer loop
      vertex -32.1667 21.6967 1.8
      vertex -30.5086 20.5783 1.8
      vertex -31.3899 22.8061 1.8
    endloop
  endfacet
  facet normal 0 0 1
    outer loop
      vertex -30.5086 20.5783 1.8
      vertex -32.1667 21.6967 1.8
      vertex -31.2082 19.501 1.8
    endloop
  endfacet
  facet normal -0 0 1
    outer loop
      vertex -32.9043 20.5609 1.8
      vertex -31.2082 19.501 1.8
      vertex -32.1667 21.6967 1.8
    endloop
  endfacet
  facet normal 0 0 1
    outer loop
      vertex -31.2082 19.501 1.8
      vertex -32.9043 20.5609 1.8
      vertex -31.8697 18.4 1.8
    endloop
  endfacet
  facet normal -0 0 1
    outer loop
      vertex -33.6018 19.4 1.8
      vertex -31.8697 18.4 1.8
      vertex -32.9043 20.5609 1.8
    endloop
  endfacet
  facet normal 0 0 1
    outer loop
      vertex -31.8697 18.4 1.8
      vertex -33.6018 19.4 1.8
      vertex -32.4925 17.2766 1.8
    endloop
  endfacet
  facet normal -0 0 1
    outer loop
      vertex -34.2584 18.2155 1.8
      vertex -32.4925 17.2766 1.8
      vertex -33.6018 19.4 1.8
    endloop
  endfacet
  facet normal 0 0 1
    outer loop
      vertex -32.4925 17.2766 1.8
      vertex -34.2584 18.2155 1.8
      vertex -33.0756 16.1321 1.8
    endloop
  endfacet
  facet normal -0 0 1
    outer loop
      vertex -34.8732 17.0088 1.8
      vertex -33.0756 16.1321 1.8
      vertex -34.2584 18.2155 1.8
    endloop
  endfacet
  facet normal 0 0 1
    outer loop
      vertex -33.0756 16.1321 1.8
      vertex -34.8732 17.0088 1.8
      vertex -33.6185 14.9679 1.8
    endloop
  endfacet
  facet normal -0 0 1
    outer loop
      vertex -35.4456 15.7814 1.8
      vertex -33.6185 14.9679 1.8
      vertex -34.8732 17.0088 1.8
    endloop
  endfacet
  facet normal 0 0 1
    outer loop
      vertex -33.6185 14.9679 1.8
      vertex -35.4456 15.7814 1.8
      vertex -34.1204 13.7855 1.8
    endloop
  endfacet
  facet normal -0 0 1
    outer loop
      vertex -35.9747 14.5347 1.8
      vertex -34.1204 13.7855 1.8
      vertex -35.4456 15.7814 1.8
    endloop
  endfacet
  facet normal 0 0 1
    outer loop
      vertex -34.1204 13.7855 1.8
      vertex -35.9747 14.5347 1.8
      vertex -34.5807 12.5863 1.8
    endloop
  endfacet
  facet normal -0 0 1
    outer loop
      vertex -36.4601 13.2704 1.8
      vertex -34.5807 12.5863 1.8
      vertex -35.9747 14.5347 1.8
    endloop
  endfacet
  facet normal 0 0 1
    outer loop
      vertex -34.5807 12.5863 1.8
      vertex -36.4601 13.2704 1.8
      vertex -34.9989 11.3718 1.8
    endloop
  endfacet
  facet normal -0 0 1
    outer loop
      vertex -36.901 11.9899 1.8
      vertex -34.9989 11.3718 1.8
      vertex -36.4601 13.2704 1.8
    endloop
  endfacet
  facet normal 0 0 1
    outer loop
      vertex -34.9989 11.3718 1.8
      vertex -36.901 11.9899 1.8
      vertex -35.3744 10.1435 1.8
    endloop
  endfacet
  facet normal -0 0 1
    outer loop
      vertex -37.297 10.6947 1.8
      vertex -35.3744 10.1435 1.8
      vertex -36.901 11.9899 1.8
    endloop
  endfacet
  facet normal 0 0 1
    outer loop
      vertex -35.3744 10.1435 1.8
      vertex -37.297 10.6947 1.8
      vertex -35.7069 8.90273 1.8
    endloop
  endfacet
  facet normal -0 0 1
    outer loop
      vertex -37.6475 9.38657 1.8
      vertex -35.7069 8.90273 1.8
      vertex -37.297 10.6947 1.8
    endloop
  endfacet
  facet normal 0 0 1
    outer loop
      vertex -35.7069 8.90273 1.8
      vertex -37.6475 9.38657 1.8
      vertex -35.9958 7.65115 1.8
    endloop
  endfacet
  facet normal -0 0 1
    outer loop
      vertex -37.9521 8.06697 1.8
      vertex -35.9958 7.65115 1.8
      vertex -37.6475 9.38657 1.8
    endloop
  endfacet
  facet normal 0 0 1
    outer loop
      vertex -35.9958 7.65115 1.8
      vertex -37.9521 8.06697 1.8
      vertex -36.2409 6.39025 1.8
    endloop
  endfacet
  facet normal 0 0 1
    outer loop
      vertex -36.2409 6.39025 1.8
      vertex -38.2105 6.73755 1.8
      vertex -36.4419 5.12157 1.8
    endloop
  endfacet
  facet normal -0 0 1
    outer loop
      vertex -38.2105 6.73755 1.8
      vertex -36.2409 6.39025 1.8
      vertex -37.9521 8.06697 1.8
    endloop
  endfacet
  facet normal -0 0 1
    outer loop
      vertex 36.2409 -6.39025 1.8
      vertex 38.2105 -6.73755 1.8
      vertex 36.4419 -5.12157 1.8
    endloop
  endfacet
  facet normal 0 0 1
    outer loop
      vertex 38.2105 -6.73755 1.8
      vertex 36.2409 -6.39025 1.8
      vertex 37.9521 -8.06697 1.8
    endloop
  endfacet
  facet normal -0 0 1
    outer loop
      vertex 35.9958 -7.65115 1.8
      vertex 37.9521 -8.06697 1.8
      vertex 36.2409 -6.39025 1.8
    endloop
  endfacet
  facet normal 0 0 1
    outer loop
      vertex 37.9521 -8.06697 1.8
      vertex 35.9958 -7.65115 1.8
      vertex 37.6475 -9.38657 1.8
    endloop
  endfacet
  facet normal -0 0 1
    outer loop
      vertex 35.7069 -8.90273 1.8
      vertex 37.6475 -9.38657 1.8
      vertex 35.9958 -7.65115 1.8
    endloop
  endfacet
  facet normal 0 0 1
    outer loop
      vertex 37.6475 -9.38657 1.8
      vertex 35.7069 -8.90273 1.8
      vertex 37.297 -10.6947 1.8
    endloop
  endfacet
  facet normal -0 0 1
    outer loop
      vertex 35.3744 -10.1435 1.8
      vertex 37.297 -10.6947 1.8
      vertex 35.7069 -8.90273 1.8
    endloop
  endfacet
  facet normal 0 0 1
    outer loop
      vertex 37.297 -10.6947 1.8
      vertex 35.3744 -10.1435 1.8
      vertex 36.901 -11.9899 1.8
    endloop
  endfacet
  facet normal -0 0 1
    outer loop
      vertex 34.9989 -11.3718 1.8
      vertex 36.901 -11.9899 1.8
      vertex 35.3744 -10.1435 1.8
    endloop
  endfacet
  facet normal 0 0 1
    outer loop
      vertex 36.901 -11.9899 1.8
      vertex 34.9989 -11.3718 1.8
      vertex 36.4601 -13.2704 1.8
    endloop
  endfacet
  facet normal -0 0 1
    outer loop
      vertex 34.5807 -12.5863 1.8
      vertex 36.4601 -13.2704 1.8
      vertex 34.9989 -11.3718 1.8
    endloop
  endfacet
  facet normal 0 0 1
    outer loop
      vertex 36.4601 -13.2704 1.8
      vertex 34.5807 -12.5863 1.8
      vertex 35.9747 -14.5347 1.8
    endloop
  endfacet
  facet normal -0 0 1
    outer loop
      vertex 34.1204 -13.7855 1.8
      vertex 35.9747 -14.5347 1.8
      vertex 34.5807 -12.5863 1.8
    endloop
  endfacet
  facet normal 0 0 1
    outer loop
      vertex 35.9747 -14.5347 1.8
      vertex 34.1204 -13.7855 1.8
      vertex 35.4456 -15.7814 1.8
    endloop
  endfacet
  facet normal -0 0 1
    outer loop
      vertex 33.6185 -14.9679 1.8
      vertex 35.4456 -15.7814 1.8
      vertex 34.1204 -13.7855 1.8
    endloop
  endfacet
  facet normal 0 0 1
    outer loop
      vertex 35.4456 -15.7814 1.8
      vertex 33.6185 -14.9679 1.8
      vertex 34.8732 -17.0088 1.8
    endloop
  endfacet
  facet normal -0 0 1
    outer loop
      vertex 33.0756 -16.1321 1.8
      vertex 34.8732 -17.0088 1.8
      vertex 33.6185 -14.9679 1.8
    endloop
  endfacet
  facet normal 0 0 1
    outer loop
      vertex 34.8732 -17.0088 1.8
      vertex 33.0756 -16.1321 1.8
      vertex 34.2584 -18.2155 1.8
    endloop
  endfacet
  facet normal -0 0 1
    outer loop
      vertex 32.4925 -17.2766 1.8
      vertex 34.2584 -18.2155 1.8
      vertex 33.0756 -16.1321 1.8
    endloop
  endfacet
  facet normal 0 0 1
    outer loop
      vertex 34.2584 -18.2155 1.8
      vertex 32.4925 -17.2766 1.8
      vertex 33.6018 -19.4 1.8
    endloop
  endfacet
  facet normal -0 0 1
    outer loop
      vertex 31.8697 -18.4 1.8
      vertex 33.6018 -19.4 1.8
      vertex 32.4925 -17.2766 1.8
    endloop
  endfacet
  facet normal 0 0 1
    outer loop
      vertex 33.6018 -19.4 1.8
      vertex 31.8697 -18.4 1.8
      vertex 32.9043 -20.5609 1.8
    endloop
  endfacet
  facet normal -0 0 1
    outer loop
      vertex 31.2082 -19.501 1.8
      vertex 32.9043 -20.5609 1.8
      vertex 31.8697 -18.4 1.8
    endloop
  endfacet
  facet normal 0 0 1
    outer loop
      vertex 32.9043 -20.5609 1.8
      vertex 31.2082 -19.501 1.8
      vertex 32.1667 -21.6967 1.8
    endloop
  endfacet
  facet normal -0 0 1
    outer loop
      vertex 30.5086 -20.5783 1.8
      vertex 32.1667 -21.6967 1.8
      vertex 31.2082 -19.501 1.8
    endloop
  endfacet
  facet normal 0 0 1
    outer loop
      vertex 32.1667 -21.6967 1.8
      vertex 30.5086 -20.5783 1.8
      vertex 31.3899 -22.8061 1.8
    endloop
  endfacet
  facet normal -0 0 1
    outer loop
      vertex 29.7718 -21.6305 1.8
      vertex 31.3899 -22.8061 1.8
      vertex 30.5086 -20.5783 1.8
    endloop
  endfacet
  facet normal 0 0 1
    outer loop
      vertex 31.3899 -22.8061 1.8
      vertex 29.7718 -21.6305 1.8
      vertex 30.5748 -23.8877 1.8
    endloop
  endfacet
  facet normal -0 0 1
    outer loop
      vertex 28.9988 -22.6563 1.8
      vertex 30.5748 -23.8877 1.8
      vertex 29.7718 -21.6305 1.8
    endloop
  endfacet
  facet normal 0 0 1
    outer loop
      vertex 30.5748 -23.8877 1.8
      vertex 28.9988 -22.6563 1.8
      vertex 29.7225 -24.9402 1.8
    endloop
  endfacet
  facet normal -0 0 1
    outer loop
      vertex 28.1904 -23.6546 1.8
      vertex 29.7225 -24.9402 1.8
      vertex 28.9988 -22.6563 1.8
    endloop
  endfacet
  facet normal 0 0 1
    outer loop
      vertex 29.7225 -24.9402 1.8
      vertex 28.1904 -23.6546 1.8
      vertex 28.834 -25.9623 1.8
    endloop
  endfacet
  facet normal -0 0 1
    outer loop
      vertex 27.3477 -24.624 1.8
      vertex 28.834 -25.9623 1.8
      vertex 28.1904 -23.6546 1.8
    endloop
  endfacet
  facet normal 0 0 1
    outer loop
      vertex 28.834 -25.9623 1.8
      vertex 27.3477 -24.624 1.8
      vertex 27.9104 -26.9527 1.8
    endloop
  endfacet
  facet normal -0 0 1
    outer loop
      vertex 26.4717 -25.5634 1.8
      vertex 27.9104 -26.9527 1.8
      vertex 27.3477 -24.624 1.8
    endloop
  endfacet
  facet normal 0 0 1
    outer loop
      vertex 27.9104 -26.9527 1.8
      vertex 26.4717 -25.5634 1.8
      vertex 26.9527 -27.9104 1.8
    endloop
  endfacet
  facet normal -0 0 1
    outer loop
      vertex 25.5634 -26.4717 1.8
      vertex 26.9527 -27.9104 1.8
      vertex 26.4717 -25.5634 1.8
    endloop
  endfacet
  facet normal 0 0 1
    outer loop
      vertex 26.9527 -27.9104 1.8
      vertex 25.5634 -26.4717 1.8
      vertex 25.9623 -28.834 1.8
    endloop
  endfacet
  facet normal -0 0 1
    outer loop
      vertex 24.624 -27.3477 1.8
      vertex 25.9623 -28.834 1.8
      vertex 25.5634 -26.4717 1.8
    endloop
  endfacet
  facet normal 0 0 1
    outer loop
      vertex 25.9623 -28.834 1.8
      vertex 24.624 -27.3477 1.8
      vertex 24.9402 -29.7225 1.8
    endloop
  endfacet
  facet normal -0 0 1
    outer loop
      vertex 23.6546 -28.1904 1.8
      vertex 24.9402 -29.7225 1.8
      vertex 24.624 -27.3477 1.8
    endloop
  endfacet
  facet normal 0 0 1
    outer loop
      vertex 24.9402 -29.7225 1.8
      vertex 23.6546 -28.1904 1.8
      vertex 23.8877 -30.5748 1.8
    endloop
  endfacet
  facet normal -0 0 1
    outer loop
      vertex 22.6563 -28.9988 1.8
      vertex 23.8877 -30.5748 1.8
      vertex 23.6546 -28.1904 1.8
    endloop
  endfacet
  facet normal 0 0 1
    outer loop
      vertex 23.8877 -30.5748 1.8
      vertex 22.6563 -28.9988 1.8
      vertex 22.8061 -31.3899 1.8
    endloop
  endfacet
  facet normal -0 0 1
    outer loop
      vertex 21.6305 -29.7718 1.8
      vertex 22.8061 -31.3899 1.8
      vertex 22.6563 -28.9988 1.8
    endloop
  endfacet
  facet normal 0 0 1
    outer loop
      vertex 22.8061 -31.3899 1.8
      vertex 21.6305 -29.7718 1.8
      vertex 21.6967 -32.1667 1.8
    endloop
  endfacet
  facet normal -0 0 1
    outer loop
      vertex 20.5783 -30.5086 1.8
      vertex 21.6967 -32.1667 1.8
      vertex 21.6305 -29.7718 1.8
    endloop
  endfacet
  facet normal 0 0 1
    outer loop
      vertex 20.5783 -30.5086 1.8
      vertex 20.5609 -32.9043 1.8
      vertex 21.6967 -32.1667 1.8
    endloop
  endfacet
  facet normal -0 0 1
    outer loop
      vertex 19.501 -31.2082 1.8
      vertex 20.5609 -32.9043 1.8
      vertex 20.5783 -30.5086 1.8
    endloop
  endfacet
  facet normal 0 0 1
    outer loop
      vertex 19.501 -31.2082 1.8
      vertex 19.4 -33.6018 1.8
      vertex 20.5609 -32.9043 1.8
    endloop
  endfacet
  facet normal -0 0 1
    outer loop
      vertex 18.4 -31.8697 1.8
      vertex 19.4 -33.6018 1.8
      vertex 19.501 -31.2082 1.8
    endloop
  endfacet
  facet normal 0 0 1
    outer loop
      vertex 18.4 -31.8697 1.8
      vertex 18.2155 -34.2584 1.8
      vertex 19.4 -33.6018 1.8
    endloop
  endfacet
  facet normal -0 0 1
    outer loop
      vertex 17.2766 -32.4925 1.8
      vertex 18.2155 -34.2584 1.8
      vertex 18.4 -31.8697 1.8
    endloop
  endfacet
  facet normal 0 0 1
    outer loop
      vertex 17.2766 -32.4925 1.8
      vertex 17.0088 -34.8732 1.8
      vertex 18.2155 -34.2584 1.8
    endloop
  endfacet
  facet normal -0 0 1
    outer loop
      vertex 16.1321 -33.0756 1.8
      vertex 17.0088 -34.8732 1.8
      vertex 17.2766 -32.4925 1.8
    endloop
  endfacet
  facet normal 0 0 1
    outer loop
      vertex 16.1321 -33.0756 1.8
      vertex 15.7814 -35.4456 1.8
      vertex 17.0088 -34.8732 1.8
    endloop
  endfacet
  facet normal -0 0 1
    outer loop
      vertex 14.9679 -33.6185 1.8
      vertex 15.7814 -35.4456 1.8
      vertex 16.1321 -33.0756 1.8
    endloop
  endfacet
  facet normal 0 0 1
    outer loop
      vertex 14.9679 -33.6185 1.8
      vertex 14.5347 -35.9747 1.8
      vertex 15.7814 -35.4456 1.8
    endloop
  endfacet
  facet normal -0 0 1
    outer loop
      vertex 13.7855 -34.1204 1.8
      vertex 14.5347 -35.9747 1.8
      vertex 14.9679 -33.6185 1.8
    endloop
  endfacet
  facet normal 0 0 1
    outer loop
      vertex 13.7855 -34.1204 1.8
      vertex 13.2704 -36.4601 1.8
      vertex 14.5347 -35.9747 1.8
    endloop
  endfacet
  facet normal -0 0 1
    outer loop
      vertex 12.5863 -34.5807 1.8
      vertex 13.2704 -36.4601 1.8
      vertex 13.7855 -34.1204 1.8
    endloop
  endfacet
  facet normal 0 0 1
    outer loop
      vertex 12.5863 -34.5807 1.8
      vertex 11.9899 -36.901 1.8
      vertex 13.2704 -36.4601 1.8
    endloop
  endfacet
  facet normal -0 0 1
    outer loop
      vertex 11.3718 -34.9989 1.8
      vertex 11.9899 -36.901 1.8
      vertex 12.5863 -34.5807 1.8
    endloop
  endfacet
  facet normal 0 0 1
    outer loop
      vertex 11.3718 -34.9989 1.8
      vertex 10.6947 -37.297 1.8
      vertex 11.9899 -36.901 1.8
    endloop
  endfacet
  facet normal -0 0 1
    outer loop
      vertex 10.1435 -35.3744 1.8
      vertex 10.6947 -37.297 1.8
      vertex 11.3718 -34.9989 1.8
    endloop
  endfacet
  facet normal 0 0 1
    outer loop
      vertex 10.1435 -35.3744 1.8
      vertex 9.38657 -37.6475 1.8
      vertex 10.6947 -37.297 1.8
    endloop
  endfacet
  facet normal -0 0 1
    outer loop
      vertex 8.90273 -35.7069 1.8
      vertex 9.38657 -37.6475 1.8
      vertex 10.1435 -35.3744 1.8
    endloop
  endfacet
  facet normal 0 0 1
    outer loop
      vertex 8.90273 -35.7069 1.8
      vertex 8.06697 -37.9521 1.8
      vertex 9.38657 -37.6475 1.8
    endloop
  endfacet
  facet normal -0 0 1
    outer loop
      vertex 7.65115 -35.9958 1.8
      vertex 8.06697 -37.9521 1.8
      vertex 8.90273 -35.7069 1.8
    endloop
  endfacet
  facet normal 0 0 1
    outer loop
      vertex 7.65115 -35.9958 1.8
      vertex 6.73755 -38.2105 1.8
      vertex 8.06697 -37.9521 1.8
    endloop
  endfacet
  facet normal -0 0 1
    outer loop
      vertex 6.39025 -36.2409 1.8
      vertex 6.73755 -38.2105 1.8
      vertex 7.65115 -35.9958 1.8
    endloop
  endfacet
  facet normal 0 0 1
    outer loop
      vertex 6.39025 -36.2409 1.8
      vertex 5.39992 -38.4224 1.8
      vertex 6.73755 -38.2105 1.8
    endloop
  endfacet
  facet normal -0 0 1
    outer loop
      vertex 5.12157 -36.4419 1.8
      vertex 5.39992 -38.4224 1.8
      vertex 6.39025 -36.2409 1.8
    endloop
  endfacet
  facet normal 0 0 1
    outer loop
      vertex 5.12157 -36.4419 1.8
      vertex 4.0557 -38.5874 1.8
      vertex 5.39992 -38.4224 1.8
    endloop
  endfacet
  facet normal -0 0 1
    outer loop
      vertex 3.84665 -36.5984 1.8
      vertex 4.0557 -38.5874 1.8
      vertex 5.12157 -36.4419 1.8
    endloop
  endfacet
  facet normal 0 0 1
    outer loop
      vertex 3.84665 -36.5984 1.8
      vertex 2.70655 -38.7055 1.8
      vertex 4.0557 -38.5874 1.8
    endloop
  endfacet
  facet normal -0 0 1
    outer loop
      vertex 2.56704 -36.7104 1.8
      vertex 2.70655 -38.7055 1.8
      vertex 3.84665 -36.5984 1.8
    endloop
  endfacet
  facet normal 0 0 1
    outer loop
      vertex 2.56704 -36.7104 1.8
      vertex 1.3541 -38.7764 1.8
      vertex 2.70655 -38.7055 1.8
    endloop
  endfacet
  facet normal -0 0 1
    outer loop
      vertex 1.2843 -36.7776 1.8
      vertex 1.3541 -38.7764 1.8
      vertex 2.56704 -36.7104 1.8
    endloop
  endfacet
  facet normal -0 0 1
    outer loop
      vertex 0 -36.8 1.8
      vertex 1.3541 -38.7764 1.8
      vertex 1.2843 -36.7776 1.8
    endloop
  endfacet
  facet normal 0 0 1
    outer loop
      vertex 0 -36.8 1.8
      vertex 0 -38.8 1.8
      vertex 1.3541 -38.7764 1.8
    endloop
  endfacet
  facet normal 0 0 1
    outer loop
      vertex -1.2843 -36.7776 1.8
      vertex 0 -38.8 1.8
      vertex 0 -36.8 1.8
    endloop
  endfacet
  facet normal 0 0 1
    outer loop
      vertex -1.2843 -36.7776 1.8
      vertex -1.3541 -38.7764 1.8
      vertex 0 -38.8 1.8
    endloop
  endfacet
  facet normal 0 0 1
    outer loop
      vertex -2.56704 -36.7104 1.8
      vertex -1.3541 -38.7764 1.8
      vertex -1.2843 -36.7776 1.8
    endloop
  endfacet
  facet normal 0 0 1
    outer loop
      vertex -2.56704 -36.7104 1.8
      vertex -2.70655 -38.7055 1.8
      vertex -1.3541 -38.7764 1.8
    endloop
  endfacet
  facet normal 0 0 1
    outer loop
      vertex -3.84665 -36.5984 1.8
      vertex -2.70655 -38.7055 1.8
      vertex -2.56704 -36.7104 1.8
    endloop
  endfacet
  facet normal 0 0 1
    outer loop
      vertex -3.84665 -36.5984 1.8
      vertex -4.0557 -38.5874 1.8
      vertex -2.70655 -38.7055 1.8
    endloop
  endfacet
  facet normal 0 0 1
    outer loop
      vertex -5.12157 -36.4419 1.8
      vertex -4.0557 -38.5874 1.8
      vertex -3.84665 -36.5984 1.8
    endloop
  endfacet
  facet normal 0 0 1
    outer loop
      vertex -5.12157 -36.4419 1.8
      vertex -5.39992 -38.4224 1.8
      vertex -4.0557 -38.5874 1.8
    endloop
  endfacet
  facet normal 0 0 1
    outer loop
      vertex -6.39025 -36.2409 1.8
      vertex -5.39992 -38.4224 1.8
      vertex -5.12157 -36.4419 1.8
    endloop
  endfacet
  facet normal 0 0 1
    outer loop
      vertex -6.39025 -36.2409 1.8
      vertex -6.73755 -38.2105 1.8
      vertex -5.39992 -38.4224 1.8
    endloop
  endfacet
  facet normal 0 0 1
    outer loop
      vertex -7.65115 -35.9958 1.8
      vertex -6.73755 -38.2105 1.8
      vertex -6.39025 -36.2409 1.8
    endloop
  endfacet
  facet normal 0 0 1
    outer loop
      vertex -7.65115 -35.9958 1.8
      vertex -8.06697 -37.9521 1.8
      vertex -6.73755 -38.2105 1.8
    endloop
  endfacet
  facet normal 0 0 1
    outer loop
      vertex -8.90273 -35.7069 1.8
      vertex -8.06697 -37.9521 1.8
      vertex -7.65115 -35.9958 1.8
    endloop
  endfacet
  facet normal 0 0 1
    outer loop
      vertex -8.90273 -35.7069 1.8
      vertex -9.38657 -37.6475 1.8
      vertex -8.06697 -37.9521 1.8
    endloop
  endfacet
  facet normal 0 0 1
    outer loop
      vertex -10.1435 -35.3744 1.8
      vertex -9.38657 -37.6475 1.8
      vertex -8.90273 -35.7069 1.8
    endloop
  endfacet
  facet normal 0 0 1
    outer loop
      vertex -10.1435 -35.3744 1.8
      vertex -10.6947 -37.297 1.8
      vertex -9.38657 -37.6475 1.8
    endloop
  endfacet
  facet normal 0 0 1
    outer loop
      vertex -11.3718 -34.9989 1.8
      vertex -10.6947 -37.297 1.8
      vertex -10.1435 -35.3744 1.8
    endloop
  endfacet
  facet normal 0 0 1
    outer loop
      vertex -11.3718 -34.9989 1.8
      vertex -11.9899 -36.901 1.8
      vertex -10.6947 -37.297 1.8
    endloop
  endfacet
  facet normal 0 0 1
    outer loop
      vertex -12.5863 -34.5807 1.8
      vertex -11.9899 -36.901 1.8
      vertex -11.3718 -34.9989 1.8
    endloop
  endfacet
  facet normal 0 0 1
    outer loop
      vertex -12.5863 -34.5807 1.8
      vertex -13.2704 -36.4601 1.8
      vertex -11.9899 -36.901 1.8
    endloop
  endfacet
  facet normal 0 0 1
    outer loop
      vertex -13.7855 -34.1204 1.8
      vertex -13.2704 -36.4601 1.8
      vertex -12.5863 -34.5807 1.8
    endloop
  endfacet
  facet normal 0 0 1
    outer loop
      vertex -13.7855 -34.1204 1.8
      vertex -14.5347 -35.9747 1.8
      vertex -13.2704 -36.4601 1.8
    endloop
  endfacet
  facet normal 0 0 1
    outer loop
      vertex -14.9679 -33.6185 1.8
      vertex -14.5347 -35.9747 1.8
      vertex -13.7855 -34.1204 1.8
    endloop
  endfacet
  facet normal 0 0 1
    outer loop
      vertex -14.9679 -33.6185 1.8
      vertex -15.7814 -35.4456 1.8
      vertex -14.5347 -35.9747 1.8
    endloop
  endfacet
  facet normal 0 0 1
    outer loop
      vertex -16.1321 -33.0756 1.8
      vertex -15.7814 -35.4456 1.8
      vertex -14.9679 -33.6185 1.8
    endloop
  endfacet
  facet normal 0 0 1
    outer loop
      vertex -16.1321 -33.0756 1.8
      vertex -17.0088 -34.8732 1.8
      vertex -15.7814 -35.4456 1.8
    endloop
  endfacet
  facet normal 0 0 1
    outer loop
      vertex -17.2766 -32.4925 1.8
      vertex -17.0088 -34.8732 1.8
      vertex -16.1321 -33.0756 1.8
    endloop
  endfacet
  facet normal 0 0 1
    outer loop
      vertex -17.2766 -32.4925 1.8
      vertex -18.2155 -34.2584 1.8
      vertex -17.0088 -34.8732 1.8
    endloop
  endfacet
  facet normal 0 0 1
    outer loop
      vertex -18.4 -31.8697 1.8
      vertex -18.2155 -34.2584 1.8
      vertex -17.2766 -32.4925 1.8
    endloop
  endfacet
  facet normal 0 0 1
    outer loop
      vertex -18.4 -31.8697 1.8
      vertex -19.4 -33.6018 1.8
      vertex -18.2155 -34.2584 1.8
    endloop
  endfacet
  facet normal 0 0 1
    outer loop
      vertex -19.501 -31.2082 1.8
      vertex -19.4 -33.6018 1.8
      vertex -18.4 -31.8697 1.8
    endloop
  endfacet
  facet normal 0 0 1
    outer loop
      vertex -19.501 -31.2082 1.8
      vertex -20.5609 -32.9043 1.8
      vertex -19.4 -33.6018 1.8
    endloop
  endfacet
  facet normal 0 0 1
    outer loop
      vertex -20.5783 -30.5086 1.8
      vertex -20.5609 -32.9043 1.8
      vertex -19.501 -31.2082 1.8
    endloop
  endfacet
  facet normal 0 0 1
    outer loop
      vertex -21.6967 -32.1667 1.8
      vertex -20.5783 -30.5086 1.8
      vertex -21.6305 -29.7718 1.8
    endloop
  endfacet
  facet normal 0 0 1
    outer loop
      vertex -20.5783 -30.5086 1.8
      vertex -21.6967 -32.1667 1.8
      vertex -20.5609 -32.9043 1.8
    endloop
  endfacet
  facet normal 0 0 1
    outer loop
      vertex -22.8061 -31.3899 1.8
      vertex -21.6305 -29.7718 1.8
      vertex -22.6563 -28.9988 1.8
    endloop
  endfacet
  facet normal 0 0 1
    outer loop
      vertex -21.6305 -29.7718 1.8
      vertex -22.8061 -31.3899 1.8
      vertex -21.6967 -32.1667 1.8
    endloop
  endfacet
  facet normal 0 0 1
    outer loop
      vertex -23.8877 -30.5748 1.8
      vertex -22.6563 -28.9988 1.8
      vertex -23.6546 -28.1904 1.8
    endloop
  endfacet
  facet normal 0 0 1
    outer loop
      vertex -22.6563 -28.9988 1.8
      vertex -23.8877 -30.5748 1.8
      vertex -22.8061 -31.3899 1.8
    endloop
  endfacet
  facet normal 0 0 1
    outer loop
      vertex -24.9402 -29.7225 1.8
      vertex -23.6546 -28.1904 1.8
      vertex -24.624 -27.3477 1.8
    endloop
  endfacet
  facet normal 0 0 1
    outer loop
      vertex -23.6546 -28.1904 1.8
      vertex -24.9402 -29.7225 1.8
      vertex -23.8877 -30.5748 1.8
    endloop
  endfacet
  facet normal 0 0 1
    outer loop
      vertex -25.9623 -28.834 1.8
      vertex -24.624 -27.3477 1.8
      vertex -25.5634 -26.4717 1.8
    endloop
  endfacet
  facet normal 0 0 1
    outer loop
      vertex -24.624 -27.3477 1.8
      vertex -25.9623 -28.834 1.8
      vertex -24.9402 -29.7225 1.8
    endloop
  endfacet
  facet normal 0 0 1
    outer loop
      vertex -26.9527 -27.9104 1.8
      vertex -25.5634 -26.4717 1.8
      vertex -26.4717 -25.5634 1.8
    endloop
  endfacet
  facet normal 0 0 1
    outer loop
      vertex -25.5634 -26.4717 1.8
      vertex -26.9527 -27.9104 1.8
      vertex -25.9623 -28.834 1.8
    endloop
  endfacet
  facet normal 0 0 1
    outer loop
      vertex -27.9104 -26.9527 1.8
      vertex -26.4717 -25.5634 1.8
      vertex -27.3477 -24.624 1.8
    endloop
  endfacet
  facet normal 0 0 1
    outer loop
      vertex -26.4717 -25.5634 1.8
      vertex -27.9104 -26.9527 1.8
      vertex -26.9527 -27.9104 1.8
    endloop
  endfacet
  facet normal 0 0 1
    outer loop
      vertex -28.834 -25.9623 1.8
      vertex -27.3477 -24.624 1.8
      vertex -28.1904 -23.6546 1.8
    endloop
  endfacet
  facet normal 0 0 1
    outer loop
      vertex -27.3477 -24.624 1.8
      vertex -28.834 -25.9623 1.8
      vertex -27.9104 -26.9527 1.8
    endloop
  endfacet
  facet normal 0 0 1
    outer loop
      vertex -29.7225 -24.9402 1.8
      vertex -28.1904 -23.6546 1.8
      vertex -28.9988 -22.6563 1.8
    endloop
  endfacet
  facet normal 0 0 1
    outer loop
      vertex -28.1904 -23.6546 1.8
      vertex -29.7225 -24.9402 1.8
      vertex -28.834 -25.9623 1.8
    endloop
  endfacet
  facet normal 0 0 1
    outer loop
      vertex -30.5748 -23.8877 1.8
      vertex -28.9988 -22.6563 1.8
      vertex -29.7718 -21.6305 1.8
    endloop
  endfacet
  facet normal 0 0 1
    outer loop
      vertex -31.3899 -22.8061 1.8
      vertex -29.7718 -21.6305 1.8
      vertex -30.5086 -20.5783 1.8
    endloop
  endfacet
  facet normal 0 0 1
    outer loop
      vertex -28.9988 -22.6563 1.8
      vertex -30.5748 -23.8877 1.8
      vertex -29.7225 -24.9402 1.8
    endloop
  endfacet
  facet normal 0 0 1
    outer loop
      vertex -32.1667 -21.6967 1.8
      vertex -30.5086 -20.5783 1.8
      vertex -31.2082 -19.501 1.8
    endloop
  endfacet
  facet normal 0 0 1
    outer loop
      vertex -29.7718 -21.6305 1.8
      vertex -31.3899 -22.8061 1.8
      vertex -30.5748 -23.8877 1.8
    endloop
  endfacet
  facet normal 0 0 1
    outer loop
      vertex -32.9043 -20.5609 1.8
      vertex -31.2082 -19.501 1.8
      vertex -31.8697 -18.4 1.8
    endloop
  endfacet
  facet normal 0 0 1
    outer loop
      vertex -30.5086 -20.5783 1.8
      vertex -32.1667 -21.6967 1.8
      vertex -31.3899 -22.8061 1.8
    endloop
  endfacet
  facet normal 0 0 1
    outer loop
      vertex -33.6018 -19.4 1.8
      vertex -31.8697 -18.4 1.8
      vertex -32.4925 -17.2766 1.8
    endloop
  endfacet
  facet normal 0 0 1
    outer loop
      vertex -31.2082 -19.501 1.8
      vertex -32.9043 -20.5609 1.8
      vertex -32.1667 -21.6967 1.8
    endloop
  endfacet
  facet normal 0 0 1
    outer loop
      vertex -34.2584 -18.2155 1.8
      vertex -32.4925 -17.2766 1.8
      vertex -33.0756 -16.1321 1.8
    endloop
  endfacet
  facet normal 0 0 1
    outer loop
      vertex -31.8697 -18.4 1.8
      vertex -33.6018 -19.4 1.8
      vertex -32.9043 -20.5609 1.8
    endloop
  endfacet
  facet normal 0 0 1
    outer loop
      vertex -34.8732 -17.0088 1.8
      vertex -33.0756 -16.1321 1.8
      vertex -33.6185 -14.9679 1.8
    endloop
  endfacet
  facet normal 0 0 1
    outer loop
      vertex -35.4456 -15.7814 1.8
      vertex -33.6185 -14.9679 1.8
      vertex -34.1204 -13.7855 1.8
    endloop
  endfacet
  facet normal 0 0 1
    outer loop
      vertex -32.4925 -17.2766 1.8
      vertex -34.2584 -18.2155 1.8
      vertex -33.6018 -19.4 1.8
    endloop
  endfacet
  facet normal 0 0 1
    outer loop
      vertex -35.9747 -14.5347 1.8
      vertex -34.1204 -13.7855 1.8
      vertex -34.5807 -12.5863 1.8
    endloop
  endfacet
  facet normal 0 0 1
    outer loop
      vertex -33.0756 -16.1321 1.8
      vertex -34.8732 -17.0088 1.8
      vertex -34.2584 -18.2155 1.8
    endloop
  endfacet
  facet normal 0 0 1
    outer loop
      vertex -36.4601 -13.2704 1.8
      vertex -34.5807 -12.5863 1.8
      vertex -34.9989 -11.3718 1.8
    endloop
  endfacet
  facet normal 0 0 1
    outer loop
      vertex -36.901 -11.9899 1.8
      vertex -34.9989 -11.3718 1.8
      vertex -35.3744 -10.1435 1.8
    endloop
  endfacet
  facet normal 0 0 1
    outer loop
      vertex -33.6185 -14.9679 1.8
      vertex -35.4456 -15.7814 1.8
      vertex -34.8732 -17.0088 1.8
    endloop
  endfacet
  facet normal 0 0 1
    outer loop
      vertex -37.297 -10.6947 1.8
      vertex -35.3744 -10.1435 1.8
      vertex -35.7069 -8.90273 1.8
    endloop
  endfacet
  facet normal 0 0 1
    outer loop
      vertex -34.1204 -13.7855 1.8
      vertex -35.9747 -14.5347 1.8
      vertex -35.4456 -15.7814 1.8
    endloop
  endfacet
  facet normal 0 0 1
    outer loop
      vertex -37.6475 -9.38657 1.8
      vertex -35.7069 -8.90273 1.8
      vertex -35.9958 -7.65115 1.8
    endloop
  endfacet
  facet normal 0 0 1
    outer loop
      vertex -37.9521 -8.06697 1.8
      vertex -35.9958 -7.65115 1.8
      vertex -36.2409 -6.39025 1.8
    endloop
  endfacet
  facet normal 0 0 1
    outer loop
      vertex -38.2105 -6.73755 1.8
      vertex -36.2409 -6.39025 1.8
      vertex -36.4419 -5.12157 1.8
    endloop
  endfacet
  facet normal 0 0 1
    outer loop
      vertex -34.5807 -12.5863 1.8
      vertex -36.4601 -13.2704 1.8
      vertex -35.9747 -14.5347 1.8
    endloop
  endfacet
  facet normal 0 0 1
    outer loop
      vertex -38.4224 -5.39992 1.8
      vertex -36.4419 -5.12157 1.8
      vertex -36.5984 -3.84665 1.8
    endloop
  endfacet
  facet normal 0 0 1
    outer loop
      vertex -38.5874 -4.0557 1.8
      vertex -36.5984 -3.84665 1.8
      vertex -36.7104 -2.56704 1.8
    endloop
  endfacet
  facet normal 0 0 1
    outer loop
      vertex -38.7055 -2.70655 1.8
      vertex -36.7104 -2.56704 1.8
      vertex -36.7776 -1.2843 1.8
    endloop
  endfacet
  facet normal 0 0 1
    outer loop
      vertex -34.9989 -11.3718 1.8
      vertex -36.901 -11.9899 1.8
      vertex -36.4601 -13.2704 1.8
    endloop
  endfacet
  facet normal 0 0 1
    outer loop
      vertex -38.7764 -1.3541 1.8
      vertex -36.7776 -1.2843 1.8
      vertex -36.8 0 1.8
    endloop
  endfacet
  facet normal -0 0 1
    outer loop
      vertex -38.4224 5.39992 1.8
      vertex -36.4419 5.12157 1.8
      vertex -38.2105 6.73755 1.8
    endloop
  endfacet
  facet normal 0 0 1
    outer loop
      vertex -36.4419 5.12157 1.8
      vertex -38.4224 5.39992 1.8
      vertex -36.5984 3.84665 1.8
    endloop
  endfacet
  facet normal 0 0 1
    outer loop
      vertex -35.3744 -10.1435 1.8
      vertex -37.297 -10.6947 1.8
      vertex -36.901 -11.9899 1.8
    endloop
  endfacet
  facet normal -0 0 1
    outer loop
      vertex -38.5874 4.0557 1.8
      vertex -36.5984 3.84665 1.8
      vertex -38.4224 5.39992 1.8
    endloop
  endfacet
  facet normal 0 0 1
    outer loop
      vertex -35.7069 -8.90273 1.8
      vertex -37.6475 -9.38657 1.8
      vertex -37.297 -10.6947 1.8
    endloop
  endfacet
  facet normal 0 0 1
    outer loop
      vertex -36.5984 3.84665 1.8
      vertex -38.5874 4.0557 1.8
      vertex -36.7104 2.56704 1.8
    endloop
  endfacet
  facet normal 0 0 1
    outer loop
      vertex -35.9958 -7.65115 1.8
      vertex -37.9521 -8.06697 1.8
      vertex -37.6475 -9.38657 1.8
    endloop
  endfacet
  facet normal -0 0 1
    outer loop
      vertex -38.7055 2.70655 1.8
      vertex -36.7104 2.56704 1.8
      vertex -38.5874 4.0557 1.8
    endloop
  endfacet
  facet normal 0 0 1
    outer loop
      vertex -36.2409 -6.39025 1.8
      vertex -38.2105 -6.73755 1.8
      vertex -37.9521 -8.06697 1.8
    endloop
  endfacet
  facet normal 0 0 1
    outer loop
      vertex -36.7104 2.56704 1.8
      vertex -38.7055 2.70655 1.8
      vertex -36.7776 1.2843 1.8
    endloop
  endfacet
  facet normal 0 0 1
    outer loop
      vertex -36.4419 -5.12157 1.8
      vertex -38.4224 -5.39992 1.8
      vertex -38.2105 -6.73755 1.8
    endloop
  endfacet
  facet normal -0 0 1
    outer loop
      vertex -38.7764 1.3541 1.8
      vertex -36.7776 1.2843 1.8
      vertex -38.7055 2.70655 1.8
    endloop
  endfacet
  facet normal 0 0 1
    outer loop
      vertex -36.5984 -3.84665 1.8
      vertex -38.5874 -4.0557 1.8
      vertex -38.4224 -5.39992 1.8
    endloop
  endfacet
  facet normal 0 0 1
    outer loop
      vertex -36.7776 1.2843 1.8
      vertex -38.7764 1.3541 1.8
      vertex -36.8 0 1.8
    endloop
  endfacet
  facet normal 0 0 1
    outer loop
      vertex -36.7104 -2.56704 1.8
      vertex -38.7055 -2.70655 1.8
      vertex -38.5874 -4.0557 1.8
    endloop
  endfacet
  facet normal 0 0 1
    outer loop
      vertex -38.8 0 1.8
      vertex -36.8 0 1.8
      vertex -38.7764 1.3541 1.8
    endloop
  endfacet
  facet normal 0 0 1
    outer loop
      vertex -36.7776 -1.2843 1.8
      vertex -38.7764 -1.3541 1.8
      vertex -38.7055 -2.70655 1.8
    endloop
  endfacet
  facet normal 0 0 1
    outer loop
      vertex -36.8 0 1.8
      vertex -38.8 0 1.8
      vertex -38.7764 -1.3541 1.8
    endloop
  endfacet
  facet normal -0.629321 0.777145 0
    outer loop
      vertex 24.9402 -29.7225 1.8
      vertex 23.8877 -30.5748 4.5
      vertex 24.9402 -29.7225 4.5
    endloop
  endfacet
  facet normal -0.629321 0.777145 0
    outer loop
      vertex 23.8877 -30.5748 4.5
      vertex 24.9402 -29.7225 1.8
      vertex 23.8877 -30.5748 1.8
    endloop
  endfacet
  facet normal -0.573571 0.819156 0
    outer loop
      vertex 22.8061 -31.3899 1.8
      vertex 21.6967 -32.1667 4.5
      vertex 22.8061 -31.3899 4.5
    endloop
  endfacet
  facet normal -0.573571 0.819156 0
    outer loop
      vertex 21.6967 -32.1667 4.5
      vertex 22.8061 -31.3899 1.8
      vertex 21.6967 -32.1667 1.8
    endloop
  endfacet
  facet normal -0.422651 0.906293 0
    outer loop
      vertex 17.0088 -34.8732 1.8
      vertex 15.7814 -35.4456 4.5
      vertex 17.0088 -34.8732 4.5
    endloop
  endfacet
  facet normal -0.422651 0.906293 0
    outer loop
      vertex 15.7814 -35.4456 4.5
      vertex 17.0088 -34.8732 1.8
      vertex 15.7814 -35.4456 1.8
    endloop
  endfacet
  facet normal -0.453964 0.89102 0
    outer loop
      vertex 18.2155 -34.2584 1.8
      vertex 17.0088 -34.8732 4.5
      vertex 18.2155 -34.2584 4.5
    endloop
  endfacet
  facet normal -0.453964 0.89102 0
    outer loop
      vertex 17.0088 -34.8732 4.5
      vertex 18.2155 -34.2584 1.8
      vertex 17.0088 -34.8732 1.8
    endloop
  endfacet
  facet normal -0.224913 0.974379 0
    outer loop
      vertex 9.38657 -37.6475 1.8
      vertex 8.06697 -37.9521 4.5
      vertex 9.38657 -37.6475 4.5
    endloop
  endfacet
  facet normal -0.224913 0.974379 0
    outer loop
      vertex 8.06697 -37.9521 4.5
      vertex 9.38657 -37.6475 1.8
      vertex 8.06697 -37.9521 1.8
    endloop
  endfacet
  facet normal -0.156463 0.987684 0
    outer loop
      vertex 6.73755 -38.2105 1.8
      vertex 5.39992 -38.4224 4.5
      vertex 6.73755 -38.2105 4.5
    endloop
  endfacet
  facet normal -0.156463 0.987684 0
    outer loop
      vertex 5.39992 -38.4224 4.5
      vertex 6.73755 -38.2105 1.8
      vertex 5.39992 -38.4224 1.8
    endloop
  endfacet
  facet normal -0.121833 0.992551 0
    outer loop
      vertex 5.39992 -38.4224 1.8
      vertex 4.0557 -38.5874 4.5
      vertex 5.39992 -38.4224 4.5
    endloop
  endfacet
  facet normal -0.121833 0.992551 0
    outer loop
      vertex 4.0557 -38.5874 4.5
      vertex 5.39992 -38.4224 1.8
      vertex 4.0557 -38.5874 1.8
    endloop
  endfacet
  facet normal -0.0174259 0.999848 0
    outer loop
      vertex 1.3541 -38.7764 1.8
      vertex 0 -38.8 4.5
      vertex 1.3541 -38.7764 4.5
    endloop
  endfacet
  facet normal -0.0174259 0.999848 0
    outer loop
      vertex 0 -38.8 4.5
      vertex 1.3541 -38.7764 1.8
      vertex 0 -38.8 1.8
    endloop
  endfacet
  facet normal -0.83867 0.544641 0
    outer loop
      vertex 32.1667 -21.6967 1.8
      vertex 32.9043 -20.5609 4.5
      vertex 32.9043 -20.5609 1.8
    endloop
  endfacet
  facet normal -0.83867 0.544641 0
    outer loop
      vertex 32.9043 -20.5609 4.5
      vertex 32.1667 -21.6967 1.8
      vertex 32.1667 -21.6967 4.5
    endloop
  endfacet
  facet normal -0.798616 0.601841 0
    outer loop
      vertex 30.5748 -23.8877 1.8
      vertex 31.3899 -22.8061 4.5
      vertex 31.3899 -22.8061 1.8
    endloop
  endfacet
  facet normal -0.798616 0.601841 0
    outer loop
      vertex 31.3899 -22.8061 4.5
      vertex 30.5748 -23.8877 1.8
      vertex 30.5748 -23.8877 4.5
    endloop
  endfacet
  facet normal -0.777145 0.629321 0
    outer loop
      vertex 29.7225 -24.9402 1.8
      vertex 30.5748 -23.8877 4.5
      vertex 30.5748 -23.8877 1.8
    endloop
  endfacet
  facet normal -0.777145 0.629321 0
    outer loop
      vertex 30.5748 -23.8877 4.5
      vertex 29.7225 -24.9402 1.8
      vertex 29.7225 -24.9402 4.5
    endloop
  endfacet
  facet normal -0.73134 0.682013 0
    outer loop
      vertex 27.9104 -26.9527 1.8
      vertex 28.834 -25.9623 4.5
      vertex 28.834 -25.9623 1.8
    endloop
  endfacet
  facet normal -0.73134 0.682013 0
    outer loop
      vertex 28.834 -25.9623 4.5
      vertex 27.9104 -26.9527 1.8
      vertex 27.9104 -26.9527 4.5
    endloop
  endfacet
  facet normal -0.707107 0.707107 0
    outer loop
      vertex 26.9527 -27.9104 1.8
      vertex 27.9104 -26.9527 4.5
      vertex 27.9104 -26.9527 1.8
    endloop
  endfacet
  facet normal -0.707107 0.707107 0
    outer loop
      vertex 27.9104 -26.9527 4.5
      vertex 26.9527 -27.9104 1.8
      vertex 26.9527 -27.9104 4.5
    endloop
  endfacet
  facet normal -0.956301 0.292384 0
    outer loop
      vertex 36.901 -11.9899 1.8
      vertex 37.297 -10.6947 4.5
      vertex 37.297 -10.6947 1.8
    endloop
  endfacet
  facet normal -0.956301 0.292384 0
    outer loop
      vertex 37.297 -10.6947 4.5
      vertex 36.901 -11.9899 1.8
      vertex 36.901 -11.9899 4.5
    endloop
  endfacet
  facet normal -0.945521 0.325561 0
    outer loop
      vertex 36.4601 -13.2704 1.8
      vertex 36.901 -11.9899 4.5
      vertex 36.901 -11.9899 1.8
    endloop
  endfacet
  facet normal -0.945521 0.325561 0
    outer loop
      vertex 36.901 -11.9899 4.5
      vertex 36.4601 -13.2704 1.8
      vertex 36.4601 -13.2704 4.5
    endloop
  endfacet
  facet normal -0.981629 0.1908 0
    outer loop
      vertex 37.9521 -8.06697 1.8
      vertex 38.2105 -6.73755 4.5
      vertex 38.2105 -6.73755 1.8
    endloop
  endfacet
  facet normal -0.981629 0.1908 0
    outer loop
      vertex 38.2105 -6.73755 4.5
      vertex 37.9521 -8.06697 1.8
      vertex 37.9521 -8.06697 4.5
    endloop
  endfacet
  facet normal -0.987684 0.156463 0
    outer loop
      vertex 38.2105 -6.73755 1.8
      vertex 38.4224 -5.39992 4.5
      vertex 38.4224 -5.39992 1.8
    endloop
  endfacet
  facet normal -0.987684 0.156463 0
    outer loop
      vertex 38.4224 -5.39992 4.5
      vertex 38.2105 -6.73755 1.8
      vertex 38.2105 -6.73755 4.5
    endloop
  endfacet
  facet normal 0.965928 -0.258811 0
    outer loop
      vertex -37.6475 9.38657 4.5
      vertex -37.297 10.6947 1.8
      vertex -37.297 10.6947 4.5
    endloop
  endfacet
  facet normal 0.965928 -0.258811 0
    outer loop
      vertex -37.297 10.6947 1.8
      vertex -37.6475 9.38657 4.5
      vertex -37.6475 9.38657 1.8
    endloop
  endfacet
  facet normal 0.819156 -0.573571 0
    outer loop
      vertex -32.1667 21.6967 4.5
      vertex -31.3899 22.8061 1.8
      vertex -31.3899 22.8061 4.5
    endloop
  endfacet
  facet normal 0.819156 -0.573571 0
    outer loop
      vertex -31.3899 22.8061 1.8
      vertex -32.1667 21.6967 4.5
      vertex -32.1667 21.6967 1.8
    endloop
  endfacet
  facet normal 0.89102 -0.453964 0
    outer loop
      vertex -34.8732 17.0088 4.5
      vertex -34.2584 18.2155 1.8
      vertex -34.2584 18.2155 4.5
    endloop
  endfacet
  facet normal 0.89102 -0.453964 0
    outer loop
      vertex -34.2584 18.2155 1.8
      vertex -34.8732 17.0088 4.5
      vertex -34.8732 17.0088 1.8
    endloop
  endfacet
  facet normal 0.292384 -0.956301 0
    outer loop
      vertex -11.9899 36.901 1.8
      vertex -10.6947 37.297 4.5
      vertex -11.9899 36.901 4.5
    endloop
  endfacet
  facet normal 0.292384 -0.956301 0
    outer loop
      vertex -10.6947 37.297 4.5
      vertex -11.9899 36.901 1.8
      vertex -10.6947 37.297 1.8
    endloop
  endfacet
  facet normal 0.121833 -0.992551 0
    outer loop
      vertex -5.39992 38.4224 1.8
      vertex -4.0557 38.5874 4.5
      vertex -5.39992 38.4224 4.5
    endloop
  endfacet
  facet normal 0.121833 -0.992551 0
    outer loop
      vertex -4.0557 38.5874 4.5
      vertex -5.39992 38.4224 1.8
      vertex -4.0557 38.5874 1.8
    endloop
  endfacet
  facet normal -0.0174259 -0.999848 0
    outer loop
      vertex 0 38.8 1.8
      vertex 1.3541 38.7764 4.5
      vertex 0 38.8 4.5
    endloop
  endfacet
  facet normal -0.0174259 -0.999848 -0
    outer loop
      vertex 1.3541 38.7764 4.5
      vertex 0 38.8 1.8
      vertex 1.3541 38.7764 1.8
    endloop
  endfacet
  facet normal 0.544641 -0.83867 0
    outer loop
      vertex -21.6967 32.1667 1.8
      vertex -20.5609 32.9043 4.5
      vertex -21.6967 32.1667 4.5
    endloop
  endfacet
  facet normal 0.544641 -0.83867 0
    outer loop
      vertex -20.5609 32.9043 4.5
      vertex -21.6967 32.1667 1.8
      vertex -20.5609 32.9043 1.8
    endloop
  endfacet
  facet normal 0.65606 -0.754709 0
    outer loop
      vertex -25.9623 28.834 1.8
      vertex -24.9402 29.7225 4.5
      vertex -25.9623 28.834 4.5
    endloop
  endfacet
  facet normal 0.65606 -0.754709 0
    outer loop
      vertex -24.9402 29.7225 4.5
      vertex -25.9623 28.834 1.8
      vertex -24.9402 29.7225 1.8
    endloop
  endfacet
  facet normal -0.258811 -0.965928 0
    outer loop
      vertex 9.38657 37.6475 1.8
      vertex 10.6947 37.297 4.5
      vertex 9.38657 37.6475 4.5
    endloop
  endfacet
  facet normal -0.258811 -0.965928 -0
    outer loop
      vertex 10.6947 37.297 4.5
      vertex 9.38657 37.6475 1.8
      vertex 10.6947 37.297 1.8
    endloop
  endfacet
  facet normal -0.682013 -0.73134 0
    outer loop
      vertex 25.9623 28.834 1.8
      vertex 26.9527 27.9104 4.5
      vertex 25.9623 28.834 4.5
    endloop
  endfacet
  facet normal -0.682013 -0.73134 -0
    outer loop
      vertex 26.9527 27.9104 4.5
      vertex 25.9623 28.834 1.8
      vertex 26.9527 27.9104 1.8
    endloop
  endfacet
  facet normal -0.573571 -0.819156 0
    outer loop
      vertex 21.6967 32.1667 1.8
      vertex 22.8061 31.3899 4.5
      vertex 21.6967 32.1667 4.5
    endloop
  endfacet
  facet normal -0.573571 -0.819156 -0
    outer loop
      vertex 22.8061 31.3899 4.5
      vertex 21.6967 32.1667 1.8
      vertex 22.8061 31.3899 1.8
    endloop
  endfacet
  facet normal -0.453964 -0.89102 0
    outer loop
      vertex 17.0088 34.8732 1.8
      vertex 18.2155 34.2584 4.5
      vertex 17.0088 34.8732 4.5
    endloop
  endfacet
  facet normal -0.453964 -0.89102 -0
    outer loop
      vertex 18.2155 34.2584 4.5
      vertex 17.0088 34.8732 1.8
      vertex 18.2155 34.2584 1.8
    endloop
  endfacet
  facet normal -0.754709 -0.65606 0
    outer loop
      vertex 29.7225 24.9402 1.8
      vertex 28.834 25.9623 4.5
      vertex 28.834 25.9623 1.8
    endloop
  endfacet
  facet normal -0.754709 -0.65606 0
    outer loop
      vertex 28.834 25.9623 4.5
      vertex 29.7225 24.9402 1.8
      vertex 29.7225 24.9402 4.5
    endloop
  endfacet
  facet normal -0.83867 -0.544641 0
    outer loop
      vertex 32.9043 20.5609 1.8
      vertex 32.1667 21.6967 4.5
      vertex 32.1667 21.6967 1.8
    endloop
  endfacet
  facet normal -0.83867 -0.544641 0
    outer loop
      vertex 32.1667 21.6967 4.5
      vertex 32.9043 20.5609 1.8
      vertex 32.9043 20.5609 4.5
    endloop
  endfacet
  facet normal -0.906293 -0.422651 0
    outer loop
      vertex 35.4456 15.7814 1.8
      vertex 34.8732 17.0088 4.5
      vertex 34.8732 17.0088 1.8
    endloop
  endfacet
  facet normal -0.906293 -0.422651 0
    outer loop
      vertex 34.8732 17.0088 4.5
      vertex 35.4456 15.7814 1.8
      vertex 35.4456 15.7814 4.5
    endloop
  endfacet
  facet normal -0.956301 -0.292384 0
    outer loop
      vertex 37.297 10.6947 1.8
      vertex 36.901 11.9899 4.5
      vertex 36.901 11.9899 1.8
    endloop
  endfacet
  facet normal -0.956301 -0.292384 0
    outer loop
      vertex 36.901 11.9899 4.5
      vertex 37.297 10.6947 1.8
      vertex 37.297 10.6947 4.5
    endloop
  endfacet
  facet normal -0.974379 -0.224913 0
    outer loop
      vertex 37.9521 8.06697 1.8
      vertex 37.6475 9.38657 4.5
      vertex 37.6475 9.38657 1.8
    endloop
  endfacet
  facet normal -0.974379 -0.224913 0
    outer loop
      vertex 37.6475 9.38657 4.5
      vertex 37.9521 8.06697 1.8
      vertex 37.9521 8.06697 4.5
    endloop
  endfacet
  facet normal -0.998629 -0.0523515 0
    outer loop
      vertex 38.7764 1.3541 1.8
      vertex 38.7055 2.70655 4.5
      vertex 38.7055 2.70655 1.8
    endloop
  endfacet
  facet normal -0.998629 -0.0523515 0
    outer loop
      vertex 38.7055 2.70655 4.5
      vertex 38.7764 1.3541 1.8
      vertex 38.7764 1.3541 4.5
    endloop
  endfacet
  facet normal 0.999848 -0.0174258 0
    outer loop
      vertex -38.7764 1.3541 4.5
      vertex -38.7817 1.05 3.25
      vertex -38.7764 1.3541 1.8
    endloop
  endfacet
  facet normal 0.999852 -0.0171944 -5.6317e-05
    outer loop
      vertex -38.7764 1.3541 4.5
      vertex -38.7823 1.01422 3.52176
      vertex -38.7817 1.05 3.25
    endloop
  endfacet
  facet normal 0.999851 -0.0172484 -3.75428e-05
    outer loop
      vertex -38.7764 1.3541 4.5
      vertex -38.7841 0.909327 3.775
      vertex -38.7823 1.01422 3.52176
    endloop
  endfacet
  facet normal 0.99985 -0.0173468 2.28424e-05
    outer loop
      vertex -38.7764 1.3541 4.5
      vertex -38.787 0.742461 3.99246
      vertex -38.7841 0.909327 3.775
    endloop
  endfacet
  facet normal 0.999849 -0.0174026 9.00923e-05
    outer loop
      vertex -38.7764 1.3541 4.5
      vertex -38.7908 0.525 4.15933
      vertex -38.787 0.742461 3.99246
    endloop
  endfacet
  facet normal 0.999846 -0.0175655 0.000486511
    outer loop
      vertex -38.7764 1.3541 4.5
      vertex -38.7953 0.27176 4.26422
      vertex -38.7908 0.525 4.15933
    endloop
  endfacet
  facet normal 0.999848 -0.0174259 -0.000154285
    outer loop
      vertex -38.8 0 4.5
      vertex -38.7953 0.27176 4.26422
      vertex -38.7764 1.3541 4.5
    endloop
  endfacet
  facet normal 0.99985 -0.0172921 0
    outer loop
      vertex -38.7953 0.27176 4.26422
      vertex -38.8 0 4.5
      vertex -38.8 0 4.3
    endloop
  endfacet
  facet normal 0.999853 -0.0171717 5.33212e-05
    outer loop
      vertex -38.7823 1.01422 2.97824
      vertex -38.7764 1.3541 1.8
      vertex -38.7817 1.05 3.25
    endloop
  endfacet
  facet normal 0.999851 -0.0172394 3.37863e-05
    outer loop
      vertex -38.7841 0.909327 2.725
      vertex -38.7764 1.3541 1.8
      vertex -38.7823 1.01422 2.97824
    endloop
  endfacet
  facet normal 0.999849 -0.0173508 -1.98061e-05
    outer loop
      vertex -38.787 0.742461 2.50754
      vertex -38.7764 1.3541 1.8
      vertex -38.7841 0.909327 2.725
    endloop
  endfacet
  facet normal 0.999848 -0.0174144 -7.4782e-05
    outer loop
      vertex -38.7908 0.525 2.34067
      vertex -38.7764 1.3541 1.8
      vertex -38.787 0.742461 2.50754
    endloop
  endfacet
  facet normal 0.999839 -0.0179322 0.000399339
    outer loop
      vertex -38.8 0 1.8
      vertex -38.7908 0.525 2.34067
      vertex -38.7953 0.27176 2.23578
    endloop
  endfacet
  facet normal 0.99985 -0.0172921 0
    outer loop
      vertex -38.8 0 1.8
      vertex -38.7953 0.27176 2.23578
      vertex -38.8 0 2.2
    endloop
  endfacet
  facet normal 0.999848 -0.0174259 -9.24843e-05
    outer loop
      vertex -38.7908 0.525 2.34067
      vertex -38.8 0 1.8
      vertex -38.7764 1.3541 1.8
    endloop
  endfacet
  facet normal 0.999848 0.0174388 0
    outer loop
      vertex 36.8 0 4.5
      vertex 36.7776 1.2843 1.8
      vertex 36.7776 1.2843 4.5
    endloop
  endfacet
  facet normal 0.999848 0.0174388 0
    outer loop
      vertex 36.7776 1.2843 1.8
      vertex 36.8 0 4.5
      vertex 36.8 0 1.8
    endloop
  endfacet
  facet normal 0.998631 -0.0523161 0
    outer loop
      vertex 36.7104 -2.56704 4.5
      vertex 36.7776 -1.2843 1.8
      vertex 36.7776 -1.2843 4.5
    endloop
  endfacet
  facet normal 0.998631 -0.0523161 0
    outer loop
      vertex 36.7776 -1.2843 1.8
      vertex 36.7104 -2.56704 4.5
      vertex 36.7104 -2.56704 1.8
    endloop
  endfacet
  facet normal 0.999848 -0.0174388 0
    outer loop
      vertex 36.7776 -1.2843 4.5
      vertex 36.8 0 1.8
      vertex 36.8 0 4.5
    endloop
  endfacet
  facet normal 0.999848 -0.0174388 0
    outer loop
      vertex 36.8 0 1.8
      vertex 36.7776 -1.2843 4.5
      vertex 36.7776 -1.2843 1.8
    endloop
  endfacet
  facet normal -0.0174388 -0.999848 0
    outer loop
      vertex -1.2843 -36.7776 1.8
      vertex 0 -36.8 4.5
      vertex -1.2843 -36.7776 4.5
    endloop
  endfacet
  facet normal -0.0174388 -0.999848 -0
    outer loop
      vertex 0 -36.8 4.5
      vertex -1.2843 -36.7776 1.8
      vertex 0 -36.8 1.8
    endloop
  endfacet
  facet normal 0.0174388 0.999848 -0
    outer loop
      vertex 1.2843 36.7776 1.8
      vertex 0 36.8 4.5
      vertex 1.2843 36.7776 4.5
    endloop
  endfacet
  facet normal 0.0174388 0.999848 0
    outer loop
      vertex 0 36.8 4.5
      vertex 1.2843 36.7776 1.8
      vertex 0 36.8 1.8
    endloop
  endfacet
  facet normal 0.681996 -0.731356 0
    outer loop
      vertex 24.624 -27.3477 1.8
      vertex 25.5634 -26.4717 4.5
      vertex 24.624 -27.3477 4.5
    endloop
  endfacet
  facet normal 0.681996 -0.731356 0
    outer loop
      vertex 25.5634 -26.4717 4.5
      vertex 24.624 -27.3477 1.8
      vertex 25.5634 -26.4717 1.8
    endloop
  endfacet
  facet normal -0.707107 -0.707107 0
    outer loop
      vertex -25.5634 -26.4717 1.8
      vertex -26.4717 -25.5634 4.5
      vertex -26.4717 -25.5634 1.8
    endloop
  endfacet
  facet normal -0.707107 -0.707107 0
    outer loop
      vertex -26.4717 -25.5634 4.5
      vertex -25.5634 -26.4717 1.8
      vertex -25.5634 -26.4717 4.5
    endloop
  endfacet
  facet normal 0.9063 -0.422634 0
    outer loop
      vertex 33.0756 -16.1321 4.5
      vertex 33.6185 -14.9679 1.8
      vertex 33.6185 -14.9679 4.5
    endloop
  endfacet
  facet normal 0.9063 -0.422634 0
    outer loop
      vertex 33.6185 -14.9679 1.8
      vertex 33.0756 -16.1321 4.5
      vertex 33.0756 -16.1321 1.8
    endloop
  endfacet
  facet normal -0.544635 0.838673 0
    outer loop
      vertex -19.501 31.2082 1.8
      vertex -20.5783 30.5086 4.5
      vertex -19.501 31.2082 4.5
    endloop
  endfacet
  facet normal -0.544635 0.838673 0
    outer loop
      vertex -20.5783 30.5086 4.5
      vertex -19.501 31.2082 1.8
      vertex -20.5783 30.5086 1.8
    endloop
  endfacet
  facet normal -0.920505 -0.390732 0
    outer loop
      vertex -33.6185 -14.9679 1.8
      vertex -34.1204 -13.7855 4.5
      vertex -34.1204 -13.7855 1.8
    endloop
  endfacet
  facet normal -0.920505 -0.390732 0
    outer loop
      vertex -34.1204 -13.7855 4.5
      vertex -33.6185 -14.9679 1.8
      vertex -33.6185 -14.9679 4.5
    endloop
  endfacet
  facet normal -0.390732 -0.920505 0
    outer loop
      vertex -14.9679 -33.6185 1.8
      vertex -13.7855 -34.1204 4.5
      vertex -14.9679 -33.6185 4.5
    endloop
  endfacet
  facet normal -0.390732 -0.920505 -0
    outer loop
      vertex -13.7855 -34.1204 4.5
      vertex -14.9679 -33.6185 1.8
      vertex -13.7855 -34.1204 1.8
    endloop
  endfacet
  facet normal 0.358348 -0.933588 0
    outer loop
      vertex 12.5863 -34.5807 1.8
      vertex 13.7855 -34.1204 4.5
      vertex 12.5863 -34.5807 4.5
    endloop
  endfacet
  facet normal 0.358348 -0.933588 0
    outer loop
      vertex 13.7855 -34.1204 4.5
      vertex 12.5863 -34.5807 1.8
      vertex 13.7855 -34.1204 1.8
    endloop
  endfacet
  facet normal 0.974379 -0.224914 0
    outer loop
      vertex 35.7069 -8.90273 4.5
      vertex 35.9958 -7.65115 1.8
      vertex 35.9958 -7.65115 4.5
    endloop
  endfacet
  facet normal 0.974379 -0.224914 0
    outer loop
      vertex 35.9958 -7.65115 1.8
      vertex 35.7069 -8.90273 4.5
      vertex 35.7069 -8.90273 1.8
    endloop
  endfacet
  facet normal -0.87459 0.484863 0
    outer loop
      vertex -32.4925 17.2766 1.8
      vertex -31.8697 18.4 4.5
      vertex -31.8697 18.4 1.8
    endloop
  endfacet
  facet normal -0.87459 0.484863 0
    outer loop
      vertex -31.8697 18.4 4.5
      vertex -32.4925 17.2766 1.8
      vertex -32.4925 17.2766 4.5
    endloop
  endfacet
  facet normal 0.838673 0.544635 0
    outer loop
      vertex 31.2082 19.501 4.5
      vertex 30.5086 20.5783 1.8
      vertex 30.5086 20.5783 4.5
    endloop
  endfacet
  facet normal 0.838673 0.544635 0
    outer loop
      vertex 30.5086 20.5783 1.8
      vertex 31.2082 19.501 4.5
      vertex 31.2082 19.501 1.8
    endloop
  endfacet
  facet normal -0.981626 -0.190813 0
    outer loop
      vertex -35.9958 -7.65115 1.8
      vertex -36.2409 -6.39025 4.5
      vertex -36.2409 -6.39025 1.8
    endloop
  endfacet
  facet normal -0.981626 -0.190813 0
    outer loop
      vertex -36.2409 -6.39025 4.5
      vertex -35.9958 -7.65115 1.8
      vertex -35.9958 -7.65115 4.5
    endloop
  endfacet
  facet normal -0.190813 -0.981626 0
    outer loop
      vertex -7.65115 -35.9958 1.8
      vertex -6.39025 -36.2409 4.5
      vertex -7.65115 -35.9958 4.5
    endloop
  endfacet
  facet normal -0.190813 -0.981626 -0
    outer loop
      vertex -6.39025 -36.2409 4.5
      vertex -7.65115 -35.9958 1.8
      vertex -6.39025 -36.2409 1.8
    endloop
  endfacet
  facet normal -0.544635 -0.838673 0
    outer loop
      vertex -20.5783 -30.5086 1.8
      vertex -19.501 -31.2082 4.5
      vertex -20.5783 -30.5086 4.5
    endloop
  endfacet
  facet normal -0.544635 -0.838673 -0
    outer loop
      vertex -19.501 -31.2082 4.5
      vertex -20.5783 -30.5086 1.8
      vertex -19.501 -31.2082 1.8
    endloop
  endfacet
  facet normal -0.484863 -0.87459 0
    outer loop
      vertex -18.4 -31.8697 1.8
      vertex -17.2766 -32.4925 4.5
      vertex -18.4 -31.8697 4.5
    endloop
  endfacet
  facet normal -0.484863 -0.87459 -0
    outer loop
      vertex -17.2766 -32.4925 4.5
      vertex -18.4 -31.8697 1.8
      vertex -17.2766 -32.4925 1.8
    endloop
  endfacet
  facet normal -0.838673 -0.544635 0
    outer loop
      vertex -30.5086 -20.5783 1.8
      vertex -31.2082 -19.501 4.5
      vertex -31.2082 -19.501 1.8
    endloop
  endfacet
  facet normal -0.838673 -0.544635 0
    outer loop
      vertex -31.2082 -19.501 4.5
      vertex -30.5086 -20.5783 1.8
      vertex -30.5086 -20.5783 4.5
    endloop
  endfacet
  facet normal 0.190813 -0.981626 0
    outer loop
      vertex 6.39025 -36.2409 1.8
      vertex 7.65115 -35.9958 4.5
      vertex 6.39025 -36.2409 4.5
    endloop
  endfacet
  facet normal 0.190813 -0.981626 0
    outer loop
      vertex 7.65115 -35.9958 4.5
      vertex 6.39025 -36.2409 1.8
      vertex 7.65115 -35.9958 1.8
    endloop
  endfacet
  facet normal 0.515011 -0.857184 0
    outer loop
      vertex 18.4 -31.8697 1.8
      vertex 19.501 -31.2082 4.5
      vertex 18.4 -31.8697 4.5
    endloop
  endfacet
  facet normal 0.515011 -0.857184 0
    outer loop
      vertex 19.501 -31.2082 4.5
      vertex 18.4 -31.8697 1.8
      vertex 19.501 -31.2082 1.8
    endloop
  endfacet
  facet normal 0.798634 -0.601817 0
    outer loop
      vertex 28.9988 -22.6563 4.5
      vertex 29.7718 -21.6305 1.8
      vertex 29.7718 -21.6305 4.5
    endloop
  endfacet
  facet normal 0.798634 -0.601817 0
    outer loop
      vertex 29.7718 -21.6305 1.8
      vertex 28.9988 -22.6563 4.5
      vertex 28.9988 -22.6563 1.8
    endloop
  endfacet
  facet normal 0.987681 -0.156481 0
    outer loop
      vertex 36.2409 -6.39025 4.5
      vertex 36.4419 -5.12157 1.8
      vertex 36.4419 -5.12157 4.5
    endloop
  endfacet
  facet normal 0.987681 -0.156481 0
    outer loop
      vertex 36.4419 -5.12157 1.8
      vertex 36.2409 -6.39025 4.5
      vertex 36.2409 -6.39025 1.8
    endloop
  endfacet
  facet normal -0.998631 0.0523161 0
    outer loop
      vertex -36.7776 1.2843 1.8
      vertex -36.7104 2.56704 4.5
      vertex -36.7104 2.56704 1.8
    endloop
  endfacet
  facet normal -0.998631 0.0523161 0
    outer loop
      vertex -36.7104 2.56704 4.5
      vertex -36.7776 1.2843 1.8
      vertex -36.7776 1.2843 4.5
    endloop
  endfacet
  facet normal -0.956311 0.292351 0
    outer loop
      vertex -35.3744 10.1435 1.8
      vertex -34.9989 11.3718 4.5
      vertex -34.9989 11.3718 1.8
    endloop
  endfacet
  facet normal -0.956311 0.292351 0
    outer loop
      vertex -34.9989 11.3718 4.5
      vertex -35.3744 10.1435 1.8
      vertex -35.3744 10.1435 4.5
    endloop
  endfacet
  facet normal -0.974379 0.224914 0
    outer loop
      vertex -35.9958 7.65115 1.8
      vertex -35.7069 8.90273 4.5
      vertex -35.7069 8.90273 1.8
    endloop
  endfacet
  facet normal -0.974379 0.224914 0
    outer loop
      vertex -35.7069 8.90273 4.5
      vertex -35.9958 7.65115 1.8
      vertex -35.9958 7.65115 4.5
    endloop
  endfacet
  facet normal -0.819137 0.573598 0
    outer loop
      vertex -30.5086 20.5783 1.8
      vertex -29.7718 21.6305 4.5
      vertex -29.7718 21.6305 1.8
    endloop
  endfacet
  facet normal -0.819137 0.573598 0
    outer loop
      vertex -29.7718 21.6305 4.5
      vertex -30.5086 20.5783 1.8
      vertex -30.5086 20.5783 4.5
    endloop
  endfacet
  facet normal -0.857184 0.515011 0
    outer loop
      vertex -31.8697 18.4 1.8
      vertex -31.2082 19.501 4.5
      vertex -31.2082 19.501 1.8
    endloop
  endfacet
  facet normal -0.857184 0.515011 0
    outer loop
      vertex -31.2082 19.501 4.5
      vertex -31.8697 18.4 1.8
      vertex -31.8697 18.4 4.5
    endloop
  endfacet
  facet normal -0.9063 0.422634 0
    outer loop
      vertex -33.6185 14.9679 1.8
      vertex -33.0756 16.1321 4.5
      vertex -33.0756 16.1321 1.8
    endloop
  endfacet
  facet normal -0.9063 0.422634 0
    outer loop
      vertex -33.0756 16.1321 4.5
      vertex -33.6185 14.9679 1.8
      vertex -33.6185 14.9679 4.5
    endloop
  endfacet
  facet normal -0.0523161 0.998631 0
    outer loop
      vertex -1.2843 36.7776 1.8
      vertex -2.56704 36.7104 4.5
      vertex -1.2843 36.7776 4.5
    endloop
  endfacet
  facet normal -0.0523161 0.998631 0
    outer loop
      vertex -2.56704 36.7104 4.5
      vertex -1.2843 36.7776 1.8
      vertex -2.56704 36.7104 1.8
    endloop
  endfacet
  facet normal -0.453958 0.891023 0
    outer loop
      vertex -16.1321 33.0756 1.8
      vertex -17.2766 32.4925 4.5
      vertex -16.1321 33.0756 4.5
    endloop
  endfacet
  facet normal -0.453958 0.891023 0
    outer loop
      vertex -17.2766 32.4925 4.5
      vertex -16.1321 33.0756 1.8
      vertex -17.2766 32.4925 1.8
    endloop
  endfacet
  facet normal -0.515011 0.857184 0
    outer loop
      vertex -18.4 31.8697 1.8
      vertex -19.501 31.2082 4.5
      vertex -18.4 31.8697 4.5
    endloop
  endfacet
  facet normal -0.515011 0.857184 0
    outer loop
      vertex -19.501 31.2082 4.5
      vertex -18.4 31.8697 1.8
      vertex -19.501 31.2082 1.8
    endloop
  endfacet
  facet normal -0.422634 0.9063 0
    outer loop
      vertex -14.9679 33.6185 1.8
      vertex -16.1321 33.0756 4.5
      vertex -14.9679 33.6185 4.5
    endloop
  endfacet
  facet normal -0.422634 0.9063 0
    outer loop
      vertex -16.1321 33.0756 4.5
      vertex -14.9679 33.6185 1.8
      vertex -16.1321 33.0756 1.8
    endloop
  endfacet
  facet normal -0.601817 0.798634 0
    outer loop
      vertex -21.6305 29.7718 1.8
      vertex -22.6563 28.9988 4.5
      vertex -21.6305 29.7718 4.5
    endloop
  endfacet
  facet normal -0.601817 0.798634 0
    outer loop
      vertex -22.6563 28.9988 4.5
      vertex -21.6305 29.7718 1.8
      vertex -22.6563 28.9988 1.8
    endloop
  endfacet
  facet normal 0.0523161 0.998631 -0
    outer loop
      vertex 2.56704 36.7104 1.8
      vertex 1.2843 36.7776 4.5
      vertex 2.56704 36.7104 4.5
    endloop
  endfacet
  facet normal 0.0523161 0.998631 0
    outer loop
      vertex 1.2843 36.7776 4.5
      vertex 2.56704 36.7104 1.8
      vertex 1.2843 36.7776 1.8
    endloop
  endfacet
  facet normal 0.224914 0.974379 -0
    outer loop
      vertex 8.90273 35.7069 1.8
      vertex 7.65115 35.9958 4.5
      vertex 8.90273 35.7069 4.5
    endloop
  endfacet
  facet normal 0.224914 0.974379 0
    outer loop
      vertex 7.65115 35.9958 4.5
      vertex 8.90273 35.7069 1.8
      vertex 7.65115 35.9958 1.8
    endloop
  endfacet
  facet normal 0.573598 0.819137 -0
    outer loop
      vertex 21.6305 29.7718 1.8
      vertex 20.5783 30.5086 4.5
      vertex 21.6305 29.7718 4.5
    endloop
  endfacet
  facet normal 0.573598 0.819137 0
    outer loop
      vertex 20.5783 30.5086 4.5
      vertex 21.6305 29.7718 1.8
      vertex 20.5783 30.5086 1.8
    endloop
  endfacet
  facet normal 0.515011 0.857184 -0
    outer loop
      vertex 19.501 31.2082 1.8
      vertex 18.4 31.8697 4.5
      vertex 19.501 31.2082 4.5
    endloop
  endfacet
  facet normal 0.515011 0.857184 0
    outer loop
      vertex 18.4 31.8697 4.5
      vertex 19.501 31.2082 1.8
      vertex 18.4 31.8697 1.8
    endloop
  endfacet
  facet normal 0.422634 0.9063 -0
    outer loop
      vertex 16.1321 33.0756 1.8
      vertex 14.9679 33.6185 4.5
      vertex 16.1321 33.0756 4.5
    endloop
  endfacet
  facet normal 0.422634 0.9063 0
    outer loop
      vertex 14.9679 33.6185 4.5
      vertex 16.1321 33.0756 1.8
      vertex 14.9679 33.6185 1.8
    endloop
  endfacet
  facet normal 0.798634 0.601817 0
    outer loop
      vertex 29.7718 21.6305 4.5
      vertex 28.9988 22.6563 1.8
      vertex 28.9988 22.6563 4.5
    endloop
  endfacet
  facet normal 0.798634 0.601817 0
    outer loop
      vertex 28.9988 22.6563 1.8
      vertex 29.7718 21.6305 4.5
      vertex 29.7718 21.6305 1.8
    endloop
  endfacet
  facet normal 0.9063 0.422634 0
    outer loop
      vertex 33.6185 14.9679 4.5
      vertex 33.0756 16.1321 1.8
      vertex 33.0756 16.1321 4.5
    endloop
  endfacet
  facet normal 0.9063 0.422634 0
    outer loop
      vertex 33.0756 16.1321 1.8
      vertex 33.6185 14.9679 4.5
      vertex 33.6185 14.9679 1.8
    endloop
  endfacet
  facet normal 0.857184 0.515011 0
    outer loop
      vertex 31.8697 18.4 4.5
      vertex 31.2082 19.501 1.8
      vertex 31.2082 19.501 4.5
    endloop
  endfacet
  facet normal 0.857184 0.515011 0
    outer loop
      vertex 31.2082 19.501 1.8
      vertex 31.8697 18.4 4.5
      vertex 31.8697 18.4 1.8
    endloop
  endfacet
  facet normal 0.933588 0.358348 0
    outer loop
      vertex 34.5807 12.5863 4.5
      vertex 34.1204 13.7855 1.8
      vertex 34.1204 13.7855 4.5
    endloop
  endfacet
  facet normal 0.933588 0.358348 0
    outer loop
      vertex 34.1204 13.7855 1.8
      vertex 34.5807 12.5863 4.5
      vertex 34.5807 12.5863 1.8
    endloop
  endfacet
  facet normal 0.981626 0.190813 0
    outer loop
      vertex 36.2409 6.39025 4.5
      vertex 35.9958 7.65115 1.8
      vertex 35.9958 7.65115 4.5
    endloop
  endfacet
  facet normal 0.981626 0.190813 0
    outer loop
      vertex 35.9958 7.65115 1.8
      vertex 36.2409 6.39025 4.5
      vertex 36.2409 6.39025 1.8
    endloop
  endfacet
  facet normal -0.996191 -0.0871933 0
    outer loop
      vertex -36.5984 -3.84665 1.8
      vertex -36.7104 -2.56704 4.5
      vertex -36.7104 -2.56704 1.8
    endloop
  endfacet
  facet normal -0.996191 -0.0871933 0
    outer loop
      vertex -36.7104 -2.56704 4.5
      vertex -36.5984 -3.84665 1.8
      vertex -36.5984 -3.84665 4.5
    endloop
  endfacet
  facet normal -0.0871933 -0.996191 0
    outer loop
      vertex -3.84665 -36.5984 1.8
      vertex -2.56704 -36.7104 4.5
      vertex -3.84665 -36.5984 4.5
    endloop
  endfacet
  facet normal -0.0871933 -0.996191 -0
    outer loop
      vertex -2.56704 -36.7104 4.5
      vertex -3.84665 -36.5984 1.8
      vertex -2.56704 -36.7104 1.8
    endloop
  endfacet
  facet normal -0.0523161 -0.998631 0
    outer loop
      vertex -2.56704 -36.7104 1.8
      vertex -1.2843 -36.7776 4.5
      vertex -2.56704 -36.7104 4.5
    endloop
  endfacet
  facet normal -0.0523161 -0.998631 -0
    outer loop
      vertex -1.2843 -36.7776 4.5
      vertex -2.56704 -36.7104 1.8
      vertex -1.2843 -36.7776 1.8
    endloop
  endfacet
  facet normal -0.292351 -0.956311 0
    outer loop
      vertex -11.3718 -34.9989 1.8
      vertex -10.1435 -35.3744 4.5
      vertex -11.3718 -34.9989 4.5
    endloop
  endfacet
  facet normal -0.292351 -0.956311 -0
    outer loop
      vertex -10.1435 -35.3744 4.5
      vertex -11.3718 -34.9989 1.8
      vertex -10.1435 -35.3744 1.8
    endloop
  endfacet
  facet normal -0.224914 -0.974379 0
    outer loop
      vertex -8.90273 -35.7069 1.8
      vertex -7.65115 -35.9958 4.5
      vertex -8.90273 -35.7069 4.5
    endloop
  endfacet
  facet normal -0.224914 -0.974379 -0
    outer loop
      vertex -7.65115 -35.9958 4.5
      vertex -8.90273 -35.7069 1.8
      vertex -7.65115 -35.9958 1.8
    endloop
  endfacet
  facet normal -0.629317 -0.777149 0
    outer loop
      vertex -23.6546 -28.1904 1.8
      vertex -22.6563 -28.9988 4.5
      vertex -23.6546 -28.1904 4.5
    endloop
  endfacet
  facet normal -0.629317 -0.777149 -0
    outer loop
      vertex -22.6563 -28.9988 4.5
      vertex -23.6546 -28.1904 1.8
      vertex -22.6563 -28.9988 1.8
    endloop
  endfacet
  facet normal -0.573598 -0.819137 0
    outer loop
      vertex -21.6305 -29.7718 1.8
      vertex -20.5783 -30.5086 4.5
      vertex -21.6305 -29.7718 4.5
    endloop
  endfacet
  facet normal -0.573598 -0.819137 -0
    outer loop
      vertex -20.5783 -30.5086 4.5
      vertex -21.6305 -29.7718 1.8
      vertex -20.5783 -30.5086 1.8
    endloop
  endfacet
  facet normal -0.515011 -0.857184 0
    outer loop
      vertex -19.501 -31.2082 1.8
      vertex -18.4 -31.8697 4.5
      vertex -19.501 -31.2082 4.5
    endloop
  endfacet
  facet normal -0.515011 -0.857184 -0
    outer loop
      vertex -18.4 -31.8697 4.5
      vertex -19.501 -31.2082 1.8
      vertex -18.4 -31.8697 1.8
    endloop
  endfacet
  facet normal -0.422634 -0.9063 0
    outer loop
      vertex -16.1321 -33.0756 1.8
      vertex -14.9679 -33.6185 4.5
      vertex -16.1321 -33.0756 4.5
    endloop
  endfacet
  facet normal -0.422634 -0.9063 -0
    outer loop
      vertex -14.9679 -33.6185 4.5
      vertex -16.1321 -33.0756 1.8
      vertex -14.9679 -33.6185 1.8
    endloop
  endfacet
  facet normal -0.777149 -0.629317 0
    outer loop
      vertex -28.1904 -23.6546 1.8
      vertex -28.9988 -22.6563 4.5
      vertex -28.9988 -22.6563 1.8
    endloop
  endfacet
  facet normal -0.777149 -0.629317 0
    outer loop
      vertex -28.9988 -22.6563 4.5
      vertex -28.1904 -23.6546 1.8
      vertex -28.1904 -23.6546 4.5
    endloop
  endfacet
  facet normal -0.798634 -0.601817 0
    outer loop
      vertex -28.9988 -22.6563 1.8
      vertex -29.7718 -21.6305 4.5
      vertex -29.7718 -21.6305 1.8
    endloop
  endfacet
  facet normal -0.798634 -0.601817 0
    outer loop
      vertex -29.7718 -21.6305 4.5
      vertex -28.9988 -22.6563 1.8
      vertex -28.9988 -22.6563 4.5
    endloop
  endfacet
  facet normal -0.891023 -0.453958 0
    outer loop
      vertex -32.4925 -17.2766 1.8
      vertex -33.0756 -16.1321 4.5
      vertex -33.0756 -16.1321 1.8
    endloop
  endfacet
  facet normal -0.891023 -0.453958 0
    outer loop
      vertex -33.0756 -16.1321 4.5
      vertex -32.4925 -17.2766 1.8
      vertex -32.4925 -17.2766 4.5
    endloop
  endfacet
  facet normal -0.9063 -0.422634 0
    outer loop
      vertex -33.0756 -16.1321 1.8
      vertex -33.6185 -14.9679 4.5
      vertex -33.6185 -14.9679 1.8
    endloop
  endfacet
  facet normal -0.9063 -0.422634 0
    outer loop
      vertex -33.6185 -14.9679 4.5
      vertex -33.0756 -16.1321 1.8
      vertex -33.0756 -16.1321 4.5
    endloop
  endfacet
  facet normal -0.857184 -0.515011 0
    outer loop
      vertex -31.2082 -19.501 1.8
      vertex -31.8697 -18.4 4.5
      vertex -31.8697 -18.4 1.8
    endloop
  endfacet
  facet normal -0.857184 -0.515011 0
    outer loop
      vertex -31.8697 -18.4 4.5
      vertex -31.2082 -19.501 1.8
      vertex -31.2082 -19.501 4.5
    endloop
  endfacet
  facet normal -0.956311 -0.292351 0
    outer loop
      vertex -34.9989 -11.3718 1.8
      vertex -35.3744 -10.1435 4.5
      vertex -35.3744 -10.1435 1.8
    endloop
  endfacet
  facet normal -0.956311 -0.292351 0
    outer loop
      vertex -35.3744 -10.1435 4.5
      vertex -34.9989 -11.3718 1.8
      vertex -34.9989 -11.3718 4.5
    endloop
  endfacet
  facet normal -0.998631 -0.0523161 0
    outer loop
      vertex -36.7104 -2.56704 1.8
      vertex -36.7776 -1.2843 4.5
      vertex -36.7776 -1.2843 1.8
    endloop
  endfacet
  facet normal -0.998631 -0.0523161 0
    outer loop
      vertex -36.7776 -1.2843 4.5
      vertex -36.7104 -2.56704 1.8
      vertex -36.7104 -2.56704 4.5
    endloop
  endfacet
  facet normal 0.0871933 -0.996191 0
    outer loop
      vertex 2.56704 -36.7104 1.8
      vertex 3.84665 -36.5984 4.5
      vertex 2.56704 -36.7104 4.5
    endloop
  endfacet
  facet normal 0.0871933 -0.996191 0
    outer loop
      vertex 3.84665 -36.5984 4.5
      vertex 2.56704 -36.7104 1.8
      vertex 3.84665 -36.5984 1.8
    endloop
  endfacet
  facet normal 0.601817 -0.798634 0
    outer loop
      vertex 21.6305 -29.7718 1.8
      vertex 22.6563 -28.9988 4.5
      vertex 21.6305 -29.7718 4.5
    endloop
  endfacet
  facet normal 0.601817 -0.798634 0
    outer loop
      vertex 22.6563 -28.9988 4.5
      vertex 21.6305 -29.7718 1.8
      vertex 22.6563 -28.9988 1.8
    endloop
  endfacet
  facet normal 0.656065 -0.754704 0
    outer loop
      vertex 23.6546 -28.1904 1.8
      vertex 24.624 -27.3477 4.5
      vertex 23.6546 -28.1904 4.5
    endloop
  endfacet
  facet normal 0.656065 -0.754704 0
    outer loop
      vertex 24.624 -27.3477 4.5
      vertex 23.6546 -28.1904 1.8
      vertex 24.624 -27.3477 1.8
    endloop
  endfacet
  facet normal 0.453958 -0.891023 0
    outer loop
      vertex 16.1321 -33.0756 1.8
      vertex 17.2766 -32.4925 4.5
      vertex 16.1321 -33.0756 4.5
    endloop
  endfacet
  facet normal 0.453958 -0.891023 0
    outer loop
      vertex 17.2766 -32.4925 4.5
      vertex 16.1321 -33.0756 1.8
      vertex 17.2766 -32.4925 1.8
    endloop
  endfacet
  facet normal 0.484863 -0.87459 0
    outer loop
      vertex 17.2766 -32.4925 1.8
      vertex 18.4 -31.8697 4.5
      vertex 17.2766 -32.4925 4.5
    endloop
  endfacet
  facet normal 0.484863 -0.87459 0
    outer loop
      vertex 18.4 -31.8697 4.5
      vertex 17.2766 -32.4925 1.8
      vertex 18.4 -31.8697 1.8
    endloop
  endfacet
  facet normal 0.292351 -0.956311 0
    outer loop
      vertex 10.1435 -35.3744 1.8
      vertex 11.3718 -34.9989 4.5
      vertex 10.1435 -35.3744 4.5
    endloop
  endfacet
  facet normal 0.292351 -0.956311 0
    outer loop
      vertex 11.3718 -34.9989 4.5
      vertex 10.1435 -35.3744 1.8
      vertex 11.3718 -34.9989 1.8
    endloop
  endfacet
  facet normal 0.325578 -0.945515 0
    outer loop
      vertex 11.3718 -34.9989 1.8
      vertex 12.5863 -34.5807 4.5
      vertex 11.3718 -34.9989 4.5
    endloop
  endfacet
  facet normal 0.325578 -0.945515 0
    outer loop
      vertex 12.5863 -34.5807 4.5
      vertex 11.3718 -34.9989 1.8
      vertex 12.5863 -34.5807 1.8
    endloop
  endfacet
  facet normal 0.224914 -0.974379 0
    outer loop
      vertex 7.65115 -35.9958 1.8
      vertex 8.90273 -35.7069 4.5
      vertex 7.65115 -35.9958 4.5
    endloop
  endfacet
  facet normal 0.224914 -0.974379 0
    outer loop
      vertex 8.90273 -35.7069 4.5
      vertex 7.65115 -35.9958 1.8
      vertex 8.90273 -35.7069 1.8
    endloop
  endfacet
  facet normal 0.121838 -0.99255 0
    outer loop
      vertex 3.84665 -36.5984 1.8
      vertex 5.12157 -36.4419 4.5
      vertex 3.84665 -36.5984 4.5
    endloop
  endfacet
  facet normal 0.121838 -0.99255 0
    outer loop
      vertex 5.12157 -36.4419 4.5
      vertex 3.84665 -36.5984 1.8
      vertex 5.12157 -36.4419 1.8
    endloop
  endfacet
  facet normal 0.0523161 -0.998631 0
    outer loop
      vertex 1.2843 -36.7776 1.8
      vertex 2.56704 -36.7104 4.5
      vertex 1.2843 -36.7776 4.5
    endloop
  endfacet
  facet normal 0.0523161 -0.998631 0
    outer loop
      vertex 2.56704 -36.7104 4.5
      vertex 1.2843 -36.7776 1.8
      vertex 2.56704 -36.7104 1.8
    endloop
  endfacet
  facet normal 0.754704 -0.656065 0
    outer loop
      vertex 27.3477 -24.624 4.5
      vertex 28.1904 -23.6546 1.8
      vertex 28.1904 -23.6546 4.5
    endloop
  endfacet
  facet normal 0.754704 -0.656065 0
    outer loop
      vertex 28.1904 -23.6546 1.8
      vertex 27.3477 -24.624 4.5
      vertex 27.3477 -24.624 1.8
    endloop
  endfacet
  facet normal 0.857184 -0.515011 0
    outer loop
      vertex 31.2082 -19.501 4.5
      vertex 31.8697 -18.4 1.8
      vertex 31.8697 -18.4 4.5
    endloop
  endfacet
  facet normal 0.857184 -0.515011 0
    outer loop
      vertex 31.8697 -18.4 1.8
      vertex 31.2082 -19.501 4.5
      vertex 31.2082 -19.501 1.8
    endloop
  endfacet
  facet normal 0.777149 -0.629317 0
    outer loop
      vertex 28.1904 -23.6546 4.5
      vertex 28.9988 -22.6563 1.8
      vertex 28.9988 -22.6563 4.5
    endloop
  endfacet
  facet normal 0.777149 -0.629317 0
    outer loop
      vertex 28.9988 -22.6563 1.8
      vertex 28.1904 -23.6546 4.5
      vertex 28.1904 -23.6546 1.8
    endloop
  endfacet
  facet normal 0.707107 -0.707107 0
    outer loop
      vertex 25.5634 -26.4717 4.5
      vertex 26.4717 -25.5634 1.8
      vertex 26.4717 -25.5634 4.5
    endloop
  endfacet
  facet normal 0.707107 -0.707107 0
    outer loop
      vertex 26.4717 -25.5634 1.8
      vertex 25.5634 -26.4717 4.5
      vertex 25.5634 -26.4717 1.8
    endloop
  endfacet
  facet normal 0.945515 -0.325578 0
    outer loop
      vertex 34.5807 -12.5863 4.5
      vertex 34.9989 -11.3718 1.8
      vertex 34.9989 -11.3718 4.5
    endloop
  endfacet
  facet normal 0.945515 -0.325578 0
    outer loop
      vertex 34.9989 -11.3718 1.8
      vertex 34.5807 -12.5863 4.5
      vertex 34.5807 -12.5863 1.8
    endloop
  endfacet
  facet normal 0.956311 -0.292351 0
    outer loop
      vertex 34.9989 -11.3718 4.5
      vertex 35.3744 -10.1435 1.8
      vertex 35.3744 -10.1435 4.5
    endloop
  endfacet
  facet normal 0.956311 -0.292351 0
    outer loop
      vertex 35.3744 -10.1435 1.8
      vertex 34.9989 -11.3718 4.5
      vertex 34.9989 -11.3718 1.8
    endloop
  endfacet
  facet normal 0.933588 -0.358348 0
    outer loop
      vertex 34.1204 -13.7855 4.5
      vertex 34.5807 -12.5863 1.8
      vertex 34.5807 -12.5863 4.5
    endloop
  endfacet
  facet normal 0.933588 -0.358348 0
    outer loop
      vertex 34.5807 -12.5863 1.8
      vertex 34.1204 -13.7855 4.5
      vertex 34.1204 -13.7855 1.8
    endloop
  endfacet
  facet normal 0.981626 -0.190813 0
    outer loop
      vertex 35.9958 -7.65115 4.5
      vertex 36.2409 -6.39025 1.8
      vertex 36.2409 -6.39025 4.5
    endloop
  endfacet
  facet normal 0.981626 -0.190813 0
    outer loop
      vertex 36.2409 -6.39025 1.8
      vertex 35.9958 -7.65115 4.5
      vertex 35.9958 -7.65115 1.8
    endloop
  endfacet
  facet normal 0.996191 -0.0871933 0
    outer loop
      vertex 36.5984 -3.84665 4.5
      vertex 36.7104 -2.56704 1.8
      vertex 36.7104 -2.56704 4.5
    endloop
  endfacet
  facet normal 0.996191 -0.0871933 0
    outer loop
      vertex 36.7104 -2.56704 1.8
      vertex 36.5984 -3.84665 4.5
      vertex 36.5984 -3.84665 1.8
    endloop
  endfacet
  facet normal -0.996191 0.0871933 0
    outer loop
      vertex -36.7104 2.56704 1.8
      vertex -36.5984 3.84665 4.5
      vertex -36.5984 3.84665 1.8
    endloop
  endfacet
  facet normal -0.996191 0.0871933 0
    outer loop
      vertex -36.5984 3.84665 4.5
      vertex -36.7104 2.56704 1.8
      vertex -36.7104 2.56704 4.5
    endloop
  endfacet
  facet normal -0.981626 0.190813 0
    outer loop
      vertex -36.2409 6.39025 1.8
      vertex -35.9958 7.65115 4.5
      vertex -35.9958 7.65115 1.8
    endloop
  endfacet
  facet normal -0.981626 0.190813 0
    outer loop
      vertex -35.9958 7.65115 4.5
      vertex -36.2409 6.39025 1.8
      vertex -36.2409 6.39025 4.5
    endloop
  endfacet
  facet normal -0.99255 0.121838 0
    outer loop
      vertex -36.5984 3.84665 1.8
      vertex -36.4419 5.12157 4.5
      vertex -36.4419 5.12157 1.8
    endloop
  endfacet
  facet normal -0.99255 0.121838 0
    outer loop
      vertex -36.4419 5.12157 4.5
      vertex -36.5984 3.84665 1.8
      vertex -36.5984 3.84665 4.5
    endloop
  endfacet
  facet normal -0.945515 0.325578 0
    outer loop
      vertex -34.9989 11.3718 1.8
      vertex -34.5807 12.5863 4.5
      vertex -34.5807 12.5863 1.8
    endloop
  endfacet
  facet normal -0.945515 0.325578 0
    outer loop
      vertex -34.5807 12.5863 4.5
      vertex -34.9989 11.3718 1.8
      vertex -34.9989 11.3718 4.5
    endloop
  endfacet
  facet normal -0.920505 0.390732 0
    outer loop
      vertex -34.1204 13.7855 1.8
      vertex -33.6185 14.9679 4.5
      vertex -33.6185 14.9679 1.8
    endloop
  endfacet
  facet normal -0.920505 0.390732 0
    outer loop
      vertex -33.6185 14.9679 4.5
      vertex -34.1204 13.7855 1.8
      vertex -34.1204 13.7855 4.5
    endloop
  endfacet
  facet normal -0.965919 0.258846 0
    outer loop
      vertex -35.7069 8.90273 1.8
      vertex -35.3744 10.1435 4.5
      vertex -35.3744 10.1435 1.8
    endloop
  endfacet
  facet normal -0.965919 0.258846 0
    outer loop
      vertex -35.3744 10.1435 4.5
      vertex -35.7069 8.90273 1.8
      vertex -35.7069 8.90273 4.5
    endloop
  endfacet
  facet normal -0.798634 0.601817 0
    outer loop
      vertex -29.7718 21.6305 1.8
      vertex -28.9988 22.6563 4.5
      vertex -28.9988 22.6563 1.8
    endloop
  endfacet
  facet normal -0.798634 0.601817 0
    outer loop
      vertex -28.9988 22.6563 4.5
      vertex -29.7718 21.6305 1.8
      vertex -29.7718 21.6305 4.5
    endloop
  endfacet
  facet normal -0.754704 0.656065 0
    outer loop
      vertex -28.1904 23.6546 1.8
      vertex -27.3477 24.624 4.5
      vertex -27.3477 24.624 1.8
    endloop
  endfacet
  facet normal -0.754704 0.656065 0
    outer loop
      vertex -27.3477 24.624 4.5
      vertex -28.1904 23.6546 1.8
      vertex -28.1904 23.6546 4.5
    endloop
  endfacet
  facet normal -0.707107 0.707107 0
    outer loop
      vertex -26.4717 25.5634 1.8
      vertex -25.5634 26.4717 4.5
      vertex -25.5634 26.4717 1.8
    endloop
  endfacet
  facet normal -0.707107 0.707107 0
    outer loop
      vertex -25.5634 26.4717 4.5
      vertex -26.4717 25.5634 1.8
      vertex -26.4717 25.5634 4.5
    endloop
  endfacet
  facet normal -0.838673 0.544635 0
    outer loop
      vertex -31.2082 19.501 1.8
      vertex -30.5086 20.5783 4.5
      vertex -30.5086 20.5783 1.8
    endloop
  endfacet
  facet normal -0.838673 0.544635 0
    outer loop
      vertex -30.5086 20.5783 4.5
      vertex -31.2082 19.501 1.8
      vertex -31.2082 19.501 4.5
    endloop
  endfacet
  facet normal -0.891023 0.453958 0
    outer loop
      vertex -33.0756 16.1321 1.8
      vertex -32.4925 17.2766 4.5
      vertex -32.4925 17.2766 1.8
    endloop
  endfacet
  facet normal -0.891023 0.453958 0
    outer loop
      vertex -32.4925 17.2766 4.5
      vertex -33.0756 16.1321 1.8
      vertex -33.0756 16.1321 4.5
    endloop
  endfacet
  facet normal -0.358348 0.933588 0
    outer loop
      vertex -12.5863 34.5807 1.8
      vertex -13.7855 34.1204 4.5
      vertex -12.5863 34.5807 4.5
    endloop
  endfacet
  facet normal -0.358348 0.933588 0
    outer loop
      vertex -13.7855 34.1204 4.5
      vertex -12.5863 34.5807 1.8
      vertex -13.7855 34.1204 1.8
    endloop
  endfacet
  facet normal -0.292351 0.956311 0
    outer loop
      vertex -10.1435 35.3744 1.8
      vertex -11.3718 34.9989 4.5
      vertex -10.1435 35.3744 4.5
    endloop
  endfacet
  facet normal -0.292351 0.956311 0
    outer loop
      vertex -11.3718 34.9989 4.5
      vertex -10.1435 35.3744 1.8
      vertex -11.3718 34.9989 1.8
    endloop
  endfacet
  facet normal -0.190813 0.981626 0
    outer loop
      vertex -6.39025 36.2409 1.8
      vertex -7.65115 35.9958 4.5
      vertex -6.39025 36.2409 4.5
    endloop
  endfacet
  facet normal -0.190813 0.981626 0
    outer loop
      vertex -7.65115 35.9958 4.5
      vertex -6.39025 36.2409 1.8
      vertex -7.65115 35.9958 1.8
    endloop
  endfacet
  facet normal -0.258846 0.965919 0
    outer loop
      vertex -8.90273 35.7069 1.8
      vertex -10.1435 35.3744 4.5
      vertex -8.90273 35.7069 4.5
    endloop
  endfacet
  facet normal -0.258846 0.965919 0
    outer loop
      vertex -10.1435 35.3744 4.5
      vertex -8.90273 35.7069 1.8
      vertex -10.1435 35.3744 1.8
    endloop
  endfacet
  facet normal -0.156481 0.987681 0
    outer loop
      vertex -5.12157 36.4419 1.8
      vertex -6.39025 36.2409 4.5
      vertex -5.12157 36.4419 4.5
    endloop
  endfacet
  facet normal -0.156481 0.987681 0
    outer loop
      vertex -6.39025 36.2409 4.5
      vertex -5.12157 36.4419 1.8
      vertex -6.39025 36.2409 1.8
    endloop
  endfacet
  facet normal -0.0871933 0.996191 0
    outer loop
      vertex -2.56704 36.7104 1.8
      vertex -3.84665 36.5984 4.5
      vertex -2.56704 36.7104 4.5
    endloop
  endfacet
  facet normal -0.0871933 0.996191 0
    outer loop
      vertex -3.84665 36.5984 4.5
      vertex -2.56704 36.7104 1.8
      vertex -3.84665 36.5984 1.8
    endloop
  endfacet
  facet normal -0.0174388 0.999848 0
    outer loop
      vertex 0 36.8 1.8
      vertex -1.2843 36.7776 4.5
      vertex 0 36.8 4.5
    endloop
  endfacet
  facet normal -0.0174388 0.999848 0
    outer loop
      vertex -1.2843 36.7776 4.5
      vertex 0 36.8 1.8
      vertex -1.2843 36.7776 1.8
    endloop
  endfacet
  facet normal -0.484863 0.87459 0
    outer loop
      vertex -17.2766 32.4925 1.8
      vertex -18.4 31.8697 4.5
      vertex -17.2766 32.4925 4.5
    endloop
  endfacet
  facet normal -0.484863 0.87459 0
    outer loop
      vertex -18.4 31.8697 4.5
      vertex -17.2766 32.4925 1.8
      vertex -18.4 31.8697 1.8
    endloop
  endfacet
  facet normal -0.390732 0.920505 0
    outer loop
      vertex -13.7855 34.1204 1.8
      vertex -14.9679 33.6185 4.5
      vertex -13.7855 34.1204 4.5
    endloop
  endfacet
  facet normal -0.390732 0.920505 0
    outer loop
      vertex -14.9679 33.6185 4.5
      vertex -13.7855 34.1204 1.8
      vertex -14.9679 33.6185 1.8
    endloop
  endfacet
  facet normal -0.573598 0.819137 0
    outer loop
      vertex -20.5783 30.5086 1.8
      vertex -21.6305 29.7718 4.5
      vertex -20.5783 30.5086 4.5
    endloop
  endfacet
  facet normal -0.573598 0.819137 0
    outer loop
      vertex -21.6305 29.7718 4.5
      vertex -20.5783 30.5086 1.8
      vertex -21.6305 29.7718 1.8
    endloop
  endfacet
  facet normal -0.629317 0.777149 0
    outer loop
      vertex -22.6563 28.9988 1.8
      vertex -23.6546 28.1904 4.5
      vertex -22.6563 28.9988 4.5
    endloop
  endfacet
  facet normal -0.629317 0.777149 0
    outer loop
      vertex -23.6546 28.1904 4.5
      vertex -22.6563 28.9988 1.8
      vertex -23.6546 28.1904 1.8
    endloop
  endfacet
  facet normal -0.681996 0.731356 0
    outer loop
      vertex -24.624 27.3477 1.8
      vertex -25.5634 26.4717 4.5
      vertex -24.624 27.3477 4.5
    endloop
  endfacet
  facet normal -0.681996 0.731356 0
    outer loop
      vertex -25.5634 26.4717 4.5
      vertex -24.624 27.3477 1.8
      vertex -25.5634 26.4717 1.8
    endloop
  endfacet
  facet normal 0.0871933 0.996191 -0
    outer loop
      vertex 3.84665 36.5984 1.8
      vertex 2.56704 36.7104 4.5
      vertex 3.84665 36.5984 4.5
    endloop
  endfacet
  facet normal 0.0871933 0.996191 0
    outer loop
      vertex 2.56704 36.7104 4.5
      vertex 3.84665 36.5984 1.8
      vertex 2.56704 36.7104 1.8
    endloop
  endfacet
  facet normal 0.190813 0.981626 -0
    outer loop
      vertex 7.65115 35.9958 1.8
      vertex 6.39025 36.2409 4.5
      vertex 7.65115 35.9958 4.5
    endloop
  endfacet
  facet normal 0.190813 0.981626 0
    outer loop
      vertex 6.39025 36.2409 4.5
      vertex 7.65115 35.9958 1.8
      vertex 6.39025 36.2409 1.8
    endloop
  endfacet
  facet normal 0.121838 0.99255 -0
    outer loop
      vertex 5.12157 36.4419 1.8
      vertex 3.84665 36.5984 4.5
      vertex 5.12157 36.4419 4.5
    endloop
  endfacet
  facet normal 0.121838 0.99255 0
    outer loop
      vertex 3.84665 36.5984 4.5
      vertex 5.12157 36.4419 1.8
      vertex 3.84665 36.5984 1.8
    endloop
  endfacet
  facet normal 0.325578 0.945515 -0
    outer loop
      vertex 12.5863 34.5807 1.8
      vertex 11.3718 34.9989 4.5
      vertex 12.5863 34.5807 4.5
    endloop
  endfacet
  facet normal 0.325578 0.945515 0
    outer loop
      vertex 11.3718 34.9989 4.5
      vertex 12.5863 34.5807 1.8
      vertex 11.3718 34.9989 1.8
    endloop
  endfacet
  facet normal 0.390732 0.920505 -0
    outer loop
      vertex 14.9679 33.6185 1.8
      vertex 13.7855 34.1204 4.5
      vertex 14.9679 33.6185 4.5
    endloop
  endfacet
  facet normal 0.390732 0.920505 0
    outer loop
      vertex 13.7855 34.1204 4.5
      vertex 14.9679 33.6185 1.8
      vertex 13.7855 34.1204 1.8
    endloop
  endfacet
  facet normal 0.258846 0.965919 -0
    outer loop
      vertex 10.1435 35.3744 1.8
      vertex 8.90273 35.7069 4.5
      vertex 10.1435 35.3744 4.5
    endloop
  endfacet
  facet normal 0.258846 0.965919 0
    outer loop
      vertex 8.90273 35.7069 4.5
      vertex 10.1435 35.3744 1.8
      vertex 8.90273 35.7069 1.8
    endloop
  endfacet
  facet normal 0.292351 0.956311 -0
    outer loop
      vertex 11.3718 34.9989 1.8
      vertex 10.1435 35.3744 4.5
      vertex 11.3718 34.9989 4.5
    endloop
  endfacet
  facet normal 0.292351 0.956311 0
    outer loop
      vertex 10.1435 35.3744 4.5
      vertex 11.3718 34.9989 1.8
      vertex 10.1435 35.3744 1.8
    endloop
  endfacet
  facet normal 0.601817 0.798634 -0
    outer loop
      vertex 22.6563 28.9988 1.8
      vertex 21.6305 29.7718 4.5
      vertex 22.6563 28.9988 4.5
    endloop
  endfacet
  facet normal 0.601817 0.798634 0
    outer loop
      vertex 21.6305 29.7718 4.5
      vertex 22.6563 28.9988 1.8
      vertex 21.6305 29.7718 1.8
    endloop
  endfacet
  facet normal 0.681996 0.731356 -0
    outer loop
      vertex 25.5634 26.4717 1.8
      vertex 24.624 27.3477 4.5
      vertex 25.5634 26.4717 4.5
    endloop
  endfacet
  facet normal 0.681996 0.731356 0
    outer loop
      vertex 24.624 27.3477 4.5
      vertex 25.5634 26.4717 1.8
      vertex 24.624 27.3477 1.8
    endloop
  endfacet
  facet normal 0.656065 0.754704 -0
    outer loop
      vertex 24.624 27.3477 1.8
      vertex 23.6546 28.1904 4.5
      vertex 24.624 27.3477 4.5
    endloop
  endfacet
  facet normal 0.656065 0.754704 0
    outer loop
      vertex 23.6546 28.1904 4.5
      vertex 24.624 27.3477 1.8
      vertex 23.6546 28.1904 1.8
    endloop
  endfacet
  facet normal 0.707107 0.707107 0
    outer loop
      vertex 26.4717 25.5634 4.5
      vertex 25.5634 26.4717 1.8
      vertex 25.5634 26.4717 4.5
    endloop
  endfacet
  facet normal 0.707107 0.707107 0
    outer loop
      vertex 25.5634 26.4717 1.8
      vertex 26.4717 25.5634 4.5
      vertex 26.4717 25.5634 1.8
    endloop
  endfacet
  facet normal 0.544635 0.838673 -0
    outer loop
      vertex 20.5783 30.5086 1.8
      vertex 19.501 31.2082 4.5
      vertex 20.5783 30.5086 4.5
    endloop
  endfacet
  facet normal 0.544635 0.838673 0
    outer loop
      vertex 19.501 31.2082 4.5
      vertex 20.5783 30.5086 1.8
      vertex 19.501 31.2082 1.8
    endloop
  endfacet
  facet normal 0.453958 0.891023 -0
    outer loop
      vertex 17.2766 32.4925 1.8
      vertex 16.1321 33.0756 4.5
      vertex 17.2766 32.4925 4.5
    endloop
  endfacet
  facet normal 0.453958 0.891023 0
    outer loop
      vertex 16.1321 33.0756 4.5
      vertex 17.2766 32.4925 1.8
      vertex 16.1321 33.0756 1.8
    endloop
  endfacet
  facet normal 0.484863 0.87459 -0
    outer loop
      vertex 18.4 31.8697 1.8
      vertex 17.2766 32.4925 4.5
      vertex 18.4 31.8697 4.5
    endloop
  endfacet
  facet normal 0.484863 0.87459 0
    outer loop
      vertex 17.2766 32.4925 4.5
      vertex 18.4 31.8697 1.8
      vertex 17.2766 32.4925 1.8
    endloop
  endfacet
  facet normal 0.731356 0.681996 0
    outer loop
      vertex 27.3477 24.624 4.5
      vertex 26.4717 25.5634 1.8
      vertex 26.4717 25.5634 4.5
    endloop
  endfacet
  facet normal 0.731356 0.681996 0
    outer loop
      vertex 26.4717 25.5634 1.8
      vertex 27.3477 24.624 4.5
      vertex 27.3477 24.624 1.8
    endloop
  endfacet
  facet normal 0.777149 0.629317 0
    outer loop
      vertex 28.9988 22.6563 4.5
      vertex 28.1904 23.6546 1.8
      vertex 28.1904 23.6546 4.5
    endloop
  endfacet
  facet normal 0.777149 0.629317 0
    outer loop
      vertex 28.1904 23.6546 1.8
      vertex 28.9988 22.6563 4.5
      vertex 28.9988 22.6563 1.8
    endloop
  endfacet
  facet normal 0.819137 0.573598 0
    outer loop
      vertex 30.5086 20.5783 4.5
      vertex 29.7718 21.6305 1.8
      vertex 29.7718 21.6305 4.5
    endloop
  endfacet
  facet normal 0.819137 0.573598 0
    outer loop
      vertex 29.7718 21.6305 1.8
      vertex 30.5086 20.5783 4.5
      vertex 30.5086 20.5783 1.8
    endloop
  endfacet
  facet normal 0.920505 0.390732 0
    outer loop
      vertex 34.1204 13.7855 4.5
      vertex 33.6185 14.9679 1.8
      vertex 33.6185 14.9679 4.5
    endloop
  endfacet
  facet normal 0.920505 0.390732 0
    outer loop
      vertex 33.6185 14.9679 1.8
      vertex 34.1204 13.7855 4.5
      vertex 34.1204 13.7855 1.8
    endloop
  endfacet
  facet normal 0.87459 0.484863 0
    outer loop
      vertex 32.4925 17.2766 4.5
      vertex 31.8697 18.4 1.8
      vertex 31.8697 18.4 4.5
    endloop
  endfacet
  facet normal 0.87459 0.484863 0
    outer loop
      vertex 31.8697 18.4 1.8
      vertex 32.4925 17.2766 4.5
      vertex 32.4925 17.2766 1.8
    endloop
  endfacet
  facet normal 0.891023 0.453958 0
    outer loop
      vertex 33.0756 16.1321 4.5
      vertex 32.4925 17.2766 1.8
      vertex 32.4925 17.2766 4.5
    endloop
  endfacet
  facet normal 0.891023 0.453958 0
    outer loop
      vertex 32.4925 17.2766 1.8
      vertex 33.0756 16.1321 4.5
      vertex 33.0756 16.1321 1.8
    endloop
  endfacet
  facet normal 0.945515 0.325578 0
    outer loop
      vertex 34.9989 11.3718 4.5
      vertex 34.5807 12.5863 1.8
      vertex 34.5807 12.5863 4.5
    endloop
  endfacet
  facet normal 0.945515 0.325578 0
    outer loop
      vertex 34.5807 12.5863 1.8
      vertex 34.9989 11.3718 4.5
      vertex 34.9989 11.3718 1.8
    endloop
  endfacet
  facet normal 0.965919 0.258846 0
    outer loop
      vertex 35.7069 8.90273 4.5
      vertex 35.3744 10.1435 1.8
      vertex 35.3744 10.1435 4.5
    endloop
  endfacet
  facet normal 0.965919 0.258846 0
    outer loop
      vertex 35.3744 10.1435 1.8
      vertex 35.7069 8.90273 4.5
      vertex 35.7069 8.90273 1.8
    endloop
  endfacet
  facet normal 0.974379 0.224914 0
    outer loop
      vertex 35.9958 7.65115 4.5
      vertex 35.7069 8.90273 1.8
      vertex 35.7069 8.90273 4.5
    endloop
  endfacet
  facet normal 0.974379 0.224914 0
    outer loop
      vertex 35.7069 8.90273 1.8
      vertex 35.9958 7.65115 4.5
      vertex 35.9958 7.65115 1.8
    endloop
  endfacet
  facet normal 0.956311 0.292351 0
    outer loop
      vertex 35.3744 10.1435 4.5
      vertex 34.9989 11.3718 1.8
      vertex 34.9989 11.3718 4.5
    endloop
  endfacet
  facet normal 0.956311 0.292351 0
    outer loop
      vertex 34.9989 11.3718 1.8
      vertex 35.3744 10.1435 4.5
      vertex 35.3744 10.1435 1.8
    endloop
  endfacet
  facet normal 0.987681 0.156481 0
    outer loop
      vertex 36.4419 5.12157 4.5
      vertex 36.2409 6.39025 1.8
      vertex 36.2409 6.39025 4.5
    endloop
  endfacet
  facet normal 0.987681 0.156481 0
    outer loop
      vertex 36.2409 6.39025 1.8
      vertex 36.4419 5.12157 4.5
      vertex 36.4419 5.12157 1.8
    endloop
  endfacet
  facet normal 0.998631 0.0523161 0
    outer loop
      vertex 36.7776 1.2843 4.5
      vertex 36.7104 2.56704 1.8
      vertex 36.7104 2.56704 4.5
    endloop
  endfacet
  facet normal 0.998631 0.0523161 0
    outer loop
      vertex 36.7104 2.56704 1.8
      vertex 36.7776 1.2843 4.5
      vertex 36.7776 1.2843 1.8
    endloop
  endfacet
  facet normal 0.996191 0.0871933 0
    outer loop
      vertex 36.7104 2.56704 4.5
      vertex 36.5984 3.84665 1.8
      vertex 36.5984 3.84665 4.5
    endloop
  endfacet
  facet normal 0.996191 0.0871933 0
    outer loop
      vertex 36.5984 3.84665 1.8
      vertex 36.7104 2.56704 4.5
      vertex 36.7104 2.56704 1.8
    endloop
  endfacet
  facet normal -0.156481 -0.987681 0
    outer loop
      vertex -6.39025 -36.2409 1.8
      vertex -5.12157 -36.4419 4.5
      vertex -6.39025 -36.2409 4.5
    endloop
  endfacet
  facet normal -0.156481 -0.987681 -0
    outer loop
      vertex -5.12157 -36.4419 4.5
      vertex -6.39025 -36.2409 1.8
      vertex -5.12157 -36.4419 1.8
    endloop
  endfacet
  facet normal -0.121838 -0.99255 0
    outer loop
      vertex -5.12157 -36.4419 1.8
      vertex -3.84665 -36.5984 4.5
      vertex -5.12157 -36.4419 4.5
    endloop
  endfacet
  facet normal -0.121838 -0.99255 -0
    outer loop
      vertex -3.84665 -36.5984 4.5
      vertex -5.12157 -36.4419 1.8
      vertex -3.84665 -36.5984 1.8
    endloop
  endfacet
  facet normal -0.358348 -0.933588 0
    outer loop
      vertex -13.7855 -34.1204 1.8
      vertex -12.5863 -34.5807 4.5
      vertex -13.7855 -34.1204 4.5
    endloop
  endfacet
  facet normal -0.358348 -0.933588 -0
    outer loop
      vertex -12.5863 -34.5807 4.5
      vertex -13.7855 -34.1204 1.8
      vertex -12.5863 -34.5807 1.8
    endloop
  endfacet
  facet normal -0.601817 -0.798634 0
    outer loop
      vertex -22.6563 -28.9988 1.8
      vertex -21.6305 -29.7718 4.5
      vertex -22.6563 -28.9988 4.5
    endloop
  endfacet
  facet normal -0.601817 -0.798634 -0
    outer loop
      vertex -21.6305 -29.7718 4.5
      vertex -22.6563 -28.9988 1.8
      vertex -21.6305 -29.7718 1.8
    endloop
  endfacet
  facet normal -0.681996 -0.731356 0
    outer loop
      vertex -25.5634 -26.4717 1.8
      vertex -24.624 -27.3477 4.5
      vertex -25.5634 -26.4717 4.5
    endloop
  endfacet
  facet normal -0.681996 -0.731356 -0
    outer loop
      vertex -24.624 -27.3477 4.5
      vertex -25.5634 -26.4717 1.8
      vertex -24.624 -27.3477 1.8
    endloop
  endfacet
  facet normal -0.754704 -0.656065 0
    outer loop
      vertex -27.3477 -24.624 1.8
      vertex -28.1904 -23.6546 4.5
      vertex -28.1904 -23.6546 1.8
    endloop
  endfacet
  facet normal -0.754704 -0.656065 0
    outer loop
      vertex -28.1904 -23.6546 4.5
      vertex -27.3477 -24.624 1.8
      vertex -27.3477 -24.624 4.5
    endloop
  endfacet
  facet normal -0.731356 -0.681996 0
    outer loop
      vertex -26.4717 -25.5634 1.8
      vertex -27.3477 -24.624 4.5
      vertex -27.3477 -24.624 1.8
    endloop
  endfacet
  facet normal -0.731356 -0.681996 0
    outer loop
      vertex -27.3477 -24.624 4.5
      vertex -26.4717 -25.5634 1.8
      vertex -26.4717 -25.5634 4.5
    endloop
  endfacet
  facet normal -0.819137 -0.573598 0
    outer loop
      vertex -29.7718 -21.6305 1.8
      vertex -30.5086 -20.5783 4.5
      vertex -30.5086 -20.5783 1.8
    endloop
  endfacet
  facet normal -0.819137 -0.573598 0
    outer loop
      vertex -30.5086 -20.5783 4.5
      vertex -29.7718 -21.6305 1.8
      vertex -29.7718 -21.6305 4.5
    endloop
  endfacet
  facet normal -0.945515 -0.325578 0
    outer loop
      vertex -34.5807 -12.5863 1.8
      vertex -34.9989 -11.3718 4.5
      vertex -34.9989 -11.3718 1.8
    endloop
  endfacet
  facet normal -0.945515 -0.325578 0
    outer loop
      vertex -34.9989 -11.3718 4.5
      vertex -34.5807 -12.5863 1.8
      vertex -34.5807 -12.5863 4.5
    endloop
  endfacet
  facet normal -0.933588 -0.358348 0
    outer loop
      vertex -34.1204 -13.7855 1.8
      vertex -34.5807 -12.5863 4.5
      vertex -34.5807 -12.5863 1.8
    endloop
  endfacet
  facet normal -0.933588 -0.358348 0
    outer loop
      vertex -34.5807 -12.5863 4.5
      vertex -34.1204 -13.7855 1.8
      vertex -34.1204 -13.7855 4.5
    endloop
  endfacet
  facet normal -0.974379 -0.224914 0
    outer loop
      vertex -35.7069 -8.90273 1.8
      vertex -35.9958 -7.65115 4.5
      vertex -35.9958 -7.65115 1.8
    endloop
  endfacet
  facet normal -0.974379 -0.224914 0
    outer loop
      vertex -35.9958 -7.65115 4.5
      vertex -35.7069 -8.90273 1.8
      vertex -35.7069 -8.90273 4.5
    endloop
  endfacet
  facet normal -0.965919 -0.258846 0
    outer loop
      vertex -35.3744 -10.1435 1.8
      vertex -35.7069 -8.90273 4.5
      vertex -35.7069 -8.90273 1.8
    endloop
  endfacet
  facet normal -0.965919 -0.258846 0
    outer loop
      vertex -35.7069 -8.90273 4.5
      vertex -35.3744 -10.1435 1.8
      vertex -35.3744 -10.1435 4.5
    endloop
  endfacet
  facet normal -0.99255 -0.121838 0
    outer loop
      vertex -36.4419 -5.12157 1.8
      vertex -36.5984 -3.84665 4.5
      vertex -36.5984 -3.84665 1.8
    endloop
  endfacet
  facet normal -0.99255 -0.121838 0
    outer loop
      vertex -36.5984 -3.84665 4.5
      vertex -36.4419 -5.12157 1.8
      vertex -36.4419 -5.12157 4.5
    endloop
  endfacet
  facet normal -0.987681 -0.156481 0
    outer loop
      vertex -36.2409 -6.39025 1.8
      vertex -36.4419 -5.12157 4.5
      vertex -36.4419 -5.12157 1.8
    endloop
  endfacet
  facet normal -0.987681 -0.156481 0
    outer loop
      vertex -36.4419 -5.12157 4.5
      vertex -36.2409 -6.39025 1.8
      vertex -36.2409 -6.39025 4.5
    endloop
  endfacet
  facet normal -0.999848 -0.0174388 0
    outer loop
      vertex -36.7776 -1.2843 1.8
      vertex -36.8 0 4.5
      vertex -36.8 0 1.8
    endloop
  endfacet
  facet normal -0.999848 -0.0174388 0
    outer loop
      vertex -36.8 0 4.5
      vertex -36.7776 -1.2843 1.8
      vertex -36.7776 -1.2843 4.5
    endloop
  endfacet
  facet normal 0.629317 -0.777149 0
    outer loop
      vertex 22.6563 -28.9988 1.8
      vertex 23.6546 -28.1904 4.5
      vertex 22.6563 -28.9988 4.5
    endloop
  endfacet
  facet normal 0.629317 -0.777149 0
    outer loop
      vertex 23.6546 -28.1904 4.5
      vertex 22.6563 -28.9988 1.8
      vertex 23.6546 -28.1904 1.8
    endloop
  endfacet
  facet normal 0.544635 -0.838673 0
    outer loop
      vertex 19.501 -31.2082 1.8
      vertex 20.5783 -30.5086 4.5
      vertex 19.501 -31.2082 4.5
    endloop
  endfacet
  facet normal 0.544635 -0.838673 0
    outer loop
      vertex 20.5783 -30.5086 4.5
      vertex 19.501 -31.2082 1.8
      vertex 20.5783 -30.5086 1.8
    endloop
  endfacet
  facet normal 0.573598 -0.819137 0
    outer loop
      vertex 20.5783 -30.5086 1.8
      vertex 21.6305 -29.7718 4.5
      vertex 20.5783 -30.5086 4.5
    endloop
  endfacet
  facet normal 0.573598 -0.819137 0
    outer loop
      vertex 21.6305 -29.7718 4.5
      vertex 20.5783 -30.5086 1.8
      vertex 21.6305 -29.7718 1.8
    endloop
  endfacet
  facet normal 0.422634 -0.9063 0
    outer loop
      vertex 14.9679 -33.6185 1.8
      vertex 16.1321 -33.0756 4.5
      vertex 14.9679 -33.6185 4.5
    endloop
  endfacet
  facet normal 0.422634 -0.9063 0
    outer loop
      vertex 16.1321 -33.0756 4.5
      vertex 14.9679 -33.6185 1.8
      vertex 16.1321 -33.0756 1.8
    endloop
  endfacet
  facet normal 0.390732 -0.920505 0
    outer loop
      vertex 13.7855 -34.1204 1.8
      vertex 14.9679 -33.6185 4.5
      vertex 13.7855 -34.1204 4.5
    endloop
  endfacet
  facet normal 0.390732 -0.920505 0
    outer loop
      vertex 14.9679 -33.6185 4.5
      vertex 13.7855 -34.1204 1.8
      vertex 14.9679 -33.6185 1.8
    endloop
  endfacet
  facet normal 0.258846 -0.965919 0
    outer loop
      vertex 8.90273 -35.7069 1.8
      vertex 10.1435 -35.3744 4.5
      vertex 8.90273 -35.7069 4.5
    endloop
  endfacet
  facet normal 0.258846 -0.965919 0
    outer loop
      vertex 10.1435 -35.3744 4.5
      vertex 8.90273 -35.7069 1.8
      vertex 10.1435 -35.3744 1.8
    endloop
  endfacet
  facet normal 0.156481 -0.987681 0
    outer loop
      vertex 5.12157 -36.4419 1.8
      vertex 6.39025 -36.2409 4.5
      vertex 5.12157 -36.4419 4.5
    endloop
  endfacet
  facet normal 0.156481 -0.987681 0
    outer loop
      vertex 6.39025 -36.2409 4.5
      vertex 5.12157 -36.4419 1.8
      vertex 6.39025 -36.2409 1.8
    endloop
  endfacet
  facet normal 0.0174388 -0.999848 0
    outer loop
      vertex 0 -36.8 1.8
      vertex 1.2843 -36.7776 4.5
      vertex 0 -36.8 4.5
    endloop
  endfacet
  facet normal 0.0174388 -0.999848 0
    outer loop
      vertex 1.2843 -36.7776 4.5
      vertex 0 -36.8 1.8
      vertex 1.2843 -36.7776 1.8
    endloop
  endfacet
  facet normal 0.87459 -0.484863 0
    outer loop
      vertex 31.8697 -18.4 4.5
      vertex 32.4925 -17.2766 1.8
      vertex 32.4925 -17.2766 4.5
    endloop
  endfacet
  facet normal 0.87459 -0.484863 0
    outer loop
      vertex 32.4925 -17.2766 1.8
      vertex 31.8697 -18.4 4.5
      vertex 31.8697 -18.4 1.8
    endloop
  endfacet
  facet normal 0.891023 -0.453958 0
    outer loop
      vertex 32.4925 -17.2766 4.5
      vertex 33.0756 -16.1321 1.8
      vertex 33.0756 -16.1321 4.5
    endloop
  endfacet
  facet normal 0.891023 -0.453958 0
    outer loop
      vertex 33.0756 -16.1321 1.8
      vertex 32.4925 -17.2766 4.5
      vertex 32.4925 -17.2766 1.8
    endloop
  endfacet
  facet normal 0.838673 -0.544635 0
    outer loop
      vertex 30.5086 -20.5783 4.5
      vertex 31.2082 -19.501 1.8
      vertex 31.2082 -19.501 4.5
    endloop
  endfacet
  facet normal 0.838673 -0.544635 0
    outer loop
      vertex 31.2082 -19.501 1.8
      vertex 30.5086 -20.5783 4.5
      vertex 30.5086 -20.5783 1.8
    endloop
  endfacet
  facet normal 0.819137 -0.573598 0
    outer loop
      vertex 29.7718 -21.6305 4.5
      vertex 30.5086 -20.5783 1.8
      vertex 30.5086 -20.5783 4.5
    endloop
  endfacet
  facet normal 0.819137 -0.573598 0
    outer loop
      vertex 30.5086 -20.5783 1.8
      vertex 29.7718 -21.6305 4.5
      vertex 29.7718 -21.6305 1.8
    endloop
  endfacet
  facet normal 0.731356 -0.681996 0
    outer loop
      vertex 26.4717 -25.5634 4.5
      vertex 27.3477 -24.624 1.8
      vertex 27.3477 -24.624 4.5
    endloop
  endfacet
  facet normal 0.731356 -0.681996 0
    outer loop
      vertex 27.3477 -24.624 1.8
      vertex 26.4717 -25.5634 4.5
      vertex 26.4717 -25.5634 1.8
    endloop
  endfacet
  facet normal 0.965919 -0.258846 0
    outer loop
      vertex 35.3744 -10.1435 4.5
      vertex 35.7069 -8.90273 1.8
      vertex 35.7069 -8.90273 4.5
    endloop
  endfacet
  facet normal 0.965919 -0.258846 0
    outer loop
      vertex 35.7069 -8.90273 1.8
      vertex 35.3744 -10.1435 4.5
      vertex 35.3744 -10.1435 1.8
    endloop
  endfacet
  facet normal 0.920505 -0.390732 0
    outer loop
      vertex 33.6185 -14.9679 4.5
      vertex 34.1204 -13.7855 1.8
      vertex 34.1204 -13.7855 4.5
    endloop
  endfacet
  facet normal 0.920505 -0.390732 0
    outer loop
      vertex 34.1204 -13.7855 1.8
      vertex 33.6185 -14.9679 4.5
      vertex 33.6185 -14.9679 1.8
    endloop
  endfacet
  facet normal 0.99255 -0.121838 0
    outer loop
      vertex 36.4419 -5.12157 4.5
      vertex 36.5984 -3.84665 1.8
      vertex 36.5984 -3.84665 4.5
    endloop
  endfacet
  facet normal 0.99255 -0.121838 0
    outer loop
      vertex 36.5984 -3.84665 1.8
      vertex 36.4419 -5.12157 4.5
      vertex 36.4419 -5.12157 1.8
    endloop
  endfacet
  facet normal -0.987681 0.156481 0
    outer loop
      vertex -36.4419 5.12157 1.8
      vertex -36.2409 6.39025 4.5
      vertex -36.2409 6.39025 1.8
    endloop
  endfacet
  facet normal -0.987681 0.156481 0
    outer loop
      vertex -36.2409 6.39025 4.5
      vertex -36.4419 5.12157 1.8
      vertex -36.4419 5.12157 4.5
    endloop
  endfacet
  facet normal -0.933588 0.358348 0
    outer loop
      vertex -34.5807 12.5863 1.8
      vertex -34.1204 13.7855 4.5
      vertex -34.1204 13.7855 1.8
    endloop
  endfacet
  facet normal -0.933588 0.358348 0
    outer loop
      vertex -34.1204 13.7855 4.5
      vertex -34.5807 12.5863 1.8
      vertex -34.5807 12.5863 4.5
    endloop
  endfacet
  facet normal -0.777149 0.629317 0
    outer loop
      vertex -28.9988 22.6563 1.8
      vertex -28.1904 23.6546 4.5
      vertex -28.1904 23.6546 1.8
    endloop
  endfacet
  facet normal -0.777149 0.629317 0
    outer loop
      vertex -28.1904 23.6546 4.5
      vertex -28.9988 22.6563 1.8
      vertex -28.9988 22.6563 4.5
    endloop
  endfacet
  facet normal -0.731356 0.681996 0
    outer loop
      vertex -27.3477 24.624 1.8
      vertex -26.4717 25.5634 4.5
      vertex -26.4717 25.5634 1.8
    endloop
  endfacet
  facet normal -0.731356 0.681996 0
    outer loop
      vertex -26.4717 25.5634 4.5
      vertex -27.3477 24.624 1.8
      vertex -27.3477 24.624 4.5
    endloop
  endfacet
  facet normal -0.325578 0.945515 0
    outer loop
      vertex -11.3718 34.9989 1.8
      vertex -12.5863 34.5807 4.5
      vertex -11.3718 34.9989 4.5
    endloop
  endfacet
  facet normal -0.325578 0.945515 0
    outer loop
      vertex -12.5863 34.5807 4.5
      vertex -11.3718 34.9989 1.8
      vertex -12.5863 34.5807 1.8
    endloop
  endfacet
  facet normal -0.224914 0.974379 0
    outer loop
      vertex -7.65115 35.9958 1.8
      vertex -8.90273 35.7069 4.5
      vertex -7.65115 35.9958 4.5
    endloop
  endfacet
  facet normal -0.224914 0.974379 0
    outer loop
      vertex -8.90273 35.7069 4.5
      vertex -7.65115 35.9958 1.8
      vertex -8.90273 35.7069 1.8
    endloop
  endfacet
  facet normal -0.121838 0.99255 0
    outer loop
      vertex -3.84665 36.5984 1.8
      vertex -5.12157 36.4419 4.5
      vertex -3.84665 36.5984 4.5
    endloop
  endfacet
  facet normal -0.121838 0.99255 0
    outer loop
      vertex -5.12157 36.4419 4.5
      vertex -3.84665 36.5984 1.8
      vertex -5.12157 36.4419 1.8
    endloop
  endfacet
  facet normal -0.656065 0.754704 0
    outer loop
      vertex -23.6546 28.1904 1.8
      vertex -24.624 27.3477 4.5
      vertex -23.6546 28.1904 4.5
    endloop
  endfacet
  facet normal -0.656065 0.754704 0
    outer loop
      vertex -24.624 27.3477 4.5
      vertex -23.6546 28.1904 1.8
      vertex -24.624 27.3477 1.8
    endloop
  endfacet
  facet normal 0.156481 0.987681 -0
    outer loop
      vertex 6.39025 36.2409 1.8
      vertex 5.12157 36.4419 4.5
      vertex 6.39025 36.2409 4.5
    endloop
  endfacet
  facet normal 0.156481 0.987681 0
    outer loop
      vertex 5.12157 36.4419 4.5
      vertex 6.39025 36.2409 1.8
      vertex 5.12157 36.4419 1.8
    endloop
  endfacet
  facet normal 0.358348 0.933588 -0
    outer loop
      vertex 13.7855 34.1204 1.8
      vertex 12.5863 34.5807 4.5
      vertex 13.7855 34.1204 4.5
    endloop
  endfacet
  facet normal 0.358348 0.933588 0
    outer loop
      vertex 12.5863 34.5807 4.5
      vertex 13.7855 34.1204 1.8
      vertex 12.5863 34.5807 1.8
    endloop
  endfacet
  facet normal 0.629317 0.777149 -0
    outer loop
      vertex 23.6546 28.1904 1.8
      vertex 22.6563 28.9988 4.5
      vertex 23.6546 28.1904 4.5
    endloop
  endfacet
  facet normal 0.629317 0.777149 0
    outer loop
      vertex 22.6563 28.9988 4.5
      vertex 23.6546 28.1904 1.8
      vertex 22.6563 28.9988 1.8
    endloop
  endfacet
  facet normal 0.754704 0.656065 0
    outer loop
      vertex 28.1904 23.6546 4.5
      vertex 27.3477 24.624 1.8
      vertex 27.3477 24.624 4.5
    endloop
  endfacet
  facet normal 0.754704 0.656065 0
    outer loop
      vertex 27.3477 24.624 1.8
      vertex 28.1904 23.6546 4.5
      vertex 28.1904 23.6546 1.8
    endloop
  endfacet
  facet normal 0.99255 0.121838 0
    outer loop
      vertex 36.5984 3.84665 4.5
      vertex 36.4419 5.12157 1.8
      vertex 36.4419 5.12157 4.5
    endloop
  endfacet
  facet normal 0.99255 0.121838 0
    outer loop
      vertex 36.4419 5.12157 1.8
      vertex 36.5984 3.84665 4.5
      vertex 36.5984 3.84665 1.8
    endloop
  endfacet
  facet normal -0.325578 -0.945515 0
    outer loop
      vertex -12.5863 -34.5807 1.8
      vertex -11.3718 -34.9989 4.5
      vertex -12.5863 -34.5807 4.5
    endloop
  endfacet
  facet normal -0.325578 -0.945515 -0
    outer loop
      vertex -11.3718 -34.9989 4.5
      vertex -12.5863 -34.5807 1.8
      vertex -11.3718 -34.9989 1.8
    endloop
  endfacet
  facet normal -0.258846 -0.965919 0
    outer loop
      vertex -10.1435 -35.3744 1.8
      vertex -8.90273 -35.7069 4.5
      vertex -10.1435 -35.3744 4.5
    endloop
  endfacet
  facet normal -0.258846 -0.965919 -0
    outer loop
      vertex -8.90273 -35.7069 4.5
      vertex -10.1435 -35.3744 1.8
      vertex -8.90273 -35.7069 1.8
    endloop
  endfacet
  facet normal -0.656065 -0.754704 0
    outer loop
      vertex -24.624 -27.3477 1.8
      vertex -23.6546 -28.1904 4.5
      vertex -24.624 -27.3477 4.5
    endloop
  endfacet
  facet normal -0.656065 -0.754704 -0
    outer loop
      vertex -23.6546 -28.1904 4.5
      vertex -24.624 -27.3477 1.8
      vertex -23.6546 -28.1904 1.8
    endloop
  endfacet
  facet normal -0.453958 -0.891023 0
    outer loop
      vertex -17.2766 -32.4925 1.8
      vertex -16.1321 -33.0756 4.5
      vertex -17.2766 -32.4925 4.5
    endloop
  endfacet
  facet normal -0.453958 -0.891023 -0
    outer loop
      vertex -16.1321 -33.0756 4.5
      vertex -17.2766 -32.4925 1.8
      vertex -16.1321 -33.0756 1.8
    endloop
  endfacet
  facet normal -0.87459 -0.484863 0
    outer loop
      vertex -31.8697 -18.4 1.8
      vertex -32.4925 -17.2766 4.5
      vertex -32.4925 -17.2766 1.8
    endloop
  endfacet
  facet normal -0.87459 -0.484863 0
    outer loop
      vertex -32.4925 -17.2766 4.5
      vertex -31.8697 -18.4 1.8
      vertex -31.8697 -18.4 4.5
    endloop
  endfacet
  facet normal -0.999848 0.0174388 0
    outer loop
      vertex -36.8 0 1.8
      vertex -36.7776 1.2843 4.5
      vertex -36.7776 1.2843 1.8
    endloop
  endfacet
  facet normal -0.999848 0.0174388 0
    outer loop
      vertex -36.7776 1.2843 4.5
      vertex -36.8 0 1.8
      vertex -36.8 0 4.5
    endloop
  endfacet
  facet normal -0 0 1
    outer loop
      vertex 38.1 1.2 1.8
      vertex 39.2 -1.2 1.8
      vertex 39.2 1.2 1.8
    endloop
  endfacet
  facet normal 0 0 1
    outer loop
      vertex 39.2 -1.2 1.8
      vertex 38.1 1.2 1.8
      vertex 38.1 -1.2 1.8
    endloop
  endfacet
  facet normal -1 0 0
    outer loop
      vertex 39.2 -1.2 1.8
      vertex 39.2 1.2 4.5
      vertex 39.2 1.2 1.8
    endloop
  endfacet
  facet normal -1 -0 0
    outer loop
      vertex 39.2 1.2 4.5
      vertex 39.2 -1.2 1.8
      vertex 39.2 -1.2 4.5
    endloop
  endfacet
  facet normal 0 -1 0
    outer loop
      vertex 38.7791 1.2 1.8
      vertex 39.2 1.2 4.5
      vertex 38.7791 1.2 4.5
    endloop
  endfacet
  facet normal 0 -1 0
    outer loop
      vertex 38.7791 1.2 1.8
      vertex 39.2 1.2 1.8
      vertex 39.2 1.2 4.5
    endloop
  endfacet
  facet normal 0 0 0
    outer loop
      vertex 39.2 1.2 1.8
      vertex 38.7791 1.2 1.8
      vertex 38.1 1.2 1.8
    endloop
  endfacet
  facet normal 0 1 0
    outer loop
      vertex 39.2 -1.2 4.5
      vertex 38.7791 -1.2 1.8
      vertex 38.7791 -1.2 4.5
    endloop
  endfacet
  facet normal 0 1 -0
    outer loop
      vertex 39.2 -1.2 1.8
      vertex 38.7791 -1.2 1.8
      vertex 39.2 -1.2 4.5
    endloop
  endfacet
  facet normal 0 0 0
    outer loop
      vertex 38.1 -1.2 1.8
      vertex 38.7791 -1.2 1.8
      vertex 39.2 -1.2 1.8
    endloop
  endfacet
  facet normal 0.113054 0.0652705 0.991443
    outer loop
      vertex 19.3038 -33.6551 2.21448
      vertex 19.7623 -34.7728 2.23578
      vertex 19.9984 -34.6419 2.20024
    endloop
  endfacet
  facet normal 0.113036 0.0652633 0.991445
    outer loop
      vertex 19.7623 -34.7728 2.23578
      vertex 19.3038 -33.6551 2.21448
      vertex 19.1623 -33.7336 2.23578
    endloop
  endfacet
  facet normal 0.112272 0.064822 0.991561
    outer loop
      vertex 19.4 -33.6018 2.2
      vertex 19.9984 -34.6419 2.20024
      vertex 20 -34.641 2.2
    endloop
  endfacet
  facet normal 0.113064 0.0652778 0.991441
    outer loop
      vertex 19.9984 -34.6419 2.20024
      vertex 19.4 -33.6018 2.2
      vertex 19.3038 -33.6551 2.21448
    endloop
  endfacet
  facet normal -0.110925 -0.0640446 0.991763
    outer loop
      vertex 19.633 -33.4618 2.23578
      vertex 20.2311 -34.5022 2.23549
      vertex 20.233 -34.501 2.23578
    endloop
  endfacet
  facet normal -0.113 -0.0652371 0.991451
    outer loop
      vertex 20.2311 -34.5022 2.23549
      vertex 19.633 -33.4618 2.23578
      vertex 19.5386 -33.5185 2.22129
    endloop
  endfacet
  facet normal 0.331492 0.191367 0.923846
    outer loop
      vertex 18.9408 -33.8563 2.34067
      vertex 19.5429 -34.8944 2.33966
      vertex 19.0308 -33.8064 2.29804
    endloop
  endfacet
  facet normal 0.333719 0.19266 0.922775
    outer loop
      vertex 19.5429 -34.8944 2.33966
      vertex 18.9408 -33.8563 2.34067
      vertex 19.5408 -34.8956 2.34067
    endloop
  endfacet
  facet normal 0.858619 0.495738 -0.13045
    outer loop
      vertex 19.1128 -35.1328 3.52176
      vertex 18.4815 -34.1109 3.25
      vertex 18.5128 -34.0936 3.52176
    endloop
  endfacet
  facet normal 0.858619 0.495738 -0.13045
    outer loop
      vertex 18.4815 -34.1109 3.25
      vertex 19.1128 -35.1328 3.52176
      vertex 19.0815 -35.1501 3.25
    endloop
  endfacet
  facet normal 0.858619 0.495738 0.13045
    outer loop
      vertex 18.4815 -34.1109 3.25
      vertex 19.1128 -35.1328 2.97824
      vertex 18.5128 -34.0936 2.97824
    endloop
  endfacet
  facet normal 0.858619 0.495738 0.13045
    outer loop
      vertex 19.1128 -35.1328 2.97824
      vertex 18.4815 -34.1109 3.25
      vertex 19.0815 -35.1501 3.25
    endloop
  endfacet
  facet normal -0.858614 -0.495736 0.13049
    outer loop
      vertex 20.2695 -33.0793 2.97824
      vertex 20.8699 -34.1183 2.98163
      vertex 20.2821 -33.0718 3.08964
    endloop
  endfacet
  facet normal -0.856901 -0.494699 0.144888
    outer loop
      vertex 20.8699 -34.1183 2.98163
      vertex 20.2695 -33.0793 2.97824
      vertex 20.8695 -34.1186 2.97824
    endloop
  endfacet
  facet normal -0.11306 -0.0652774 -0.991441
    outer loop
      vertex 20 -34.641 4.3
      vertex 19.4 -33.6018 4.3
      vertex 19.5386 -33.5185 4.27871
    endloop
  endfacet
  facet normal -0.113052 -0.0652739 -0.991443
    outer loop
      vertex 20.2311 -34.5022 4.26451
      vertex 20 -34.641 4.3
      vertex 19.5386 -33.5185 4.27871
    endloop
  endfacet
  facet normal -0.527206 -0.304384 -0.79335
    outer loop
      vertex 20.4501 -34.3706 4.15933
      vertex 19.9605 -33.265 4.0605
      vertex 20.6345 -34.2598 3.99428
    endloop
  endfacet
  facet normal -0.527311 -0.304423 -0.793265
    outer loop
      vertex 19.9605 -33.265 4.0605
      vertex 20.4501 -34.3706 4.15933
      vertex 19.8501 -33.3313 4.15933
    endloop
  endfacet
  facet normal 0.527074 0.304286 0.793475
    outer loop
      vertex 18.8281 -33.9188 2.4395
      vertex 19.5408 -34.8956 2.34067
      vertex 18.9408 -33.8563 2.34067
    endloop
  endfacet
  facet normal 0.527144 0.304344 0.793406
    outer loop
      vertex 19.5408 -34.8956 2.34067
      vertex 18.8281 -33.9188 2.4395
      vertex 19.3526 -34.9999 2.50572
    endloop
  endfacet
  facet normal 0.687151 0.396721 0.608635
    outer loop
      vertex 18.6046 -34.0427 2.725
      vertex 19.3489 -35.0019 2.50991
      vertex 18.6909 -33.9949 2.59641
    endloop
  endfacet
  facet normal 0.687178 0.396754 0.608583
    outer loop
      vertex 19.3489 -35.0019 2.50991
      vertex 18.6046 -34.0427 2.725
      vertex 19.2046 -35.0819 2.725
    endloop
  endfacet
  facet normal 0.331397 0.191324 -0.923889
    outer loop
      vertex 19.0308 -33.8064 4.20196
      vertex 19.7623 -34.7728 4.26422
      vertex 19.5429 -34.8944 4.16034
    endloop
  endfacet
  facet normal 0.331461 0.191375 -0.923856
    outer loop
      vertex 19.7623 -34.7728 4.26422
      vertex 19.0308 -33.8064 4.20196
      vertex 19.1623 -33.7336 4.26422
    endloop
  endfacet
  facet normal -0.532824 -0.307606 -0.788338
    outer loop
      vertex 20.6345 -34.2598 3.99428
      vertex 20.0365 -33.2193 3.99246
      vertex 20.6365 -34.2586 3.99246
    endloop
  endfacet
  facet normal -0.527215 -0.30439 -0.793342
    outer loop
      vertex 20.0365 -33.2193 3.99246
      vertex 20.6345 -34.2598 3.99428
      vertex 19.9605 -33.265 4.0605
    endloop
  endfacet
  facet normal -0.331415 -0.191328 -0.923882
    outer loop
      vertex 19.7212 -33.4088 4.22162
      vertex 20.4501 -34.3706 4.15933
      vertex 20.2348 -34.5 4.26336
    endloop
  endfacet
  facet normal -0.331421 -0.191333 -0.923879
    outer loop
      vertex 20.4501 -34.3706 4.15933
      vertex 19.7212 -33.4088 4.22162
      vertex 19.8501 -33.3313 4.15933
    endloop
  endfacet
  facet normal -0.686999 -0.396635 -0.608862
    outer loop
      vertex 20.7779 -34.1736 3.77758
      vertex 20.0365 -33.2193 3.99246
      vertex 20.1211 -33.1685 3.86391
    endloop
  endfacet
  facet normal -0.686963 -0.396592 -0.60893
    outer loop
      vertex 20.0365 -33.2193 3.99246
      vertex 20.7779 -34.1736 3.77758
      vertex 20.6365 -34.2586 3.99246
    endloop
  endfacet
  facet normal 0.800019 0.461879 0.382932
    outer loop
      vertex 18.5128 -34.0936 2.97824
      vertex 19.2035 -35.0825 2.72801
      vertex 18.567 -34.0635 2.8287
    endloop
  endfacet
  facet normal 0.800041 0.461917 0.38284
    outer loop
      vertex 19.2035 -35.0825 2.72801
      vertex 18.5128 -34.0936 2.97824
      vertex 19.1128 -35.1328 2.97824
    endloop
  endfacet
  facet normal 0.331461 0.191375 0.923856
    outer loop
      vertex 19.0308 -33.8064 2.29804
      vertex 19.7623 -34.7728 2.23578
      vertex 19.1623 -33.7336 2.23578
    endloop
  endfacet
  facet normal 0.331397 0.191324 0.923889
    outer loop
      vertex 19.7623 -34.7728 2.23578
      vertex 19.0308 -33.8064 2.29804
      vertex 19.5429 -34.8944 2.33966
    endloop
  endfacet
  facet normal 0.687161 0.396744 0.608608
    outer loop
      vertex 18.6909 -33.9949 2.59641
      vertex 19.3505 -35.001 2.50754
      vertex 18.7505 -33.9618 2.50754
    endloop
  endfacet
  facet normal 0.684888 0.394924 0.612343
    outer loop
      vertex 19.3505 -35.001 2.50754
      vertex 18.6909 -33.9949 2.59641
      vertex 19.3489 -35.0019 2.50991
    endloop
  endfacet
  facet normal 0.112272 0.064822 -0.991561
    outer loop
      vertex 19.9984 -34.6419 4.29976
      vertex 19.4 -33.6018 4.3
      vertex 20 -34.641 4.3
    endloop
  endfacet
  facet normal 0.113064 0.0652778 -0.991441
    outer loop
      vertex 19.4 -33.6018 4.3
      vertex 19.9984 -34.6419 4.29976
      vertex 19.3038 -33.6551 4.28552
    endloop
  endfacet
  facet normal -0.800105 -0.46191 0.382715
    outer loop
      vertex 20.1796 -33.1334 2.725
      vertex 20.8695 -34.1186 2.97824
      vertex 20.2695 -33.0793 2.97824
    endloop
  endfacet
  facet normal -0.800142 -0.461976 0.38256
    outer loop
      vertex 20.8695 -34.1186 2.97824
      vertex 20.1796 -33.1334 2.725
      vertex 20.7796 -34.1726 2.725
    endloop
  endfacet
  facet normal -0.687098 -0.396708 0.608702
    outer loop
      vertex 20.1211 -33.1685 2.63609
      vertex 20.7796 -34.1726 2.725
      vertex 20.1796 -33.1334 2.725
    endloop
  endfacet
  facet normal -0.687937 -0.397381 0.607315
    outer loop
      vertex 20.7796 -34.1726 2.725
      vertex 20.1211 -33.1685 2.63609
      vertex 20.7779 -34.1736 2.72242
    endloop
  endfacet
  facet normal -0.532824 -0.307606 0.788338
    outer loop
      vertex 20.0365 -33.2193 2.50754
      vertex 20.6345 -34.2598 2.50572
      vertex 20.6365 -34.2586 2.50754
    endloop
  endfacet
  facet normal -0.527215 -0.30439 0.793342
    outer loop
      vertex 20.6345 -34.2598 2.50572
      vertex 20.0365 -33.2193 2.50754
      vertex 19.9605 -33.265 2.4395
    endloop
  endfacet
  facet normal 0.800074 0.461936 0.382749
    outer loop
      vertex 18.567 -34.0635 2.8287
      vertex 19.2046 -35.0819 2.725
      vertex 18.6046 -34.0427 2.725
    endloop
  endfacet
  facet normal 0.799621 0.461504 0.384214
    outer loop
      vertex 19.2046 -35.0819 2.725
      vertex 18.567 -34.0635 2.8287
      vertex 19.2035 -35.0825 2.72801
    endloop
  endfacet
  facet normal 0.687161 0.396744 -0.608608
    outer loop
      vertex 19.3505 -35.001 3.99246
      vertex 18.6909 -33.9949 3.90359
      vertex 18.7505 -33.9618 3.99246
    endloop
  endfacet
  facet normal 0.684888 0.394924 -0.612343
    outer loop
      vertex 18.6909 -33.9949 3.90359
      vertex 19.3505 -35.001 3.99246
      vertex 19.3489 -35.0019 3.99009
    endloop
  endfacet
  facet normal 0.687151 0.396721 -0.608635
    outer loop
      vertex 19.3489 -35.0019 3.99009
      vertex 18.6046 -34.0427 3.775
      vertex 18.6909 -33.9949 3.90359
    endloop
  endfacet
  facet normal 0.687178 0.396754 -0.608583
    outer loop
      vertex 18.6046 -34.0427 3.775
      vertex 19.3489 -35.0019 3.99009
      vertex 19.2046 -35.0819 3.775
    endloop
  endfacet
  facet normal 0.800019 0.461879 -0.382932
    outer loop
      vertex 19.2035 -35.0825 3.77199
      vertex 18.5128 -34.0936 3.52176
      vertex 18.567 -34.0635 3.6713
    endloop
  endfacet
  facet normal 0.800041 0.461917 -0.38284
    outer loop
      vertex 18.5128 -34.0936 3.52176
      vertex 19.2035 -35.0825 3.77199
      vertex 19.1128 -35.1328 3.52176
    endloop
  endfacet
  facet normal -0.687098 -0.396708 -0.608702
    outer loop
      vertex 20.7796 -34.1726 3.775
      vertex 20.1211 -33.1685 3.86391
      vertex 20.1796 -33.1334 3.775
    endloop
  endfacet
  facet normal -0.687937 -0.397381 -0.607315
    outer loop
      vertex 20.1211 -33.1685 3.86391
      vertex 20.7796 -34.1726 3.775
      vertex 20.7779 -34.1736 3.77758
    endloop
  endfacet
  facet normal -0.33131 -0.191281 0.923929
    outer loop
      vertex 19.633 -33.4618 2.23578
      vertex 20.2348 -34.5 2.23664
      vertex 19.7212 -33.4088 2.27838
    endloop
  endfacet
  facet normal -0.333794 -0.192722 0.922735
    outer loop
      vertex 20.2348 -34.5 2.23664
      vertex 19.633 -33.4618 2.23578
      vertex 20.233 -34.501 2.23578
    endloop
  endfacet
  facet normal 0.52708 0.304316 0.79346
    outer loop
      vertex 18.7505 -33.9618 2.50754
      vertex 19.3526 -34.9999 2.50572
      vertex 18.8281 -33.9188 2.4395
    endloop
  endfacet
  facet normal 0.527649 0.304648 0.792954
    outer loop
      vertex 19.3526 -34.9999 2.50572
      vertex 18.7505 -33.9618 2.50754
      vertex 19.3505 -35.001 2.50754
    endloop
  endfacet
  facet normal 0.333719 0.19266 -0.922775
    outer loop
      vertex 18.9408 -33.8563 4.15933
      vertex 19.5429 -34.8944 4.16034
      vertex 19.5408 -34.8956 4.15933
    endloop
  endfacet
  facet normal 0.331492 0.191367 -0.923846
    outer loop
      vertex 19.5429 -34.8944 4.16034
      vertex 18.9408 -33.8563 4.15933
      vertex 19.0308 -33.8064 4.20196
    endloop
  endfacet
  facet normal -0.333794 -0.192722 -0.922735
    outer loop
      vertex 19.633 -33.4618 4.26422
      vertex 20.2348 -34.5 4.26336
      vertex 20.233 -34.501 4.26422
    endloop
  endfacet
  facet normal -0.33131 -0.191281 -0.923929
    outer loop
      vertex 20.2348 -34.5 4.26336
      vertex 19.633 -33.4618 4.26422
      vertex 19.7212 -33.4088 4.22162
    endloop
  endfacet
  facet normal -0.110925 -0.0640446 -0.991763
    outer loop
      vertex 20.2311 -34.5022 4.26451
      vertex 19.633 -33.4618 4.26422
      vertex 20.233 -34.501 4.26422
    endloop
  endfacet
  facet normal -0.113 -0.0652371 -0.991451
    outer loop
      vertex 19.633 -33.4618 4.26422
      vertex 20.2311 -34.5022 4.26451
      vertex 19.5386 -33.5185 4.27871
    endloop
  endfacet
  facet normal 0.800074 0.461936 -0.382749
    outer loop
      vertex 19.2046 -35.0819 3.775
      vertex 18.567 -34.0635 3.6713
      vertex 18.6046 -34.0427 3.775
    endloop
  endfacet
  facet normal 0.799621 0.461504 -0.384214
    outer loop
      vertex 18.567 -34.0635 3.6713
      vertex 19.2046 -35.0819 3.775
      vertex 19.2035 -35.0825 3.77199
    endloop
  endfacet
  facet normal -0.858601 -0.495728 0.130607
    outer loop
      vertex 20.2821 -33.0718 3.08964
      vertex 20.9002 -34.1001 3.25
      vertex 20.3002 -33.0609 3.25
    endloop
  endfacet
  facet normal -0.858603 -0.495737 0.130559
    outer loop
      vertex 20.9002 -34.1001 3.25
      vertex 20.2821 -33.0718 3.08964
      vertex 20.8699 -34.1183 2.98163
    endloop
  endfacet
  facet normal -0.800105 -0.46191 -0.382715
    outer loop
      vertex 20.8695 -34.1186 3.52176
      vertex 20.1796 -33.1334 3.775
      vertex 20.2695 -33.0793 3.52176
    endloop
  endfacet
  facet normal -0.800142 -0.461976 -0.38256
    outer loop
      vertex 20.1796 -33.1334 3.775
      vertex 20.8695 -34.1186 3.52176
      vertex 20.7796 -34.1726 3.775
    endloop
  endfacet
  facet normal -0.527206 -0.304384 0.79335
    outer loop
      vertex 19.9605 -33.265 2.4395
      vertex 20.4501 -34.3706 2.34067
      vertex 20.6345 -34.2598 2.50572
    endloop
  endfacet
  facet normal -0.527311 -0.304423 0.793265
    outer loop
      vertex 20.4501 -34.3706 2.34067
      vertex 19.9605 -33.265 2.4395
      vertex 19.8501 -33.3313 2.34067
    endloop
  endfacet
  facet normal -0.331421 -0.191333 0.923879
    outer loop
      vertex 19.7212 -33.4088 2.27838
      vertex 20.4501 -34.3706 2.34067
      vertex 19.8501 -33.3313 2.34067
    endloop
  endfacet
  facet normal -0.331415 -0.191328 0.923882
    outer loop
      vertex 20.4501 -34.3706 2.34067
      vertex 19.7212 -33.4088 2.27838
      vertex 20.2348 -34.5 2.23664
    endloop
  endfacet
  facet normal -0.686999 -0.396635 0.608862
    outer loop
      vertex 20.0365 -33.2193 2.50754
      vertex 20.7779 -34.1736 2.72242
      vertex 20.1211 -33.1685 2.63609
    endloop
  endfacet
  facet normal -0.686963 -0.396592 0.60893
    outer loop
      vertex 20.7779 -34.1736 2.72242
      vertex 20.0365 -33.2193 2.50754
      vertex 20.6365 -34.2586 2.50754
    endloop
  endfacet
  facet normal 0.527144 0.304344 -0.793406
    outer loop
      vertex 18.8281 -33.9188 4.0605
      vertex 19.5408 -34.8956 4.15933
      vertex 19.3526 -34.9999 3.99428
    endloop
  endfacet
  facet normal 0.527074 0.304286 -0.793475
    outer loop
      vertex 19.5408 -34.8956 4.15933
      vertex 18.8281 -33.9188 4.0605
      vertex 18.9408 -33.8563 4.15933
    endloop
  endfacet
  facet normal 0.527649 0.304648 -0.792954
    outer loop
      vertex 18.7505 -33.9618 3.99246
      vertex 19.3526 -34.9999 3.99428
      vertex 19.3505 -35.001 3.99246
    endloop
  endfacet
  facet normal 0.52708 0.304316 -0.79346
    outer loop
      vertex 19.3526 -34.9999 3.99428
      vertex 18.7505 -33.9618 3.99246
      vertex 18.8281 -33.9188 4.0605
    endloop
  endfacet
  facet normal 0.113054 0.0652705 -0.991443
    outer loop
      vertex 19.7623 -34.7728 4.26422
      vertex 19.3038 -33.6551 4.28552
      vertex 19.9984 -34.6419 4.29976
    endloop
  endfacet
  facet normal 0.113036 0.0652633 -0.991445
    outer loop
      vertex 19.3038 -33.6551 4.28552
      vertex 19.7623 -34.7728 4.26422
      vertex 19.1623 -33.7336 4.26422
    endloop
  endfacet
  facet normal -0.858601 -0.495728 -0.130607
    outer loop
      vertex 20.9002 -34.1001 3.25
      vertex 20.2821 -33.0718 3.41036
      vertex 20.3002 -33.0609 3.25
    endloop
  endfacet
  facet normal -0.858603 -0.495737 -0.130559
    outer loop
      vertex 20.2821 -33.0718 3.41036
      vertex 20.9002 -34.1001 3.25
      vertex 20.8699 -34.1183 3.51837
    endloop
  endfacet
  facet normal -0.113052 -0.0652739 0.991443
    outer loop
      vertex 19.5386 -33.5185 2.22129
      vertex 20 -34.641 2.2
      vertex 20.2311 -34.5022 2.23549
    endloop
  endfacet
  facet normal -0.11306 -0.0652774 0.991441
    outer loop
      vertex 19.4 -33.6018 2.2
      vertex 20 -34.641 2.2
      vertex 19.5386 -33.5185 2.22129
    endloop
  endfacet
  facet normal -0.858614 -0.495736 -0.13049
    outer loop
      vertex 20.8699 -34.1183 3.51837
      vertex 20.2695 -33.0793 3.52176
      vertex 20.2821 -33.0718 3.41036
    endloop
  endfacet
  facet normal -0.856901 -0.494699 -0.144888
    outer loop
      vertex 20.2695 -33.0793 3.52176
      vertex 20.8699 -34.1183 3.51837
      vertex 20.8695 -34.1186 3.52176
    endloop
  endfacet
  facet normal 0 -0.130534 0.991444
    outer loop
      vertex -39.9953 0.27176 2.23578
      vertex -38.8 0 2.2
      vertex -38.7953 0.27176 2.23578
    endloop
  endfacet
  facet normal 0 -0.130534 0.991444
    outer loop
      vertex -38.8 0 2.2
      vertex -39.9953 0.27176 2.23578
      vertex -40 0 2.2
    endloop
  endfacet
  facet normal 0 -0.923883 0.382676
    outer loop
      vertex -38.7841 0.909327 2.725
      vertex -39.9823 1.01422 2.97824
      vertex -39.9841 0.909327 2.725
    endloop
  endfacet
  facet normal 0 -0.923883 0.382676
    outer loop
      vertex -39.9823 1.01422 2.97824
      vertex -38.7841 0.909327 2.725
      vertex -38.7823 1.01422 2.97824
    endloop
  endfacet
  facet normal 0 -0.382666 -0.923887
    outer loop
      vertex -38.7953 0.27176 4.26422
      vertex -39.9908 0.525 4.15933
      vertex -38.7908 0.525 4.15933
    endloop
  endfacet
  facet normal 0 -0.382666 -0.923887
    outer loop
      vertex -39.9908 0.525 4.15933
      vertex -38.7953 0.27176 4.26422
      vertex -39.9953 0.27176 4.26422
    endloop
  endfacet
  facet normal 0 0.923883 -0.382676
    outer loop
      vertex -39.9823 -1.01422 3.52176
      vertex -38.7841 -0.909327 3.775
      vertex -38.7823 -1.01422 3.52176
    endloop
  endfacet
  facet normal 0 0.923883 -0.382676
    outer loop
      vertex -38.7841 -0.909327 3.775
      vertex -39.9823 -1.01422 3.52176
      vertex -39.9841 -0.909327 3.775
    endloop
  endfacet
  facet normal 0 -0.382666 0.923887
    outer loop
      vertex -39.9908 0.525 2.34067
      vertex -38.7953 0.27176 2.23578
      vertex -38.7908 0.525 2.34067
    endloop
  endfacet
  facet normal 0 -0.382666 0.923887
    outer loop
      vertex -38.7953 0.27176 2.23578
      vertex -39.9908 0.525 2.34067
      vertex -39.9953 0.27176 2.23578
    endloop
  endfacet
  facet normal 0 -0.991444 0.130534
    outer loop
      vertex -39.9823 1.01422 2.97824
      vertex -38.7817 1.05 3.25
      vertex -39.9817 1.05 3.25
    endloop
  endfacet
  facet normal 0 -0.991444 0.130534
    outer loop
      vertex -38.7817 1.05 3.25
      vertex -39.9823 1.01422 2.97824
      vertex -38.7823 1.01422 2.97824
    endloop
  endfacet
  facet normal 0 -0.923883 -0.382676
    outer loop
      vertex -39.9823 1.01422 3.52176
      vertex -38.7841 0.909327 3.775
      vertex -39.9841 0.909327 3.775
    endloop
  endfacet
  facet normal 0 -0.923883 -0.382676
    outer loop
      vertex -38.7841 0.909327 3.775
      vertex -39.9823 1.01422 3.52176
      vertex -38.7823 1.01422 3.52176
    endloop
  endfacet
  facet normal 0 -0.608776 -0.793342
    outer loop
      vertex -38.7908 0.525 4.15933
      vertex -39.987 0.742461 3.99246
      vertex -38.787 0.742461 3.99246
    endloop
  endfacet
  facet normal 0 -0.608776 -0.793342
    outer loop
      vertex -39.987 0.742461 3.99246
      vertex -38.7908 0.525 4.15933
      vertex -39.9908 0.525 4.15933
    endloop
  endfacet
  facet normal 0 -0.793348 -0.608768
    outer loop
      vertex -39.9841 0.909327 3.775
      vertex -38.787 0.742461 3.99246
      vertex -39.987 0.742461 3.99246
    endloop
  endfacet
  facet normal 0 -0.793348 -0.608768
    outer loop
      vertex -38.787 0.742461 3.99246
      vertex -39.9841 0.909327 3.775
      vertex -38.7841 0.909327 3.775
    endloop
  endfacet
  facet normal 0 0.130534 0.991444
    outer loop
      vertex -38.8 0 2.2
      vertex -39.9953 -0.27176 2.23578
      vertex -38.7953 -0.27176 2.23578
    endloop
  endfacet
  facet normal 0 0.130534 0.991444
    outer loop
      vertex -39.9953 -0.27176 2.23578
      vertex -38.8 0 2.2
      vertex -40 0 2.2
    endloop
  endfacet
  facet normal 0 0.793348 0.608768
    outer loop
      vertex -38.787 -0.742461 2.50754
      vertex -39.9841 -0.909327 2.725
      vertex -38.7841 -0.909327 2.725
    endloop
  endfacet
  facet normal 0 0.793348 0.608768
    outer loop
      vertex -39.9841 -0.909327 2.725
      vertex -38.787 -0.742461 2.50754
      vertex -39.987 -0.742461 2.50754
    endloop
  endfacet
  facet normal 0 0.382666 -0.923887
    outer loop
      vertex -39.9908 -0.525 4.15933
      vertex -38.7953 -0.27176 4.26422
      vertex -38.7908 -0.525 4.15933
    endloop
  endfacet
  facet normal 0 0.382666 -0.923887
    outer loop
      vertex -38.7953 -0.27176 4.26422
      vertex -39.9908 -0.525 4.15933
      vertex -39.9953 -0.27176 4.26422
    endloop
  endfacet
  facet normal 0 0.793348 -0.608768
    outer loop
      vertex -39.9841 -0.909327 3.775
      vertex -38.787 -0.742461 3.99246
      vertex -38.7841 -0.909327 3.775
    endloop
  endfacet
  facet normal 0 0.793348 -0.608768
    outer loop
      vertex -38.787 -0.742461 3.99246
      vertex -39.9841 -0.909327 3.775
      vertex -39.987 -0.742461 3.99246
    endloop
  endfacet
  facet normal 0 0.608776 -0.793342
    outer loop
      vertex -39.987 -0.742461 3.99246
      vertex -38.7908 -0.525 4.15933
      vertex -38.787 -0.742461 3.99246
    endloop
  endfacet
  facet normal 0 0.608776 -0.793342
    outer loop
      vertex -38.7908 -0.525 4.15933
      vertex -39.987 -0.742461 3.99246
      vertex -39.9908 -0.525 4.15933
    endloop
  endfacet
  facet normal 0 -0.608776 0.793342
    outer loop
      vertex -39.987 0.742461 2.50754
      vertex -38.7908 0.525 2.34067
      vertex -38.787 0.742461 2.50754
    endloop
  endfacet
  facet normal 0 -0.608776 0.793342
    outer loop
      vertex -38.7908 0.525 2.34067
      vertex -39.987 0.742461 2.50754
      vertex -39.9908 0.525 2.34067
    endloop
  endfacet
  facet normal 0 -0.793348 0.608768
    outer loop
      vertex -38.787 0.742461 2.50754
      vertex -39.9841 0.909327 2.725
      vertex -39.987 0.742461 2.50754
    endloop
  endfacet
  facet normal 0 -0.793348 0.608768
    outer loop
      vertex -39.9841 0.909327 2.725
      vertex -38.787 0.742461 2.50754
      vertex -38.7841 0.909327 2.725
    endloop
  endfacet
  facet normal 0 -0.130534 -0.991444
    outer loop
      vertex -38.8 0 4.3
      vertex -39.9953 0.27176 4.26422
      vertex -38.7953 0.27176 4.26422
    endloop
  endfacet
  facet normal 0 -0.130534 -0.991444
    outer loop
      vertex -39.9953 0.27176 4.26422
      vertex -38.8 0 4.3
      vertex -40 0 4.3
    endloop
  endfacet
  facet normal 0 -0.991444 -0.130534
    outer loop
      vertex -39.9817 1.05 3.25
      vertex -38.7823 1.01422 3.52176
      vertex -39.9823 1.01422 3.52176
    endloop
  endfacet
  facet normal 0 -0.991444 -0.130534
    outer loop
      vertex -38.7823 1.01422 3.52176
      vertex -39.9817 1.05 3.25
      vertex -38.7817 1.05 3.25
    endloop
  endfacet
  facet normal 0 0.382666 0.923887
    outer loop
      vertex -38.7953 -0.27176 2.23578
      vertex -39.9908 -0.525 2.34067
      vertex -38.7908 -0.525 2.34067
    endloop
  endfacet
  facet normal 0 0.382666 0.923887
    outer loop
      vertex -39.9908 -0.525 2.34067
      vertex -38.7953 -0.27176 2.23578
      vertex -39.9953 -0.27176 2.23578
    endloop
  endfacet
  facet normal 0 0.991444 0.130534
    outer loop
      vertex -38.7823 -1.01422 2.97824
      vertex -39.9817 -1.05 3.25
      vertex -38.7817 -1.05 3.25
    endloop
  endfacet
  facet normal 0 0.991444 0.130534
    outer loop
      vertex -39.9817 -1.05 3.25
      vertex -38.7823 -1.01422 2.97824
      vertex -39.9823 -1.01422 2.97824
    endloop
  endfacet
  facet normal 0 0.608776 0.793342
    outer loop
      vertex -38.7908 -0.525 2.34067
      vertex -39.987 -0.742461 2.50754
      vertex -38.787 -0.742461 2.50754
    endloop
  endfacet
  facet normal 0 0.608776 0.793342
    outer loop
      vertex -39.987 -0.742461 2.50754
      vertex -38.7908 -0.525 2.34067
      vertex -39.9908 -0.525 2.34067
    endloop
  endfacet
  facet normal 0 0.923883 0.382676
    outer loop
      vertex -38.7841 -0.909327 2.725
      vertex -39.9823 -1.01422 2.97824
      vertex -38.7823 -1.01422 2.97824
    endloop
  endfacet
  facet normal 0 0.923883 0.382676
    outer loop
      vertex -39.9823 -1.01422 2.97824
      vertex -38.7841 -0.909327 2.725
      vertex -39.9841 -0.909327 2.725
    endloop
  endfacet
  facet normal 0 0.991444 -0.130534
    outer loop
      vertex -38.7817 -1.05 3.25
      vertex -39.9823 -1.01422 3.52176
      vertex -38.7823 -1.01422 3.52176
    endloop
  endfacet
  facet normal 0 0.991444 -0.130534
    outer loop
      vertex -39.9823 -1.01422 3.52176
      vertex -38.7817 -1.05 3.25
      vertex -39.9817 -1.05 3.25
    endloop
  endfacet
  facet normal 0 0.130534 -0.991444
    outer loop
      vertex -39.9953 -0.27176 4.26422
      vertex -38.8 0 4.3
      vertex -38.7953 -0.27176 4.26422
    endloop
  endfacet
  facet normal 0 0.130534 -0.991444
    outer loop
      vertex -38.8 0 4.3
      vertex -39.9953 -0.27176 4.26422
      vertex -40 0 4.3
    endloop
  endfacet
  facet normal -0.110925 0.0640446 0.991763
    outer loop
      vertex 20.2311 34.5022 2.23549
      vertex 19.633 33.4618 2.23578
      vertex 20.233 34.501 2.23578
    endloop
  endfacet
  facet normal -0.113 0.0652371 0.991451
    outer loop
      vertex 19.633 33.4618 2.23578
      vertex 20.2311 34.5022 2.23549
      vertex 19.5386 33.5185 2.22129
    endloop
  endfacet
  facet normal -0.11306 0.0652774 0.991441
    outer loop
      vertex 20 34.641 2.2
      vertex 19.4 33.6018 2.2
      vertex 19.5386 33.5185 2.22129
    endloop
  endfacet
  facet normal -0.113052 0.0652739 0.991443
    outer loop
      vertex 20.2311 34.5022 2.23549
      vertex 20 34.641 2.2
      vertex 19.5386 33.5185 2.22129
    endloop
  endfacet
  facet normal 0.687178 -0.396754 -0.608583
    outer loop
      vertex 19.3489 35.0019 3.99009
      vertex 18.6046 34.0427 3.775
      vertex 19.2046 35.0819 3.775
    endloop
  endfacet
  facet normal 0.687151 -0.396721 -0.608635
    outer loop
      vertex 18.6046 34.0427 3.775
      vertex 19.3489 35.0019 3.99009
      vertex 18.6909 33.9949 3.90359
    endloop
  endfacet
  facet normal 0.687178 -0.396754 0.608583
    outer loop
      vertex 18.6046 34.0427 2.725
      vertex 19.3489 35.0019 2.50991
      vertex 19.2046 35.0819 2.725
    endloop
  endfacet
  facet normal 0.687151 -0.396721 0.608635
    outer loop
      vertex 19.3489 35.0019 2.50991
      vertex 18.6046 34.0427 2.725
      vertex 18.6909 33.9949 2.59641
    endloop
  endfacet
  facet normal 0.527144 -0.304344 0.793406
    outer loop
      vertex 18.8281 33.9188 2.4395
      vertex 19.5408 34.8956 2.34067
      vertex 19.3526 34.9999 2.50572
    endloop
  endfacet
  facet normal 0.527074 -0.304286 0.793475
    outer loop
      vertex 19.5408 34.8956 2.34067
      vertex 18.8281 33.9188 2.4395
      vertex 18.9408 33.8563 2.34067
    endloop
  endfacet
  facet normal -0.331421 0.191333 -0.923879
    outer loop
      vertex 19.7212 33.4088 4.22162
      vertex 20.4501 34.3706 4.15933
      vertex 19.8501 33.3313 4.15933
    endloop
  endfacet
  facet normal -0.331415 0.191328 -0.923882
    outer loop
      vertex 20.4501 34.3706 4.15933
      vertex 19.7212 33.4088 4.22162
      vertex 20.2348 34.5 4.26336
    endloop
  endfacet
  facet normal -0.532824 0.307606 0.788338
    outer loop
      vertex 20.6345 34.2598 2.50572
      vertex 20.0365 33.2193 2.50754
      vertex 20.6365 34.2586 2.50754
    endloop
  endfacet
  facet normal -0.527215 0.30439 0.793342
    outer loop
      vertex 20.0365 33.2193 2.50754
      vertex 20.6345 34.2598 2.50572
      vertex 19.9605 33.265 2.4395
    endloop
  endfacet
  facet normal -0.856901 0.494699 -0.144888
    outer loop
      vertex 20.8699 34.1183 3.51837
      vertex 20.2695 33.0793 3.52176
      vertex 20.8695 34.1186 3.52176
    endloop
  endfacet
  facet normal -0.858614 0.495736 -0.13049
    outer loop
      vertex 20.2695 33.0793 3.52176
      vertex 20.8699 34.1183 3.51837
      vertex 20.2821 33.0718 3.41036
    endloop
  endfacet
  facet normal -0.33131 0.191281 -0.923929
    outer loop
      vertex 19.633 33.4618 4.26422
      vertex 20.2348 34.5 4.26336
      vertex 19.7212 33.4088 4.22162
    endloop
  endfacet
  facet normal -0.333794 0.192722 -0.922735
    outer loop
      vertex 20.2348 34.5 4.26336
      vertex 19.633 33.4618 4.26422
      vertex 20.233 34.501 4.26422
    endloop
  endfacet
  facet normal 0.858619 -0.495738 0.13045
    outer loop
      vertex 18.4815 34.1109 3.25
      vertex 19.1128 35.1328 2.97824
      vertex 19.0815 35.1501 3.25
    endloop
  endfacet
  facet normal 0.858619 -0.495738 0.13045
    outer loop
      vertex 19.1128 35.1328 2.97824
      vertex 18.4815 34.1109 3.25
      vertex 18.5128 34.0936 2.97824
    endloop
  endfacet
  facet normal 0.684888 -0.394924 -0.612343
    outer loop
      vertex 19.3505 35.001 3.99246
      vertex 18.6909 33.9949 3.90359
      vertex 19.3489 35.0019 3.99009
    endloop
  endfacet
  facet normal 0.687161 -0.396744 -0.608608
    outer loop
      vertex 18.6909 33.9949 3.90359
      vertex 19.3505 35.001 3.99246
      vertex 18.7505 33.9618 3.99246
    endloop
  endfacet
  facet normal -0.686963 0.396592 -0.60893
    outer loop
      vertex 20.7779 34.1736 3.77758
      vertex 20.0365 33.2193 3.99246
      vertex 20.6365 34.2586 3.99246
    endloop
  endfacet
  facet normal -0.686999 0.396635 -0.608862
    outer loop
      vertex 20.0365 33.2193 3.99246
      vertex 20.7779 34.1736 3.77758
      vertex 20.1211 33.1685 3.86391
    endloop
  endfacet
  facet normal -0.333794 0.192722 0.922735
    outer loop
      vertex 19.633 33.4618 2.23578
      vertex 20.2348 34.5 2.23664
      vertex 20.233 34.501 2.23578
    endloop
  endfacet
  facet normal -0.33131 0.191281 0.923929
    outer loop
      vertex 20.2348 34.5 2.23664
      vertex 19.633 33.4618 2.23578
      vertex 19.7212 33.4088 2.27838
    endloop
  endfacet
  facet normal -0.858603 0.495737 0.130559
    outer loop
      vertex 20.2821 33.0718 3.08964
      vertex 20.9002 34.1001 3.25
      vertex 20.8699 34.1183 2.98163
    endloop
  endfacet
  facet normal -0.858601 0.495728 0.130607
    outer loop
      vertex 20.9002 34.1001 3.25
      vertex 20.2821 33.0718 3.08964
      vertex 20.3002 33.0609 3.25
    endloop
  endfacet
  facet normal 0.331492 -0.191367 -0.923846
    outer loop
      vertex 18.9408 33.8563 4.15933
      vertex 19.5429 34.8944 4.16034
      vertex 19.0308 33.8064 4.20196
    endloop
  endfacet
  facet normal 0.333719 -0.19266 -0.922775
    outer loop
      vertex 19.5429 34.8944 4.16034
      vertex 18.9408 33.8563 4.15933
      vertex 19.5408 34.8956 4.15933
    endloop
  endfacet
  facet normal 0.799621 -0.461504 -0.384214
    outer loop
      vertex 19.2046 35.0819 3.775
      vertex 18.567 34.0635 3.6713
      vertex 19.2035 35.0825 3.77199
    endloop
  endfacet
  facet normal 0.800074 -0.461936 -0.382749
    outer loop
      vertex 18.567 34.0635 3.6713
      vertex 19.2046 35.0819 3.775
      vertex 18.6046 34.0427 3.775
    endloop
  endfacet
  facet normal 0.333719 -0.19266 0.922775
    outer loop
      vertex 18.9408 33.8563 2.34067
      vertex 19.5429 34.8944 2.33966
      vertex 19.5408 34.8956 2.34067
    endloop
  endfacet
  facet normal 0.331492 -0.191367 0.923846
    outer loop
      vertex 19.5429 34.8944 2.33966
      vertex 18.9408 33.8563 2.34067
      vertex 19.0308 33.8064 2.29804
    endloop
  endfacet
  facet normal -0.113052 0.0652739 -0.991443
    outer loop
      vertex 19.5386 33.5185 4.27871
      vertex 20 34.641 4.3
      vertex 20.2311 34.5022 4.26451
    endloop
  endfacet
  facet normal -0.11306 0.0652774 -0.991441
    outer loop
      vertex 19.4 33.6018 4.3
      vertex 20 34.641 4.3
      vertex 19.5386 33.5185 4.27871
    endloop
  endfacet
  facet normal -0.686963 0.396592 0.60893
    outer loop
      vertex 20.0365 33.2193 2.50754
      vertex 20.7779 34.1736 2.72242
      vertex 20.6365 34.2586 2.50754
    endloop
  endfacet
  facet normal -0.686999 0.396635 0.608862
    outer loop
      vertex 20.7779 34.1736 2.72242
      vertex 20.0365 33.2193 2.50754
      vertex 20.1211 33.1685 2.63609
    endloop
  endfacet
  facet normal -0.527206 0.304384 0.79335
    outer loop
      vertex 20.4501 34.3706 2.34067
      vertex 19.9605 33.265 2.4395
      vertex 20.6345 34.2598 2.50572
    endloop
  endfacet
  facet normal -0.527311 0.304423 0.793265
    outer loop
      vertex 19.9605 33.265 2.4395
      vertex 20.4501 34.3706 2.34067
      vertex 19.8501 33.3313 2.34067
    endloop
  endfacet
  facet normal -0.331415 0.191328 0.923882
    outer loop
      vertex 19.7212 33.4088 2.27838
      vertex 20.4501 34.3706 2.34067
      vertex 20.2348 34.5 2.23664
    endloop
  endfacet
  facet normal -0.331421 0.191333 0.923879
    outer loop
      vertex 20.4501 34.3706 2.34067
      vertex 19.7212 33.4088 2.27838
      vertex 19.8501 33.3313 2.34067
    endloop
  endfacet
  facet normal -0.858603 0.495737 -0.130559
    outer loop
      vertex 20.9002 34.1001 3.25
      vertex 20.2821 33.0718 3.41036
      vertex 20.8699 34.1183 3.51837
    endloop
  endfacet
  facet normal -0.858601 0.495728 -0.130607
    outer loop
      vertex 20.2821 33.0718 3.41036
      vertex 20.9002 34.1001 3.25
      vertex 20.3002 33.0609 3.25
    endloop
  endfacet
  facet normal 0.799621 -0.461504 0.384214
    outer loop
      vertex 18.567 34.0635 2.8287
      vertex 19.2046 35.0819 2.725
      vertex 19.2035 35.0825 2.72801
    endloop
  endfacet
  facet normal 0.800074 -0.461936 0.382749
    outer loop
      vertex 19.2046 35.0819 2.725
      vertex 18.567 34.0635 2.8287
      vertex 18.6046 34.0427 2.725
    endloop
  endfacet
  facet normal 0.112272 -0.064822 0.991561
    outer loop
      vertex 19.9984 34.6419 2.20024
      vertex 19.4 33.6018 2.2
      vertex 20 34.641 2.2
    endloop
  endfacet
  facet normal 0.113064 -0.0652778 0.991441
    outer loop
      vertex 19.4 33.6018 2.2
      vertex 19.9984 34.6419 2.20024
      vertex 19.3038 33.6551 2.21448
    endloop
  endfacet
  facet normal 0.800041 -0.461917 0.38284
    outer loop
      vertex 18.5128 34.0936 2.97824
      vertex 19.2035 35.0825 2.72801
      vertex 19.1128 35.1328 2.97824
    endloop
  endfacet
  facet normal 0.800019 -0.461879 0.382932
    outer loop
      vertex 19.2035 35.0825 2.72801
      vertex 18.5128 34.0936 2.97824
      vertex 18.567 34.0635 2.8287
    endloop
  endfacet
  facet normal 0.112272 -0.064822 -0.991561
    outer loop
      vertex 19.4 33.6018 4.3
      vertex 19.9984 34.6419 4.29976
      vertex 20 34.641 4.3
    endloop
  endfacet
  facet normal 0.113064 -0.0652778 -0.991441
    outer loop
      vertex 19.9984 34.6419 4.29976
      vertex 19.4 33.6018 4.3
      vertex 19.3038 33.6551 4.28552
    endloop
  endfacet
  facet normal -0.532824 0.307606 -0.788338
    outer loop
      vertex 20.0365 33.2193 3.99246
      vertex 20.6345 34.2598 3.99428
      vertex 20.6365 34.2586 3.99246
    endloop
  endfacet
  facet normal -0.527215 0.30439 -0.793342
    outer loop
      vertex 20.6345 34.2598 3.99428
      vertex 20.0365 33.2193 3.99246
      vertex 19.9605 33.265 4.0605
    endloop
  endfacet
  facet normal -0.527206 0.304384 -0.79335
    outer loop
      vertex 19.9605 33.265 4.0605
      vertex 20.4501 34.3706 4.15933
      vertex 20.6345 34.2598 3.99428
    endloop
  endfacet
  facet normal -0.527311 0.304423 -0.793265
    outer loop
      vertex 20.4501 34.3706 4.15933
      vertex 19.9605 33.265 4.0605
      vertex 19.8501 33.3313 4.15933
    endloop
  endfacet
  facet normal -0.800142 0.461976 -0.38256
    outer loop
      vertex 20.8695 34.1186 3.52176
      vertex 20.1796 33.1334 3.775
      vertex 20.7796 34.1726 3.775
    endloop
  endfacet
  facet normal -0.800105 0.46191 -0.382715
    outer loop
      vertex 20.1796 33.1334 3.775
      vertex 20.8695 34.1186 3.52176
      vertex 20.2695 33.0793 3.52176
    endloop
  endfacet
  facet normal -0.687937 0.397381 -0.607315
    outer loop
      vertex 20.7796 34.1726 3.775
      vertex 20.1211 33.1685 3.86391
      vertex 20.7779 34.1736 3.77758
    endloop
  endfacet
  facet normal -0.687098 0.396708 -0.608702
    outer loop
      vertex 20.1211 33.1685 3.86391
      vertex 20.7796 34.1726 3.775
      vertex 20.1796 33.1334 3.775
    endloop
  endfacet
  facet normal -0.687937 0.397381 0.607315
    outer loop
      vertex 20.1211 33.1685 2.63609
      vertex 20.7796 34.1726 2.725
      vertex 20.7779 34.1736 2.72242
    endloop
  endfacet
  facet normal -0.687098 0.396708 0.608702
    outer loop
      vertex 20.7796 34.1726 2.725
      vertex 20.1211 33.1685 2.63609
      vertex 20.1796 33.1334 2.725
    endloop
  endfacet
  facet normal -0.800142 0.461976 0.38256
    outer loop
      vertex 20.1796 33.1334 2.725
      vertex 20.8695 34.1186 2.97824
      vertex 20.7796 34.1726 2.725
    endloop
  endfacet
  facet normal -0.800105 0.46191 0.382715
    outer loop
      vertex 20.8695 34.1186 2.97824
      vertex 20.1796 33.1334 2.725
      vertex 20.2695 33.0793 2.97824
    endloop
  endfacet
  facet normal -0.856901 0.494699 0.144888
    outer loop
      vertex 20.2695 33.0793 2.97824
      vertex 20.8699 34.1183 2.98163
      vertex 20.8695 34.1186 2.97824
    endloop
  endfacet
  facet normal -0.858614 0.495736 0.13049
    outer loop
      vertex 20.8699 34.1183 2.98163
      vertex 20.2695 33.0793 2.97824
      vertex 20.2821 33.0718 3.08964
    endloop
  endfacet
  facet normal 0.858619 -0.495738 -0.13045
    outer loop
      vertex 19.1128 35.1328 3.52176
      vertex 18.4815 34.1109 3.25
      vertex 19.0815 35.1501 3.25
    endloop
  endfacet
  facet normal 0.858619 -0.495738 -0.13045
    outer loop
      vertex 18.4815 34.1109 3.25
      vertex 19.1128 35.1328 3.52176
      vertex 18.5128 34.0936 3.52176
    endloop
  endfacet
  facet normal 0.800041 -0.461917 -0.38284
    outer loop
      vertex 19.2035 35.0825 3.77199
      vertex 18.5128 34.0936 3.52176
      vertex 19.1128 35.1328 3.52176
    endloop
  endfacet
  facet normal 0.800019 -0.461879 -0.382932
    outer loop
      vertex 18.5128 34.0936 3.52176
      vertex 19.2035 35.0825 3.77199
      vertex 18.567 34.0635 3.6713
    endloop
  endfacet
  facet normal 0.113054 -0.0652705 0.991443
    outer loop
      vertex 19.7623 34.7728 2.23578
      vertex 19.3038 33.6551 2.21448
      vertex 19.9984 34.6419 2.20024
    endloop
  endfacet
  facet normal 0.113036 -0.0652633 0.991445
    outer loop
      vertex 19.3038 33.6551 2.21448
      vertex 19.7623 34.7728 2.23578
      vertex 19.1623 33.7336 2.23578
    endloop
  endfacet
  facet normal 0.331397 -0.191324 0.923889
    outer loop
      vertex 19.0308 33.8064 2.29804
      vertex 19.7623 34.7728 2.23578
      vertex 19.5429 34.8944 2.33966
    endloop
  endfacet
  facet normal 0.331461 -0.191375 0.923856
    outer loop
      vertex 19.7623 34.7728 2.23578
      vertex 19.0308 33.8064 2.29804
      vertex 19.1623 33.7336 2.23578
    endloop
  endfacet
  facet normal 0.527649 -0.304648 0.792954
    outer loop
      vertex 18.7505 33.9618 2.50754
      vertex 19.3526 34.9999 2.50572
      vertex 19.3505 35.001 2.50754
    endloop
  endfacet
  facet normal 0.52708 -0.304316 0.79346
    outer loop
      vertex 19.3526 34.9999 2.50572
      vertex 18.7505 33.9618 2.50754
      vertex 18.8281 33.9188 2.4395
    endloop
  endfacet
  facet normal 0.684888 -0.394924 0.612343
    outer loop
      vertex 18.6909 33.9949 2.59641
      vertex 19.3505 35.001 2.50754
      vertex 19.3489 35.0019 2.50991
    endloop
  endfacet
  facet normal 0.687161 -0.396744 0.608608
    outer loop
      vertex 19.3505 35.001 2.50754
      vertex 18.6909 33.9949 2.59641
      vertex 18.7505 33.9618 2.50754
    endloop
  endfacet
  facet normal 0.331461 -0.191375 -0.923856
    outer loop
      vertex 19.0308 33.8064 4.20196
      vertex 19.7623 34.7728 4.26422
      vertex 19.1623 33.7336 4.26422
    endloop
  endfacet
  facet normal 0.331397 -0.191324 -0.923889
    outer loop
      vertex 19.7623 34.7728 4.26422
      vertex 19.0308 33.8064 4.20196
      vertex 19.5429 34.8944 4.16034
    endloop
  endfacet
  facet normal 0.113054 -0.0652705 -0.991443
    outer loop
      vertex 19.3038 33.6551 4.28552
      vertex 19.7623 34.7728 4.26422
      vertex 19.9984 34.6419 4.29976
    endloop
  endfacet
  facet normal 0.113036 -0.0652633 -0.991445
    outer loop
      vertex 19.7623 34.7728 4.26422
      vertex 19.3038 33.6551 4.28552
      vertex 19.1623 33.7336 4.26422
    endloop
  endfacet
  facet normal 0.527074 -0.304286 -0.793475
    outer loop
      vertex 18.8281 33.9188 4.0605
      vertex 19.5408 34.8956 4.15933
      vertex 18.9408 33.8563 4.15933
    endloop
  endfacet
  facet normal 0.527144 -0.304344 -0.793406
    outer loop
      vertex 19.5408 34.8956 4.15933
      vertex 18.8281 33.9188 4.0605
      vertex 19.3526 34.9999 3.99428
    endloop
  endfacet
  facet normal 0.52708 -0.304316 -0.79346
    outer loop
      vertex 18.7505 33.9618 3.99246
      vertex 19.3526 34.9999 3.99428
      vertex 18.8281 33.9188 4.0605
    endloop
  endfacet
  facet normal 0.527649 -0.304648 -0.792954
    outer loop
      vertex 19.3526 34.9999 3.99428
      vertex 18.7505 33.9618 3.99246
      vertex 19.3505 35.001 3.99246
    endloop
  endfacet
  facet normal -0.110925 0.0640446 -0.991763
    outer loop
      vertex 19.633 33.4618 4.26422
      vertex 20.2311 34.5022 4.26451
      vertex 20.233 34.501 4.26422
    endloop
  endfacet
  facet normal -0.113 0.0652371 -0.991451
    outer loop
      vertex 20.2311 34.5022 4.26451
      vertex 19.633 33.4618 4.26422
      vertex 19.5386 33.5185 4.27871
    endloop
  endfacet
  facet normal 0.999847 0.0174761 0
    outer loop
      vertex 40 0 4.5
      vertex 39.9756 1.39598 0
      vertex 39.9756 1.39598 4.5
    endloop
  endfacet
  facet normal 0.999847 0.0174761 0
    outer loop
      vertex 39.9756 1.39598 0
      vertex 40 0 4.5
      vertex 40 0 0
    endloop
  endfacet
  facet normal 0.999847 -0.0174761 0
    outer loop
      vertex 39.9756 -1.39598 4.5
      vertex 40 0 0
      vertex 40 0 4.5
    endloop
  endfacet
  facet normal 0.999847 -0.0174761 0
    outer loop
      vertex 40 0 0
      vertex 39.9756 -1.39598 4.5
      vertex 39.9756 -1.39598 0
    endloop
  endfacet
  facet normal -0.190805 0.981628 0
    outer loop
      vertex -6.94593 39.3923 0
      vertex -8.31647 39.1259 4.5
      vertex -6.94593 39.3923 4.5
    endloop
  endfacet
  facet normal -0.190805 0.981628 0
    outer loop
      vertex -8.31647 39.1259 4.5
      vertex -6.94593 39.3923 0
      vertex -8.31647 39.1259 0
    endloop
  endfacet
  facet normal -0.358326 0.933596 0
    outer loop
      vertex -13.6808 37.5877 0
      vertex -14.9843 37.0874 4.5
      vertex -13.6808 37.5877 4.5
    endloop
  endfacet
  facet normal -0.358326 0.933596 0
    outer loop
      vertex -14.9843 37.0874 4.5
      vertex -13.6808 37.5877 0
      vertex -14.9843 37.0874 0
    endloop
  endfacet
  facet normal 0.998632 0.0522852 0
    outer loop
      vertex 39.9756 1.39598 4.5
      vertex 39.9026 2.79026 0
      vertex 39.9026 2.79026 4.5
    endloop
  endfacet
  facet normal 0.998632 0.0522852 0
    outer loop
      vertex 39.9026 2.79026 0
      vertex 39.9756 1.39598 4.5
      vertex 39.9756 1.39598 0
    endloop
  endfacet
  facet normal 0.121903 0.992542 -0
    outer loop
      vertex 5.56692 39.6107 0
      vertex 4.18114 39.7809 4.5
      vertex 5.56692 39.6107 4.5
    endloop
  endfacet
  facet normal 0.121903 0.992542 0
    outer loop
      vertex 4.18114 39.7809 4.5
      vertex 5.56692 39.6107 0
      vertex 4.18114 39.7809 0
    endloop
  endfacet
  facet normal 0.573563 0.819161 -0
    outer loop
      vertex 23.5114 32.3607 0
      vertex 22.3677 33.1615 4.5
      vertex 23.5114 32.3607 4.5
    endloop
  endfacet
  facet normal 0.573563 0.819161 0
    outer loop
      vertex 22.3677 33.1615 4.5
      vertex 23.5114 32.3607 0
      vertex 22.3677 33.1615 0
    endloop
  endfacet
  facet normal 0.838668 0.544643 0
    outer loop
      vertex 33.9219 21.1968 4.5
      vertex 33.1615 22.3677 0
      vertex 33.1615 22.3677 4.5
    endloop
  endfacet
  facet normal 0.838668 0.544643 0
    outer loop
      vertex 33.1615 22.3677 0
      vertex 33.9219 21.1968 4.5
      vertex 33.9219 21.1968 0
    endloop
  endfacet
  facet normal -0.45399 -0.891007 0
    outer loop
      vertex -18.7789 -35.3179 0
      vertex -17.5348 -35.9518 4.5
      vertex -18.7789 -35.3179 4.5
    endloop
  endfacet
  facet normal -0.45399 -0.891007 -0
    outer loop
      vertex -17.5348 -35.9518 4.5
      vertex -18.7789 -35.3179 0
      vertex -17.5348 -35.9518 0
    endloop
  endfacet
  facet normal 0 0 -1
    outer loop
      vertex 39.9756 -1.39598 0
      vertex 39.9756 1.39598 0
      vertex 40 0 0
    endloop
  endfacet
  facet normal 0 0 -1
    outer loop
      vertex 39.9026 -2.79026 0
      vertex 39.9756 1.39598 0
      vertex 39.9756 -1.39598 0
    endloop
  endfacet
  facet normal 0 0 -1
    outer loop
      vertex 39.9026 -2.79026 0
      vertex 39.9026 2.79026 0
      vertex 39.9756 1.39598 0
    endloop
  endfacet
  facet normal 0 0 -1
    outer loop
      vertex 39.7809 -4.18114 0
      vertex 39.9026 2.79026 0
      vertex 39.9026 -2.79026 0
    endloop
  endfacet
  facet normal 0 0 -1
    outer loop
      vertex 39.7809 -4.18114 0
      vertex 39.7809 4.18114 0
      vertex 39.9026 2.79026 0
    endloop
  endfacet
  facet normal 0 0 -1
    outer loop
      vertex 39.6107 -5.56692 0
      vertex 39.7809 4.18114 0
      vertex 39.7809 -4.18114 0
    endloop
  endfacet
  facet normal 0 0 -1
    outer loop
      vertex 39.6107 -5.56692 0
      vertex 39.6107 5.56692 0
      vertex 39.7809 4.18114 0
    endloop
  endfacet
  facet normal 0 0 -1
    outer loop
      vertex 39.3923 -6.94593 0
      vertex 39.6107 5.56692 0
      vertex 39.6107 -5.56692 0
    endloop
  endfacet
  facet normal 0 0 -1
    outer loop
      vertex 39.3923 -6.94593 0
      vertex 39.3923 6.94593 0
      vertex 39.6107 5.56692 0
    endloop
  endfacet
  facet normal 0 0 -1
    outer loop
      vertex 39.1259 -8.31647 0
      vertex 39.3923 6.94593 0
      vertex 39.3923 -6.94593 0
    endloop
  endfacet
  facet normal 0 0 -1
    outer loop
      vertex 39.1259 -8.31647 0
      vertex 39.1259 8.31647 0
      vertex 39.3923 6.94593 0
    endloop
  endfacet
  facet normal 0 0 -1
    outer loop
      vertex 38.8118 -9.67688 0
      vertex 39.1259 8.31647 0
      vertex 39.1259 -8.31647 0
    endloop
  endfacet
  facet normal 0 0 -1
    outer loop
      vertex 38.8118 -9.67688 0
      vertex 38.8118 9.67688 0
      vertex 39.1259 8.31647 0
    endloop
  endfacet
  facet normal 0 0 -1
    outer loop
      vertex 38.4505 -11.0255 0
      vertex 38.8118 9.67688 0
      vertex 38.8118 -9.67688 0
    endloop
  endfacet
  facet normal 0 0 -1
    outer loop
      vertex 38.4505 -11.0255 0
      vertex 38.4505 11.0255 0
      vertex 38.8118 9.67688 0
    endloop
  endfacet
  facet normal 0 0 -1
    outer loop
      vertex 38.0423 -12.3607 0
      vertex 38.4505 11.0255 0
      vertex 38.4505 -11.0255 0
    endloop
  endfacet
  facet normal 0 0 -1
    outer loop
      vertex 38.0423 -12.3607 0
      vertex 38.0423 12.3607 0
      vertex 38.4505 11.0255 0
    endloop
  endfacet
  facet normal 0 0 -1
    outer loop
      vertex 37.5877 -13.6808 0
      vertex 38.0423 12.3607 0
      vertex 38.0423 -12.3607 0
    endloop
  endfacet
  facet normal 0 0 -1
    outer loop
      vertex 37.5877 -13.6808 0
      vertex 37.5877 13.6808 0
      vertex 38.0423 12.3607 0
    endloop
  endfacet
  facet normal 0 0 -1
    outer loop
      vertex 37.0874 -14.9843 0
      vertex 37.5877 13.6808 0
      vertex 37.5877 -13.6808 0
    endloop
  endfacet
  facet normal 0 0 -1
    outer loop
      vertex 37.0874 -14.9843 0
      vertex 37.0874 14.9843 0
      vertex 37.5877 13.6808 0
    endloop
  endfacet
  facet normal 0 0 -1
    outer loop
      vertex 36.5418 -16.2695 0
      vertex 37.0874 14.9843 0
      vertex 37.0874 -14.9843 0
    endloop
  endfacet
  facet normal 0 0 -1
    outer loop
      vertex 36.5418 -16.2695 0
      vertex 36.5418 16.2695 0
      vertex 37.0874 14.9843 0
    endloop
  endfacet
  facet normal 0 0 -1
    outer loop
      vertex 35.9518 -17.5348 0
      vertex 36.5418 16.2695 0
      vertex 36.5418 -16.2695 0
    endloop
  endfacet
  facet normal 0 0 -1
    outer loop
      vertex 35.9518 -17.5348 0
      vertex 35.9518 17.5348 0
      vertex 36.5418 16.2695 0
    endloop
  endfacet
  facet normal 0 0 -1
    outer loop
      vertex 35.3179 -18.7789 0
      vertex 35.9518 17.5348 0
      vertex 35.9518 -17.5348 0
    endloop
  endfacet
  facet normal 0 0 -1
    outer loop
      vertex 35.3179 -18.7789 0
      vertex 35.3179 18.7789 0
      vertex 35.9518 17.5348 0
    endloop
  endfacet
  facet normal 0 0 -1
    outer loop
      vertex 34.641 -20 0
      vertex 35.3179 18.7789 0
      vertex 35.3179 -18.7789 0
    endloop
  endfacet
  facet normal 0 0 -1
    outer loop
      vertex 34.641 -20 0
      vertex 34.641 20 0
      vertex 35.3179 18.7789 0
    endloop
  endfacet
  facet normal 0 0 -1
    outer loop
      vertex 33.9219 -21.1968 0
      vertex 34.641 20 0
      vertex 34.641 -20 0
    endloop
  endfacet
  facet normal 0 0 -1
    outer loop
      vertex 33.9219 -21.1968 0
      vertex 33.9219 21.1968 0
      vertex 34.641 20 0
    endloop
  endfacet
  facet normal 0 0 -1
    outer loop
      vertex 33.1615 -22.3677 0
      vertex 33.9219 21.1968 0
      vertex 33.9219 -21.1968 0
    endloop
  endfacet
  facet normal 0 0 -1
    outer loop
      vertex 33.1615 -22.3677 0
      vertex 33.1615 22.3677 0
      vertex 33.9219 21.1968 0
    endloop
  endfacet
  facet normal 0 0 -1
    outer loop
      vertex 32.3607 -23.5114 0
      vertex 33.1615 22.3677 0
      vertex 33.1615 -22.3677 0
    endloop
  endfacet
  facet normal 0 0 -1
    outer loop
      vertex 32.3607 -23.5114 0
      vertex 32.3607 23.5114 0
      vertex 33.1615 22.3677 0
    endloop
  endfacet
  facet normal 0 0 -1
    outer loop
      vertex 31.5204 -24.6265 0
      vertex 32.3607 23.5114 0
      vertex 32.3607 -23.5114 0
    endloop
  endfacet
  facet normal 0 0 -1
    outer loop
      vertex 31.5204 -24.6265 0
      vertex 31.5204 24.6265 0
      vertex 32.3607 23.5114 0
    endloop
  endfacet
  facet normal 0 0 -1
    outer loop
      vertex 30.6418 -25.7115 0
      vertex 31.5204 24.6265 0
      vertex 31.5204 -24.6265 0
    endloop
  endfacet
  facet normal 0 0 -1
    outer loop
      vertex 30.6418 -25.7115 0
      vertex 30.6418 25.7115 0
      vertex 31.5204 24.6265 0
    endloop
  endfacet
  facet normal 0 0 -1
    outer loop
      vertex 29.7258 -26.7652 0
      vertex 30.6418 25.7115 0
      vertex 30.6418 -25.7115 0
    endloop
  endfacet
  facet normal 0 0 -1
    outer loop
      vertex 29.7258 -26.7652 0
      vertex 29.7258 26.7652 0
      vertex 30.6418 25.7115 0
    endloop
  endfacet
  facet normal 0 0 -1
    outer loop
      vertex 28.7736 -27.7863 0
      vertex 29.7258 26.7652 0
      vertex 29.7258 -26.7652 0
    endloop
  endfacet
  facet normal 0 0 -1
    outer loop
      vertex 28.7736 -27.7863 0
      vertex 28.7736 27.7863 0
      vertex 29.7258 26.7652 0
    endloop
  endfacet
  facet normal 0 0 -1
    outer loop
      vertex 27.7863 -28.7736 0
      vertex 28.7736 27.7863 0
      vertex 28.7736 -27.7863 0
    endloop
  endfacet
  facet normal 0 0 -1
    outer loop
      vertex 27.7863 -28.7736 0
      vertex 27.7863 28.7736 0
      vertex 28.7736 27.7863 0
    endloop
  endfacet
  facet normal 0 0 -1
    outer loop
      vertex 26.7652 -29.7258 0
      vertex 27.7863 28.7736 0
      vertex 27.7863 -28.7736 0
    endloop
  endfacet
  facet normal 0 0 -1
    outer loop
      vertex 26.7652 -29.7258 0
      vertex 26.7652 29.7258 0
      vertex 27.7863 28.7736 0
    endloop
  endfacet
  facet normal 0 0 -1
    outer loop
      vertex 25.7115 -30.6418 0
      vertex 26.7652 29.7258 0
      vertex 26.7652 -29.7258 0
    endloop
  endfacet
  facet normal 0 0 -1
    outer loop
      vertex 25.7115 -30.6418 0
      vertex 25.7115 30.6418 0
      vertex 26.7652 29.7258 0
    endloop
  endfacet
  facet normal 0 0 -1
    outer loop
      vertex 24.6265 -31.5204 0
      vertex 25.7115 30.6418 0
      vertex 25.7115 -30.6418 0
    endloop
  endfacet
  facet normal 0 0 -1
    outer loop
      vertex 24.6265 -31.5204 0
      vertex 24.6265 31.5204 0
      vertex 25.7115 30.6418 0
    endloop
  endfacet
  facet normal 0 0 -1
    outer loop
      vertex 23.5114 -32.3607 0
      vertex 24.6265 31.5204 0
      vertex 24.6265 -31.5204 0
    endloop
  endfacet
  facet normal 0 0 -1
    outer loop
      vertex 23.5114 -32.3607 0
      vertex 23.5114 32.3607 0
      vertex 24.6265 31.5204 0
    endloop
  endfacet
  facet normal 0 0 -1
    outer loop
      vertex 22.3677 -33.1615 0
      vertex 23.5114 32.3607 0
      vertex 23.5114 -32.3607 0
    endloop
  endfacet
  facet normal 0 0 -1
    outer loop
      vertex 22.3677 -33.1615 0
      vertex 22.3677 33.1615 0
      vertex 23.5114 32.3607 0
    endloop
  endfacet
  facet normal 0 0 -1
    outer loop
      vertex 21.1968 -33.9219 0
      vertex 22.3677 33.1615 0
      vertex 22.3677 -33.1615 0
    endloop
  endfacet
  facet normal 0 0 -1
    outer loop
      vertex 21.1968 -33.9219 0
      vertex 21.1968 33.9219 0
      vertex 22.3677 33.1615 0
    endloop
  endfacet
  facet normal 0 0 -1
    outer loop
      vertex 20 -34.641 0
      vertex 21.1968 33.9219 0
      vertex 21.1968 -33.9219 0
    endloop
  endfacet
  facet normal 0 0 -1
    outer loop
      vertex 20 -34.641 0
      vertex 20 34.641 0
      vertex 21.1968 33.9219 0
    endloop
  endfacet
  facet normal 0 0 -1
    outer loop
      vertex 18.7789 -35.3179 0
      vertex 20 34.641 0
      vertex 20 -34.641 0
    endloop
  endfacet
  facet normal 0 0 -1
    outer loop
      vertex 18.7789 -35.3179 0
      vertex 18.7789 35.3179 0
      vertex 20 34.641 0
    endloop
  endfacet
  facet normal 0 0 -1
    outer loop
      vertex 17.5348 -35.9518 0
      vertex 18.7789 35.3179 0
      vertex 18.7789 -35.3179 0
    endloop
  endfacet
  facet normal 0 0 -1
    outer loop
      vertex 17.5348 -35.9518 0
      vertex 17.5348 35.9518 0
      vertex 18.7789 35.3179 0
    endloop
  endfacet
  facet normal 0 0 -1
    outer loop
      vertex 16.2695 -36.5418 0
      vertex 17.5348 35.9518 0
      vertex 17.5348 -35.9518 0
    endloop
  endfacet
  facet normal 0 0 -1
    outer loop
      vertex 16.2695 -36.5418 0
      vertex 16.2695 36.5418 0
      vertex 17.5348 35.9518 0
    endloop
  endfacet
  facet normal 0 0 -1
    outer loop
      vertex 14.9843 -37.0874 0
      vertex 16.2695 36.5418 0
      vertex 16.2695 -36.5418 0
    endloop
  endfacet
  facet normal 0 0 -1
    outer loop
      vertex 14.9843 -37.0874 0
      vertex 14.9843 37.0874 0
      vertex 16.2695 36.5418 0
    endloop
  endfacet
  facet normal 0 0 -1
    outer loop
      vertex 13.6808 -37.5877 0
      vertex 14.9843 37.0874 0
      vertex 14.9843 -37.0874 0
    endloop
  endfacet
  facet normal 0 0 -1
    outer loop
      vertex 13.6808 -37.5877 0
      vertex 13.6808 37.5877 0
      vertex 14.9843 37.0874 0
    endloop
  endfacet
  facet normal 0 0 -1
    outer loop
      vertex 12.3607 -38.0423 0
      vertex 13.6808 37.5877 0
      vertex 13.6808 -37.5877 0
    endloop
  endfacet
  facet normal 0 0 -1
    outer loop
      vertex 12.3607 -38.0423 0
      vertex 12.3607 38.0423 0
      vertex 13.6808 37.5877 0
    endloop
  endfacet
  facet normal 0 0 -1
    outer loop
      vertex 11.0255 -38.4505 0
      vertex 12.3607 38.0423 0
      vertex 12.3607 -38.0423 0
    endloop
  endfacet
  facet normal 0 0 -1
    outer loop
      vertex 11.0255 -38.4505 0
      vertex 11.0255 38.4505 0
      vertex 12.3607 38.0423 0
    endloop
  endfacet
  facet normal 0 0 -1
    outer loop
      vertex 9.67688 -38.8118 0
      vertex 11.0255 38.4505 0
      vertex 11.0255 -38.4505 0
    endloop
  endfacet
  facet normal 0 0 -1
    outer loop
      vertex 9.67688 -38.8118 0
      vertex 9.67688 38.8118 0
      vertex 11.0255 38.4505 0
    endloop
  endfacet
  facet normal 0 0 -1
    outer loop
      vertex 8.31647 -39.1259 0
      vertex 9.67688 38.8118 0
      vertex 9.67688 -38.8118 0
    endloop
  endfacet
  facet normal 0 0 -1
    outer loop
      vertex 8.31647 -39.1259 0
      vertex 8.31647 39.1259 0
      vertex 9.67688 38.8118 0
    endloop
  endfacet
  facet normal 0 0 -1
    outer loop
      vertex 6.94593 -39.3923 0
      vertex 8.31647 39.1259 0
      vertex 8.31647 -39.1259 0
    endloop
  endfacet
  facet normal 0 0 -1
    outer loop
      vertex 6.94593 -39.3923 0
      vertex 6.94593 39.3923 0
      vertex 8.31647 39.1259 0
    endloop
  endfacet
  facet normal 0 0 -1
    outer loop
      vertex 5.56692 -39.6107 0
      vertex 6.94593 39.3923 0
      vertex 6.94593 -39.3923 0
    endloop
  endfacet
  facet normal 0 0 -1
    outer loop
      vertex 5.56692 -39.6107 0
      vertex 5.56692 39.6107 0
      vertex 6.94593 39.3923 0
    endloop
  endfacet
  facet normal 0 0 -1
    outer loop
      vertex 4.18114 -39.7809 0
      vertex 5.56692 39.6107 0
      vertex 5.56692 -39.6107 0
    endloop
  endfacet
  facet normal 0 0 -1
    outer loop
      vertex 4.18114 -39.7809 0
      vertex 4.18114 39.7809 0
      vertex 5.56692 39.6107 0
    endloop
  endfacet
  facet normal 0 0 -1
    outer loop
      vertex 2.79026 -39.9026 0
      vertex 4.18114 39.7809 0
      vertex 4.18114 -39.7809 0
    endloop
  endfacet
  facet normal 0 0 -1
    outer loop
      vertex 2.79026 -39.9026 0
      vertex 2.79026 39.9026 0
      vertex 4.18114 39.7809 0
    endloop
  endfacet
  facet normal 0 0 -1
    outer loop
      vertex 1.39598 -39.9756 0
      vertex 2.79026 39.9026 0
      vertex 2.79026 -39.9026 0
    endloop
  endfacet
  facet normal 0 0 -1
    outer loop
      vertex 1.39598 -39.9756 0
      vertex 1.39598 39.9756 0
      vertex 2.79026 39.9026 0
    endloop
  endfacet
  facet normal 0 0 -1
    outer loop
      vertex 0 -40 0
      vertex 1.39598 39.9756 0
      vertex 1.39598 -39.9756 0
    endloop
  endfacet
  facet normal 0 0 -1
    outer loop
      vertex 0 -40 0
      vertex 0 40 0
      vertex 1.39598 39.9756 0
    endloop
  endfacet
  facet normal 0 0 -1
    outer loop
      vertex -1.39598 -39.9756 0
      vertex 0 40 0
      vertex 0 -40 0
    endloop
  endfacet
  facet normal 0 0 -1
    outer loop
      vertex -1.39598 -39.9756 0
      vertex -1.39598 39.9756 0
      vertex 0 40 0
    endloop
  endfacet
  facet normal 0 0 -1
    outer loop
      vertex -2.79026 -39.9026 0
      vertex -1.39598 39.9756 0
      vertex -1.39598 -39.9756 0
    endloop
  endfacet
  facet normal 0 0 -1
    outer loop
      vertex -2.79026 -39.9026 0
      vertex -2.79026 39.9026 0
      vertex -1.39598 39.9756 0
    endloop
  endfacet
  facet normal 0 0 -1
    outer loop
      vertex -4.18114 -39.7809 0
      vertex -2.79026 39.9026 0
      vertex -2.79026 -39.9026 0
    endloop
  endfacet
  facet normal 0 0 -1
    outer loop
      vertex -4.18114 -39.7809 0
      vertex -4.18114 39.7809 0
      vertex -2.79026 39.9026 0
    endloop
  endfacet
  facet normal 0 0 -1
    outer loop
      vertex -5.56692 -39.6107 0
      vertex -4.18114 39.7809 0
      vertex -4.18114 -39.7809 0
    endloop
  endfacet
  facet normal 0 0 -1
    outer loop
      vertex -5.56692 -39.6107 0
      vertex -5.56692 39.6107 0
      vertex -4.18114 39.7809 0
    endloop
  endfacet
  facet normal 0 0 -1
    outer loop
      vertex -6.94593 -39.3923 0
      vertex -5.56692 39.6107 0
      vertex -5.56692 -39.6107 0
    endloop
  endfacet
  facet normal 0 0 -1
    outer loop
      vertex -6.94593 -39.3923 0
      vertex -6.94593 39.3923 0
      vertex -5.56692 39.6107 0
    endloop
  endfacet
  facet normal 0 0 -1
    outer loop
      vertex -8.31647 -39.1259 0
      vertex -6.94593 39.3923 0
      vertex -6.94593 -39.3923 0
    endloop
  endfacet
  facet normal 0 0 -1
    outer loop
      vertex -8.31647 -39.1259 0
      vertex -8.31647 39.1259 0
      vertex -6.94593 39.3923 0
    endloop
  endfacet
  facet normal 0 0 -1
    outer loop
      vertex -9.67688 -38.8118 0
      vertex -8.31647 39.1259 0
      vertex -8.31647 -39.1259 0
    endloop
  endfacet
  facet normal 0 0 -1
    outer loop
      vertex -9.67688 -38.8118 0
      vertex -9.67688 38.8118 0
      vertex -8.31647 39.1259 0
    endloop
  endfacet
  facet normal 0 0 -1
    outer loop
      vertex -11.0255 -38.4505 0
      vertex -9.67688 38.8118 0
      vertex -9.67688 -38.8118 0
    endloop
  endfacet
  facet normal 0 0 -1
    outer loop
      vertex -11.0255 -38.4505 0
      vertex -11.0255 38.4505 0
      vertex -9.67688 38.8118 0
    endloop
  endfacet
  facet normal 0 0 -1
    outer loop
      vertex -12.3607 -38.0423 0
      vertex -11.0255 38.4505 0
      vertex -11.0255 -38.4505 0
    endloop
  endfacet
  facet normal 0 0 -1
    outer loop
      vertex -12.3607 -38.0423 0
      vertex -12.3607 38.0423 0
      vertex -11.0255 38.4505 0
    endloop
  endfacet
  facet normal 0 0 -1
    outer loop
      vertex -13.6808 -37.5877 0
      vertex -12.3607 38.0423 0
      vertex -12.3607 -38.0423 0
    endloop
  endfacet
  facet normal 0 0 -1
    outer loop
      vertex -13.6808 -37.5877 0
      vertex -13.6808 37.5877 0
      vertex -12.3607 38.0423 0
    endloop
  endfacet
  facet normal 0 0 -1
    outer loop
      vertex -14.9843 -37.0874 0
      vertex -13.6808 37.5877 0
      vertex -13.6808 -37.5877 0
    endloop
  endfacet
  facet normal 0 0 -1
    outer loop
      vertex -14.9843 -37.0874 0
      vertex -14.9843 37.0874 0
      vertex -13.6808 37.5877 0
    endloop
  endfacet
  facet normal 0 0 -1
    outer loop
      vertex -16.2695 -36.5418 0
      vertex -14.9843 37.0874 0
      vertex -14.9843 -37.0874 0
    endloop
  endfacet
  facet normal 0 0 -1
    outer loop
      vertex -16.2695 -36.5418 0
      vertex -16.2695 36.5418 0
      vertex -14.9843 37.0874 0
    endloop
  endfacet
  facet normal 0 0 -1
    outer loop
      vertex -17.5348 -35.9518 0
      vertex -16.2695 36.5418 0
      vertex -16.2695 -36.5418 0
    endloop
  endfacet
  facet normal 0 0 -1
    outer loop
      vertex -17.5348 -35.9518 0
      vertex -17.5348 35.9518 0
      vertex -16.2695 36.5418 0
    endloop
  endfacet
  facet normal 0 0 -1
    outer loop
      vertex -18.7789 -35.3179 0
      vertex -17.5348 35.9518 0
      vertex -17.5348 -35.9518 0
    endloop
  endfacet
  facet normal 0 0 -1
    outer loop
      vertex -18.7789 -35.3179 0
      vertex -18.7789 35.3179 0
      vertex -17.5348 35.9518 0
    endloop
  endfacet
  facet normal 0 0 -1
    outer loop
      vertex -20 -34.641 0
      vertex -18.7789 35.3179 0
      vertex -18.7789 -35.3179 0
    endloop
  endfacet
  facet normal 0 0 -1
    outer loop
      vertex -20 -34.641 0
      vertex -20 34.641 0
      vertex -18.7789 35.3179 0
    endloop
  endfacet
  facet normal 0 0 -1
    outer loop
      vertex -21.1968 -33.9219 0
      vertex -20 34.641 0
      vertex -20 -34.641 0
    endloop
  endfacet
  facet normal 0 0 -1
    outer loop
      vertex -21.1968 -33.9219 0
      vertex -21.1968 33.9219 0
      vertex -20 34.641 0
    endloop
  endfacet
  facet normal 0 0 -1
    outer loop
      vertex -22.3677 -33.1615 0
      vertex -21.1968 33.9219 0
      vertex -21.1968 -33.9219 0
    endloop
  endfacet
  facet normal 0 0 -1
    outer loop
      vertex -22.3677 -33.1615 0
      vertex -22.3677 33.1615 0
      vertex -21.1968 33.9219 0
    endloop
  endfacet
  facet normal 0 0 -1
    outer loop
      vertex -23.5114 -32.3607 0
      vertex -22.3677 33.1615 0
      vertex -22.3677 -33.1615 0
    endloop
  endfacet
  facet normal 0 0 -1
    outer loop
      vertex -23.5114 -32.3607 0
      vertex -23.5114 32.3607 0
      vertex -22.3677 33.1615 0
    endloop
  endfacet
  facet normal 0 0 -1
    outer loop
      vertex -24.6265 -31.5204 0
      vertex -23.5114 32.3607 0
      vertex -23.5114 -32.3607 0
    endloop
  endfacet
  facet normal 0 0 -1
    outer loop
      vertex -24.6265 -31.5204 0
      vertex -24.6265 31.5204 0
      vertex -23.5114 32.3607 0
    endloop
  endfacet
  facet normal 0 0 -1
    outer loop
      vertex -25.7115 -30.6418 0
      vertex -24.6265 31.5204 0
      vertex -24.6265 -31.5204 0
    endloop
  endfacet
  facet normal 0 0 -1
    outer loop
      vertex -25.7115 -30.6418 0
      vertex -25.7115 30.6418 0
      vertex -24.6265 31.5204 0
    endloop
  endfacet
  facet normal 0 0 -1
    outer loop
      vertex -26.7652 -29.7258 0
      vertex -25.7115 30.6418 0
      vertex -25.7115 -30.6418 0
    endloop
  endfacet
  facet normal 0 0 -1
    outer loop
      vertex -26.7652 -29.7258 0
      vertex -26.7652 29.7258 0
      vertex -25.7115 30.6418 0
    endloop
  endfacet
  facet normal 0 0 -1
    outer loop
      vertex -27.7863 -28.7736 0
      vertex -26.7652 29.7258 0
      vertex -26.7652 -29.7258 0
    endloop
  endfacet
  facet normal 0 0 -1
    outer loop
      vertex -27.7863 -28.7736 0
      vertex -27.7863 28.7736 0
      vertex -26.7652 29.7258 0
    endloop
  endfacet
  facet normal 0 0 -1
    outer loop
      vertex -28.7736 -27.7863 0
      vertex -27.7863 28.7736 0
      vertex -27.7863 -28.7736 0
    endloop
  endfacet
  facet normal 0 0 -1
    outer loop
      vertex -28.7736 -27.7863 0
      vertex -28.7736 27.7863 0
      vertex -27.7863 28.7736 0
    endloop
  endfacet
  facet normal 0 0 -1
    outer loop
      vertex -29.7258 -26.7652 0
      vertex -28.7736 27.7863 0
      vertex -28.7736 -27.7863 0
    endloop
  endfacet
  facet normal 0 0 -1
    outer loop
      vertex -29.7258 -26.7652 0
      vertex -29.7258 26.7652 0
      vertex -28.7736 27.7863 0
    endloop
  endfacet
  facet normal 0 0 -1
    outer loop
      vertex -30.6418 -25.7115 0
      vertex -29.7258 26.7652 0
      vertex -29.7258 -26.7652 0
    endloop
  endfacet
  facet normal 0 0 -1
    outer loop
      vertex -30.6418 -25.7115 0
      vertex -30.6418 25.7115 0
      vertex -29.7258 26.7652 0
    endloop
  endfacet
  facet normal 0 0 -1
    outer loop
      vertex -31.5204 -24.6265 0
      vertex -30.6418 25.7115 0
      vertex -30.6418 -25.7115 0
    endloop
  endfacet
  facet normal 0 0 -1
    outer loop
      vertex -31.5204 -24.6265 0
      vertex -31.5204 24.6265 0
      vertex -30.6418 25.7115 0
    endloop
  endfacet
  facet normal 0 0 -1
    outer loop
      vertex -32.3607 -23.5114 0
      vertex -31.5204 24.6265 0
      vertex -31.5204 -24.6265 0
    endloop
  endfacet
  facet normal 0 0 -1
    outer loop
      vertex -32.3607 -23.5114 0
      vertex -32.3607 23.5114 0
      vertex -31.5204 24.6265 0
    endloop
  endfacet
  facet normal 0 0 -1
    outer loop
      vertex -33.1615 -22.3677 0
      vertex -32.3607 23.5114 0
      vertex -32.3607 -23.5114 0
    endloop
  endfacet
  facet normal 0 0 -1
    outer loop
      vertex -33.1615 -22.3677 0
      vertex -33.1615 22.3677 0
      vertex -32.3607 23.5114 0
    endloop
  endfacet
  facet normal 0 0 -1
    outer loop
      vertex -33.9219 -21.1968 0
      vertex -33.1615 22.3677 0
      vertex -33.1615 -22.3677 0
    endloop
  endfacet
  facet normal 0 0 -1
    outer loop
      vertex -33.9219 -21.1968 0
      vertex -33.9219 21.1968 0
      vertex -33.1615 22.3677 0
    endloop
  endfacet
  facet normal 0 0 -1
    outer loop
      vertex -34.641 -20 0
      vertex -33.9219 21.1968 0
      vertex -33.9219 -21.1968 0
    endloop
  endfacet
  facet normal 0 0 -1
    outer loop
      vertex -34.641 -20 0
      vertex -34.641 20 0
      vertex -33.9219 21.1968 0
    endloop
  endfacet
  facet normal 0 0 -1
    outer loop
      vertex -35.3179 -18.7789 0
      vertex -34.641 20 0
      vertex -34.641 -20 0
    endloop
  endfacet
  facet normal 0 0 -1
    outer loop
      vertex -35.3179 -18.7789 0
      vertex -35.3179 18.7789 0
      vertex -34.641 20 0
    endloop
  endfacet
  facet normal 0 0 -1
    outer loop
      vertex -35.9518 -17.5348 0
      vertex -35.3179 18.7789 0
      vertex -35.3179 -18.7789 0
    endloop
  endfacet
  facet normal 0 0 -1
    outer loop
      vertex -35.9518 -17.5348 0
      vertex -35.9518 17.5348 0
      vertex -35.3179 18.7789 0
    endloop
  endfacet
  facet normal 0 0 -1
    outer loop
      vertex -36.5418 -16.2695 0
      vertex -35.9518 17.5348 0
      vertex -35.9518 -17.5348 0
    endloop
  endfacet
  facet normal 0 0 -1
    outer loop
      vertex -36.5418 -16.2695 0
      vertex -36.5418 16.2695 0
      vertex -35.9518 17.5348 0
    endloop
  endfacet
  facet normal 0 0 -1
    outer loop
      vertex -37.0874 -14.9843 0
      vertex -36.5418 16.2695 0
      vertex -36.5418 -16.2695 0
    endloop
  endfacet
  facet normal 0 0 -1
    outer loop
      vertex -37.0874 -14.9843 0
      vertex -37.0874 14.9843 0
      vertex -36.5418 16.2695 0
    endloop
  endfacet
  facet normal 0 0 -1
    outer loop
      vertex -37.5877 -13.6808 0
      vertex -37.0874 14.9843 0
      vertex -37.0874 -14.9843 0
    endloop
  endfacet
  facet normal 0 0 -1
    outer loop
      vertex -37.5877 -13.6808 0
      vertex -37.5877 13.6808 0
      vertex -37.0874 14.9843 0
    endloop
  endfacet
  facet normal 0 0 -1
    outer loop
      vertex -38.0423 -12.3607 0
      vertex -37.5877 13.6808 0
      vertex -37.5877 -13.6808 0
    endloop
  endfacet
  facet normal 0 0 -1
    outer loop
      vertex -38.0423 -12.3607 0
      vertex -38.0423 12.3607 0
      vertex -37.5877 13.6808 0
    endloop
  endfacet
  facet normal 0 0 -1
    outer loop
      vertex -38.4505 -11.0255 0
      vertex -38.0423 12.3607 0
      vertex -38.0423 -12.3607 0
    endloop
  endfacet
  facet normal 0 0 -1
    outer loop
      vertex -38.4505 -11.0255 0
      vertex -38.4505 11.0255 0
      vertex -38.0423 12.3607 0
    endloop
  endfacet
  facet normal 0 0 -1
    outer loop
      vertex -38.8118 -9.67688 0
      vertex -38.4505 11.0255 0
      vertex -38.4505 -11.0255 0
    endloop
  endfacet
  facet normal 0 0 -1
    outer loop
      vertex -38.8118 -9.67688 0
      vertex -38.8118 9.67688 0
      vertex -38.4505 11.0255 0
    endloop
  endfacet
  facet normal 0 0 -1
    outer loop
      vertex -39.1259 -8.31647 0
      vertex -38.8118 9.67688 0
      vertex -38.8118 -9.67688 0
    endloop
  endfacet
  facet normal 0 0 -1
    outer loop
      vertex -39.1259 -8.31647 0
      vertex -39.1259 8.31647 0
      vertex -38.8118 9.67688 0
    endloop
  endfacet
  facet normal 0 0 -1
    outer loop
      vertex -39.3923 -6.94593 0
      vertex -39.1259 8.31647 0
      vertex -39.1259 -8.31647 0
    endloop
  endfacet
  facet normal 0 0 -1
    outer loop
      vertex -39.3923 -6.94593 0
      vertex -39.3923 6.94593 0
      vertex -39.1259 8.31647 0
    endloop
  endfacet
  facet normal 0 0 -1
    outer loop
      vertex -39.6107 -5.56692 0
      vertex -39.3923 6.94593 0
      vertex -39.3923 -6.94593 0
    endloop
  endfacet
  facet normal 0 0 -1
    outer loop
      vertex -39.6107 -5.56692 0
      vertex -39.6107 5.56692 0
      vertex -39.3923 6.94593 0
    endloop
  endfacet
  facet normal 0 0 -1
    outer loop
      vertex -39.7809 -4.18114 0
      vertex -39.6107 5.56692 0
      vertex -39.6107 -5.56692 0
    endloop
  endfacet
  facet normal 0 0 -1
    outer loop
      vertex -39.7809 -4.18114 0
      vertex -39.7809 4.18114 0
      vertex -39.6107 5.56692 0
    endloop
  endfacet
  facet normal 0 0 -1
    outer loop
      vertex -39.9026 -2.79026 0
      vertex -39.7809 4.18114 0
      vertex -39.7809 -4.18114 0
    endloop
  endfacet
  facet normal 0 0 -1
    outer loop
      vertex -39.9026 -2.79026 0
      vertex -39.9026 2.79026 0
      vertex -39.7809 4.18114 0
    endloop
  endfacet
  facet normal 0 0 -1
    outer loop
      vertex -39.9756 -1.39598 0
      vertex -39.9026 2.79026 0
      vertex -39.9026 -2.79026 0
    endloop
  endfacet
  facet normal 0 0 -1
    outer loop
      vertex -39.9756 -1.39598 0
      vertex -39.9756 1.39598 0
      vertex -39.9026 2.79026 0
    endloop
  endfacet
  facet normal 0 -0 -1
    outer loop
      vertex -39.9756 1.39598 0
      vertex -39.9756 -1.39598 0
      vertex -40 0 0
    endloop
  endfacet
  facet normal 0.0871655 0.996194 -0
    outer loop
      vertex 4.18114 39.7809 0
      vertex 2.79026 39.9026 4.5
      vertex 4.18114 39.7809 4.5
    endloop
  endfacet
  facet normal 0.0871655 0.996194 0
    outer loop
      vertex 2.79026 39.9026 4.5
      vertex 4.18114 39.7809 0
      vertex 2.79026 39.9026 0
    endloop
  endfacet
  facet normal 0.974366 0.224968 0
    outer loop
      vertex 39.1259 8.31647 4.5
      vertex 38.8118 9.67688 0
      vertex 38.8118 9.67688 4.5
    endloop
  endfacet
  facet normal 0.974366 0.224968 0
    outer loop
      vertex 38.8118 9.67688 0
      vertex 39.1259 8.31647 4.5
      vertex 39.1259 8.31647 0
    endloop
  endfacet
  facet normal -0.0174761 -0.999847 0
    outer loop
      vertex -1.39598 -39.9756 0
      vertex 0 -40 4.5
      vertex -1.39598 -39.9756 4.5
    endloop
  endfacet
  facet normal -0.0174761 -0.999847 -0
    outer loop
      vertex 0 -40 4.5
      vertex -1.39598 -39.9756 0
      vertex 0 -40 0
    endloop
  endfacet
  facet normal -0.999846 0.0175476 0
    outer loop
      vertex -39.9823 1.01422 2.97824
      vertex -39.9756 1.39598 4.5
      vertex -39.9756 1.39598 0
    endloop
  endfacet
  facet normal -0.99983 0.0184099 -0.0002164
    outer loop
      vertex -39.9756 1.39598 4.5
      vertex -39.9823 1.01422 2.97824
      vertex -39.9817 1.05 3.25
    endloop
  endfacet
  facet normal -0.999851 0.0172499 -3.81662e-05
    outer loop
      vertex -39.9756 1.39598 0
      vertex -39.9841 0.909327 2.725
      vertex -39.9823 1.01422 2.97824
    endloop
  endfacet
  facet normal -0.999849 0.017393 -1.26062e-05
    outer loop
      vertex -39.9756 1.39598 0
      vertex -39.987 0.742461 2.50754
      vertex -39.9841 0.909327 2.725
    endloop
  endfacet
  facet normal -0.999847 0.0174667 6.59613e-06
    outer loop
      vertex -39.9756 1.39598 0
      vertex -39.9908 0.525 2.34067
      vertex -39.987 0.742461 2.50754
    endloop
  endfacet
  facet normal -0.999843 0.0177244 0.000102544
    outer loop
      vertex -39.9756 1.39598 0
      vertex -39.9953 0.27176 2.23578
      vertex -39.9908 0.525 2.34067
    endloop
  endfacet
  facet normal -0.999847 0.0174761 -2.23726e-05
    outer loop
      vertex -40 0 0
      vertex -39.9953 0.27176 2.23578
      vertex -39.9756 1.39598 0
    endloop
  endfacet
  facet normal -0.99985 0.0172921 0
    outer loop
      vertex -39.9953 0.27176 2.23578
      vertex -40 0 0
      vertex -40 0 2.2
    endloop
  endfacet
  facet normal -0.999849 0.0173506 7.68901e-05
    outer loop
      vertex -39.9823 1.01422 3.52176
      vertex -39.9756 1.39598 4.5
      vertex -39.9817 1.05 3.25
    endloop
  endfacet
  facet normal -0.99985 0.0173469 7.83429e-05
    outer loop
      vertex -39.9841 0.909327 3.775
      vertex -39.9756 1.39598 4.5
      vertex -39.9823 1.01422 3.52176
    endloop
  endfacet
  facet normal -0.999848 0.0174172 3.11555e-05
    outer loop
      vertex -39.987 0.742461 3.99246
      vertex -39.9756 1.39598 4.5
      vertex -39.9841 0.909327 3.775
    endloop
  endfacet
  facet normal -0.999848 0.0174566 -1.96704e-05
    outer loop
      vertex -39.9908 0.525 4.15933
      vertex -39.9756 1.39598 4.5
      vertex -39.987 0.742461 3.99246
    endloop
  endfacet
  facet normal -0.999845 0.0176034 -0.000394932
    outer loop
      vertex -39.9953 0.27176 4.26422
      vertex -39.9756 1.39598 4.5
      vertex -39.9908 0.525 4.15933
    endloop
  endfacet
  facet normal -0.99985 0.0172921 0
    outer loop
      vertex -40 0 4.5
      vertex -39.9953 0.27176 4.26422
      vertex -40 0 4.3
    endloop
  endfacet
  facet normal -0.999847 0.0174761 0.000212148
    outer loop
      vertex -39.9953 0.27176 4.26422
      vertex -40 0 4.5
      vertex -39.9756 1.39598 4.5
    endloop
  endfacet
  facet normal -0.998632 0.0522852 0
    outer loop
      vertex -39.9756 1.39598 0
      vertex -39.9026 2.79026 4.5
      vertex -39.9026 2.79026 0
    endloop
  endfacet
  facet normal -0.998632 0.0522852 0
    outer loop
      vertex -39.9026 2.79026 4.5
      vertex -39.9756 1.39598 0
      vertex -39.9756 1.39598 4.5
    endloop
  endfacet
  facet normal -0.819161 0.573563 0
    outer loop
      vertex -33.1615 22.3677 0
      vertex -32.3607 23.5114 4.5
      vertex -32.3607 23.5114 0
    endloop
  endfacet
  facet normal -0.819161 0.573563 0
    outer loop
      vertex -32.3607 23.5114 4.5
      vertex -33.1615 22.3677 0
      vertex -33.1615 22.3677 4.5
    endloop
  endfacet
  facet normal 0.996194 0.0871655 0
    outer loop
      vertex 39.9026 2.79026 4.5
      vertex 39.7809 4.18114 0
      vertex 39.7809 4.18114 4.5
    endloop
  endfacet
  facet normal 0.996194 0.0871655 0
    outer loop
      vertex 39.7809 4.18114 0
      vertex 39.9026 2.79026 4.5
      vertex 39.9026 2.79026 0
    endloop
  endfacet
  facet normal 0.992542 0.121903 0
    outer loop
      vertex 39.7809 4.18114 4.5
      vertex 39.6107 5.56692 0
      vertex 39.6107 5.56692 4.5
    endloop
  endfacet
  facet normal 0.992542 0.121903 0
    outer loop
      vertex 39.6107 5.56692 0
      vertex 39.7809 4.18114 4.5
      vertex 39.7809 4.18114 0
    endloop
  endfacet
  facet normal -0.224968 0.974366 0
    outer loop
      vertex -8.31647 39.1259 0
      vertex -9.67688 38.8118 4.5
      vertex -8.31647 39.1259 4.5
    endloop
  endfacet
  facet normal -0.224968 0.974366 0
    outer loop
      vertex -9.67688 38.8118 4.5
      vertex -8.31647 39.1259 0
      vertex -9.67688 38.8118 0
    endloop
  endfacet
  facet normal 0.0522852 0.998632 -0
    outer loop
      vertex 2.79026 39.9026 0
      vertex 1.39598 39.9756 4.5
      vertex 2.79026 39.9026 4.5
    endloop
  endfacet
  facet normal 0.0522852 0.998632 0
    outer loop
      vertex 1.39598 39.9756 4.5
      vertex 2.79026 39.9026 0
      vertex 1.39598 39.9756 0
    endloop
  endfacet
  facet normal 0.656072 0.754698 -0
    outer loop
      vertex 26.7652 29.7258 0
      vertex 25.7115 30.6418 4.5
      vertex 26.7652 29.7258 4.5
    endloop
  endfacet
  facet normal 0.656072 0.754698 0
    outer loop
      vertex 25.7115 30.6418 4.5
      vertex 26.7652 29.7258 0
      vertex 25.7115 30.6418 0
    endloop
  endfacet
  facet normal 0.60182 0.798631 -0
    outer loop
      vertex 24.6265 31.5204 0
      vertex 23.5114 32.3607 4.5
      vertex 24.6265 31.5204 4.5
    endloop
  endfacet
  facet normal 0.60182 0.798631 0
    outer loop
      vertex 23.5114 32.3607 4.5
      vertex 24.6265 31.5204 0
      vertex 23.5114 32.3607 0
    endloop
  endfacet
  facet normal 0.390771 0.920488 -0
    outer loop
      vertex 16.2695 36.5418 0
      vertex 14.9843 37.0874 4.5
      vertex 16.2695 36.5418 4.5
    endloop
  endfacet
  facet normal 0.390771 0.920488 0
    outer loop
      vertex 14.9843 37.0874 4.5
      vertex 16.2695 36.5418 0
      vertex 14.9843 37.0874 0
    endloop
  endfacet
  facet normal 0.707107 0.707107 0
    outer loop
      vertex 28.7736 27.7863 4.5
      vertex 27.7863 28.7736 0
      vertex 27.7863 28.7736 4.5
    endloop
  endfacet
  facet normal 0.707107 0.707107 0
    outer loop
      vertex 27.7863 28.7736 0
      vertex 28.7736 27.7863 4.5
      vertex 28.7736 27.7863 0
    endloop
  endfacet
  facet normal 0.798631 0.60182 0
    outer loop
      vertex 32.3607 23.5114 4.5
      vertex 31.5204 24.6265 0
      vertex 31.5204 24.6265 4.5
    endloop
  endfacet
  facet normal 0.798631 0.60182 0
    outer loop
      vertex 31.5204 24.6265 0
      vertex 32.3607 23.5114 4.5
      vertex 32.3607 23.5114 0
    endloop
  endfacet
  facet normal -0.99985 -0.0172921 0
    outer loop
      vertex -40 0 0
      vertex -39.9953 -0.27176 2.23578
      vertex -40 0 2.2
    endloop
  endfacet
  facet normal -0.999847 -0.0174761 -2.23726e-05
    outer loop
      vertex -39.9756 -1.39598 0
      vertex -39.9953 -0.27176 2.23578
      vertex -40 0 0
    endloop
  endfacet
  facet normal -0.999843 -0.0177244 0.000102544
    outer loop
      vertex -39.9953 -0.27176 2.23578
      vertex -39.9756 -1.39598 0
      vertex -39.9908 -0.525 2.34067
    endloop
  endfacet
  facet normal -0.999847 -0.0174667 6.59613e-06
    outer loop
      vertex -39.9908 -0.525 2.34067
      vertex -39.9756 -1.39598 0
      vertex -39.987 -0.742461 2.50754
    endloop
  endfacet
  facet normal -0.999849 -0.017393 -1.26062e-05
    outer loop
      vertex -39.987 -0.742461 2.50754
      vertex -39.9756 -1.39598 0
      vertex -39.9841 -0.909327 2.725
    endloop
  endfacet
  facet normal -0.999846 -0.0175476 -0
    outer loop
      vertex -39.9756 -1.39598 4.5
      vertex -39.9823 -1.01422 2.97824
      vertex -39.9756 -1.39598 0
    endloop
  endfacet
  facet normal -0.999851 -0.0172499 -3.81662e-05
    outer loop
      vertex -39.9841 -0.909327 2.725
      vertex -39.9756 -1.39598 0
      vertex -39.9823 -1.01422 2.97824
    endloop
  endfacet
  facet normal -0.99985 -0.0172921 0
    outer loop
      vertex -39.9953 -0.27176 4.26422
      vertex -40 0 4.5
      vertex -40 0 4.3
    endloop
  endfacet
  facet normal -0.999845 -0.0176034 -0.000394932
    outer loop
      vertex -39.9756 -1.39598 4.5
      vertex -39.9953 -0.27176 4.26422
      vertex -39.9908 -0.525 4.15933
    endloop
  endfacet
  facet normal -0.999847 -0.0174761 0.000212148
    outer loop
      vertex -39.9953 -0.27176 4.26422
      vertex -39.9756 -1.39598 4.5
      vertex -40 0 4.5
    endloop
  endfacet
  facet normal -0.999848 -0.0174566 -1.96704e-05
    outer loop
      vertex -39.987 -0.742461 3.99246
      vertex -39.9756 -1.39598 4.5
      vertex -39.9908 -0.525 4.15933
    endloop
  endfacet
  facet normal -0.999848 -0.0174172 3.11555e-05
    outer loop
      vertex -39.9841 -0.909327 3.775
      vertex -39.9756 -1.39598 4.5
      vertex -39.987 -0.742461 3.99246
    endloop
  endfacet
  facet normal -0.99985 -0.0173469 7.83429e-05
    outer loop
      vertex -39.9823 -1.01422 3.52176
      vertex -39.9756 -1.39598 4.5
      vertex -39.9841 -0.909327 3.775
    endloop
  endfacet
  facet normal -0.999849 -0.0173506 7.68901e-05
    outer loop
      vertex -39.9817 -1.05 3.25
      vertex -39.9756 -1.39598 4.5
      vertex -39.9823 -1.01422 3.52176
    endloop
  endfacet
  facet normal -0.99983 -0.0184099 -0.0002164
    outer loop
      vertex -39.9823 -1.01422 2.97824
      vertex -39.9756 -1.39598 4.5
      vertex -39.9817 -1.05 3.25
    endloop
  endfacet
  facet normal -0.998632 -0.0522852 0
    outer loop
      vertex -39.9026 -2.79026 0
      vertex -39.9756 -1.39598 4.5
      vertex -39.9756 -1.39598 0
    endloop
  endfacet
  facet normal -0.998632 -0.0522852 0
    outer loop
      vertex -39.9756 -1.39598 4.5
      vertex -39.9026 -2.79026 0
      vertex -39.9026 -2.79026 4.5
    endloop
  endfacet
  facet normal -0.974366 -0.224968 0
    outer loop
      vertex -38.8118 -9.67688 0
      vertex -39.1259 -8.31647 4.5
      vertex -39.1259 -8.31647 0
    endloop
  endfacet
  facet normal -0.974366 -0.224968 0
    outer loop
      vertex -39.1259 -8.31647 4.5
      vertex -38.8118 -9.67688 0
      vertex -38.8118 -9.67688 4.5
    endloop
  endfacet
  facet normal -0.945507 -0.325602 0
    outer loop
      vertex -37.5877 -13.6808 0
      vertex -38.0423 -12.3607 4.5
      vertex -38.0423 -12.3607 0
    endloop
  endfacet
  facet normal -0.945507 -0.325602 0
    outer loop
      vertex -38.0423 -12.3607 4.5
      vertex -37.5877 -13.6808 0
      vertex -37.5877 -13.6808 4.5
    endloop
  endfacet
  facet normal 0.819161 -0.573563 0
    outer loop
      vertex 32.3607 -23.5114 4.5
      vertex 33.1615 -22.3677 0
      vertex 33.1615 -22.3677 4.5
    endloop
  endfacet
  facet normal 0.819161 -0.573563 0
    outer loop
      vertex 33.1615 -22.3677 0
      vertex 32.3607 -23.5114 4.5
      vertex 32.3607 -23.5114 0
    endloop
  endfacet
  facet normal 0.838668 -0.544643 0
    outer loop
      vertex 33.1615 -22.3677 4.5
      vertex 33.9219 -21.1968 0
      vertex 33.9219 -21.1968 4.5
    endloop
  endfacet
  facet normal 0.838668 -0.544643 0
    outer loop
      vertex 33.9219 -21.1968 0
      vertex 33.1615 -22.3677 4.5
      vertex 33.1615 -22.3677 0
    endloop
  endfacet
  facet normal 0.484828 -0.87461 0.000127131
    outer loop
      vertex 19.7623 -34.7728 4.26422
      vertex 20 -34.641 4.5
      vertex 18.7789 -35.3179 4.5
    endloop
  endfacet
  facet normal 0.490261 -0.871576 0
    outer loop
      vertex 20 -34.641 4.5
      vertex 19.9984 -34.6419 4.29976
      vertex 20 -34.641 4.3
    endloop
  endfacet
  facet normal 0.484881 -0.87458 5.64905e-05
    outer loop
      vertex 20 -34.641 4.5
      vertex 19.7623 -34.7728 4.26422
      vertex 19.9984 -34.6419 4.29976
    endloop
  endfacet
  facet normal 0.48479 -0.87463 -7.67291e-05
    outer loop
      vertex 18.7789 -35.3179 4.5
      vertex 19.5429 -34.8944 4.16034
      vertex 19.7623 -34.7728 4.26422
    endloop
  endfacet
  facet normal 0.490223 -0.871448 0.0161094
    outer loop
      vertex 18.7789 -35.3179 4.5
      vertex 19.5408 -34.8956 4.15933
      vertex 19.5429 -34.8944 4.16034
    endloop
  endfacet
  facet normal 0.484768 -0.874643 -4.9245e-05
    outer loop
      vertex 18.7789 -35.3179 4.5
      vertex 19.3526 -34.9999 3.99428
      vertex 19.5408 -34.8956 4.15933
    endloop
  endfacet
  facet normal 0.474359 -0.880197 -0.0153501
    outer loop
      vertex 18.7789 -35.3179 4.5
      vertex 19.3505 -35.001 3.99246
      vertex 19.3526 -34.9999 3.99428
    endloop
  endfacet
  facet normal 0.486899 -0.873453 0.00298306
    outer loop
      vertex 18.7789 -35.3179 4.5
      vertex 19.3489 -35.0019 3.99009
      vertex 19.3505 -35.001 3.99246
    endloop
  endfacet
  facet normal 0.484865 -0.874589 5.34968e-06
    outer loop
      vertex 18.7789 -35.3179 4.5
      vertex 19.2046 -35.0819 3.775
      vertex 19.3489 -35.0019 3.99009
    endloop
  endfacet
  facet normal 0.482561 -0.875861 -0.00176111
    outer loop
      vertex 18.7789 -35.3179 4.5
      vertex 19.2035 -35.0825 3.77199
      vertex 19.2046 -35.0819 3.775
    endloop
  endfacet
  facet normal 0.484917 -0.87456 3.35045e-05
    outer loop
      vertex 18.7789 -35.3179 4.5
      vertex 19.1128 -35.1328 3.52176
      vertex 19.2035 -35.0825 3.77199
    endloop
  endfacet
  facet normal 0.484565 -0.874755 -0.000123689
    outer loop
      vertex 18.7789 -35.3179 4.5
      vertex 19.0815 -35.1501 3.25
      vertex 19.1128 -35.1328 3.52176
    endloop
  endfacet
  facet normal 0.486054 -0.873929 0.000347872
    outer loop
      vertex 18.7789 -35.3179 4.5
      vertex 19.1128 -35.1328 2.97824
      vertex 19.0815 -35.1501 3.25
    endloop
  endfacet
  facet normal 0.484868 -0.874587 -2.1649e-06
    outer loop
      vertex 18.7789 -35.3179 0
      vertex 19.3489 -35.0019 2.50991
      vertex 19.2046 -35.0819 2.725
    endloop
  endfacet
  facet normal 0.494612 -0.869104 -0.00419652
    outer loop
      vertex 18.7789 -35.3179 0
      vertex 19.5429 -34.8944 2.33966
      vertex 19.5408 -34.8956 2.34067
    endloop
  endfacet
  facet normal 0.484842 -0.874602 0
    outer loop
      vertex 18.7789 -35.3179 0
      vertex 19.1128 -35.1328 2.97824
      vertex 18.7789 -35.3179 4.5
    endloop
  endfacet
  facet normal 0.484953 -0.87454 -1.63198e-05
    outer loop
      vertex 18.7789 -35.3179 0
      vertex 19.2035 -35.0825 2.72801
      vertex 19.1128 -35.1328 2.97824
    endloop
  endfacet
  facet normal 0.480658 -0.876908 0.000856648
    outer loop
      vertex 18.7789 -35.3179 0
      vertex 19.2046 -35.0819 2.725
      vertex 19.2035 -35.0825 2.72801
    endloop
  endfacet
  facet normal 0.488907 -0.872335 -0.00120283
    outer loop
      vertex 19.3489 -35.0019 2.50991
      vertex 18.7789 -35.3179 0
      vertex 19.3505 -35.001 2.50754
    endloop
  endfacet
  facet normal 0.467499 -0.883979 0.00514871
    outer loop
      vertex 18.7789 -35.3179 0
      vertex 19.3526 -34.9999 2.50572
      vertex 19.3505 -35.001 2.50754
    endloop
  endfacet
  facet normal 0.484746 -0.874655 1.65118e-05
    outer loop
      vertex 18.7789 -35.3179 0
      vertex 19.5408 -34.8956 2.34067
      vertex 19.3526 -34.9999 2.50572
    endloop
  endfacet
  facet normal 0.48477 -0.874642 1.99223e-05
    outer loop
      vertex 19.5429 -34.8944 2.33966
      vertex 18.7789 -35.3179 0
      vertex 19.7623 -34.7728 2.23578
    endloop
  endfacet
  facet normal 0.484828 -0.87461 -1.34069e-05
    outer loop
      vertex 20 -34.641 0
      vertex 19.7623 -34.7728 2.23578
      vertex 18.7789 -35.3179 0
    endloop
  endfacet
  facet normal 0.484887 -0.874577 -5.13546e-06
    outer loop
      vertex 19.7623 -34.7728 2.23578
      vertex 20 -34.641 0
      vertex 19.9984 -34.6419 2.20024
    endloop
  endfacet
  facet normal 0.490261 -0.871576 0
    outer loop
      vertex 19.9984 -34.6419 2.20024
      vertex 20 -34.641 0
      vertex 20 -34.641 2.2
    endloop
  endfacet
  facet normal -0.121903 -0.992542 0
    outer loop
      vertex -5.56692 -39.6107 0
      vertex -4.18114 -39.7809 4.5
      vertex -5.56692 -39.6107 4.5
    endloop
  endfacet
  facet normal -0.121903 -0.992542 -0
    outer loop
      vertex -4.18114 -39.7809 4.5
      vertex -5.56692 -39.6107 0
      vertex -4.18114 -39.7809 0
    endloop
  endfacet
  facet normal -0.358326 -0.933596 0
    outer loop
      vertex -14.9843 -37.0874 0
      vertex -13.6808 -37.5877 4.5
      vertex -14.9843 -37.0874 4.5
    endloop
  endfacet
  facet normal -0.358326 -0.933596 -0
    outer loop
      vertex -13.6808 -37.5877 4.5
      vertex -14.9843 -37.0874 0
      vertex -13.6808 -37.5877 0
    endloop
  endfacet
  facet normal -0.325602 -0.945507 0
    outer loop
      vertex -13.6808 -37.5877 0
      vertex -12.3607 -38.0423 4.5
      vertex -13.6808 -37.5877 4.5
    endloop
  endfacet
  facet normal -0.325602 -0.945507 -0
    outer loop
      vertex -12.3607 -38.0423 4.5
      vertex -13.6808 -37.5877 0
      vertex -12.3607 -38.0423 0
    endloop
  endfacet
  facet normal -0.292364 -0.956307 0
    outer loop
      vertex -12.3607 -38.0423 0
      vertex -11.0255 -38.4505 4.5
      vertex -12.3607 -38.0423 4.5
    endloop
  endfacet
  facet normal -0.292364 -0.956307 -0
    outer loop
      vertex -11.0255 -38.4505 4.5
      vertex -12.3607 -38.0423 0
      vertex -11.0255 -38.4505 0
    endloop
  endfacet
  facet normal -0.996194 0.0871655 0
    outer loop
      vertex -39.9026 2.79026 0
      vertex -39.7809 4.18114 4.5
      vertex -39.7809 4.18114 0
    endloop
  endfacet
  facet normal -0.996194 0.0871655 0
    outer loop
      vertex -39.7809 4.18114 4.5
      vertex -39.9026 2.79026 0
      vertex -39.9026 2.79026 4.5
    endloop
  endfacet
  facet normal -0.965937 0.258778 0
    outer loop
      vertex -38.8118 9.67688 0
      vertex -38.4505 11.0255 4.5
      vertex -38.4505 11.0255 0
    endloop
  endfacet
  facet normal -0.965937 0.258778 0
    outer loop
      vertex -38.4505 11.0255 4.5
      vertex -38.8118 9.67688 0
      vertex -38.8118 9.67688 4.5
    endloop
  endfacet
  facet normal -0.945507 0.325602 0
    outer loop
      vertex -38.0423 12.3607 0
      vertex -37.5877 13.6808 4.5
      vertex -37.5877 13.6808 0
    endloop
  endfacet
  facet normal -0.945507 0.325602 0
    outer loop
      vertex -37.5877 13.6808 4.5
      vertex -38.0423 12.3607 0
      vertex -38.0423 12.3607 4.5
    endloop
  endfacet
  facet normal -0.956307 0.292364 0
    outer loop
      vertex -38.4505 11.0255 0
      vertex -38.0423 12.3607 4.5
      vertex -38.0423 12.3607 0
    endloop
  endfacet
  facet normal -0.956307 0.292364 0
    outer loop
      vertex -38.0423 12.3607 4.5
      vertex -38.4505 11.0255 0
      vertex -38.4505 11.0255 4.5
    endloop
  endfacet
  facet normal -0.933596 0.358326 0
    outer loop
      vertex -37.5877 13.6808 0
      vertex -37.0874 14.9843 4.5
      vertex -37.0874 14.9843 0
    endloop
  endfacet
  facet normal -0.933596 0.358326 0
    outer loop
      vertex -37.0874 14.9843 4.5
      vertex -37.5877 13.6808 0
      vertex -37.5877 13.6808 4.5
    endloop
  endfacet
  facet normal -0.906313 0.422607 0
    outer loop
      vertex -36.5418 16.2695 0
      vertex -35.9518 17.5348 4.5
      vertex -35.9518 17.5348 0
    endloop
  endfacet
  facet normal -0.906313 0.422607 0
    outer loop
      vertex -35.9518 17.5348 4.5
      vertex -36.5418 16.2695 0
      vertex -36.5418 16.2695 4.5
    endloop
  endfacet
  facet normal -0.754698 0.656072 0
    outer loop
      vertex -30.6418 25.7115 0
      vertex -29.7258 26.7652 4.5
      vertex -29.7258 26.7652 0
    endloop
  endfacet
  facet normal -0.754698 0.656072 0
    outer loop
      vertex -29.7258 26.7652 4.5
      vertex -30.6418 25.7115 0
      vertex -30.6418 25.7115 4.5
    endloop
  endfacet
  facet normal 0.981628 0.190805 0
    outer loop
      vertex 39.3923 6.94593 4.5
      vertex 39.1259 8.31647 0
      vertex 39.1259 8.31647 4.5
    endloop
  endfacet
  facet normal 0.981628 0.190805 0
    outer loop
      vertex 39.1259 8.31647 0
      vertex 39.3923 6.94593 4.5
      vertex 39.3923 6.94593 0
    endloop
  endfacet
  facet normal -0.484828 0.87461 0
    outer loop
      vertex -18.7789 35.3179 0
      vertex -20 34.641 4.5
      vertex -18.7789 35.3179 4.5
    endloop
  endfacet
  facet normal -0.484828 0.87461 0
    outer loop
      vertex -20 34.641 4.5
      vertex -18.7789 35.3179 0
      vertex -20 34.641 0
    endloop
  endfacet
  facet normal -0.325602 0.945507 0
    outer loop
      vertex -12.3607 38.0423 0
      vertex -13.6808 37.5877 4.5
      vertex -12.3607 38.0423 4.5
    endloop
  endfacet
  facet normal -0.325602 0.945507 0
    outer loop
      vertex -13.6808 37.5877 4.5
      vertex -12.3607 38.0423 0
      vertex -13.6808 37.5877 0
    endloop
  endfacet
  facet normal 0.0174761 0.999847 -0
    outer loop
      vertex 1.39598 39.9756 0
      vertex 0 40 4.5
      vertex 1.39598 39.9756 4.5
    endloop
  endfacet
  facet normal 0.0174761 0.999847 0
    outer loop
      vertex 0 40 4.5
      vertex 1.39598 39.9756 0
      vertex 0 40 0
    endloop
  endfacet
  facet normal 0.358326 0.933596 -0
    outer loop
      vertex 14.9843 37.0874 0
      vertex 13.6808 37.5877 4.5
      vertex 14.9843 37.0874 4.5
    endloop
  endfacet
  facet normal 0.358326 0.933596 0
    outer loop
      vertex 13.6808 37.5877 4.5
      vertex 14.9843 37.0874 0
      vertex 13.6808 37.5877 0
    endloop
  endfacet
  facet normal 0.156425 0.98769 -0
    outer loop
      vertex 6.94593 39.3923 0
      vertex 5.56692 39.6107 4.5
      vertex 6.94593 39.3923 4.5
    endloop
  endfacet
  facet normal 0.156425 0.98769 0
    outer loop
      vertex 5.56692 39.6107 4.5
      vertex 6.94593 39.3923 0
      vertex 5.56692 39.6107 0
    endloop
  endfacet
  facet normal 0.224968 0.974366 -0
    outer loop
      vertex 9.67688 38.8118 0
      vertex 8.31647 39.1259 4.5
      vertex 9.67688 38.8118 4.5
    endloop
  endfacet
  facet normal 0.224968 0.974366 0
    outer loop
      vertex 8.31647 39.1259 4.5
      vertex 9.67688 38.8118 0
      vertex 8.31647 39.1259 0
    endloop
  endfacet
  facet normal 0.682002 0.731351 -0
    outer loop
      vertex 27.7863 28.7736 0
      vertex 26.7652 29.7258 4.5
      vertex 27.7863 28.7736 4.5
    endloop
  endfacet
  facet normal 0.682002 0.731351 0
    outer loop
      vertex 26.7652 29.7258 4.5
      vertex 27.7863 28.7736 0
      vertex 26.7652 29.7258 0
    endloop
  endfacet
  facet normal 0.98769 0.156425 0
    outer loop
      vertex 39.6107 5.56692 4.5
      vertex 39.3923 6.94593 0
      vertex 39.3923 6.94593 4.5
    endloop
  endfacet
  facet normal 0.98769 0.156425 0
    outer loop
      vertex 39.3923 6.94593 0
      vertex 39.6107 5.56692 4.5
      vertex 39.6107 5.56692 0
    endloop
  endfacet
  facet normal 0.956307 0.292364 0
    outer loop
      vertex 38.4505 11.0255 4.5
      vertex 38.0423 12.3607 0
      vertex 38.0423 12.3607 4.5
    endloop
  endfacet
  facet normal 0.956307 0.292364 0
    outer loop
      vertex 38.0423 12.3607 0
      vertex 38.4505 11.0255 4.5
      vertex 38.4505 11.0255 0
    endloop
  endfacet
  facet normal 0.891007 0.45399 0
    outer loop
      vertex 35.9518 17.5348 4.5
      vertex 35.3179 18.7789 0
      vertex 35.3179 18.7789 4.5
    endloop
  endfacet
  facet normal 0.891007 0.45399 0
    outer loop
      vertex 35.3179 18.7789 0
      vertex 35.9518 17.5348 4.5
      vertex 35.9518 17.5348 0
    endloop
  endfacet
  facet normal 0.920488 0.390771 0
    outer loop
      vertex 37.0874 14.9843 4.5
      vertex 36.5418 16.2695 0
      vertex 36.5418 16.2695 4.5
    endloop
  endfacet
  facet normal 0.920488 0.390771 0
    outer loop
      vertex 36.5418 16.2695 0
      vertex 37.0874 14.9843 4.5
      vertex 37.0874 14.9843 0
    endloop
  endfacet
  facet normal 0.933596 0.358326 0
    outer loop
      vertex 37.5877 13.6808 4.5
      vertex 37.0874 14.9843 0
      vertex 37.0874 14.9843 4.5
    endloop
  endfacet
  facet normal 0.933596 0.358326 0
    outer loop
      vertex 37.0874 14.9843 0
      vertex 37.5877 13.6808 4.5
      vertex 37.5877 13.6808 0
    endloop
  endfacet
  facet normal 0.945507 0.325602 0
    outer loop
      vertex 38.0423 12.3607 4.5
      vertex 37.5877 13.6808 0
      vertex 37.5877 13.6808 4.5
    endloop
  endfacet
  facet normal 0.945507 0.325602 0
    outer loop
      vertex 37.5877 13.6808 0
      vertex 38.0423 12.3607 4.5
      vertex 38.0423 12.3607 0
    endloop
  endfacet
  facet normal 0.754698 0.656072 0
    outer loop
      vertex 30.6418 25.7115 4.5
      vertex 29.7258 26.7652 0
      vertex 29.7258 26.7652 4.5
    endloop
  endfacet
  facet normal 0.754698 0.656072 0
    outer loop
      vertex 29.7258 26.7652 0
      vertex 30.6418 25.7115 4.5
      vertex 30.6418 25.7115 0
    endloop
  endfacet
  facet normal 0.819161 0.573563 0
    outer loop
      vertex 33.1615 22.3677 4.5
      vertex 32.3607 23.5114 0
      vertex 32.3607 23.5114 4.5
    endloop
  endfacet
  facet normal 0.819161 0.573563 0
    outer loop
      vertex 32.3607 23.5114 0
      vertex 33.1615 22.3677 4.5
      vertex 33.1615 22.3677 0
    endloop
  endfacet
  facet normal -0.992542 -0.121903 0
    outer loop
      vertex -39.6107 -5.56692 0
      vertex -39.7809 -4.18114 4.5
      vertex -39.7809 -4.18114 0
    endloop
  endfacet
  facet normal -0.992542 -0.121903 0
    outer loop
      vertex -39.7809 -4.18114 4.5
      vertex -39.6107 -5.56692 0
      vertex -39.6107 -5.56692 4.5
    endloop
  endfacet
  facet normal -0.933596 -0.358326 0
    outer loop
      vertex -37.0874 -14.9843 0
      vertex -37.5877 -13.6808 4.5
      vertex -37.5877 -13.6808 0
    endloop
  endfacet
  facet normal -0.933596 -0.358326 0
    outer loop
      vertex -37.5877 -13.6808 4.5
      vertex -37.0874 -14.9843 0
      vertex -37.0874 -14.9843 4.5
    endloop
  endfacet
  facet normal -0.85717 -0.515033 0
    outer loop
      vertex -33.9219 -21.1968 0
      vertex -34.641 -20 4.5
      vertex -34.641 -20 0
    endloop
  endfacet
  facet normal -0.85717 -0.515033 0
    outer loop
      vertex -34.641 -20 4.5
      vertex -33.9219 -21.1968 0
      vertex -33.9219 -21.1968 4.5
    endloop
  endfacet
  facet normal 0.981628 -0.190805 0
    outer loop
      vertex 39.1259 -8.31647 4.5
      vertex 39.3923 -6.94593 0
      vertex 39.3923 -6.94593 4.5
    endloop
  endfacet
  facet normal 0.981628 -0.190805 0
    outer loop
      vertex 39.3923 -6.94593 0
      vertex 39.1259 -8.31647 4.5
      vertex 39.1259 -8.31647 0
    endloop
  endfacet
  facet normal 0.933596 -0.358326 0
    outer loop
      vertex 37.0874 -14.9843 4.5
      vertex 37.5877 -13.6808 0
      vertex 37.5877 -13.6808 4.5
    endloop
  endfacet
  facet normal 0.933596 -0.358326 0
    outer loop
      vertex 37.5877 -13.6808 0
      vertex 37.0874 -14.9843 4.5
      vertex 37.0874 -14.9843 0
    endloop
  endfacet
  facet normal 0.573563 -0.819161 0
    outer loop
      vertex 22.3677 -33.1615 0
      vertex 23.5114 -32.3607 4.5
      vertex 22.3677 -33.1615 4.5
    endloop
  endfacet
  facet normal 0.573563 -0.819161 0
    outer loop
      vertex 23.5114 -32.3607 4.5
      vertex 22.3677 -33.1615 0
      vertex 23.5114 -32.3607 0
    endloop
  endfacet
  facet normal 0.390771 -0.920488 0
    outer loop
      vertex 14.9843 -37.0874 0
      vertex 16.2695 -36.5418 4.5
      vertex 14.9843 -37.0874 4.5
    endloop
  endfacet
  facet normal 0.390771 -0.920488 0
    outer loop
      vertex 16.2695 -36.5418 4.5
      vertex 14.9843 -37.0874 0
      vertex 16.2695 -36.5418 0
    endloop
  endfacet
  facet normal 0.224968 -0.974366 0
    outer loop
      vertex 8.31647 -39.1259 0
      vertex 9.67688 -38.8118 4.5
      vertex 8.31647 -39.1259 4.5
    endloop
  endfacet
  facet normal 0.224968 -0.974366 0
    outer loop
      vertex 9.67688 -38.8118 4.5
      vertex 8.31647 -39.1259 0
      vertex 9.67688 -38.8118 0
    endloop
  endfacet
  facet normal -0.0871655 -0.996194 0
    outer loop
      vertex -4.18114 -39.7809 0
      vertex -2.79026 -39.9026 4.5
      vertex -4.18114 -39.7809 4.5
    endloop
  endfacet
  facet normal -0.0871655 -0.996194 -0
    outer loop
      vertex -2.79026 -39.9026 4.5
      vertex -4.18114 -39.7809 0
      vertex -2.79026 -39.9026 0
    endloop
  endfacet
  facet normal -0.190805 -0.981628 0
    outer loop
      vertex -8.31647 -39.1259 0
      vertex -6.94593 -39.3923 4.5
      vertex -8.31647 -39.1259 4.5
    endloop
  endfacet
  facet normal -0.190805 -0.981628 -0
    outer loop
      vertex -6.94593 -39.3923 4.5
      vertex -8.31647 -39.1259 0
      vertex -6.94593 -39.3923 0
    endloop
  endfacet
  facet normal -0.224968 -0.974366 0
    outer loop
      vertex -9.67688 -38.8118 0
      vertex -8.31647 -39.1259 4.5
      vertex -9.67688 -38.8118 4.5
    endloop
  endfacet
  facet normal -0.224968 -0.974366 -0
    outer loop
      vertex -8.31647 -39.1259 4.5
      vertex -9.67688 -38.8118 0
      vertex -8.31647 -39.1259 0
    endloop
  endfacet
  facet normal -0.98769 0.156425 0
    outer loop
      vertex -39.6107 5.56692 0
      vertex -39.3923 6.94593 4.5
      vertex -39.3923 6.94593 0
    endloop
  endfacet
  facet normal -0.98769 0.156425 0
    outer loop
      vertex -39.3923 6.94593 4.5
      vertex -39.6107 5.56692 0
      vertex -39.6107 5.56692 4.5
    endloop
  endfacet
  facet normal -0.974366 0.224968 0
    outer loop
      vertex -39.1259 8.31647 0
      vertex -38.8118 9.67688 4.5
      vertex -38.8118 9.67688 0
    endloop
  endfacet
  facet normal -0.974366 0.224968 0
    outer loop
      vertex -38.8118 9.67688 4.5
      vertex -39.1259 8.31647 0
      vertex -39.1259 8.31647 4.5
    endloop
  endfacet
  facet normal -0 0 1
    outer loop
      vertex 39.2 1.2 4.5
      vertex 40 0 4.5
      vertex 39.9756 1.39598 4.5
    endloop
  endfacet
  facet normal 0 0 1
    outer loop
      vertex 39.2 1.2 4.5
      vertex 39.9756 1.39598 4.5
      vertex 39.9026 2.79026 4.5
    endloop
  endfacet
  facet normal 0 0 1
    outer loop
      vertex 39.2 -1.2 4.5
      vertex 40 0 4.5
      vertex 39.2 1.2 4.5
    endloop
  endfacet
  facet normal 0 0 1
    outer loop
      vertex 38.7055 2.70655 4.5
      vertex 39.9026 2.79026 4.5
      vertex 39.7809 4.18114 4.5
    endloop
  endfacet
  facet normal 0 0 1
    outer loop
      vertex 40 0 4.5
      vertex 39.2 -1.2 4.5
      vertex 39.9756 -1.39598 4.5
    endloop
  endfacet
  facet normal 0 0 1
    outer loop
      vertex 38.5874 4.0557 4.5
      vertex 39.7809 4.18114 4.5
      vertex 39.6107 5.56692 4.5
    endloop
  endfacet
  facet normal 0 0 1
    outer loop
      vertex 39.9756 -1.39598 4.5
      vertex 39.2 -1.2 4.5
      vertex 39.9026 -2.79026 4.5
    endloop
  endfacet
  facet normal 0 0 1
    outer loop
      vertex 38.4224 5.39992 4.5
      vertex 39.6107 5.56692 4.5
      vertex 39.3923 6.94593 4.5
    endloop
  endfacet
  facet normal -0 0 1
    outer loop
      vertex 38.7055 -2.70655 4.5
      vertex 39.9026 -2.79026 4.5
      vertex 39.2 -1.2 4.5
    endloop
  endfacet
  facet normal 0 0 1
    outer loop
      vertex 39.9026 -2.79026 4.5
      vertex 38.7055 -2.70655 4.5
      vertex 39.7809 -4.18114 4.5
    endloop
  endfacet
  facet normal 0 0 1
    outer loop
      vertex 38.2105 6.73755 4.5
      vertex 39.3923 6.94593 4.5
      vertex 39.1259 8.31647 4.5
    endloop
  endfacet
  facet normal 0 0 1
    outer loop
      vertex 37.9521 8.06697 4.5
      vertex 39.1259 8.31647 4.5
      vertex 38.8118 9.67688 4.5
    endloop
  endfacet
  facet normal 0 0 1
    outer loop
      vertex 39.7809 4.18114 4.5
      vertex 38.5874 4.0557 4.5
      vertex 38.7055 2.70655 4.5
    endloop
  endfacet
  facet normal 0 0 1
    outer loop
      vertex 39.2 1.2 4.5
      vertex 38.7764 1.3541 4.5
      vertex 38.7791 1.2 4.5
    endloop
  endfacet
  facet normal 0 0 1
    outer loop
      vertex 39.2 1.2 4.5
      vertex 38.7055 2.70655 4.5
      vertex 38.7764 1.3541 4.5
    endloop
  endfacet
  facet normal 0 0 1
    outer loop
      vertex 39.9026 2.79026 4.5
      vertex 38.7055 2.70655 4.5
      vertex 39.2 1.2 4.5
    endloop
  endfacet
  facet normal 0 0 1
    outer loop
      vertex 37.6475 9.38657 4.5
      vertex 38.8118 9.67688 4.5
      vertex 38.4505 11.0255 4.5
    endloop
  endfacet
  facet normal 0 0 1
    outer loop
      vertex 39.6107 5.56692 4.5
      vertex 38.4224 5.39992 4.5
      vertex 38.5874 4.0557 4.5
    endloop
  endfacet
  facet normal 0 0 1
    outer loop
      vertex 39.3923 6.94593 4.5
      vertex 38.2105 6.73755 4.5
      vertex 38.4224 5.39992 4.5
    endloop
  endfacet
  facet normal 0 0 1
    outer loop
      vertex 37.297 10.6947 4.5
      vertex 38.4505 11.0255 4.5
      vertex 38.0423 12.3607 4.5
    endloop
  endfacet
  facet normal 0 0 1
    outer loop
      vertex 39.1259 8.31647 4.5
      vertex 37.9521 8.06697 4.5
      vertex 38.2105 6.73755 4.5
    endloop
  endfacet
  facet normal 0 0 1
    outer loop
      vertex 38.8118 9.67688 4.5
      vertex 37.6475 9.38657 4.5
      vertex 37.9521 8.06697 4.5
    endloop
  endfacet
  facet normal 0 0 1
    outer loop
      vertex 36.901 11.9899 4.5
      vertex 38.0423 12.3607 4.5
      vertex 37.5877 13.6808 4.5
    endloop
  endfacet
  facet normal 0 0 1
    outer loop
      vertex 38.4505 11.0255 4.5
      vertex 37.297 10.6947 4.5
      vertex 37.6475 9.38657 4.5
    endloop
  endfacet
  facet normal 0 0 1
    outer loop
      vertex 36.4601 13.2704 4.5
      vertex 37.5877 13.6808 4.5
      vertex 37.0874 14.9843 4.5
    endloop
  endfacet
  facet normal 0 0 1
    outer loop
      vertex 38.0423 12.3607 4.5
      vertex 36.901 11.9899 4.5
      vertex 37.297 10.6947 4.5
    endloop
  endfacet
  facet normal 0 0 1
    outer loop
      vertex 35.9747 14.5347 4.5
      vertex 37.0874 14.9843 4.5
      vertex 36.5418 16.2695 4.5
    endloop
  endfacet
  facet normal 0 0 1
    outer loop
      vertex 37.5877 13.6808 4.5
      vertex 36.4601 13.2704 4.5
      vertex 36.901 11.9899 4.5
    endloop
  endfacet
  facet normal 0 0 1
    outer loop
      vertex 37.0874 14.9843 4.5
      vertex 35.9747 14.5347 4.5
      vertex 36.4601 13.2704 4.5
    endloop
  endfacet
  facet normal 0 0 1
    outer loop
      vertex 35.4456 15.7814 4.5
      vertex 36.5418 16.2695 4.5
      vertex 35.9518 17.5348 4.5
    endloop
  endfacet
  facet normal 0 0 1
    outer loop
      vertex 36.5418 16.2695 4.5
      vertex 35.4456 15.7814 4.5
      vertex 35.9747 14.5347 4.5
    endloop
  endfacet
  facet normal 0 0 1
    outer loop
      vertex 34.8732 17.0088 4.5
      vertex 35.9518 17.5348 4.5
      vertex 35.3179 18.7789 4.5
    endloop
  endfacet
  facet normal 0 0 1
    outer loop
      vertex 35.9518 17.5348 4.5
      vertex 34.8732 17.0088 4.5
      vertex 35.4456 15.7814 4.5
    endloop
  endfacet
  facet normal 0 0 1
    outer loop
      vertex 34.2584 18.2155 4.5
      vertex 35.3179 18.7789 4.5
      vertex 34.641 20 4.5
    endloop
  endfacet
  facet normal 0 0 1
    outer loop
      vertex 35.3179 18.7789 4.5
      vertex 34.2584 18.2155 4.5
      vertex 34.8732 17.0088 4.5
    endloop
  endfacet
  facet normal 0 0 1
    outer loop
      vertex 33.6018 19.4 4.5
      vertex 34.641 20 4.5
      vertex 33.9219 21.1968 4.5
    endloop
  endfacet
  facet normal 0 0 1
    outer loop
      vertex 34.641 20 4.5
      vertex 33.6018 19.4 4.5
      vertex 34.2584 18.2155 4.5
    endloop
  endfacet
  facet normal 0 0 1
    outer loop
      vertex 32.9043 20.5609 4.5
      vertex 33.9219 21.1968 4.5
      vertex 33.1615 22.3677 4.5
    endloop
  endfacet
  facet normal 0 0 1
    outer loop
      vertex 33.9219 21.1968 4.5
      vertex 32.9043 20.5609 4.5
      vertex 33.6018 19.4 4.5
    endloop
  endfacet
  facet normal 0 0 1
    outer loop
      vertex 32.1667 21.6967 4.5
      vertex 33.1615 22.3677 4.5
      vertex 32.3607 23.5114 4.5
    endloop
  endfacet
  facet normal 0 0 1
    outer loop
      vertex 33.1615 22.3677 4.5
      vertex 32.1667 21.6967 4.5
      vertex 32.9043 20.5609 4.5
    endloop
  endfacet
  facet normal 0 0 1
    outer loop
      vertex 31.3899 22.8061 4.5
      vertex 32.3607 23.5114 4.5
      vertex 31.5204 24.6265 4.5
    endloop
  endfacet
  facet normal 0 0 1
    outer loop
      vertex 32.3607 23.5114 4.5
      vertex 31.3899 22.8061 4.5
      vertex 32.1667 21.6967 4.5
    endloop
  endfacet
  facet normal 0 0 1
    outer loop
      vertex 30.5748 23.8877 4.5
      vertex 31.5204 24.6265 4.5
      vertex 30.6418 25.7115 4.5
    endloop
  endfacet
  facet normal 0 0 1
    outer loop
      vertex 31.5204 24.6265 4.5
      vertex 30.5748 23.8877 4.5
      vertex 31.3899 22.8061 4.5
    endloop
  endfacet
  facet normal 0 0 1
    outer loop
      vertex 29.7225 24.9402 4.5
      vertex 30.6418 25.7115 4.5
      vertex 29.7258 26.7652 4.5
    endloop
  endfacet
  facet normal 0 0 1
    outer loop
      vertex 30.6418 25.7115 4.5
      vertex 29.7225 24.9402 4.5
      vertex 30.5748 23.8877 4.5
    endloop
  endfacet
  facet normal 0 0 1
    outer loop
      vertex 29.7258 26.7652 4.5
      vertex 28.834 25.9623 4.5
      vertex 29.7225 24.9402 4.5
    endloop
  endfacet
  facet normal 0 0 1
    outer loop
      vertex 28.7736 27.7863 4.5
      vertex 28.834 25.9623 4.5
      vertex 29.7258 26.7652 4.5
    endloop
  endfacet
  facet normal 0 0 1
    outer loop
      vertex 28.7736 27.7863 4.5
      vertex 27.9104 26.9527 4.5
      vertex 28.834 25.9623 4.5
    endloop
  endfacet
  facet normal 0 0 1
    outer loop
      vertex 27.7863 28.7736 4.5
      vertex 27.9104 26.9527 4.5
      vertex 28.7736 27.7863 4.5
    endloop
  endfacet
  facet normal 0 0 1
    outer loop
      vertex 27.7863 28.7736 4.5
      vertex 26.9527 27.9104 4.5
      vertex 27.9104 26.9527 4.5
    endloop
  endfacet
  facet normal 0 0 1
    outer loop
      vertex 26.7652 29.7258 4.5
      vertex 26.9527 27.9104 4.5
      vertex 27.7863 28.7736 4.5
    endloop
  endfacet
  facet normal 0 0 1
    outer loop
      vertex 26.7652 29.7258 4.5
      vertex 25.9623 28.834 4.5
      vertex 26.9527 27.9104 4.5
    endloop
  endfacet
  facet normal 0 0 1
    outer loop
      vertex 25.7115 30.6418 4.5
      vertex 25.9623 28.834 4.5
      vertex 26.7652 29.7258 4.5
    endloop
  endfacet
  facet normal 0 0 1
    outer loop
      vertex 25.7115 30.6418 4.5
      vertex 24.9402 29.7225 4.5
      vertex 25.9623 28.834 4.5
    endloop
  endfacet
  facet normal 0 0 1
    outer loop
      vertex 24.6265 31.5204 4.5
      vertex 24.9402 29.7225 4.5
      vertex 25.7115 30.6418 4.5
    endloop
  endfacet
  facet normal 0 0 1
    outer loop
      vertex 24.6265 31.5204 4.5
      vertex 23.8877 30.5748 4.5
      vertex 24.9402 29.7225 4.5
    endloop
  endfacet
  facet normal 0 0 1
    outer loop
      vertex 23.5114 32.3607 4.5
      vertex 23.8877 30.5748 4.5
      vertex 24.6265 31.5204 4.5
    endloop
  endfacet
  facet normal 0 0 1
    outer loop
      vertex 23.5114 32.3607 4.5
      vertex 22.8061 31.3899 4.5
      vertex 23.8877 30.5748 4.5
    endloop
  endfacet
  facet normal 0 0 1
    outer loop
      vertex 22.3677 33.1615 4.5
      vertex 22.8061 31.3899 4.5
      vertex 23.5114 32.3607 4.5
    endloop
  endfacet
  facet normal 0 0 1
    outer loop
      vertex 22.3677 33.1615 4.5
      vertex 21.6967 32.1667 4.5
      vertex 22.8061 31.3899 4.5
    endloop
  endfacet
  facet normal 0 0 1
    outer loop
      vertex 21.1968 33.9219 4.5
      vertex 21.6967 32.1667 4.5
      vertex 22.3677 33.1615 4.5
    endloop
  endfacet
  facet normal 0 0 1
    outer loop
      vertex 21.1968 33.9219 4.5
      vertex 20.5609 32.9043 4.5
      vertex 21.6967 32.1667 4.5
    endloop
  endfacet
  facet normal 0 0 1
    outer loop
      vertex 20 34.641 4.5
      vertex 20.5609 32.9043 4.5
      vertex 21.1968 33.9219 4.5
    endloop
  endfacet
  facet normal 0 0 1
    outer loop
      vertex 20 34.641 4.5
      vertex 19.4 33.6018 4.5
      vertex 20.5609 32.9043 4.5
    endloop
  endfacet
  facet normal 0 0 1
    outer loop
      vertex 18.7789 35.3179 4.5
      vertex 19.4 33.6018 4.5
      vertex 20 34.641 4.5
    endloop
  endfacet
  facet normal 0 0 1
    outer loop
      vertex 18.7789 35.3179 4.5
      vertex 18.2155 34.2584 4.5
      vertex 19.4 33.6018 4.5
    endloop
  endfacet
  facet normal 0 0 1
    outer loop
      vertex 17.5348 35.9518 4.5
      vertex 18.2155 34.2584 4.5
      vertex 18.7789 35.3179 4.5
    endloop
  endfacet
  facet normal 0 0 1
    outer loop
      vertex 17.5348 35.9518 4.5
      vertex 17.0088 34.8732 4.5
      vertex 18.2155 34.2584 4.5
    endloop
  endfacet
  facet normal 0 0 1
    outer loop
      vertex 16.2695 36.5418 4.5
      vertex 17.0088 34.8732 4.5
      vertex 17.5348 35.9518 4.5
    endloop
  endfacet
  facet normal 0 0 1
    outer loop
      vertex 16.2695 36.5418 4.5
      vertex 15.7814 35.4456 4.5
      vertex 17.0088 34.8732 4.5
    endloop
  endfacet
  facet normal 0 0 1
    outer loop
      vertex 14.9843 37.0874 4.5
      vertex 15.7814 35.4456 4.5
      vertex 16.2695 36.5418 4.5
    endloop
  endfacet
  facet normal 0 0 1
    outer loop
      vertex 14.9843 37.0874 4.5
      vertex 14.5347 35.9747 4.5
      vertex 15.7814 35.4456 4.5
    endloop
  endfacet
  facet normal 0 0 1
    outer loop
      vertex 13.6808 37.5877 4.5
      vertex 14.5347 35.9747 4.5
      vertex 14.9843 37.0874 4.5
    endloop
  endfacet
  facet normal 0 0 1
    outer loop
      vertex 13.6808 37.5877 4.5
      vertex 13.2704 36.4601 4.5
      vertex 14.5347 35.9747 4.5
    endloop
  endfacet
  facet normal 0 0 1
    outer loop
      vertex 12.3607 38.0423 4.5
      vertex 13.2704 36.4601 4.5
      vertex 13.6808 37.5877 4.5
    endloop
  endfacet
  facet normal 0 0 1
    outer loop
      vertex 12.3607 38.0423 4.5
      vertex 11.9899 36.901 4.5
      vertex 13.2704 36.4601 4.5
    endloop
  endfacet
  facet normal 0 0 1
    outer loop
      vertex 11.0255 38.4505 4.5
      vertex 11.9899 36.901 4.5
      vertex 12.3607 38.0423 4.5
    endloop
  endfacet
  facet normal 0 0 1
    outer loop
      vertex 11.0255 38.4505 4.5
      vertex 10.6947 37.297 4.5
      vertex 11.9899 36.901 4.5
    endloop
  endfacet
  facet normal 0 0 1
    outer loop
      vertex 9.67688 38.8118 4.5
      vertex 10.6947 37.297 4.5
      vertex 11.0255 38.4505 4.5
    endloop
  endfacet
  facet normal 0 0 1
    outer loop
      vertex 9.67688 38.8118 4.5
      vertex 9.38657 37.6475 4.5
      vertex 10.6947 37.297 4.5
    endloop
  endfacet
  facet normal 0 0 1
    outer loop
      vertex 8.31647 39.1259 4.5
      vertex 9.38657 37.6475 4.5
      vertex 9.67688 38.8118 4.5
    endloop
  endfacet
  facet normal 0 0 1
    outer loop
      vertex 8.31647 39.1259 4.5
      vertex 8.06697 37.9521 4.5
      vertex 9.38657 37.6475 4.5
    endloop
  endfacet
  facet normal 0 0 1
    outer loop
      vertex 6.94593 39.3923 4.5
      vertex 8.06697 37.9521 4.5
      vertex 8.31647 39.1259 4.5
    endloop
  endfacet
  facet normal 0 0 1
    outer loop
      vertex 6.94593 39.3923 4.5
      vertex 6.73755 38.2105 4.5
      vertex 8.06697 37.9521 4.5
    endloop
  endfacet
  facet normal 0 0 1
    outer loop
      vertex 5.56692 39.6107 4.5
      vertex 6.73755 38.2105 4.5
      vertex 6.94593 39.3923 4.5
    endloop
  endfacet
  facet normal 0 0 1
    outer loop
      vertex 5.56692 39.6107 4.5
      vertex 5.39992 38.4224 4.5
      vertex 6.73755 38.2105 4.5
    endloop
  endfacet
  facet normal 0 0 1
    outer loop
      vertex 4.18114 39.7809 4.5
      vertex 5.39992 38.4224 4.5
      vertex 5.56692 39.6107 4.5
    endloop
  endfacet
  facet normal 0 0 1
    outer loop
      vertex 4.18114 39.7809 4.5
      vertex 4.0557 38.5874 4.5
      vertex 5.39992 38.4224 4.5
    endloop
  endfacet
  facet normal 0 0 1
    outer loop
      vertex 2.79026 39.9026 4.5
      vertex 4.0557 38.5874 4.5
      vertex 4.18114 39.7809 4.5
    endloop
  endfacet
  facet normal 0 0 1
    outer loop
      vertex 2.79026 39.9026 4.5
      vertex 2.70655 38.7055 4.5
      vertex 4.0557 38.5874 4.5
    endloop
  endfacet
  facet normal 0 0 1
    outer loop
      vertex 1.39598 39.9756 4.5
      vertex 2.70655 38.7055 4.5
      vertex 2.79026 39.9026 4.5
    endloop
  endfacet
  facet normal 0 0 1
    outer loop
      vertex 1.39598 39.9756 4.5
      vertex 1.3541 38.7764 4.5
      vertex 2.70655 38.7055 4.5
    endloop
  endfacet
  facet normal 0 0 1
    outer loop
      vertex 0 40 4.5
      vertex 1.3541 38.7764 4.5
      vertex 1.39598 39.9756 4.5
    endloop
  endfacet
  facet normal 0 0 1
    outer loop
      vertex 0 40 4.5
      vertex 0 38.8 4.5
      vertex 1.3541 38.7764 4.5
    endloop
  endfacet
  facet normal 0 0 1
    outer loop
      vertex 0 40 4.5
      vertex -1.3541 38.7764 4.5
      vertex 0 38.8 4.5
    endloop
  endfacet
  facet normal -0 0 1
    outer loop
      vertex -1.39598 39.9756 4.5
      vertex -1.3541 38.7764 4.5
      vertex 0 40 4.5
    endloop
  endfacet
  facet normal 0 0 1
    outer loop
      vertex -1.39598 39.9756 4.5
      vertex -2.70655 38.7055 4.5
      vertex -1.3541 38.7764 4.5
    endloop
  endfacet
  facet normal -0 0 1
    outer loop
      vertex -2.79026 39.9026 4.5
      vertex -2.70655 38.7055 4.5
      vertex -1.39598 39.9756 4.5
    endloop
  endfacet
  facet normal 0 0 1
    outer loop
      vertex -2.79026 39.9026 4.5
      vertex -4.0557 38.5874 4.5
      vertex -2.70655 38.7055 4.5
    endloop
  endfacet
  facet normal -0 0 1
    outer loop
      vertex -4.18114 39.7809 4.5
      vertex -4.0557 38.5874 4.5
      vertex -2.79026 39.9026 4.5
    endloop
  endfacet
  facet normal 0 0 1
    outer loop
      vertex -4.18114 39.7809 4.5
      vertex -5.39992 38.4224 4.5
      vertex -4.0557 38.5874 4.5
    endloop
  endfacet
  facet normal -0 0 1
    outer loop
      vertex -5.56692 39.6107 4.5
      vertex -5.39992 38.4224 4.5
      vertex -4.18114 39.7809 4.5
    endloop
  endfacet
  facet normal 0 0 1
    outer loop
      vertex -5.56692 39.6107 4.5
      vertex -6.73755 38.2105 4.5
      vertex -5.39992 38.4224 4.5
    endloop
  endfacet
  facet normal -0 0 1
    outer loop
      vertex -6.94593 39.3923 4.5
      vertex -6.73755 38.2105 4.5
      vertex -5.56692 39.6107 4.5
    endloop
  endfacet
  facet normal 0 0 1
    outer loop
      vertex -6.94593 39.3923 4.5
      vertex -8.06697 37.9521 4.5
      vertex -6.73755 38.2105 4.5
    endloop
  endfacet
  facet normal -0 0 1
    outer loop
      vertex -8.31647 39.1259 4.5
      vertex -8.06697 37.9521 4.5
      vertex -6.94593 39.3923 4.5
    endloop
  endfacet
  facet normal 0 0 1
    outer loop
      vertex -8.31647 39.1259 4.5
      vertex -9.38657 37.6475 4.5
      vertex -8.06697 37.9521 4.5
    endloop
  endfacet
  facet normal -0 0 1
    outer loop
      vertex -9.67688 38.8118 4.5
      vertex -9.38657 37.6475 4.5
      vertex -8.31647 39.1259 4.5
    endloop
  endfacet
  facet normal 0 0 1
    outer loop
      vertex -9.67688 38.8118 4.5
      vertex -10.6947 37.297 4.5
      vertex -9.38657 37.6475 4.5
    endloop
  endfacet
  facet normal -0 0 1
    outer loop
      vertex -11.0255 38.4505 4.5
      vertex -10.6947 37.297 4.5
      vertex -9.67688 38.8118 4.5
    endloop
  endfacet
  facet normal 0 0 1
    outer loop
      vertex -11.0255 38.4505 4.5
      vertex -11.9899 36.901 4.5
      vertex -10.6947 37.297 4.5
    endloop
  endfacet
  facet normal -0 0 1
    outer loop
      vertex -12.3607 38.0423 4.5
      vertex -11.9899 36.901 4.5
      vertex -11.0255 38.4505 4.5
    endloop
  endfacet
  facet normal 0 0 1
    outer loop
      vertex -12.3607 38.0423 4.5
      vertex -13.2704 36.4601 4.5
      vertex -11.9899 36.901 4.5
    endloop
  endfacet
  facet normal -0 0 1
    outer loop
      vertex -13.6808 37.5877 4.5
      vertex -13.2704 36.4601 4.5
      vertex -12.3607 38.0423 4.5
    endloop
  endfacet
  facet normal 0 0 1
    outer loop
      vertex -13.6808 37.5877 4.5
      vertex -14.5347 35.9747 4.5
      vertex -13.2704 36.4601 4.5
    endloop
  endfacet
  facet normal -0 0 1
    outer loop
      vertex -14.9843 37.0874 4.5
      vertex -14.5347 35.9747 4.5
      vertex -13.6808 37.5877 4.5
    endloop
  endfacet
  facet normal 0 0 1
    outer loop
      vertex -14.9843 37.0874 4.5
      vertex -15.7814 35.4456 4.5
      vertex -14.5347 35.9747 4.5
    endloop
  endfacet
  facet normal -0 0 1
    outer loop
      vertex -16.2695 36.5418 4.5
      vertex -15.7814 35.4456 4.5
      vertex -14.9843 37.0874 4.5
    endloop
  endfacet
  facet normal 0 0 1
    outer loop
      vertex -16.2695 36.5418 4.5
      vertex -17.0088 34.8732 4.5
      vertex -15.7814 35.4456 4.5
    endloop
  endfacet
  facet normal -0 0 1
    outer loop
      vertex -17.5348 35.9518 4.5
      vertex -17.0088 34.8732 4.5
      vertex -16.2695 36.5418 4.5
    endloop
  endfacet
  facet normal 0 0 1
    outer loop
      vertex -17.5348 35.9518 4.5
      vertex -18.2155 34.2584 4.5
      vertex -17.0088 34.8732 4.5
    endloop
  endfacet
  facet normal -0 0 1
    outer loop
      vertex -18.7789 35.3179 4.5
      vertex -18.2155 34.2584 4.5
      vertex -17.5348 35.9518 4.5
    endloop
  endfacet
  facet normal 0 0 1
    outer loop
      vertex -18.7789 35.3179 4.5
      vertex -19.4 33.6018 4.5
      vertex -18.2155 34.2584 4.5
    endloop
  endfacet
  facet normal -0 0 1
    outer loop
      vertex -20 34.641 4.5
      vertex -19.4 33.6018 4.5
      vertex -18.7789 35.3179 4.5
    endloop
  endfacet
  facet normal 0 0 1
    outer loop
      vertex -20 34.641 4.5
      vertex -20.5609 32.9043 4.5
      vertex -19.4 33.6018 4.5
    endloop
  endfacet
  facet normal -0 0 1
    outer loop
      vertex -21.1968 33.9219 4.5
      vertex -20.5609 32.9043 4.5
      vertex -20 34.641 4.5
    endloop
  endfacet
  facet normal 0 0 1
    outer loop
      vertex -21.1968 33.9219 4.5
      vertex -21.6967 32.1667 4.5
      vertex -20.5609 32.9043 4.5
    endloop
  endfacet
  facet normal -0 0 1
    outer loop
      vertex -22.3677 33.1615 4.5
      vertex -21.6967 32.1667 4.5
      vertex -21.1968 33.9219 4.5
    endloop
  endfacet
  facet normal 0 0 1
    outer loop
      vertex -22.3677 33.1615 4.5
      vertex -22.8061 31.3899 4.5
      vertex -21.6967 32.1667 4.5
    endloop
  endfacet
  facet normal -0 0 1
    outer loop
      vertex -23.5114 32.3607 4.5
      vertex -22.8061 31.3899 4.5
      vertex -22.3677 33.1615 4.5
    endloop
  endfacet
  facet normal 0 0 1
    outer loop
      vertex -23.5114 32.3607 4.5
      vertex -23.8877 30.5748 4.5
      vertex -22.8061 31.3899 4.5
    endloop
  endfacet
  facet normal -0 0 1
    outer loop
      vertex -24.6265 31.5204 4.5
      vertex -23.8877 30.5748 4.5
      vertex -23.5114 32.3607 4.5
    endloop
  endfacet
  facet normal 0 0 1
    outer loop
      vertex -24.6265 31.5204 4.5
      vertex -24.9402 29.7225 4.5
      vertex -23.8877 30.5748 4.5
    endloop
  endfacet
  facet normal -0 0 1
    outer loop
      vertex -25.7115 30.6418 4.5
      vertex -24.9402 29.7225 4.5
      vertex -24.6265 31.5204 4.5
    endloop
  endfacet
  facet normal 0 0 1
    outer loop
      vertex -25.7115 30.6418 4.5
      vertex -25.9623 28.834 4.5
      vertex -24.9402 29.7225 4.5
    endloop
  endfacet
  facet normal -0 0 1
    outer loop
      vertex -26.7652 29.7258 4.5
      vertex -25.9623 28.834 4.5
      vertex -25.7115 30.6418 4.5
    endloop
  endfacet
  facet normal 0 0 1
    outer loop
      vertex -26.7652 29.7258 4.5
      vertex -26.9527 27.9104 4.5
      vertex -25.9623 28.834 4.5
    endloop
  endfacet
  facet normal -0 0 1
    outer loop
      vertex -27.7863 28.7736 4.5
      vertex -26.9527 27.9104 4.5
      vertex -26.7652 29.7258 4.5
    endloop
  endfacet
  facet normal 0 0 1
    outer loop
      vertex -27.7863 28.7736 4.5
      vertex -27.9104 26.9527 4.5
      vertex -26.9527 27.9104 4.5
    endloop
  endfacet
  facet normal -0 0 1
    outer loop
      vertex -28.7736 27.7863 4.5
      vertex -27.9104 26.9527 4.5
      vertex -27.7863 28.7736 4.5
    endloop
  endfacet
  facet normal 0 0 1
    outer loop
      vertex -28.7736 27.7863 4.5
      vertex -28.834 25.9623 4.5
      vertex -27.9104 26.9527 4.5
    endloop
  endfacet
  facet normal -0 0 1
    outer loop
      vertex -29.7258 26.7652 4.5
      vertex -28.834 25.9623 4.5
      vertex -28.7736 27.7863 4.5
    endloop
  endfacet
  facet normal 0 0 1
    outer loop
      vertex -28.834 25.9623 4.5
      vertex -29.7258 26.7652 4.5
      vertex -29.7225 24.9402 4.5
    endloop
  endfacet
  facet normal -0 0 1
    outer loop
      vertex -30.6418 25.7115 4.5
      vertex -29.7225 24.9402 4.5
      vertex -29.7258 26.7652 4.5
    endloop
  endfacet
  facet normal 0 0 1
    outer loop
      vertex -29.7225 24.9402 4.5
      vertex -30.6418 25.7115 4.5
      vertex -30.5748 23.8877 4.5
    endloop
  endfacet
  facet normal -0 0 1
    outer loop
      vertex -31.5204 24.6265 4.5
      vertex -30.5748 23.8877 4.5
      vertex -30.6418 25.7115 4.5
    endloop
  endfacet
  facet normal 0 0 1
    outer loop
      vertex -30.5748 23.8877 4.5
      vertex -31.5204 24.6265 4.5
      vertex -31.3899 22.8061 4.5
    endloop
  endfacet
  facet normal -0 0 1
    outer loop
      vertex -32.3607 23.5114 4.5
      vertex -31.3899 22.8061 4.5
      vertex -31.5204 24.6265 4.5
    endloop
  endfacet
  facet normal 0 0 1
    outer loop
      vertex -31.3899 22.8061 4.5
      vertex -32.3607 23.5114 4.5
      vertex -32.1667 21.6967 4.5
    endloop
  endfacet
  facet normal -0 0 1
    outer loop
      vertex -33.1615 22.3677 4.5
      vertex -32.1667 21.6967 4.5
      vertex -32.3607 23.5114 4.5
    endloop
  endfacet
  facet normal 0 0 1
    outer loop
      vertex -32.1667 21.6967 4.5
      vertex -33.1615 22.3677 4.5
      vertex -32.9043 20.5609 4.5
    endloop
  endfacet
  facet normal -0 0 1
    outer loop
      vertex -33.9219 21.1968 4.5
      vertex -32.9043 20.5609 4.5
      vertex -33.1615 22.3677 4.5
    endloop
  endfacet
  facet normal 0 0 1
    outer loop
      vertex -32.9043 20.5609 4.5
      vertex -33.9219 21.1968 4.5
      vertex -33.6018 19.4 4.5
    endloop
  endfacet
  facet normal -0 0 1
    outer loop
      vertex -34.641 20 4.5
      vertex -33.6018 19.4 4.5
      vertex -33.9219 21.1968 4.5
    endloop
  endfacet
  facet normal 0 0 1
    outer loop
      vertex -33.6018 19.4 4.5
      vertex -34.641 20 4.5
      vertex -34.2584 18.2155 4.5
    endloop
  endfacet
  facet normal -0 0 1
    outer loop
      vertex -35.3179 18.7789 4.5
      vertex -34.2584 18.2155 4.5
      vertex -34.641 20 4.5
    endloop
  endfacet
  facet normal 0 0 1
    outer loop
      vertex -34.2584 18.2155 4.5
      vertex -35.3179 18.7789 4.5
      vertex -34.8732 17.0088 4.5
    endloop
  endfacet
  facet normal -0 0 1
    outer loop
      vertex -35.9518 17.5348 4.5
      vertex -34.8732 17.0088 4.5
      vertex -35.3179 18.7789 4.5
    endloop
  endfacet
  facet normal 0 0 1
    outer loop
      vertex -34.8732 17.0088 4.5
      vertex -35.9518 17.5348 4.5
      vertex -35.4456 15.7814 4.5
    endloop
  endfacet
  facet normal -0 0 1
    outer loop
      vertex -36.5418 16.2695 4.5
      vertex -35.4456 15.7814 4.5
      vertex -35.9518 17.5348 4.5
    endloop
  endfacet
  facet normal 0 0 1
    outer loop
      vertex -35.4456 15.7814 4.5
      vertex -36.5418 16.2695 4.5
      vertex -35.9747 14.5347 4.5
    endloop
  endfacet
  facet normal -0 0 1
    outer loop
      vertex -37.0874 14.9843 4.5
      vertex -35.9747 14.5347 4.5
      vertex -36.5418 16.2695 4.5
    endloop
  endfacet
  facet normal 0 0 1
    outer loop
      vertex -35.9747 14.5347 4.5
      vertex -37.0874 14.9843 4.5
      vertex -36.4601 13.2704 4.5
    endloop
  endfacet
  facet normal -0 0 1
    outer loop
      vertex -37.5877 13.6808 4.5
      vertex -36.4601 13.2704 4.5
      vertex -37.0874 14.9843 4.5
    endloop
  endfacet
  facet normal 0 0 1
    outer loop
      vertex -36.4601 13.2704 4.5
      vertex -37.5877 13.6808 4.5
      vertex -36.901 11.9899 4.5
    endloop
  endfacet
  facet normal -0 0 1
    outer loop
      vertex -38.0423 12.3607 4.5
      vertex -36.901 11.9899 4.5
      vertex -37.5877 13.6808 4.5
    endloop
  endfacet
  facet normal 0 0 1
    outer loop
      vertex -36.901 11.9899 4.5
      vertex -38.0423 12.3607 4.5
      vertex -37.297 10.6947 4.5
    endloop
  endfacet
  facet normal -0 0 1
    outer loop
      vertex -38.4505 11.0255 4.5
      vertex -37.297 10.6947 4.5
      vertex -38.0423 12.3607 4.5
    endloop
  endfacet
  facet normal 0 0 1
    outer loop
      vertex -37.297 10.6947 4.5
      vertex -38.4505 11.0255 4.5
      vertex -37.6475 9.38657 4.5
    endloop
  endfacet
  facet normal -0 0 1
    outer loop
      vertex -38.8118 9.67688 4.5
      vertex -37.6475 9.38657 4.5
      vertex -38.4505 11.0255 4.5
    endloop
  endfacet
  facet normal 0 0 1
    outer loop
      vertex -37.6475 9.38657 4.5
      vertex -38.8118 9.67688 4.5
      vertex -37.9521 8.06697 4.5
    endloop
  endfacet
  facet normal -0 0 1
    outer loop
      vertex -39.1259 8.31647 4.5
      vertex -37.9521 8.06697 4.5
      vertex -38.8118 9.67688 4.5
    endloop
  endfacet
  facet normal 0 0 1
    outer loop
      vertex -37.9521 8.06697 4.5
      vertex -39.1259 8.31647 4.5
      vertex -38.2105 6.73755 4.5
    endloop
  endfacet
  facet normal -0 0 1
    outer loop
      vertex -39.3923 6.94593 4.5
      vertex -38.2105 6.73755 4.5
      vertex -39.1259 8.31647 4.5
    endloop
  endfacet
  facet normal 0 0 1
    outer loop
      vertex -38.2105 6.73755 4.5
      vertex -39.3923 6.94593 4.5
      vertex -38.4224 5.39992 4.5
    endloop
  endfacet
  facet normal 0 0 1
    outer loop
      vertex -38.4224 5.39992 4.5
      vertex -39.6107 5.56692 4.5
      vertex -38.5874 4.0557 4.5
    endloop
  endfacet
  facet normal -0 0 1
    outer loop
      vertex -39.6107 5.56692 4.5
      vertex -38.4224 5.39992 4.5
      vertex -39.3923 6.94593 4.5
    endloop
  endfacet
  facet normal -0 0 1
    outer loop
      vertex 38.5874 -4.0557 4.5
      vertex 39.7809 -4.18114 4.5
      vertex 38.7055 -2.70655 4.5
    endloop
  endfacet
  facet normal -0 0 1
    outer loop
      vertex 38.4224 -5.39992 4.5
      vertex 39.6107 -5.56692 4.5
      vertex 38.5874 -4.0557 4.5
    endloop
  endfacet
  facet normal 0 0 1
    outer loop
      vertex 39.6107 -5.56692 4.5
      vertex 38.4224 -5.39992 4.5
      vertex 39.3923 -6.94593 4.5
    endloop
  endfacet
  facet normal 0 0 1
    outer loop
      vertex 38.7764 -1.3541 4.5
      vertex 39.2 -1.2 4.5
      vertex 38.7791 -1.2 4.5
    endloop
  endfacet
  facet normal 0 0 1
    outer loop
      vertex 38.7055 -2.70655 4.5
      vertex 39.2 -1.2 4.5
      vertex 38.7764 -1.3541 4.5
    endloop
  endfacet
  facet normal 0 0 1
    outer loop
      vertex 39.7809 -4.18114 4.5
      vertex 38.5874 -4.0557 4.5
      vertex 39.6107 -5.56692 4.5
    endloop
  endfacet
  facet normal -0 0 1
    outer loop
      vertex 38.2105 -6.73755 4.5
      vertex 39.3923 -6.94593 4.5
      vertex 38.4224 -5.39992 4.5
    endloop
  endfacet
  facet normal 0 0 1
    outer loop
      vertex 39.3923 -6.94593 4.5
      vertex 38.2105 -6.73755 4.5
      vertex 39.1259 -8.31647 4.5
    endloop
  endfacet
  facet normal -0 0 1
    outer loop
      vertex 37.9521 -8.06697 4.5
      vertex 39.1259 -8.31647 4.5
      vertex 38.2105 -6.73755 4.5
    endloop
  endfacet
  facet normal 0 0 1
    outer loop
      vertex 39.1259 -8.31647 4.5
      vertex 37.9521 -8.06697 4.5
      vertex 38.8118 -9.67688 4.5
    endloop
  endfacet
  facet normal -0 0 1
    outer loop
      vertex 37.6475 -9.38657 4.5
      vertex 38.8118 -9.67688 4.5
      vertex 37.9521 -8.06697 4.5
    endloop
  endfacet
  facet normal 0 0 1
    outer loop
      vertex 38.8118 -9.67688 4.5
      vertex 37.6475 -9.38657 4.5
      vertex 38.4505 -11.0255 4.5
    endloop
  endfacet
  facet normal -0 0 1
    outer loop
      vertex 37.297 -10.6947 4.5
      vertex 38.4505 -11.0255 4.5
      vertex 37.6475 -9.38657 4.5
    endloop
  endfacet
  facet normal 0 0 1
    outer loop
      vertex 38.4505 -11.0255 4.5
      vertex 37.297 -10.6947 4.5
      vertex 38.0423 -12.3607 4.5
    endloop
  endfacet
  facet normal -0 0 1
    outer loop
      vertex 36.901 -11.9899 4.5
      vertex 38.0423 -12.3607 4.5
      vertex 37.297 -10.6947 4.5
    endloop
  endfacet
  facet normal 0 0 1
    outer loop
      vertex 38.0423 -12.3607 4.5
      vertex 36.901 -11.9899 4.5
      vertex 37.5877 -13.6808 4.5
    endloop
  endfacet
  facet normal -0 0 1
    outer loop
      vertex 36.4601 -13.2704 4.5
      vertex 37.5877 -13.6808 4.5
      vertex 36.901 -11.9899 4.5
    endloop
  endfacet
  facet normal 0 0 1
    outer loop
      vertex 37.5877 -13.6808 4.5
      vertex 36.4601 -13.2704 4.5
      vertex 37.0874 -14.9843 4.5
    endloop
  endfacet
  facet normal -0 0 1
    outer loop
      vertex 35.9747 -14.5347 4.5
      vertex 37.0874 -14.9843 4.5
      vertex 36.4601 -13.2704 4.5
    endloop
  endfacet
  facet normal 0 0 1
    outer loop
      vertex 37.0874 -14.9843 4.5
      vertex 35.9747 -14.5347 4.5
      vertex 36.5418 -16.2695 4.5
    endloop
  endfacet
  facet normal -0 0 1
    outer loop
      vertex 35.4456 -15.7814 4.5
      vertex 36.5418 -16.2695 4.5
      vertex 35.9747 -14.5347 4.5
    endloop
  endfacet
  facet normal 0 0 1
    outer loop
      vertex 36.5418 -16.2695 4.5
      vertex 35.4456 -15.7814 4.5
      vertex 35.9518 -17.5348 4.5
    endloop
  endfacet
  facet normal -0 0 1
    outer loop
      vertex 34.8732 -17.0088 4.5
      vertex 35.9518 -17.5348 4.5
      vertex 35.4456 -15.7814 4.5
    endloop
  endfacet
  facet normal 0 0 1
    outer loop
      vertex 35.9518 -17.5348 4.5
      vertex 34.8732 -17.0088 4.5
      vertex 35.3179 -18.7789 4.5
    endloop
  endfacet
  facet normal -0 0 1
    outer loop
      vertex 34.2584 -18.2155 4.5
      vertex 35.3179 -18.7789 4.5
      vertex 34.8732 -17.0088 4.5
    endloop
  endfacet
  facet normal 0 0 1
    outer loop
      vertex 35.3179 -18.7789 4.5
      vertex 34.2584 -18.2155 4.5
      vertex 34.641 -20 4.5
    endloop
  endfacet
  facet normal -0 0 1
    outer loop
      vertex 33.6018 -19.4 4.5
      vertex 34.641 -20 4.5
      vertex 34.2584 -18.2155 4.5
    endloop
  endfacet
  facet normal 0 0 1
    outer loop
      vertex 34.641 -20 4.5
      vertex 33.6018 -19.4 4.5
      vertex 33.9219 -21.1968 4.5
    endloop
  endfacet
  facet normal -0 0 1
    outer loop
      vertex 32.9043 -20.5609 4.5
      vertex 33.9219 -21.1968 4.5
      vertex 33.6018 -19.4 4.5
    endloop
  endfacet
  facet normal 0 0 1
    outer loop
      vertex 33.9219 -21.1968 4.5
      vertex 32.9043 -20.5609 4.5
      vertex 33.1615 -22.3677 4.5
    endloop
  endfacet
  facet normal -0 0 1
    outer loop
      vertex 32.1667 -21.6967 4.5
      vertex 33.1615 -22.3677 4.5
      vertex 32.9043 -20.5609 4.5
    endloop
  endfacet
  facet normal 0 0 1
    outer loop
      vertex 33.1615 -22.3677 4.5
      vertex 32.1667 -21.6967 4.5
      vertex 32.3607 -23.5114 4.5
    endloop
  endfacet
  facet normal -0 0 1
    outer loop
      vertex 31.3899 -22.8061 4.5
      vertex 32.3607 -23.5114 4.5
      vertex 32.1667 -21.6967 4.5
    endloop
  endfacet
  facet normal 0 0 1
    outer loop
      vertex 32.3607 -23.5114 4.5
      vertex 31.3899 -22.8061 4.5
      vertex 31.5204 -24.6265 4.5
    endloop
  endfacet
  facet normal -0 0 1
    outer loop
      vertex 30.5748 -23.8877 4.5
      vertex 31.5204 -24.6265 4.5
      vertex 31.3899 -22.8061 4.5
    endloop
  endfacet
  facet normal 0 0 1
    outer loop
      vertex 31.5204 -24.6265 4.5
      vertex 30.5748 -23.8877 4.5
      vertex 30.6418 -25.7115 4.5
    endloop
  endfacet
  facet normal -0 0 1
    outer loop
      vertex 29.7225 -24.9402 4.5
      vertex 30.6418 -25.7115 4.5
      vertex 30.5748 -23.8877 4.5
    endloop
  endfacet
  facet normal 0 0 1
    outer loop
      vertex 30.6418 -25.7115 4.5
      vertex 29.7225 -24.9402 4.5
      vertex 29.7258 -26.7652 4.5
    endloop
  endfacet
  facet normal -0 0 1
    outer loop
      vertex 28.834 -25.9623 4.5
      vertex 29.7258 -26.7652 4.5
      vertex 29.7225 -24.9402 4.5
    endloop
  endfacet
  facet normal 0 0 1
    outer loop
      vertex 28.834 -25.9623 4.5
      vertex 28.7736 -27.7863 4.5
      vertex 29.7258 -26.7652 4.5
    endloop
  endfacet
  facet normal -0 0 1
    outer loop
      vertex 27.9104 -26.9527 4.5
      vertex 28.7736 -27.7863 4.5
      vertex 28.834 -25.9623 4.5
    endloop
  endfacet
  facet normal 0 0 1
    outer loop
      vertex 27.9104 -26.9527 4.5
      vertex 27.7863 -28.7736 4.5
      vertex 28.7736 -27.7863 4.5
    endloop
  endfacet
  facet normal -0 0 1
    outer loop
      vertex 26.9527 -27.9104 4.5
      vertex 27.7863 -28.7736 4.5
      vertex 27.9104 -26.9527 4.5
    endloop
  endfacet
  facet normal 0 0 1
    outer loop
      vertex 26.9527 -27.9104 4.5
      vertex 26.7652 -29.7258 4.5
      vertex 27.7863 -28.7736 4.5
    endloop
  endfacet
  facet normal -0 0 1
    outer loop
      vertex 25.9623 -28.834 4.5
      vertex 26.7652 -29.7258 4.5
      vertex 26.9527 -27.9104 4.5
    endloop
  endfacet
  facet normal 0 0 1
    outer loop
      vertex 25.9623 -28.834 4.5
      vertex 25.7115 -30.6418 4.5
      vertex 26.7652 -29.7258 4.5
    endloop
  endfacet
  facet normal -0 0 1
    outer loop
      vertex 24.9402 -29.7225 4.5
      vertex 25.7115 -30.6418 4.5
      vertex 25.9623 -28.834 4.5
    endloop
  endfacet
  facet normal 0 0 1
    outer loop
      vertex 24.9402 -29.7225 4.5
      vertex 24.6265 -31.5204 4.5
      vertex 25.7115 -30.6418 4.5
    endloop
  endfacet
  facet normal -0 0 1
    outer loop
      vertex 23.8877 -30.5748 4.5
      vertex 24.6265 -31.5204 4.5
      vertex 24.9402 -29.7225 4.5
    endloop
  endfacet
  facet normal 0 0 1
    outer loop
      vertex 23.8877 -30.5748 4.5
      vertex 23.5114 -32.3607 4.5
      vertex 24.6265 -31.5204 4.5
    endloop
  endfacet
  facet normal -0 0 1
    outer loop
      vertex 22.8061 -31.3899 4.5
      vertex 23.5114 -32.3607 4.5
      vertex 23.8877 -30.5748 4.5
    endloop
  endfacet
  facet normal 0 0 1
    outer loop
      vertex 22.8061 -31.3899 4.5
      vertex 22.3677 -33.1615 4.5
      vertex 23.5114 -32.3607 4.5
    endloop
  endfacet
  facet normal -0 0 1
    outer loop
      vertex 21.6967 -32.1667 4.5
      vertex 22.3677 -33.1615 4.5
      vertex 22.8061 -31.3899 4.5
    endloop
  endfacet
  facet normal 0 0 1
    outer loop
      vertex 21.6967 -32.1667 4.5
      vertex 21.1968 -33.9219 4.5
      vertex 22.3677 -33.1615 4.5
    endloop
  endfacet
  facet normal -0 0 1
    outer loop
      vertex 20.5609 -32.9043 4.5
      vertex 21.1968 -33.9219 4.5
      vertex 21.6967 -32.1667 4.5
    endloop
  endfacet
  facet normal 0 0 1
    outer loop
      vertex 20.5609 -32.9043 4.5
      vertex 20 -34.641 4.5
      vertex 21.1968 -33.9219 4.5
    endloop
  endfacet
  facet normal -0 0 1
    outer loop
      vertex 19.4 -33.6018 4.5
      vertex 20 -34.641 4.5
      vertex 20.5609 -32.9043 4.5
    endloop
  endfacet
  facet normal 0 0 1
    outer loop
      vertex 19.4 -33.6018 4.5
      vertex 18.7789 -35.3179 4.5
      vertex 20 -34.641 4.5
    endloop
  endfacet
  facet normal -0 0 1
    outer loop
      vertex 18.2155 -34.2584 4.5
      vertex 18.7789 -35.3179 4.5
      vertex 19.4 -33.6018 4.5
    endloop
  endfacet
  facet normal 0 0 1
    outer loop
      vertex 18.2155 -34.2584 4.5
      vertex 17.5348 -35.9518 4.5
      vertex 18.7789 -35.3179 4.5
    endloop
  endfacet
  facet normal -0 0 1
    outer loop
      vertex 17.0088 -34.8732 4.5
      vertex 17.5348 -35.9518 4.5
      vertex 18.2155 -34.2584 4.5
    endloop
  endfacet
  facet normal 0 0 1
    outer loop
      vertex 17.0088 -34.8732 4.5
      vertex 16.2695 -36.5418 4.5
      vertex 17.5348 -35.9518 4.5
    endloop
  endfacet
  facet normal -0 0 1
    outer loop
      vertex 15.7814 -35.4456 4.5
      vertex 16.2695 -36.5418 4.5
      vertex 17.0088 -34.8732 4.5
    endloop
  endfacet
  facet normal 0 0 1
    outer loop
      vertex 15.7814 -35.4456 4.5
      vertex 14.9843 -37.0874 4.5
      vertex 16.2695 -36.5418 4.5
    endloop
  endfacet
  facet normal -0 0 1
    outer loop
      vertex 14.5347 -35.9747 4.5
      vertex 14.9843 -37.0874 4.5
      vertex 15.7814 -35.4456 4.5
    endloop
  endfacet
  facet normal 0 0 1
    outer loop
      vertex 14.5347 -35.9747 4.5
      vertex 13.6808 -37.5877 4.5
      vertex 14.9843 -37.0874 4.5
    endloop
  endfacet
  facet normal -0 0 1
    outer loop
      vertex 13.2704 -36.4601 4.5
      vertex 13.6808 -37.5877 4.5
      vertex 14.5347 -35.9747 4.5
    endloop
  endfacet
  facet normal 0 0 1
    outer loop
      vertex 13.2704 -36.4601 4.5
      vertex 12.3607 -38.0423 4.5
      vertex 13.6808 -37.5877 4.5
    endloop
  endfacet
  facet normal -0 0 1
    outer loop
      vertex 11.9899 -36.901 4.5
      vertex 12.3607 -38.0423 4.5
      vertex 13.2704 -36.4601 4.5
    endloop
  endfacet
  facet normal 0 0 1
    outer loop
      vertex 11.9899 -36.901 4.5
      vertex 11.0255 -38.4505 4.5
      vertex 12.3607 -38.0423 4.5
    endloop
  endfacet
  facet normal -0 0 1
    outer loop
      vertex 10.6947 -37.297 4.5
      vertex 11.0255 -38.4505 4.5
      vertex 11.9899 -36.901 4.5
    endloop
  endfacet
  facet normal 0 0 1
    outer loop
      vertex 10.6947 -37.297 4.5
      vertex 9.67688 -38.8118 4.5
      vertex 11.0255 -38.4505 4.5
    endloop
  endfacet
  facet normal -0 0 1
    outer loop
      vertex 9.38657 -37.6475 4.5
      vertex 9.67688 -38.8118 4.5
      vertex 10.6947 -37.297 4.5
    endloop
  endfacet
  facet normal 0 0 1
    outer loop
      vertex 9.38657 -37.6475 4.5
      vertex 8.31647 -39.1259 4.5
      vertex 9.67688 -38.8118 4.5
    endloop
  endfacet
  facet normal -0 0 1
    outer loop
      vertex 8.06697 -37.9521 4.5
      vertex 8.31647 -39.1259 4.5
      vertex 9.38657 -37.6475 4.5
    endloop
  endfacet
  facet normal 0 0 1
    outer loop
      vertex 8.06697 -37.9521 4.5
      vertex 6.94593 -39.3923 4.5
      vertex 8.31647 -39.1259 4.5
    endloop
  endfacet
  facet normal -0 0 1
    outer loop
      vertex 6.73755 -38.2105 4.5
      vertex 6.94593 -39.3923 4.5
      vertex 8.06697 -37.9521 4.5
    endloop
  endfacet
  facet normal 0 0 1
    outer loop
      vertex 6.73755 -38.2105 4.5
      vertex 5.56692 -39.6107 4.5
      vertex 6.94593 -39.3923 4.5
    endloop
  endfacet
  facet normal -0 0 1
    outer loop
      vertex 5.39992 -38.4224 4.5
      vertex 5.56692 -39.6107 4.5
      vertex 6.73755 -38.2105 4.5
    endloop
  endfacet
  facet normal 0 0 1
    outer loop
      vertex 5.39992 -38.4224 4.5
      vertex 4.18114 -39.7809 4.5
      vertex 5.56692 -39.6107 4.5
    endloop
  endfacet
  facet normal -0 0 1
    outer loop
      vertex 4.0557 -38.5874 4.5
      vertex 4.18114 -39.7809 4.5
      vertex 5.39992 -38.4224 4.5
    endloop
  endfacet
  facet normal 0 0 1
    outer loop
      vertex 4.0557 -38.5874 4.5
      vertex 2.79026 -39.9026 4.5
      vertex 4.18114 -39.7809 4.5
    endloop
  endfacet
  facet normal -0 0 1
    outer loop
      vertex 2.70655 -38.7055 4.5
      vertex 2.79026 -39.9026 4.5
      vertex 4.0557 -38.5874 4.5
    endloop
  endfacet
  facet normal 0 0 1
    outer loop
      vertex 2.70655 -38.7055 4.5
      vertex 1.39598 -39.9756 4.5
      vertex 2.79026 -39.9026 4.5
    endloop
  endfacet
  facet normal -0 0 1
    outer loop
      vertex 1.3541 -38.7764 4.5
      vertex 1.39598 -39.9756 4.5
      vertex 2.70655 -38.7055 4.5
    endloop
  endfacet
  facet normal -0 0 1
    outer loop
      vertex 0 -38.8 4.5
      vertex 1.39598 -39.9756 4.5
      vertex 1.3541 -38.7764 4.5
    endloop
  endfacet
  facet normal 0 0 1
    outer loop
      vertex 0 -38.8 4.5
      vertex 0 -40 4.5
      vertex 1.39598 -39.9756 4.5
    endloop
  endfacet
  facet normal 0 0 1
    outer loop
      vertex -1.3541 -38.7764 4.5
      vertex 0 -40 4.5
      vertex 0 -38.8 4.5
    endloop
  endfacet
  facet normal 0 0 1
    outer loop
      vertex -1.3541 -38.7764 4.5
      vertex -1.39598 -39.9756 4.5
      vertex 0 -40 4.5
    endloop
  endfacet
  facet normal 0 0 1
    outer loop
      vertex -2.70655 -38.7055 4.5
      vertex -1.39598 -39.9756 4.5
      vertex -1.3541 -38.7764 4.5
    endloop
  endfacet
  facet normal 0 0 1
    outer loop
      vertex -2.70655 -38.7055 4.5
      vertex -2.79026 -39.9026 4.5
      vertex -1.39598 -39.9756 4.5
    endloop
  endfacet
  facet normal 0 0 1
    outer loop
      vertex -4.0557 -38.5874 4.5
      vertex -2.79026 -39.9026 4.5
      vertex -2.70655 -38.7055 4.5
    endloop
  endfacet
  facet normal 0 0 1
    outer loop
      vertex -4.0557 -38.5874 4.5
      vertex -4.18114 -39.7809 4.5
      vertex -2.79026 -39.9026 4.5
    endloop
  endfacet
  facet normal 0 0 1
    outer loop
      vertex -5.39992 -38.4224 4.5
      vertex -4.18114 -39.7809 4.5
      vertex -4.0557 -38.5874 4.5
    endloop
  endfacet
  facet normal 0 0 1
    outer loop
      vertex -5.39992 -38.4224 4.5
      vertex -5.56692 -39.6107 4.5
      vertex -4.18114 -39.7809 4.5
    endloop
  endfacet
  facet normal 0 0 1
    outer loop
      vertex -6.73755 -38.2105 4.5
      vertex -5.56692 -39.6107 4.5
      vertex -5.39992 -38.4224 4.5
    endloop
  endfacet
  facet normal 0 0 1
    outer loop
      vertex -6.73755 -38.2105 4.5
      vertex -6.94593 -39.3923 4.5
      vertex -5.56692 -39.6107 4.5
    endloop
  endfacet
  facet normal 0 0 1
    outer loop
      vertex -8.06697 -37.9521 4.5
      vertex -6.94593 -39.3923 4.5
      vertex -6.73755 -38.2105 4.5
    endloop
  endfacet
  facet normal 0 0 1
    outer loop
      vertex -8.06697 -37.9521 4.5
      vertex -8.31647 -39.1259 4.5
      vertex -6.94593 -39.3923 4.5
    endloop
  endfacet
  facet normal 0 0 1
    outer loop
      vertex -9.38657 -37.6475 4.5
      vertex -8.31647 -39.1259 4.5
      vertex -8.06697 -37.9521 4.5
    endloop
  endfacet
  facet normal 0 0 1
    outer loop
      vertex -9.38657 -37.6475 4.5
      vertex -9.67688 -38.8118 4.5
      vertex -8.31647 -39.1259 4.5
    endloop
  endfacet
  facet normal 0 0 1
    outer loop
      vertex -10.6947 -37.297 4.5
      vertex -9.67688 -38.8118 4.5
      vertex -9.38657 -37.6475 4.5
    endloop
  endfacet
  facet normal 0 0 1
    outer loop
      vertex -10.6947 -37.297 4.5
      vertex -11.0255 -38.4505 4.5
      vertex -9.67688 -38.8118 4.5
    endloop
  endfacet
  facet normal 0 0 1
    outer loop
      vertex -11.9899 -36.901 4.5
      vertex -11.0255 -38.4505 4.5
      vertex -10.6947 -37.297 4.5
    endloop
  endfacet
  facet normal 0 0 1
    outer loop
      vertex -11.9899 -36.901 4.5
      vertex -12.3607 -38.0423 4.5
      vertex -11.0255 -38.4505 4.5
    endloop
  endfacet
  facet normal 0 0 1
    outer loop
      vertex -13.2704 -36.4601 4.5
      vertex -12.3607 -38.0423 4.5
      vertex -11.9899 -36.901 4.5
    endloop
  endfacet
  facet normal 0 0 1
    outer loop
      vertex -13.2704 -36.4601 4.5
      vertex -13.6808 -37.5877 4.5
      vertex -12.3607 -38.0423 4.5
    endloop
  endfacet
  facet normal 0 0 1
    outer loop
      vertex -14.5347 -35.9747 4.5
      vertex -13.6808 -37.5877 4.5
      vertex -13.2704 -36.4601 4.5
    endloop
  endfacet
  facet normal 0 0 1
    outer loop
      vertex -14.5347 -35.9747 4.5
      vertex -14.9843 -37.0874 4.5
      vertex -13.6808 -37.5877 4.5
    endloop
  endfacet
  facet normal 0 0 1
    outer loop
      vertex -15.7814 -35.4456 4.5
      vertex -14.9843 -37.0874 4.5
      vertex -14.5347 -35.9747 4.5
    endloop
  endfacet
  facet normal 0 0 1
    outer loop
      vertex -15.7814 -35.4456 4.5
      vertex -16.2695 -36.5418 4.5
      vertex -14.9843 -37.0874 4.5
    endloop
  endfacet
  facet normal 0 0 1
    outer loop
      vertex -17.0088 -34.8732 4.5
      vertex -16.2695 -36.5418 4.5
      vertex -15.7814 -35.4456 4.5
    endloop
  endfacet
  facet normal 0 0 1
    outer loop
      vertex -17.0088 -34.8732 4.5
      vertex -17.5348 -35.9518 4.5
      vertex -16.2695 -36.5418 4.5
    endloop
  endfacet
  facet normal 0 0 1
    outer loop
      vertex -18.2155 -34.2584 4.5
      vertex -17.5348 -35.9518 4.5
      vertex -17.0088 -34.8732 4.5
    endloop
  endfacet
  facet normal 0 0 1
    outer loop
      vertex -18.2155 -34.2584 4.5
      vertex -18.7789 -35.3179 4.5
      vertex -17.5348 -35.9518 4.5
    endloop
  endfacet
  facet normal 0 0 1
    outer loop
      vertex -19.4 -33.6018 4.5
      vertex -18.7789 -35.3179 4.5
      vertex -18.2155 -34.2584 4.5
    endloop
  endfacet
  facet normal 0 0 1
    outer loop
      vertex -19.4 -33.6018 4.5
      vertex -20 -34.641 4.5
      vertex -18.7789 -35.3179 4.5
    endloop
  endfacet
  facet normal 0 0 1
    outer loop
      vertex -20.5609 -32.9043 4.5
      vertex -20 -34.641 4.5
      vertex -19.4 -33.6018 4.5
    endloop
  endfacet
  facet normal 0 0 1
    outer loop
      vertex -20.5609 -32.9043 4.5
      vertex -21.1968 -33.9219 4.5
      vertex -20 -34.641 4.5
    endloop
  endfacet
  facet normal 0 0 1
    outer loop
      vertex -21.6967 -32.1667 4.5
      vertex -21.1968 -33.9219 4.5
      vertex -20.5609 -32.9043 4.5
    endloop
  endfacet
  facet normal 0 0 1
    outer loop
      vertex -21.6967 -32.1667 4.5
      vertex -22.3677 -33.1615 4.5
      vertex -21.1968 -33.9219 4.5
    endloop
  endfacet
  facet normal 0 0 1
    outer loop
      vertex -22.8061 -31.3899 4.5
      vertex -22.3677 -33.1615 4.5
      vertex -21.6967 -32.1667 4.5
    endloop
  endfacet
  facet normal 0 0 1
    outer loop
      vertex -22.8061 -31.3899 4.5
      vertex -23.5114 -32.3607 4.5
      vertex -22.3677 -33.1615 4.5
    endloop
  endfacet
  facet normal 0 0 1
    outer loop
      vertex -23.8877 -30.5748 4.5
      vertex -23.5114 -32.3607 4.5
      vertex -22.8061 -31.3899 4.5
    endloop
  endfacet
  facet normal 0 0 1
    outer loop
      vertex -23.8877 -30.5748 4.5
      vertex -24.6265 -31.5204 4.5
      vertex -23.5114 -32.3607 4.5
    endloop
  endfacet
  facet normal 0 0 1
    outer loop
      vertex -24.9402 -29.7225 4.5
      vertex -24.6265 -31.5204 4.5
      vertex -23.8877 -30.5748 4.5
    endloop
  endfacet
  facet normal 0 0 1
    outer loop
      vertex -24.9402 -29.7225 4.5
      vertex -25.7115 -30.6418 4.5
      vertex -24.6265 -31.5204 4.5
    endloop
  endfacet
  facet normal 0 0 1
    outer loop
      vertex -25.9623 -28.834 4.5
      vertex -25.7115 -30.6418 4.5
      vertex -24.9402 -29.7225 4.5
    endloop
  endfacet
  facet normal 0 0 1
    outer loop
      vertex -25.9623 -28.834 4.5
      vertex -26.7652 -29.7258 4.5
      vertex -25.7115 -30.6418 4.5
    endloop
  endfacet
  facet normal 0 0 1
    outer loop
      vertex -26.9527 -27.9104 4.5
      vertex -26.7652 -29.7258 4.5
      vertex -25.9623 -28.834 4.5
    endloop
  endfacet
  facet normal 0 0 1
    outer loop
      vertex -26.9527 -27.9104 4.5
      vertex -27.7863 -28.7736 4.5
      vertex -26.7652 -29.7258 4.5
    endloop
  endfacet
  facet normal 0 0 1
    outer loop
      vertex -27.9104 -26.9527 4.5
      vertex -27.7863 -28.7736 4.5
      vertex -26.9527 -27.9104 4.5
    endloop
  endfacet
  facet normal 0 0 1
    outer loop
      vertex -27.9104 -26.9527 4.5
      vertex -28.7736 -27.7863 4.5
      vertex -27.7863 -28.7736 4.5
    endloop
  endfacet
  facet normal 0 0 1
    outer loop
      vertex -28.834 -25.9623 4.5
      vertex -28.7736 -27.7863 4.5
      vertex -27.9104 -26.9527 4.5
    endloop
  endfacet
  facet normal 0 0 1
    outer loop
      vertex -29.7258 -26.7652 4.5
      vertex -28.834 -25.9623 4.5
      vertex -29.7225 -24.9402 4.5
    endloop
  endfacet
  facet normal 0 0 1
    outer loop
      vertex -28.834 -25.9623 4.5
      vertex -29.7258 -26.7652 4.5
      vertex -28.7736 -27.7863 4.5
    endloop
  endfacet
  facet normal 0 0 1
    outer loop
      vertex -30.6418 -25.7115 4.5
      vertex -29.7225 -24.9402 4.5
      vertex -30.5748 -23.8877 4.5
    endloop
  endfacet
  facet normal 0 0 1
    outer loop
      vertex -29.7225 -24.9402 4.5
      vertex -30.6418 -25.7115 4.5
      vertex -29.7258 -26.7652 4.5
    endloop
  endfacet
  facet normal 0 0 1
    outer loop
      vertex -31.5204 -24.6265 4.5
      vertex -30.5748 -23.8877 4.5
      vertex -31.3899 -22.8061 4.5
    endloop
  endfacet
  facet normal 0 0 1
    outer loop
      vertex -30.5748 -23.8877 4.5
      vertex -31.5204 -24.6265 4.5
      vertex -30.6418 -25.7115 4.5
    endloop
  endfacet
  facet normal 0 0 1
    outer loop
      vertex -32.3607 -23.5114 4.5
      vertex -31.3899 -22.8061 4.5
      vertex -32.1667 -21.6967 4.5
    endloop
  endfacet
  facet normal 0 0 1
    outer loop
      vertex -31.3899 -22.8061 4.5
      vertex -32.3607 -23.5114 4.5
      vertex -31.5204 -24.6265 4.5
    endloop
  endfacet
  facet normal 0 0 1
    outer loop
      vertex -33.1615 -22.3677 4.5
      vertex -32.1667 -21.6967 4.5
      vertex -32.9043 -20.5609 4.5
    endloop
  endfacet
  facet normal 0 0 1
    outer loop
      vertex -32.1667 -21.6967 4.5
      vertex -33.1615 -22.3677 4.5
      vertex -32.3607 -23.5114 4.5
    endloop
  endfacet
  facet normal 0 0 1
    outer loop
      vertex -33.9219 -21.1968 4.5
      vertex -32.9043 -20.5609 4.5
      vertex -33.6018 -19.4 4.5
    endloop
  endfacet
  facet normal 0 0 1
    outer loop
      vertex -32.9043 -20.5609 4.5
      vertex -33.9219 -21.1968 4.5
      vertex -33.1615 -22.3677 4.5
    endloop
  endfacet
  facet normal 0 0 1
    outer loop
      vertex -34.641 -20 4.5
      vertex -33.6018 -19.4 4.5
      vertex -34.2584 -18.2155 4.5
    endloop
  endfacet
  facet normal 0 0 1
    outer loop
      vertex -33.6018 -19.4 4.5
      vertex -34.641 -20 4.5
      vertex -33.9219 -21.1968 4.5
    endloop
  endfacet
  facet normal 0 0 1
    outer loop
      vertex -35.3179 -18.7789 4.5
      vertex -34.2584 -18.2155 4.5
      vertex -34.8732 -17.0088 4.5
    endloop
  endfacet
  facet normal 0 0 1
    outer loop
      vertex -34.2584 -18.2155 4.5
      vertex -35.3179 -18.7789 4.5
      vertex -34.641 -20 4.5
    endloop
  endfacet
  facet normal 0 0 1
    outer loop
      vertex -35.9518 -17.5348 4.5
      vertex -34.8732 -17.0088 4.5
      vertex -35.4456 -15.7814 4.5
    endloop
  endfacet
  facet normal 0 0 1
    outer loop
      vertex -34.8732 -17.0088 4.5
      vertex -35.9518 -17.5348 4.5
      vertex -35.3179 -18.7789 4.5
    endloop
  endfacet
  facet normal 0 0 1
    outer loop
      vertex -36.5418 -16.2695 4.5
      vertex -35.4456 -15.7814 4.5
      vertex -35.9747 -14.5347 4.5
    endloop
  endfacet
  facet normal 0 0 1
    outer loop
      vertex -37.0874 -14.9843 4.5
      vertex -35.9747 -14.5347 4.5
      vertex -36.4601 -13.2704 4.5
    endloop
  endfacet
  facet normal 0 0 1
    outer loop
      vertex -35.4456 -15.7814 4.5
      vertex -36.5418 -16.2695 4.5
      vertex -35.9518 -17.5348 4.5
    endloop
  endfacet
  facet normal 0 0 1
    outer loop
      vertex -37.5877 -13.6808 4.5
      vertex -36.4601 -13.2704 4.5
      vertex -36.901 -11.9899 4.5
    endloop
  endfacet
  facet normal 0 0 1
    outer loop
      vertex -35.9747 -14.5347 4.5
      vertex -37.0874 -14.9843 4.5
      vertex -36.5418 -16.2695 4.5
    endloop
  endfacet
  facet normal 0 0 1
    outer loop
      vertex -38.0423 -12.3607 4.5
      vertex -36.901 -11.9899 4.5
      vertex -37.297 -10.6947 4.5
    endloop
  endfacet
  facet normal 0 0 1
    outer loop
      vertex -36.4601 -13.2704 4.5
      vertex -37.5877 -13.6808 4.5
      vertex -37.0874 -14.9843 4.5
    endloop
  endfacet
  facet normal 0 0 1
    outer loop
      vertex -38.4505 -11.0255 4.5
      vertex -37.297 -10.6947 4.5
      vertex -37.6475 -9.38657 4.5
    endloop
  endfacet
  facet normal 0 0 1
    outer loop
      vertex -38.8118 -9.67688 4.5
      vertex -37.6475 -9.38657 4.5
      vertex -37.9521 -8.06697 4.5
    endloop
  endfacet
  facet normal 0 0 1
    outer loop
      vertex -36.901 -11.9899 4.5
      vertex -38.0423 -12.3607 4.5
      vertex -37.5877 -13.6808 4.5
    endloop
  endfacet
  facet normal 0 0 1
    outer loop
      vertex -39.1259 -8.31647 4.5
      vertex -37.9521 -8.06697 4.5
      vertex -38.2105 -6.73755 4.5
    endloop
  endfacet
  facet normal 0 0 1
    outer loop
      vertex -39.3923 -6.94593 4.5
      vertex -38.2105 -6.73755 4.5
      vertex -38.4224 -5.39992 4.5
    endloop
  endfacet
  facet normal 0 0 1
    outer loop
      vertex -37.297 -10.6947 4.5
      vertex -38.4505 -11.0255 4.5
      vertex -38.0423 -12.3607 4.5
    endloop
  endfacet
  facet normal 0 0 1
    outer loop
      vertex -39.6107 -5.56692 4.5
      vertex -38.4224 -5.39992 4.5
      vertex -38.5874 -4.0557 4.5
    endloop
  endfacet
  facet normal 0 0 1
    outer loop
      vertex -39.7809 -4.18114 4.5
      vertex -38.5874 -4.0557 4.5
      vertex -38.7055 -2.70655 4.5
    endloop
  endfacet
  facet normal 0 0 1
    outer loop
      vertex -39.9026 -2.79026 4.5
      vertex -38.7055 -2.70655 4.5
      vertex -38.7764 -1.3541 4.5
    endloop
  endfacet
  facet normal 0 0 1
    outer loop
      vertex -37.6475 -9.38657 4.5
      vertex -38.8118 -9.67688 4.5
      vertex -38.4505 -11.0255 4.5
    endloop
  endfacet
  facet normal 0 0 1
    outer loop
      vertex -39.9756 -1.39598 4.5
      vertex -38.7764 -1.3541 4.5
      vertex -38.8 0 4.5
    endloop
  endfacet
  facet normal -0 0 1
    outer loop
      vertex -39.7809 4.18114 4.5
      vertex -38.5874 4.0557 4.5
      vertex -39.6107 5.56692 4.5
    endloop
  endfacet
  facet normal 0 0 1
    outer loop
      vertex -38.5874 4.0557 4.5
      vertex -39.7809 4.18114 4.5
      vertex -38.7055 2.70655 4.5
    endloop
  endfacet
  facet normal 0 0 1
    outer loop
      vertex -37.9521 -8.06697 4.5
      vertex -39.1259 -8.31647 4.5
      vertex -38.8118 -9.67688 4.5
    endloop
  endfacet
  facet normal -0 0 1
    outer loop
      vertex -39.9026 2.79026 4.5
      vertex -38.7055 2.70655 4.5
      vertex -39.7809 4.18114 4.5
    endloop
  endfacet
  facet normal 0 0 1
    outer loop
      vertex -38.2105 -6.73755 4.5
      vertex -39.3923 -6.94593 4.5
      vertex -39.1259 -8.31647 4.5
    endloop
  endfacet
  facet normal 0 0 1
    outer loop
      vertex -38.7055 2.70655 4.5
      vertex -39.9026 2.79026 4.5
      vertex -38.7764 1.3541 4.5
    endloop
  endfacet
  facet normal 0 0 1
    outer loop
      vertex -38.4224 -5.39992 4.5
      vertex -39.6107 -5.56692 4.5
      vertex -39.3923 -6.94593 4.5
    endloop
  endfacet
  facet normal -0 0 1
    outer loop
      vertex -39.9756 1.39598 4.5
      vertex -38.7764 1.3541 4.5
      vertex -39.9026 2.79026 4.5
    endloop
  endfacet
  facet normal 0 0 1
    outer loop
      vertex -38.5874 -4.0557 4.5
      vertex -39.7809 -4.18114 4.5
      vertex -39.6107 -5.56692 4.5
    endloop
  endfacet
  facet normal 0 0 1
    outer loop
      vertex -38.7764 1.3541 4.5
      vertex -39.9756 1.39598 4.5
      vertex -38.8 0 4.5
    endloop
  endfacet
  facet normal 0 0 1
    outer loop
      vertex -38.7055 -2.70655 4.5
      vertex -39.9026 -2.79026 4.5
      vertex -39.7809 -4.18114 4.5
    endloop
  endfacet
  facet normal 0 0 1
    outer loop
      vertex -40 0 4.5
      vertex -38.8 0 4.5
      vertex -39.9756 1.39598 4.5
    endloop
  endfacet
  facet normal 0 0 1
    outer loop
      vertex -38.7764 -1.3541 4.5
      vertex -39.9756 -1.39598 4.5
      vertex -39.9026 -2.79026 4.5
    endloop
  endfacet
  facet normal 0 0 1
    outer loop
      vertex -38.8 0 4.5
      vertex -40 0 4.5
      vertex -39.9756 -1.39598 4.5
    endloop
  endfacet
  facet normal 0 0 1
    outer loop
      vertex 36 0 4.5
      vertex 36.8 0 4.5
      vertex 36.7776 1.2843 4.5
    endloop
  endfacet
  facet normal 0 0 1
    outer loop
      vertex 35.9781 1.25638 4.5
      vertex 36.7776 1.2843 4.5
      vertex 36.7104 2.56704 4.5
    endloop
  endfacet
  facet normal 0 0 1
    outer loop
      vertex 36.8 0 4.5
      vertex 36 0 4.5
      vertex 36.7776 -1.2843 4.5
    endloop
  endfacet
  facet normal 0 0 1
    outer loop
      vertex 35.9123 2.51123 4.5
      vertex 36.7104 2.56704 4.5
      vertex 36.5984 3.84665 4.5
    endloop
  endfacet
  facet normal -0 0 1
    outer loop
      vertex 35.9781 -1.25638 4.5
      vertex 36.7776 -1.2843 4.5
      vertex 36 0 4.5
    endloop
  endfacet
  facet normal 0 0 1
    outer loop
      vertex 35.8028 3.76302 4.5
      vertex 36.5984 3.84665 4.5
      vertex 36.4419 5.12157 4.5
    endloop
  endfacet
  facet normal 0 0 1
    outer loop
      vertex 36.7776 -1.2843 4.5
      vertex 35.9781 -1.25638 4.5
      vertex 36.7104 -2.56704 4.5
    endloop
  endfacet
  facet normal 0 0 1
    outer loop
      vertex 35.6497 5.01023 4.5
      vertex 36.4419 5.12157 4.5
      vertex 36.2409 6.39025 4.5
    endloop
  endfacet
  facet normal -0 0 1
    outer loop
      vertex 35.9123 -2.51123 4.5
      vertex 36.7104 -2.56704 4.5
      vertex 35.9781 -1.25638 4.5
    endloop
  endfacet
  facet normal 0 0 1
    outer loop
      vertex 36.7104 -2.56704 4.5
      vertex 35.9123 -2.51123 4.5
      vertex 36.5984 -3.84665 4.5
    endloop
  endfacet
  facet normal 0 0 1
    outer loop
      vertex 35.4531 6.25133 4.5
      vertex 36.2409 6.39025 4.5
      vertex 35.9958 7.65115 4.5
    endloop
  endfacet
  facet normal 0 0 1
    outer loop
      vertex 36.7776 1.2843 4.5
      vertex 35.9781 1.25638 4.5
      vertex 36 0 4.5
    endloop
  endfacet
  facet normal 0 0 1
    outer loop
      vertex 36.7104 2.56704 4.5
      vertex 35.9123 2.51123 4.5
      vertex 35.9781 1.25638 4.5
    endloop
  endfacet
  facet normal 0 0 1
    outer loop
      vertex 36.5984 3.84665 4.5
      vertex 35.8028 3.76302 4.5
      vertex 35.9123 2.51123 4.5
    endloop
  endfacet
  facet normal 0 0 1
    outer loop
      vertex 35.2133 7.48482 4.5
      vertex 35.9958 7.65115 4.5
      vertex 35.7069 8.90273 4.5
    endloop
  endfacet
  facet normal 0 0 1
    outer loop
      vertex 36.4419 5.12157 4.5
      vertex 35.6497 5.01023 4.5
      vertex 35.8028 3.76302 4.5
    endloop
  endfacet
  facet normal 0 0 1
    outer loop
      vertex 36.2409 6.39025 4.5
      vertex 35.4531 6.25133 4.5
      vertex 35.6497 5.01023 4.5
    endloop
  endfacet
  facet normal 0 0 1
    outer loop
      vertex 34.9306 8.70919 4.5
      vertex 35.7069 8.90273 4.5
      vertex 35.3744 10.1435 4.5
    endloop
  endfacet
  facet normal 0 0 1
    outer loop
      vertex 35.9958 7.65115 4.5
      vertex 35.2133 7.48482 4.5
      vertex 35.4531 6.25133 4.5
    endloop
  endfacet
  facet normal 0 0 1
    outer loop
      vertex 34.6054 9.92294 4.5
      vertex 35.3744 10.1435 4.5
      vertex 34.9989 11.3718 4.5
    endloop
  endfacet
  facet normal 0 0 1
    outer loop
      vertex 35.7069 8.90273 4.5
      vertex 34.9306 8.70919 4.5
      vertex 35.2133 7.48482 4.5
    endloop
  endfacet
  facet normal 0 0 1
    outer loop
      vertex 35.3744 10.1435 4.5
      vertex 34.6054 9.92294 4.5
      vertex 34.9306 8.70919 4.5
    endloop
  endfacet
  facet normal 0 0 1
    outer loop
      vertex 34.238 11.1246 4.5
      vertex 34.9989 11.3718 4.5
      vertex 34.5807 12.5863 4.5
    endloop
  endfacet
  facet normal 0 0 1
    outer loop
      vertex 34.9989 11.3718 4.5
      vertex 34.238 11.1246 4.5
      vertex 34.6054 9.92294 4.5
    endloop
  endfacet
  facet normal 0 0 1
    outer loop
      vertex 33.8289 12.3127 4.5
      vertex 34.5807 12.5863 4.5
      vertex 34.1204 13.7855 4.5
    endloop
  endfacet
  facet normal 0 0 1
    outer loop
      vertex 34.5807 12.5863 4.5
      vertex 33.8289 12.3127 4.5
      vertex 34.238 11.1246 4.5
    endloop
  endfacet
  facet normal 0 0 1
    outer loop
      vertex 33.3786 13.4858 4.5
      vertex 34.1204 13.7855 4.5
      vertex 33.6185 14.9679 4.5
    endloop
  endfacet
  facet normal 0 0 1
    outer loop
      vertex 34.1204 13.7855 4.5
      vertex 33.3786 13.4858 4.5
      vertex 33.8289 12.3127 4.5
    endloop
  endfacet
  facet normal 0 0 1
    outer loop
      vertex 32.8876 14.6425 4.5
      vertex 33.6185 14.9679 4.5
      vertex 33.0756 16.1321 4.5
    endloop
  endfacet
  facet normal 0 0 1
    outer loop
      vertex 33.6185 14.9679 4.5
      vertex 32.8876 14.6425 4.5
      vertex 33.3786 13.4858 4.5
    endloop
  endfacet
  facet normal 0 0 1
    outer loop
      vertex 32.3566 15.7814 4.5
      vertex 33.0756 16.1321 4.5
      vertex 32.4925 17.2766 4.5
    endloop
  endfacet
  facet normal 0 0 1
    outer loop
      vertex 33.0756 16.1321 4.5
      vertex 32.3566 15.7814 4.5
      vertex 32.8876 14.6425 4.5
    endloop
  endfacet
  facet normal 0 0 1
    outer loop
      vertex 31.7861 16.901 4.5
      vertex 32.4925 17.2766 4.5
      vertex 31.8697 18.4 4.5
    endloop
  endfacet
  facet normal 0 0 1
    outer loop
      vertex 32.4925 17.2766 4.5
      vertex 31.7861 16.901 4.5
      vertex 32.3566 15.7814 4.5
    endloop
  endfacet
  facet normal 0 0 1
    outer loop
      vertex 31.1769 18 4.5
      vertex 31.8697 18.4 4.5
      vertex 31.2082 19.501 4.5
    endloop
  endfacet
  facet normal 0 0 1
    outer loop
      vertex 31.8697 18.4 4.5
      vertex 31.1769 18 4.5
      vertex 31.7861 16.901 4.5
    endloop
  endfacet
  facet normal 0 0 1
    outer loop
      vertex 31.2082 19.501 4.5
      vertex 30.5297 19.0771 4.5
      vertex 31.1769 18 4.5
    endloop
  endfacet
  facet normal 0 0 1
    outer loop
      vertex 30.5086 20.5783 4.5
      vertex 30.5297 19.0771 4.5
      vertex 31.2082 19.501 4.5
    endloop
  endfacet
  facet normal 0 0 1
    outer loop
      vertex 30.5086 20.5783 4.5
      vertex 29.8454 20.1309 4.5
      vertex 30.5297 19.0771 4.5
    endloop
  endfacet
  facet normal 0 0 1
    outer loop
      vertex 29.7718 21.6305 4.5
      vertex 29.8454 20.1309 4.5
      vertex 30.5086 20.5783 4.5
    endloop
  endfacet
  facet normal 0 0 1
    outer loop
      vertex 29.7718 21.6305 4.5
      vertex 29.1246 21.1603 4.5
      vertex 29.8454 20.1309 4.5
    endloop
  endfacet
  facet normal 0 0 1
    outer loop
      vertex 28.9988 22.6563 4.5
      vertex 29.1246 21.1603 4.5
      vertex 29.7718 21.6305 4.5
    endloop
  endfacet
  facet normal 0 0 1
    outer loop
      vertex 28.9988 22.6563 4.5
      vertex 28.3684 22.1638 4.5
      vertex 29.1246 21.1603 4.5
    endloop
  endfacet
  facet normal 0 0 1
    outer loop
      vertex 28.1904 23.6546 4.5
      vertex 28.3684 22.1638 4.5
      vertex 28.9988 22.6563 4.5
    endloop
  endfacet
  facet normal 0 0 1
    outer loop
      vertex 28.1904 23.6546 4.5
      vertex 27.5776 23.1404 4.5
      vertex 28.3684 22.1638 4.5
    endloop
  endfacet
  facet normal 0 0 1
    outer loop
      vertex 27.3477 24.624 4.5
      vertex 27.5776 23.1404 4.5
      vertex 28.1904 23.6546 4.5
    endloop
  endfacet
  facet normal 0 0 1
    outer loop
      vertex 27.3477 24.624 4.5
      vertex 26.7532 24.0887 4.5
      vertex 27.5776 23.1404 4.5
    endloop
  endfacet
  facet normal 0 0 1
    outer loop
      vertex 26.4717 25.5634 4.5
      vertex 26.7532 24.0887 4.5
      vertex 27.3477 24.624 4.5
    endloop
  endfacet
  facet normal 0 0 1
    outer loop
      vertex 26.4717 25.5634 4.5
      vertex 25.8962 25.0077 4.5
      vertex 26.7532 24.0887 4.5
    endloop
  endfacet
  facet normal 0 0 1
    outer loop
      vertex 25.5634 26.4717 4.5
      vertex 25.8962 25.0077 4.5
      vertex 26.4717 25.5634 4.5
    endloop
  endfacet
  facet normal 0 0 1
    outer loop
      vertex 25.5634 26.4717 4.5
      vertex 25.0077 25.8962 4.5
      vertex 25.8962 25.0077 4.5
    endloop
  endfacet
  facet normal 0 0 1
    outer loop
      vertex 24.624 27.3477 4.5
      vertex 25.0077 25.8962 4.5
      vertex 25.5634 26.4717 4.5
    endloop
  endfacet
  facet normal 0 0 1
    outer loop
      vertex 24.624 27.3477 4.5
      vertex 24.0887 26.7532 4.5
      vertex 25.0077 25.8962 4.5
    endloop
  endfacet
  facet normal 0 0 1
    outer loop
      vertex 23.6546 28.1904 4.5
      vertex 24.0887 26.7532 4.5
      vertex 24.624 27.3477 4.5
    endloop
  endfacet
  facet normal 0 0 1
    outer loop
      vertex 23.6546 28.1904 4.5
      vertex 23.1404 27.5776 4.5
      vertex 24.0887 26.7532 4.5
    endloop
  endfacet
  facet normal 0 0 1
    outer loop
      vertex 22.6563 28.9988 4.5
      vertex 23.1404 27.5776 4.5
      vertex 23.6546 28.1904 4.5
    endloop
  endfacet
  facet normal 0 0 1
    outer loop
      vertex 22.6563 28.9988 4.5
      vertex 22.1638 28.3684 4.5
      vertex 23.1404 27.5776 4.5
    endloop
  endfacet
  facet normal 0 0 1
    outer loop
      vertex 21.6305 29.7718 4.5
      vertex 22.1638 28.3684 4.5
      vertex 22.6563 28.9988 4.5
    endloop
  endfacet
  facet normal 0 0 1
    outer loop
      vertex 21.6305 29.7718 4.5
      vertex 21.1603 29.1246 4.5
      vertex 22.1638 28.3684 4.5
    endloop
  endfacet
  facet normal 0 0 1
    outer loop
      vertex 20.5783 30.5086 4.5
      vertex 21.1603 29.1246 4.5
      vertex 21.6305 29.7718 4.5
    endloop
  endfacet
  facet normal 0 0 1
    outer loop
      vertex 20.5783 30.5086 4.5
      vertex 20.1309 29.8454 4.5
      vertex 21.1603 29.1246 4.5
    endloop
  endfacet
  facet normal 0 0 1
    outer loop
      vertex 19.501 31.2082 4.5
      vertex 20.1309 29.8454 4.5
      vertex 20.5783 30.5086 4.5
    endloop
  endfacet
  facet normal 0 0 1
    outer loop
      vertex 19.501 31.2082 4.5
      vertex 19.0771 30.5297 4.5
      vertex 20.1309 29.8454 4.5
    endloop
  endfacet
  facet normal 0 0 1
    outer loop
      vertex 18.4 31.8697 4.5
      vertex 19.0771 30.5297 4.5
      vertex 19.501 31.2082 4.5
    endloop
  endfacet
  facet normal 0 0 1
    outer loop
      vertex 18.4 31.8697 4.5
      vertex 18 31.1769 4.5
      vertex 19.0771 30.5297 4.5
    endloop
  endfacet
  facet normal 0 0 1
    outer loop
      vertex 17.2766 32.4925 4.5
      vertex 18 31.1769 4.5
      vertex 18.4 31.8697 4.5
    endloop
  endfacet
  facet normal 0 0 1
    outer loop
      vertex 17.2766 32.4925 4.5
      vertex 16.901 31.7861 4.5
      vertex 18 31.1769 4.5
    endloop
  endfacet
  facet normal 0 0 1
    outer loop
      vertex 16.1321 33.0756 4.5
      vertex 16.901 31.7861 4.5
      vertex 17.2766 32.4925 4.5
    endloop
  endfacet
  facet normal 0 0 1
    outer loop
      vertex 16.1321 33.0756 4.5
      vertex 15.7814 32.3566 4.5
      vertex 16.901 31.7861 4.5
    endloop
  endfacet
  facet normal 0 0 1
    outer loop
      vertex 14.9679 33.6185 4.5
      vertex 15.7814 32.3566 4.5
      vertex 16.1321 33.0756 4.5
    endloop
  endfacet
  facet normal 0 0 1
    outer loop
      vertex 14.9679 33.6185 4.5
      vertex 14.6425 32.8876 4.5
      vertex 15.7814 32.3566 4.5
    endloop
  endfacet
  facet normal 0 0 1
    outer loop
      vertex 13.7855 34.1204 4.5
      vertex 14.6425 32.8876 4.5
      vertex 14.9679 33.6185 4.5
    endloop
  endfacet
  facet normal 0 0 1
    outer loop
      vertex 13.7855 34.1204 4.5
      vertex 13.4858 33.3786 4.5
      vertex 14.6425 32.8876 4.5
    endloop
  endfacet
  facet normal 0 0 1
    outer loop
      vertex 12.5863 34.5807 4.5
      vertex 13.4858 33.3786 4.5
      vertex 13.7855 34.1204 4.5
    endloop
  endfacet
  facet normal 0 0 1
    outer loop
      vertex 12.5863 34.5807 4.5
      vertex 12.3127 33.8289 4.5
      vertex 13.4858 33.3786 4.5
    endloop
  endfacet
  facet normal 0 0 1
    outer loop
      vertex 11.3718 34.9989 4.5
      vertex 12.3127 33.8289 4.5
      vertex 12.5863 34.5807 4.5
    endloop
  endfacet
  facet normal 0 0 1
    outer loop
      vertex 11.3718 34.9989 4.5
      vertex 11.1246 34.238 4.5
      vertex 12.3127 33.8289 4.5
    endloop
  endfacet
  facet normal 0 0 1
    outer loop
      vertex 10.1435 35.3744 4.5
      vertex 11.1246 34.238 4.5
      vertex 11.3718 34.9989 4.5
    endloop
  endfacet
  facet normal 0 0 1
    outer loop
      vertex 10.1435 35.3744 4.5
      vertex 9.92294 34.6054 4.5
      vertex 11.1246 34.238 4.5
    endloop
  endfacet
  facet normal 0 0 1
    outer loop
      vertex 8.90273 35.7069 4.5
      vertex 9.92294 34.6054 4.5
      vertex 10.1435 35.3744 4.5
    endloop
  endfacet
  facet normal 0 0 1
    outer loop
      vertex 8.90273 35.7069 4.5
      vertex 8.70919 34.9306 4.5
      vertex 9.92294 34.6054 4.5
    endloop
  endfacet
  facet normal 0 0 1
    outer loop
      vertex 7.65115 35.9958 4.5
      vertex 8.70919 34.9306 4.5
      vertex 8.90273 35.7069 4.5
    endloop
  endfacet
  facet normal 0 0 1
    outer loop
      vertex 7.65115 35.9958 4.5
      vertex 7.48482 35.2133 4.5
      vertex 8.70919 34.9306 4.5
    endloop
  endfacet
  facet normal 0 0 1
    outer loop
      vertex 6.39025 36.2409 4.5
      vertex 7.48482 35.2133 4.5
      vertex 7.65115 35.9958 4.5
    endloop
  endfacet
  facet normal 0 0 1
    outer loop
      vertex 6.39025 36.2409 4.5
      vertex 6.25133 35.4531 4.5
      vertex 7.48482 35.2133 4.5
    endloop
  endfacet
  facet normal 0 0 1
    outer loop
      vertex 5.12157 36.4419 4.5
      vertex 6.25133 35.4531 4.5
      vertex 6.39025 36.2409 4.5
    endloop
  endfacet
  facet normal 0 0 1
    outer loop
      vertex 5.12157 36.4419 4.5
      vertex 5.01023 35.6497 4.5
      vertex 6.25133 35.4531 4.5
    endloop
  endfacet
  facet normal 0 0 1
    outer loop
      vertex 3.84665 36.5984 4.5
      vertex 5.01023 35.6497 4.5
      vertex 5.12157 36.4419 4.5
    endloop
  endfacet
  facet normal 0 0 1
    outer loop
      vertex 3.84665 36.5984 4.5
      vertex 3.76302 35.8028 4.5
      vertex 5.01023 35.6497 4.5
    endloop
  endfacet
  facet normal 0 0 1
    outer loop
      vertex 2.56704 36.7104 4.5
      vertex 3.76302 35.8028 4.5
      vertex 3.84665 36.5984 4.5
    endloop
  endfacet
  facet normal 0 0 1
    outer loop
      vertex 2.56704 36.7104 4.5
      vertex 2.51123 35.9123 4.5
      vertex 3.76302 35.8028 4.5
    endloop
  endfacet
  facet normal 0 0 1
    outer loop
      vertex 1.2843 36.7776 4.5
      vertex 2.51123 35.9123 4.5
      vertex 2.56704 36.7104 4.5
    endloop
  endfacet
  facet normal 0 0 1
    outer loop
      vertex 1.2843 36.7776 4.5
      vertex 1.25638 35.9781 4.5
      vertex 2.51123 35.9123 4.5
    endloop
  endfacet
  facet normal 0 0 1
    outer loop
      vertex 0 36.8 4.5
      vertex 1.25638 35.9781 4.5
      vertex 1.2843 36.7776 4.5
    endloop
  endfacet
  facet normal 0 0 1
    outer loop
      vertex 0 36.8 4.5
      vertex 0 36 4.5
      vertex 1.25638 35.9781 4.5
    endloop
  endfacet
  facet normal 0 0 1
    outer loop
      vertex 0 36.8 4.5
      vertex -1.25638 35.9781 4.5
      vertex 0 36 4.5
    endloop
  endfacet
  facet normal -0 0 1
    outer loop
      vertex -1.2843 36.7776 4.5
      vertex -1.25638 35.9781 4.5
      vertex 0 36.8 4.5
    endloop
  endfacet
  facet normal 0 0 1
    outer loop
      vertex -1.2843 36.7776 4.5
      vertex -2.51123 35.9123 4.5
      vertex -1.25638 35.9781 4.5
    endloop
  endfacet
  facet normal -0 0 1
    outer loop
      vertex -2.56704 36.7104 4.5
      vertex -2.51123 35.9123 4.5
      vertex -1.2843 36.7776 4.5
    endloop
  endfacet
  facet normal 0 0 1
    outer loop
      vertex -2.56704 36.7104 4.5
      vertex -3.76302 35.8028 4.5
      vertex -2.51123 35.9123 4.5
    endloop
  endfacet
  facet normal -0 0 1
    outer loop
      vertex -3.84665 36.5984 4.5
      vertex -3.76302 35.8028 4.5
      vertex -2.56704 36.7104 4.5
    endloop
  endfacet
  facet normal 0 0 1
    outer loop
      vertex -3.84665 36.5984 4.5
      vertex -5.01023 35.6497 4.5
      vertex -3.76302 35.8028 4.5
    endloop
  endfacet
  facet normal -0 0 1
    outer loop
      vertex -5.12157 36.4419 4.5
      vertex -5.01023 35.6497 4.5
      vertex -3.84665 36.5984 4.5
    endloop
  endfacet
  facet normal 0 0 1
    outer loop
      vertex -5.12157 36.4419 4.5
      vertex -6.25133 35.4531 4.5
      vertex -5.01023 35.6497 4.5
    endloop
  endfacet
  facet normal -0 0 1
    outer loop
      vertex -6.39025 36.2409 4.5
      vertex -6.25133 35.4531 4.5
      vertex -5.12157 36.4419 4.5
    endloop
  endfacet
  facet normal 0 0 1
    outer loop
      vertex -6.39025 36.2409 4.5
      vertex -7.48482 35.2133 4.5
      vertex -6.25133 35.4531 4.5
    endloop
  endfacet
  facet normal -0 0 1
    outer loop
      vertex -7.65115 35.9958 4.5
      vertex -7.48482 35.2133 4.5
      vertex -6.39025 36.2409 4.5
    endloop
  endfacet
  facet normal 0 0 1
    outer loop
      vertex -7.65115 35.9958 4.5
      vertex -8.70919 34.9306 4.5
      vertex -7.48482 35.2133 4.5
    endloop
  endfacet
  facet normal -0 0 1
    outer loop
      vertex -8.90273 35.7069 4.5
      vertex -8.70919 34.9306 4.5
      vertex -7.65115 35.9958 4.5
    endloop
  endfacet
  facet normal 0 0 1
    outer loop
      vertex -8.90273 35.7069 4.5
      vertex -9.92294 34.6054 4.5
      vertex -8.70919 34.9306 4.5
    endloop
  endfacet
  facet normal -0 0 1
    outer loop
      vertex -10.1435 35.3744 4.5
      vertex -9.92294 34.6054 4.5
      vertex -8.90273 35.7069 4.5
    endloop
  endfacet
  facet normal 0 0 1
    outer loop
      vertex -10.1435 35.3744 4.5
      vertex -11.1246 34.238 4.5
      vertex -9.92294 34.6054 4.5
    endloop
  endfacet
  facet normal -0 0 1
    outer loop
      vertex -11.3718 34.9989 4.5
      vertex -11.1246 34.238 4.5
      vertex -10.1435 35.3744 4.5
    endloop
  endfacet
  facet normal 0 0 1
    outer loop
      vertex -11.3718 34.9989 4.5
      vertex -12.3127 33.8289 4.5
      vertex -11.1246 34.238 4.5
    endloop
  endfacet
  facet normal -0 0 1
    outer loop
      vertex -12.5863 34.5807 4.5
      vertex -12.3127 33.8289 4.5
      vertex -11.3718 34.9989 4.5
    endloop
  endfacet
  facet normal 0 0 1
    outer loop
      vertex -12.5863 34.5807 4.5
      vertex -13.4858 33.3786 4.5
      vertex -12.3127 33.8289 4.5
    endloop
  endfacet
  facet normal -0 0 1
    outer loop
      vertex -13.7855 34.1204 4.5
      vertex -13.4858 33.3786 4.5
      vertex -12.5863 34.5807 4.5
    endloop
  endfacet
  facet normal 0 0 1
    outer loop
      vertex -13.7855 34.1204 4.5
      vertex -14.6425 32.8876 4.5
      vertex -13.4858 33.3786 4.5
    endloop
  endfacet
  facet normal -0 0 1
    outer loop
      vertex -14.9679 33.6185 4.5
      vertex -14.6425 32.8876 4.5
      vertex -13.7855 34.1204 4.5
    endloop
  endfacet
  facet normal 0 0 1
    outer loop
      vertex -14.9679 33.6185 4.5
      vertex -15.7814 32.3566 4.5
      vertex -14.6425 32.8876 4.5
    endloop
  endfacet
  facet normal -0 0 1
    outer loop
      vertex -16.1321 33.0756 4.5
      vertex -15.7814 32.3566 4.5
      vertex -14.9679 33.6185 4.5
    endloop
  endfacet
  facet normal 0 0 1
    outer loop
      vertex -16.1321 33.0756 4.5
      vertex -16.901 31.7861 4.5
      vertex -15.7814 32.3566 4.5
    endloop
  endfacet
  facet normal -0 0 1
    outer loop
      vertex -17.2766 32.4925 4.5
      vertex -16.901 31.7861 4.5
      vertex -16.1321 33.0756 4.5
    endloop
  endfacet
  facet normal 0 0 1
    outer loop
      vertex -17.2766 32.4925 4.5
      vertex -18 31.1769 4.5
      vertex -16.901 31.7861 4.5
    endloop
  endfacet
  facet normal -0 0 1
    outer loop
      vertex -18.4 31.8697 4.5
      vertex -18 31.1769 4.5
      vertex -17.2766 32.4925 4.5
    endloop
  endfacet
  facet normal 0 0 1
    outer loop
      vertex -18.4 31.8697 4.5
      vertex -19.0771 30.5297 4.5
      vertex -18 31.1769 4.5
    endloop
  endfacet
  facet normal -0 0 1
    outer loop
      vertex -19.501 31.2082 4.5
      vertex -19.0771 30.5297 4.5
      vertex -18.4 31.8697 4.5
    endloop
  endfacet
  facet normal 0 0 1
    outer loop
      vertex -19.501 31.2082 4.5
      vertex -20.1309 29.8454 4.5
      vertex -19.0771 30.5297 4.5
    endloop
  endfacet
  facet normal -0 0 1
    outer loop
      vertex -20.5783 30.5086 4.5
      vertex -20.1309 29.8454 4.5
      vertex -19.501 31.2082 4.5
    endloop
  endfacet
  facet normal 0 0 1
    outer loop
      vertex -20.5783 30.5086 4.5
      vertex -21.1603 29.1246 4.5
      vertex -20.1309 29.8454 4.5
    endloop
  endfacet
  facet normal -0 0 1
    outer loop
      vertex -21.6305 29.7718 4.5
      vertex -21.1603 29.1246 4.5
      vertex -20.5783 30.5086 4.5
    endloop
  endfacet
  facet normal 0 0 1
    outer loop
      vertex -21.6305 29.7718 4.5
      vertex -22.1638 28.3684 4.5
      vertex -21.1603 29.1246 4.5
    endloop
  endfacet
  facet normal -0 0 1
    outer loop
      vertex -22.6563 28.9988 4.5
      vertex -22.1638 28.3684 4.5
      vertex -21.6305 29.7718 4.5
    endloop
  endfacet
  facet normal 0 0 1
    outer loop
      vertex -22.6563 28.9988 4.5
      vertex -23.1404 27.5776 4.5
      vertex -22.1638 28.3684 4.5
    endloop
  endfacet
  facet normal -0 0 1
    outer loop
      vertex -23.6546 28.1904 4.5
      vertex -23.1404 27.5776 4.5
      vertex -22.6563 28.9988 4.5
    endloop
  endfacet
  facet normal 0 0 1
    outer loop
      vertex -23.6546 28.1904 4.5
      vertex -24.0887 26.7532 4.5
      vertex -23.1404 27.5776 4.5
    endloop
  endfacet
  facet normal -0 0 1
    outer loop
      vertex -24.624 27.3477 4.5
      vertex -24.0887 26.7532 4.5
      vertex -23.6546 28.1904 4.5
    endloop
  endfacet
  facet normal 0 0 1
    outer loop
      vertex -24.624 27.3477 4.5
      vertex -25.0077 25.8962 4.5
      vertex -24.0887 26.7532 4.5
    endloop
  endfacet
  facet normal -0 0 1
    outer loop
      vertex -25.5634 26.4717 4.5
      vertex -25.0077 25.8962 4.5
      vertex -24.624 27.3477 4.5
    endloop
  endfacet
  facet normal 0 0 1
    outer loop
      vertex -25.5634 26.4717 4.5
      vertex -25.8962 25.0077 4.5
      vertex -25.0077 25.8962 4.5
    endloop
  endfacet
  facet normal -0 0 1
    outer loop
      vertex -26.4717 25.5634 4.5
      vertex -25.8962 25.0077 4.5
      vertex -25.5634 26.4717 4.5
    endloop
  endfacet
  facet normal 0 0 1
    outer loop
      vertex -26.4717 25.5634 4.5
      vertex -26.7532 24.0887 4.5
      vertex -25.8962 25.0077 4.5
    endloop
  endfacet
  facet normal -0 0 1
    outer loop
      vertex -27.3477 24.624 4.5
      vertex -26.7532 24.0887 4.5
      vertex -26.4717 25.5634 4.5
    endloop
  endfacet
  facet normal 0 0 1
    outer loop
      vertex -27.3477 24.624 4.5
      vertex -27.5776 23.1404 4.5
      vertex -26.7532 24.0887 4.5
    endloop
  endfacet
  facet normal -0 0 1
    outer loop
      vertex -28.1904 23.6546 4.5
      vertex -27.5776 23.1404 4.5
      vertex -27.3477 24.624 4.5
    endloop
  endfacet
  facet normal 0 0 1
    outer loop
      vertex -28.1904 23.6546 4.5
      vertex -28.3684 22.1638 4.5
      vertex -27.5776 23.1404 4.5
    endloop
  endfacet
  facet normal -0 0 1
    outer loop
      vertex -28.9988 22.6563 4.5
      vertex -28.3684 22.1638 4.5
      vertex -28.1904 23.6546 4.5
    endloop
  endfacet
  facet normal 0 0 1
    outer loop
      vertex -28.9988 22.6563 4.5
      vertex -29.1246 21.1603 4.5
      vertex -28.3684 22.1638 4.5
    endloop
  endfacet
  facet normal -0 0 1
    outer loop
      vertex -29.7718 21.6305 4.5
      vertex -29.1246 21.1603 4.5
      vertex -28.9988 22.6563 4.5
    endloop
  endfacet
  facet normal 0 0 1
    outer loop
      vertex -29.7718 21.6305 4.5
      vertex -29.8454 20.1309 4.5
      vertex -29.1246 21.1603 4.5
    endloop
  endfacet
  facet normal -0 0 1
    outer loop
      vertex -30.5086 20.5783 4.5
      vertex -29.8454 20.1309 4.5
      vertex -29.7718 21.6305 4.5
    endloop
  endfacet
  facet normal 0 0 1
    outer loop
      vertex -30.5086 20.5783 4.5
      vertex -30.5297 19.0771 4.5
      vertex -29.8454 20.1309 4.5
    endloop
  endfacet
  facet normal -0 0 1
    outer loop
      vertex -31.2082 19.501 4.5
      vertex -30.5297 19.0771 4.5
      vertex -30.5086 20.5783 4.5
    endloop
  endfacet
  facet normal 0 0 1
    outer loop
      vertex -30.5297 19.0771 4.5
      vertex -31.2082 19.501 4.5
      vertex -31.1769 18 4.5
    endloop
  endfacet
  facet normal -0 0 1
    outer loop
      vertex -31.8697 18.4 4.5
      vertex -31.1769 18 4.5
      vertex -31.2082 19.501 4.5
    endloop
  endfacet
  facet normal 0 0 1
    outer loop
      vertex -31.1769 18 4.5
      vertex -31.8697 18.4 4.5
      vertex -31.7861 16.901 4.5
    endloop
  endfacet
  facet normal -0 0 1
    outer loop
      vertex -32.4925 17.2766 4.5
      vertex -31.7861 16.901 4.5
      vertex -31.8697 18.4 4.5
    endloop
  endfacet
  facet normal 0 0 1
    outer loop
      vertex -31.7861 16.901 4.5
      vertex -32.4925 17.2766 4.5
      vertex -32.3566 15.7814 4.5
    endloop
  endfacet
  facet normal -0 0 1
    outer loop
      vertex -33.0756 16.1321 4.5
      vertex -32.3566 15.7814 4.5
      vertex -32.4925 17.2766 4.5
    endloop
  endfacet
  facet normal 0 0 1
    outer loop
      vertex -32.3566 15.7814 4.5
      vertex -33.0756 16.1321 4.5
      vertex -32.8876 14.6425 4.5
    endloop
  endfacet
  facet normal -0 0 1
    outer loop
      vertex -33.6185 14.9679 4.5
      vertex -32.8876 14.6425 4.5
      vertex -33.0756 16.1321 4.5
    endloop
  endfacet
  facet normal 0 0 1
    outer loop
      vertex -32.8876 14.6425 4.5
      vertex -33.6185 14.9679 4.5
      vertex -33.3786 13.4858 4.5
    endloop
  endfacet
  facet normal -0 0 1
    outer loop
      vertex -34.1204 13.7855 4.5
      vertex -33.3786 13.4858 4.5
      vertex -33.6185 14.9679 4.5
    endloop
  endfacet
  facet normal 0 0 1
    outer loop
      vertex -33.3786 13.4858 4.5
      vertex -34.1204 13.7855 4.5
      vertex -33.8289 12.3127 4.5
    endloop
  endfacet
  facet normal -0 0 1
    outer loop
      vertex -34.5807 12.5863 4.5
      vertex -33.8289 12.3127 4.5
      vertex -34.1204 13.7855 4.5
    endloop
  endfacet
  facet normal 0 0 1
    outer loop
      vertex -33.8289 12.3127 4.5
      vertex -34.5807 12.5863 4.5
      vertex -34.238 11.1246 4.5
    endloop
  endfacet
  facet normal -0 0 1
    outer loop
      vertex -34.9989 11.3718 4.5
      vertex -34.238 11.1246 4.5
      vertex -34.5807 12.5863 4.5
    endloop
  endfacet
  facet normal 0 0 1
    outer loop
      vertex -34.238 11.1246 4.5
      vertex -34.9989 11.3718 4.5
      vertex -34.6054 9.92294 4.5
    endloop
  endfacet
  facet normal -0 0 1
    outer loop
      vertex -35.3744 10.1435 4.5
      vertex -34.6054 9.92294 4.5
      vertex -34.9989 11.3718 4.5
    endloop
  endfacet
  facet normal 0 0 1
    outer loop
      vertex -34.6054 9.92294 4.5
      vertex -35.3744 10.1435 4.5
      vertex -34.9306 8.70919 4.5
    endloop
  endfacet
  facet normal -0 0 1
    outer loop
      vertex -35.7069 8.90273 4.5
      vertex -34.9306 8.70919 4.5
      vertex -35.3744 10.1435 4.5
    endloop
  endfacet
  facet normal 0 0 1
    outer loop
      vertex -34.9306 8.70919 4.5
      vertex -35.7069 8.90273 4.5
      vertex -35.2133 7.48482 4.5
    endloop
  endfacet
  facet normal -0 0 1
    outer loop
      vertex -35.9958 7.65115 4.5
      vertex -35.2133 7.48482 4.5
      vertex -35.7069 8.90273 4.5
    endloop
  endfacet
  facet normal 0 0 1
    outer loop
      vertex -35.2133 7.48482 4.5
      vertex -35.9958 7.65115 4.5
      vertex -35.4531 6.25133 4.5
    endloop
  endfacet
  facet normal -0 0 1
    outer loop
      vertex -36.2409 6.39025 4.5
      vertex -35.4531 6.25133 4.5
      vertex -35.9958 7.65115 4.5
    endloop
  endfacet
  facet normal 0 0 1
    outer loop
      vertex -35.4531 6.25133 4.5
      vertex -36.2409 6.39025 4.5
      vertex -35.6497 5.01023 4.5
    endloop
  endfacet
  facet normal -0 0 1
    outer loop
      vertex -36.4419 5.12157 4.5
      vertex -35.6497 5.01023 4.5
      vertex -36.2409 6.39025 4.5
    endloop
  endfacet
  facet normal 0 0 1
    outer loop
      vertex -35.6497 5.01023 4.5
      vertex -36.4419 5.12157 4.5
      vertex -35.8028 3.76302 4.5
    endloop
  endfacet
  facet normal -0 0 1
    outer loop
      vertex -36.5984 3.84665 4.5
      vertex -35.8028 3.76302 4.5
      vertex -36.4419 5.12157 4.5
    endloop
  endfacet
  facet normal 0 0 1
    outer loop
      vertex -35.8028 3.76302 4.5
      vertex -36.5984 3.84665 4.5
      vertex -35.9123 2.51123 4.5
    endloop
  endfacet
  facet normal -0 0 1
    outer loop
      vertex 35.8028 -3.76302 4.5
      vertex 36.5984 -3.84665 4.5
      vertex 35.9123 -2.51123 4.5
    endloop
  endfacet
  facet normal 0 0 1
    outer loop
      vertex 36.5984 -3.84665 4.5
      vertex 35.8028 -3.76302 4.5
      vertex 36.4419 -5.12157 4.5
    endloop
  endfacet
  facet normal -0 0 1
    outer loop
      vertex 35.6497 -5.01023 4.5
      vertex 36.4419 -5.12157 4.5
      vertex 35.8028 -3.76302 4.5
    endloop
  endfacet
  facet normal 0 0 1
    outer loop
      vertex 36.4419 -5.12157 4.5
      vertex 35.6497 -5.01023 4.5
      vertex 36.2409 -6.39025 4.5
    endloop
  endfacet
  facet normal -0 0 1
    outer loop
      vertex 35.4531 -6.25133 4.5
      vertex 36.2409 -6.39025 4.5
      vertex 35.6497 -5.01023 4.5
    endloop
  endfacet
  facet normal 0 0 1
    outer loop
      vertex 36.2409 -6.39025 4.5
      vertex 35.4531 -6.25133 4.5
      vertex 35.9958 -7.65115 4.5
    endloop
  endfacet
  facet normal -0 0 1
    outer loop
      vertex 35.2133 -7.48482 4.5
      vertex 35.9958 -7.65115 4.5
      vertex 35.4531 -6.25133 4.5
    endloop
  endfacet
  facet normal 0 0 1
    outer loop
      vertex 35.9958 -7.65115 4.5
      vertex 35.2133 -7.48482 4.5
      vertex 35.7069 -8.90273 4.5
    endloop
  endfacet
  facet normal -0 0 1
    outer loop
      vertex 34.9306 -8.70919 4.5
      vertex 35.7069 -8.90273 4.5
      vertex 35.2133 -7.48482 4.5
    endloop
  endfacet
  facet normal 0 0 1
    outer loop
      vertex 35.7069 -8.90273 4.5
      vertex 34.9306 -8.70919 4.5
      vertex 35.3744 -10.1435 4.5
    endloop
  endfacet
  facet normal -0 0 1
    outer loop
      vertex 34.6054 -9.92294 4.5
      vertex 35.3744 -10.1435 4.5
      vertex 34.9306 -8.70919 4.5
    endloop
  endfacet
  facet normal 0 0 1
    outer loop
      vertex 35.3744 -10.1435 4.5
      vertex 34.6054 -9.92294 4.5
      vertex 34.9989 -11.3718 4.5
    endloop
  endfacet
  facet normal -0 0 1
    outer loop
      vertex 34.238 -11.1246 4.5
      vertex 34.9989 -11.3718 4.5
      vertex 34.6054 -9.92294 4.5
    endloop
  endfacet
  facet normal 0 0 1
    outer loop
      vertex 34.9989 -11.3718 4.5
      vertex 34.238 -11.1246 4.5
      vertex 34.5807 -12.5863 4.5
    endloop
  endfacet
  facet normal -0 0 1
    outer loop
      vertex 33.8289 -12.3127 4.5
      vertex 34.5807 -12.5863 4.5
      vertex 34.238 -11.1246 4.5
    endloop
  endfacet
  facet normal 0 0 1
    outer loop
      vertex 34.5807 -12.5863 4.5
      vertex 33.8289 -12.3127 4.5
      vertex 34.1204 -13.7855 4.5
    endloop
  endfacet
  facet normal -0 0 1
    outer loop
      vertex 33.3786 -13.4858 4.5
      vertex 34.1204 -13.7855 4.5
      vertex 33.8289 -12.3127 4.5
    endloop
  endfacet
  facet normal 0 0 1
    outer loop
      vertex 34.1204 -13.7855 4.5
      vertex 33.3786 -13.4858 4.5
      vertex 33.6185 -14.9679 4.5
    endloop
  endfacet
  facet normal -0 0 1
    outer loop
      vertex 32.8876 -14.6425 4.5
      vertex 33.6185 -14.9679 4.5
      vertex 33.3786 -13.4858 4.5
    endloop
  endfacet
  facet normal 0 0 1
    outer loop
      vertex 33.6185 -14.9679 4.5
      vertex 32.8876 -14.6425 4.5
      vertex 33.0756 -16.1321 4.5
    endloop
  endfacet
  facet normal -0 0 1
    outer loop
      vertex 32.3566 -15.7814 4.5
      vertex 33.0756 -16.1321 4.5
      vertex 32.8876 -14.6425 4.5
    endloop
  endfacet
  facet normal 0 0 1
    outer loop
      vertex 33.0756 -16.1321 4.5
      vertex 32.3566 -15.7814 4.5
      vertex 32.4925 -17.2766 4.5
    endloop
  endfacet
  facet normal -0 0 1
    outer loop
      vertex 31.7861 -16.901 4.5
      vertex 32.4925 -17.2766 4.5
      vertex 32.3566 -15.7814 4.5
    endloop
  endfacet
  facet normal 0 0 1
    outer loop
      vertex 32.4925 -17.2766 4.5
      vertex 31.7861 -16.901 4.5
      vertex 31.8697 -18.4 4.5
    endloop
  endfacet
  facet normal -0 0 1
    outer loop
      vertex 31.1769 -18 4.5
      vertex 31.8697 -18.4 4.5
      vertex 31.7861 -16.901 4.5
    endloop
  endfacet
  facet normal 0 0 1
    outer loop
      vertex 31.8697 -18.4 4.5
      vertex 31.1769 -18 4.5
      vertex 31.2082 -19.501 4.5
    endloop
  endfacet
  facet normal -0 0 1
    outer loop
      vertex 30.5297 -19.0771 4.5
      vertex 31.2082 -19.501 4.5
      vertex 31.1769 -18 4.5
    endloop
  endfacet
  facet normal 0 0 1
    outer loop
      vertex 30.5297 -19.0771 4.5
      vertex 30.5086 -20.5783 4.5
      vertex 31.2082 -19.501 4.5
    endloop
  endfacet
  facet normal -0 0 1
    outer loop
      vertex 29.8454 -20.1309 4.5
      vertex 30.5086 -20.5783 4.5
      vertex 30.5297 -19.0771 4.5
    endloop
  endfacet
  facet normal 0 0 1
    outer loop
      vertex 29.8454 -20.1309 4.5
      vertex 29.7718 -21.6305 4.5
      vertex 30.5086 -20.5783 4.5
    endloop
  endfacet
  facet normal -0 0 1
    outer loop
      vertex 29.1246 -21.1603 4.5
      vertex 29.7718 -21.6305 4.5
      vertex 29.8454 -20.1309 4.5
    endloop
  endfacet
  facet normal 0 0 1
    outer loop
      vertex 29.1246 -21.1603 4.5
      vertex 28.9988 -22.6563 4.5
      vertex 29.7718 -21.6305 4.5
    endloop
  endfacet
  facet normal -0 0 1
    outer loop
      vertex 28.3684 -22.1638 4.5
      vertex 28.9988 -22.6563 4.5
      vertex 29.1246 -21.1603 4.5
    endloop
  endfacet
  facet normal 0 0 1
    outer loop
      vertex 28.3684 -22.1638 4.5
      vertex 28.1904 -23.6546 4.5
      vertex 28.9988 -22.6563 4.5
    endloop
  endfacet
  facet normal -0 0 1
    outer loop
      vertex 27.5776 -23.1404 4.5
      vertex 28.1904 -23.6546 4.5
      vertex 28.3684 -22.1638 4.5
    endloop
  endfacet
  facet normal 0 0 1
    outer loop
      vertex 27.5776 -23.1404 4.5
      vertex 27.3477 -24.624 4.5
      vertex 28.1904 -23.6546 4.5
    endloop
  endfacet
  facet normal -0 0 1
    outer loop
      vertex 26.7532 -24.0887 4.5
      vertex 27.3477 -24.624 4.5
      vertex 27.5776 -23.1404 4.5
    endloop
  endfacet
  facet normal 0 0 1
    outer loop
      vertex 26.7532 -24.0887 4.5
      vertex 26.4717 -25.5634 4.5
      vertex 27.3477 -24.624 4.5
    endloop
  endfacet
  facet normal -0 0 1
    outer loop
      vertex 25.8962 -25.0077 4.5
      vertex 26.4717 -25.5634 4.5
      vertex 26.7532 -24.0887 4.5
    endloop
  endfacet
  facet normal 0 0 1
    outer loop
      vertex 25.8962 -25.0077 4.5
      vertex 25.5634 -26.4717 4.5
      vertex 26.4717 -25.5634 4.5
    endloop
  endfacet
  facet normal -0 0 1
    outer loop
      vertex 25.0077 -25.8962 4.5
      vertex 25.5634 -26.4717 4.5
      vertex 25.8962 -25.0077 4.5
    endloop
  endfacet
  facet normal 0 0 1
    outer loop
      vertex 25.0077 -25.8962 4.5
      vertex 24.624 -27.3477 4.5
      vertex 25.5634 -26.4717 4.5
    endloop
  endfacet
  facet normal -0 0 1
    outer loop
      vertex 24.0887 -26.7532 4.5
      vertex 24.624 -27.3477 4.5
      vertex 25.0077 -25.8962 4.5
    endloop
  endfacet
  facet normal 0 0 1
    outer loop
      vertex 24.0887 -26.7532 4.5
      vertex 23.6546 -28.1904 4.5
      vertex 24.624 -27.3477 4.5
    endloop
  endfacet
  facet normal -0 0 1
    outer loop
      vertex 23.1404 -27.5776 4.5
      vertex 23.6546 -28.1904 4.5
      vertex 24.0887 -26.7532 4.5
    endloop
  endfacet
  facet normal 0 0 1
    outer loop
      vertex 23.1404 -27.5776 4.5
      vertex 22.6563 -28.9988 4.5
      vertex 23.6546 -28.1904 4.5
    endloop
  endfacet
  facet normal -0 0 1
    outer loop
      vertex 22.1638 -28.3684 4.5
      vertex 22.6563 -28.9988 4.5
      vertex 23.1404 -27.5776 4.5
    endloop
  endfacet
  facet normal 0 0 1
    outer loop
      vertex 22.1638 -28.3684 4.5
      vertex 21.6305 -29.7718 4.5
      vertex 22.6563 -28.9988 4.5
    endloop
  endfacet
  facet normal -0 0 1
    outer loop
      vertex 21.1603 -29.1246 4.5
      vertex 21.6305 -29.7718 4.5
      vertex 22.1638 -28.3684 4.5
    endloop
  endfacet
  facet normal 0 0 1
    outer loop
      vertex 21.1603 -29.1246 4.5
      vertex 20.5783 -30.5086 4.5
      vertex 21.6305 -29.7718 4.5
    endloop
  endfacet
  facet normal -0 0 1
    outer loop
      vertex 20.1309 -29.8454 4.5
      vertex 20.5783 -30.5086 4.5
      vertex 21.1603 -29.1246 4.5
    endloop
  endfacet
  facet normal 0 0 1
    outer loop
      vertex 20.1309 -29.8454 4.5
      vertex 19.501 -31.2082 4.5
      vertex 20.5783 -30.5086 4.5
    endloop
  endfacet
  facet normal -0 0 1
    outer loop
      vertex 19.0771 -30.5297 4.5
      vertex 19.501 -31.2082 4.5
      vertex 20.1309 -29.8454 4.5
    endloop
  endfacet
  facet normal 0 0 1
    outer loop
      vertex 19.0771 -30.5297 4.5
      vertex 18.4 -31.8697 4.5
      vertex 19.501 -31.2082 4.5
    endloop
  endfacet
  facet normal -0 0 1
    outer loop
      vertex 18 -31.1769 4.5
      vertex 18.4 -31.8697 4.5
      vertex 19.0771 -30.5297 4.5
    endloop
  endfacet
  facet normal 0 0 1
    outer loop
      vertex 18 -31.1769 4.5
      vertex 17.2766 -32.4925 4.5
      vertex 18.4 -31.8697 4.5
    endloop
  endfacet
  facet normal -0 0 1
    outer loop
      vertex 16.901 -31.7861 4.5
      vertex 17.2766 -32.4925 4.5
      vertex 18 -31.1769 4.5
    endloop
  endfacet
  facet normal 0 0 1
    outer loop
      vertex 16.901 -31.7861 4.5
      vertex 16.1321 -33.0756 4.5
      vertex 17.2766 -32.4925 4.5
    endloop
  endfacet
  facet normal -0 0 1
    outer loop
      vertex 15.7814 -32.3566 4.5
      vertex 16.1321 -33.0756 4.5
      vertex 16.901 -31.7861 4.5
    endloop
  endfacet
  facet normal 0 0 1
    outer loop
      vertex 15.7814 -32.3566 4.5
      vertex 14.9679 -33.6185 4.5
      vertex 16.1321 -33.0756 4.5
    endloop
  endfacet
  facet normal -0 0 1
    outer loop
      vertex 14.6425 -32.8876 4.5
      vertex 14.9679 -33.6185 4.5
      vertex 15.7814 -32.3566 4.5
    endloop
  endfacet
  facet normal 0 0 1
    outer loop
      vertex 14.6425 -32.8876 4.5
      vertex 13.7855 -34.1204 4.5
      vertex 14.9679 -33.6185 4.5
    endloop
  endfacet
  facet normal -0 0 1
    outer loop
      vertex 13.4858 -33.3786 4.5
      vertex 13.7855 -34.1204 4.5
      vertex 14.6425 -32.8876 4.5
    endloop
  endfacet
  facet normal 0 0 1
    outer loop
      vertex 13.4858 -33.3786 4.5
      vertex 12.5863 -34.5807 4.5
      vertex 13.7855 -34.1204 4.5
    endloop
  endfacet
  facet normal -0 0 1
    outer loop
      vertex 12.3127 -33.8289 4.5
      vertex 12.5863 -34.5807 4.5
      vertex 13.4858 -33.3786 4.5
    endloop
  endfacet
  facet normal 0 0 1
    outer loop
      vertex 12.3127 -33.8289 4.5
      vertex 11.3718 -34.9989 4.5
      vertex 12.5863 -34.5807 4.5
    endloop
  endfacet
  facet normal -0 0 1
    outer loop
      vertex 11.1246 -34.238 4.5
      vertex 11.3718 -34.9989 4.5
      vertex 12.3127 -33.8289 4.5
    endloop
  endfacet
  facet normal 0 0 1
    outer loop
      vertex 11.1246 -34.238 4.5
      vertex 10.1435 -35.3744 4.5
      vertex 11.3718 -34.9989 4.5
    endloop
  endfacet
  facet normal -0 0 1
    outer loop
      vertex 9.92294 -34.6054 4.5
      vertex 10.1435 -35.3744 4.5
      vertex 11.1246 -34.238 4.5
    endloop
  endfacet
  facet normal 0 0 1
    outer loop
      vertex 9.92294 -34.6054 4.5
      vertex 8.90273 -35.7069 4.5
      vertex 10.1435 -35.3744 4.5
    endloop
  endfacet
  facet normal -0 0 1
    outer loop
      vertex 8.70919 -34.9306 4.5
      vertex 8.90273 -35.7069 4.5
      vertex 9.92294 -34.6054 4.5
    endloop
  endfacet
  facet normal 0 0 1
    outer loop
      vertex 8.70919 -34.9306 4.5
      vertex 7.65115 -35.9958 4.5
      vertex 8.90273 -35.7069 4.5
    endloop
  endfacet
  facet normal -0 0 1
    outer loop
      vertex 7.48482 -35.2133 4.5
      vertex 7.65115 -35.9958 4.5
      vertex 8.70919 -34.9306 4.5
    endloop
  endfacet
  facet normal 0 0 1
    outer loop
      vertex 7.48482 -35.2133 4.5
      vertex 6.39025 -36.2409 4.5
      vertex 7.65115 -35.9958 4.5
    endloop
  endfacet
  facet normal -0 0 1
    outer loop
      vertex 6.25133 -35.4531 4.5
      vertex 6.39025 -36.2409 4.5
      vertex 7.48482 -35.2133 4.5
    endloop
  endfacet
  facet normal 0 0 1
    outer loop
      vertex 6.25133 -35.4531 4.5
      vertex 5.12157 -36.4419 4.5
      vertex 6.39025 -36.2409 4.5
    endloop
  endfacet
  facet normal -0 0 1
    outer loop
      vertex 5.01023 -35.6497 4.5
      vertex 5.12157 -36.4419 4.5
      vertex 6.25133 -35.4531 4.5
    endloop
  endfacet
  facet normal 0 0 1
    outer loop
      vertex 5.01023 -35.6497 4.5
      vertex 3.84665 -36.5984 4.5
      vertex 5.12157 -36.4419 4.5
    endloop
  endfacet
  facet normal -0 0 1
    outer loop
      vertex 3.76302 -35.8028 4.5
      vertex 3.84665 -36.5984 4.5
      vertex 5.01023 -35.6497 4.5
    endloop
  endfacet
  facet normal 0 0 1
    outer loop
      vertex 3.76302 -35.8028 4.5
      vertex 2.56704 -36.7104 4.5
      vertex 3.84665 -36.5984 4.5
    endloop
  endfacet
  facet normal -0 0 1
    outer loop
      vertex 2.51123 -35.9123 4.5
      vertex 2.56704 -36.7104 4.5
      vertex 3.76302 -35.8028 4.5
    endloop
  endfacet
  facet normal 0 0 1
    outer loop
      vertex 2.51123 -35.9123 4.5
      vertex 1.2843 -36.7776 4.5
      vertex 2.56704 -36.7104 4.5
    endloop
  endfacet
  facet normal -0 0 1
    outer loop
      vertex 1.25638 -35.9781 4.5
      vertex 1.2843 -36.7776 4.5
      vertex 2.51123 -35.9123 4.5
    endloop
  endfacet
  facet normal -0 0 1
    outer loop
      vertex 0 -36 4.5
      vertex 1.2843 -36.7776 4.5
      vertex 1.25638 -35.9781 4.5
    endloop
  endfacet
  facet normal 0 0 1
    outer loop
      vertex 0 -36 4.5
      vertex 0 -36.8 4.5
      vertex 1.2843 -36.7776 4.5
    endloop
  endfacet
  facet normal 0 0 1
    outer loop
      vertex -1.25638 -35.9781 4.5
      vertex 0 -36.8 4.5
      vertex 0 -36 4.5
    endloop
  endfacet
  facet normal 0 0 1
    outer loop
      vertex -1.25638 -35.9781 4.5
      vertex -1.2843 -36.7776 4.5
      vertex 0 -36.8 4.5
    endloop
  endfacet
  facet normal 0 0 1
    outer loop
      vertex -2.51123 -35.9123 4.5
      vertex -1.2843 -36.7776 4.5
      vertex -1.25638 -35.9781 4.5
    endloop
  endfacet
  facet normal 0 0 1
    outer loop
      vertex -2.51123 -35.9123 4.5
      vertex -2.56704 -36.7104 4.5
      vertex -1.2843 -36.7776 4.5
    endloop
  endfacet
  facet normal 0 0 1
    outer loop
      vertex -3.76302 -35.8028 4.5
      vertex -2.56704 -36.7104 4.5
      vertex -2.51123 -35.9123 4.5
    endloop
  endfacet
  facet normal 0 0 1
    outer loop
      vertex -3.76302 -35.8028 4.5
      vertex -3.84665 -36.5984 4.5
      vertex -2.56704 -36.7104 4.5
    endloop
  endfacet
  facet normal 0 0 1
    outer loop
      vertex -5.01023 -35.6497 4.5
      vertex -3.84665 -36.5984 4.5
      vertex -3.76302 -35.8028 4.5
    endloop
  endfacet
  facet normal 0 0 1
    outer loop
      vertex -5.01023 -35.6497 4.5
      vertex -5.12157 -36.4419 4.5
      vertex -3.84665 -36.5984 4.5
    endloop
  endfacet
  facet normal 0 0 1
    outer loop
      vertex -6.25133 -35.4531 4.5
      vertex -5.12157 -36.4419 4.5
      vertex -5.01023 -35.6497 4.5
    endloop
  endfacet
  facet normal 0 0 1
    outer loop
      vertex -6.25133 -35.4531 4.5
      vertex -6.39025 -36.2409 4.5
      vertex -5.12157 -36.4419 4.5
    endloop
  endfacet
  facet normal 0 0 1
    outer loop
      vertex -7.48482 -35.2133 4.5
      vertex -6.39025 -36.2409 4.5
      vertex -6.25133 -35.4531 4.5
    endloop
  endfacet
  facet normal 0 0 1
    outer loop
      vertex -7.48482 -35.2133 4.5
      vertex -7.65115 -35.9958 4.5
      vertex -6.39025 -36.2409 4.5
    endloop
  endfacet
  facet normal 0 0 1
    outer loop
      vertex -8.70919 -34.9306 4.5
      vertex -7.65115 -35.9958 4.5
      vertex -7.48482 -35.2133 4.5
    endloop
  endfacet
  facet normal 0 0 1
    outer loop
      vertex -8.70919 -34.9306 4.5
      vertex -8.90273 -35.7069 4.5
      vertex -7.65115 -35.9958 4.5
    endloop
  endfacet
  facet normal 0 0 1
    outer loop
      vertex -9.92294 -34.6054 4.5
      vertex -8.90273 -35.7069 4.5
      vertex -8.70919 -34.9306 4.5
    endloop
  endfacet
  facet normal 0 0 1
    outer loop
      vertex -9.92294 -34.6054 4.5
      vertex -10.1435 -35.3744 4.5
      vertex -8.90273 -35.7069 4.5
    endloop
  endfacet
  facet normal 0 0 1
    outer loop
      vertex -11.1246 -34.238 4.5
      vertex -10.1435 -35.3744 4.5
      vertex -9.92294 -34.6054 4.5
    endloop
  endfacet
  facet normal 0 0 1
    outer loop
      vertex -11.1246 -34.238 4.5
      vertex -11.3718 -34.9989 4.5
      vertex -10.1435 -35.3744 4.5
    endloop
  endfacet
  facet normal 0 0 1
    outer loop
      vertex -12.3127 -33.8289 4.5
      vertex -11.3718 -34.9989 4.5
      vertex -11.1246 -34.238 4.5
    endloop
  endfacet
  facet normal 0 0 1
    outer loop
      vertex -12.3127 -33.8289 4.5
      vertex -12.5863 -34.5807 4.5
      vertex -11.3718 -34.9989 4.5
    endloop
  endfacet
  facet normal 0 0 1
    outer loop
      vertex -13.4858 -33.3786 4.5
      vertex -12.5863 -34.5807 4.5
      vertex -12.3127 -33.8289 4.5
    endloop
  endfacet
  facet normal 0 0 1
    outer loop
      vertex -13.4858 -33.3786 4.5
      vertex -13.7855 -34.1204 4.5
      vertex -12.5863 -34.5807 4.5
    endloop
  endfacet
  facet normal 0 0 1
    outer loop
      vertex -14.6425 -32.8876 4.5
      vertex -13.7855 -34.1204 4.5
      vertex -13.4858 -33.3786 4.5
    endloop
  endfacet
  facet normal 0 0 1
    outer loop
      vertex -14.6425 -32.8876 4.5
      vertex -14.9679 -33.6185 4.5
      vertex -13.7855 -34.1204 4.5
    endloop
  endfacet
  facet normal 0 0 1
    outer loop
      vertex -15.7814 -32.3566 4.5
      vertex -14.9679 -33.6185 4.5
      vertex -14.6425 -32.8876 4.5
    endloop
  endfacet
  facet normal 0 0 1
    outer loop
      vertex -15.7814 -32.3566 4.5
      vertex -16.1321 -33.0756 4.5
      vertex -14.9679 -33.6185 4.5
    endloop
  endfacet
  facet normal 0 0 1
    outer loop
      vertex -16.901 -31.7861 4.5
      vertex -16.1321 -33.0756 4.5
      vertex -15.7814 -32.3566 4.5
    endloop
  endfacet
  facet normal 0 0 1
    outer loop
      vertex -16.901 -31.7861 4.5
      vertex -17.2766 -32.4925 4.5
      vertex -16.1321 -33.0756 4.5
    endloop
  endfacet
  facet normal 0 0 1
    outer loop
      vertex -18 -31.1769 4.5
      vertex -17.2766 -32.4925 4.5
      vertex -16.901 -31.7861 4.5
    endloop
  endfacet
  facet normal 0 0 1
    outer loop
      vertex -18 -31.1769 4.5
      vertex -18.4 -31.8697 4.5
      vertex -17.2766 -32.4925 4.5
    endloop
  endfacet
  facet normal 0 0 1
    outer loop
      vertex -19.0771 -30.5297 4.5
      vertex -18.4 -31.8697 4.5
      vertex -18 -31.1769 4.5
    endloop
  endfacet
  facet normal 0 0 1
    outer loop
      vertex -19.0771 -30.5297 4.5
      vertex -19.501 -31.2082 4.5
      vertex -18.4 -31.8697 4.5
    endloop
  endfacet
  facet normal 0 0 1
    outer loop
      vertex -20.1309 -29.8454 4.5
      vertex -19.501 -31.2082 4.5
      vertex -19.0771 -30.5297 4.5
    endloop
  endfacet
  facet normal 0 0 1
    outer loop
      vertex -20.1309 -29.8454 4.5
      vertex -20.5783 -30.5086 4.5
      vertex -19.501 -31.2082 4.5
    endloop
  endfacet
  facet normal 0 0 1
    outer loop
      vertex -21.1603 -29.1246 4.5
      vertex -20.5783 -30.5086 4.5
      vertex -20.1309 -29.8454 4.5
    endloop
  endfacet
  facet normal 0 0 1
    outer loop
      vertex -21.1603 -29.1246 4.5
      vertex -21.6305 -29.7718 4.5
      vertex -20.5783 -30.5086 4.5
    endloop
  endfacet
  facet normal 0 0 1
    outer loop
      vertex -22.1638 -28.3684 4.5
      vertex -21.6305 -29.7718 4.5
      vertex -21.1603 -29.1246 4.5
    endloop
  endfacet
  facet normal 0 0 1
    outer loop
      vertex -22.1638 -28.3684 4.5
      vertex -22.6563 -28.9988 4.5
      vertex -21.6305 -29.7718 4.5
    endloop
  endfacet
  facet normal 0 0 1
    outer loop
      vertex -23.1404 -27.5776 4.5
      vertex -22.6563 -28.9988 4.5
      vertex -22.1638 -28.3684 4.5
    endloop
  endfacet
  facet normal 0 0 1
    outer loop
      vertex -23.1404 -27.5776 4.5
      vertex -23.6546 -28.1904 4.5
      vertex -22.6563 -28.9988 4.5
    endloop
  endfacet
  facet normal 0 0 1
    outer loop
      vertex -24.0887 -26.7532 4.5
      vertex -23.6546 -28.1904 4.5
      vertex -23.1404 -27.5776 4.5
    endloop
  endfacet
  facet normal 0 0 1
    outer loop
      vertex -24.0887 -26.7532 4.5
      vertex -24.624 -27.3477 4.5
      vertex -23.6546 -28.1904 4.5
    endloop
  endfacet
  facet normal 0 0 1
    outer loop
      vertex -25.0077 -25.8962 4.5
      vertex -24.624 -27.3477 4.5
      vertex -24.0887 -26.7532 4.5
    endloop
  endfacet
  facet normal 0 0 1
    outer loop
      vertex -25.0077 -25.8962 4.5
      vertex -25.5634 -26.4717 4.5
      vertex -24.624 -27.3477 4.5
    endloop
  endfacet
  facet normal 0 0 1
    outer loop
      vertex -25.8962 -25.0077 4.5
      vertex -25.5634 -26.4717 4.5
      vertex -25.0077 -25.8962 4.5
    endloop
  endfacet
  facet normal 0 0 1
    outer loop
      vertex -25.8962 -25.0077 4.5
      vertex -26.4717 -25.5634 4.5
      vertex -25.5634 -26.4717 4.5
    endloop
  endfacet
  facet normal 0 0 1
    outer loop
      vertex -26.7532 -24.0887 4.5
      vertex -26.4717 -25.5634 4.5
      vertex -25.8962 -25.0077 4.5
    endloop
  endfacet
  facet normal 0 0 1
    outer loop
      vertex -26.7532 -24.0887 4.5
      vertex -27.3477 -24.624 4.5
      vertex -26.4717 -25.5634 4.5
    endloop
  endfacet
  facet normal 0 0 1
    outer loop
      vertex -27.5776 -23.1404 4.5
      vertex -27.3477 -24.624 4.5
      vertex -26.7532 -24.0887 4.5
    endloop
  endfacet
  facet normal 0 0 1
    outer loop
      vertex -27.5776 -23.1404 4.5
      vertex -28.1904 -23.6546 4.5
      vertex -27.3477 -24.624 4.5
    endloop
  endfacet
  facet normal 0 0 1
    outer loop
      vertex -28.3684 -22.1638 4.5
      vertex -28.1904 -23.6546 4.5
      vertex -27.5776 -23.1404 4.5
    endloop
  endfacet
  facet normal 0 0 1
    outer loop
      vertex -28.3684 -22.1638 4.5
      vertex -28.9988 -22.6563 4.5
      vertex -28.1904 -23.6546 4.5
    endloop
  endfacet
  facet normal 0 0 1
    outer loop
      vertex -29.1246 -21.1603 4.5
      vertex -28.9988 -22.6563 4.5
      vertex -28.3684 -22.1638 4.5
    endloop
  endfacet
  facet normal 0 0 1
    outer loop
      vertex -29.1246 -21.1603 4.5
      vertex -29.7718 -21.6305 4.5
      vertex -28.9988 -22.6563 4.5
    endloop
  endfacet
  facet normal 0 0 1
    outer loop
      vertex -29.8454 -20.1309 4.5
      vertex -29.7718 -21.6305 4.5
      vertex -29.1246 -21.1603 4.5
    endloop
  endfacet
  facet normal 0 0 1
    outer loop
      vertex -29.8454 -20.1309 4.5
      vertex -30.5086 -20.5783 4.5
      vertex -29.7718 -21.6305 4.5
    endloop
  endfacet
  facet normal 0 0 1
    outer loop
      vertex -30.5297 -19.0771 4.5
      vertex -30.5086 -20.5783 4.5
      vertex -29.8454 -20.1309 4.5
    endloop
  endfacet
  facet normal 0 0 1
    outer loop
      vertex -31.2082 -19.501 4.5
      vertex -30.5297 -19.0771 4.5
      vertex -31.1769 -18 4.5
    endloop
  endfacet
  facet normal 0 0 1
    outer loop
      vertex -30.5297 -19.0771 4.5
      vertex -31.2082 -19.501 4.5
      vertex -30.5086 -20.5783 4.5
    endloop
  endfacet
  facet normal 0 0 1
    outer loop
      vertex -31.8697 -18.4 4.5
      vertex -31.1769 -18 4.5
      vertex -31.7861 -16.901 4.5
    endloop
  endfacet
  facet normal 0 0 1
    outer loop
      vertex -31.1769 -18 4.5
      vertex -31.8697 -18.4 4.5
      vertex -31.2082 -19.501 4.5
    endloop
  endfacet
  facet normal 0 0 1
    outer loop
      vertex -32.4925 -17.2766 4.5
      vertex -31.7861 -16.901 4.5
      vertex -32.3566 -15.7814 4.5
    endloop
  endfacet
  facet normal 0 0 1
    outer loop
      vertex -31.7861 -16.901 4.5
      vertex -32.4925 -17.2766 4.5
      vertex -31.8697 -18.4 4.5
    endloop
  endfacet
  facet normal 0 0 1
    outer loop
      vertex -33.0756 -16.1321 4.5
      vertex -32.3566 -15.7814 4.5
      vertex -32.8876 -14.6425 4.5
    endloop
  endfacet
  facet normal 0 0 1
    outer loop
      vertex -32.3566 -15.7814 4.5
      vertex -33.0756 -16.1321 4.5
      vertex -32.4925 -17.2766 4.5
    endloop
  endfacet
  facet normal 0 0 1
    outer loop
      vertex -33.6185 -14.9679 4.5
      vertex -32.8876 -14.6425 4.5
      vertex -33.3786 -13.4858 4.5
    endloop
  endfacet
  facet normal 0 0 1
    outer loop
      vertex -32.8876 -14.6425 4.5
      vertex -33.6185 -14.9679 4.5
      vertex -33.0756 -16.1321 4.5
    endloop
  endfacet
  facet normal 0 0 1
    outer loop
      vertex -34.1204 -13.7855 4.5
      vertex -33.3786 -13.4858 4.5
      vertex -33.8289 -12.3127 4.5
    endloop
  endfacet
  facet normal 0 0 1
    outer loop
      vertex -33.3786 -13.4858 4.5
      vertex -34.1204 -13.7855 4.5
      vertex -33.6185 -14.9679 4.5
    endloop
  endfacet
  facet normal 0 0 1
    outer loop
      vertex -34.5807 -12.5863 4.5
      vertex -33.8289 -12.3127 4.5
      vertex -34.238 -11.1246 4.5
    endloop
  endfacet
  facet normal 0 0 1
    outer loop
      vertex -33.8289 -12.3127 4.5
      vertex -34.5807 -12.5863 4.5
      vertex -34.1204 -13.7855 4.5
    endloop
  endfacet
  facet normal 0 0 1
    outer loop
      vertex -34.9989 -11.3718 4.5
      vertex -34.238 -11.1246 4.5
      vertex -34.6054 -9.92294 4.5
    endloop
  endfacet
  facet normal 0 0 1
    outer loop
      vertex -35.3744 -10.1435 4.5
      vertex -34.6054 -9.92294 4.5
      vertex -34.9306 -8.70919 4.5
    endloop
  endfacet
  facet normal 0 0 1
    outer loop
      vertex -34.238 -11.1246 4.5
      vertex -34.9989 -11.3718 4.5
      vertex -34.5807 -12.5863 4.5
    endloop
  endfacet
  facet normal 0 0 1
    outer loop
      vertex -35.7069 -8.90273 4.5
      vertex -34.9306 -8.70919 4.5
      vertex -35.2133 -7.48482 4.5
    endloop
  endfacet
  facet normal 0 0 1
    outer loop
      vertex -34.6054 -9.92294 4.5
      vertex -35.3744 -10.1435 4.5
      vertex -34.9989 -11.3718 4.5
    endloop
  endfacet
  facet normal 0 0 1
    outer loop
      vertex -35.9958 -7.65115 4.5
      vertex -35.2133 -7.48482 4.5
      vertex -35.4531 -6.25133 4.5
    endloop
  endfacet
  facet normal 0 0 1
    outer loop
      vertex -36.2409 -6.39025 4.5
      vertex -35.4531 -6.25133 4.5
      vertex -35.6497 -5.01023 4.5
    endloop
  endfacet
  facet normal 0 0 1
    outer loop
      vertex -34.9306 -8.70919 4.5
      vertex -35.7069 -8.90273 4.5
      vertex -35.3744 -10.1435 4.5
    endloop
  endfacet
  facet normal 0 0 1
    outer loop
      vertex -36.4419 -5.12157 4.5
      vertex -35.6497 -5.01023 4.5
      vertex -35.8028 -3.76302 4.5
    endloop
  endfacet
  facet normal 0 0 1
    outer loop
      vertex -36.5984 -3.84665 4.5
      vertex -35.8028 -3.76302 4.5
      vertex -35.9123 -2.51123 4.5
    endloop
  endfacet
  facet normal 0 0 1
    outer loop
      vertex -36.7104 -2.56704 4.5
      vertex -35.9123 -2.51123 4.5
      vertex -35.9781 -1.25638 4.5
    endloop
  endfacet
  facet normal 0 0 1
    outer loop
      vertex -35.2133 -7.48482 4.5
      vertex -35.9958 -7.65115 4.5
      vertex -35.7069 -8.90273 4.5
    endloop
  endfacet
  facet normal 0 0 1
    outer loop
      vertex -36.7776 -1.2843 4.5
      vertex -35.9781 -1.25638 4.5
      vertex -36 0 4.5
    endloop
  endfacet
  facet normal -0 0 1
    outer loop
      vertex -36.7104 2.56704 4.5
      vertex -35.9123 2.51123 4.5
      vertex -36.5984 3.84665 4.5
    endloop
  endfacet
  facet normal 0 0 1
    outer loop
      vertex -35.4531 -6.25133 4.5
      vertex -36.2409 -6.39025 4.5
      vertex -35.9958 -7.65115 4.5
    endloop
  endfacet
  facet normal 0 0 1
    outer loop
      vertex -35.9123 2.51123 4.5
      vertex -36.7104 2.56704 4.5
      vertex -35.9781 1.25638 4.5
    endloop
  endfacet
  facet normal 0 0 1
    outer loop
      vertex -35.6497 -5.01023 4.5
      vertex -36.4419 -5.12157 4.5
      vertex -36.2409 -6.39025 4.5
    endloop
  endfacet
  facet normal -0 0 1
    outer loop
      vertex -36.7776 1.2843 4.5
      vertex -35.9781 1.25638 4.5
      vertex -36.7104 2.56704 4.5
    endloop
  endfacet
  facet normal 0 0 1
    outer loop
      vertex -35.8028 -3.76302 4.5
      vertex -36.5984 -3.84665 4.5
      vertex -36.4419 -5.12157 4.5
    endloop
  endfacet
  facet normal 0 0 1
    outer loop
      vertex -35.9781 1.25638 4.5
      vertex -36.7776 1.2843 4.5
      vertex -36 0 4.5
    endloop
  endfacet
  facet normal 0 0 1
    outer loop
      vertex -35.9123 -2.51123 4.5
      vertex -36.7104 -2.56704 4.5
      vertex -36.5984 -3.84665 4.5
    endloop
  endfacet
  facet normal 0 0 1
    outer loop
      vertex -36.8 0 4.5
      vertex -36 0 4.5
      vertex -36.7776 1.2843 4.5
    endloop
  endfacet
  facet normal 0 0 1
    outer loop
      vertex -35.9781 -1.25638 4.5
      vertex -36.7776 -1.2843 4.5
      vertex -36.7104 -2.56704 4.5
    endloop
  endfacet
  facet normal 0 0 1
    outer loop
      vertex -36 0 4.5
      vertex -36.8 0 4.5
      vertex -36.7776 -1.2843 4.5
    endloop
  endfacet
  facet normal -0.992542 0.121903 0
    outer loop
      vertex -39.7809 4.18114 0
      vertex -39.6107 5.56692 4.5
      vertex -39.6107 5.56692 0
    endloop
  endfacet
  facet normal -0.992542 0.121903 0
    outer loop
      vertex -39.6107 5.56692 4.5
      vertex -39.7809 4.18114 0
      vertex -39.7809 4.18114 4.5
    endloop
  endfacet
  facet normal -0.920488 0.390771 0
    outer loop
      vertex -37.0874 14.9843 0
      vertex -36.5418 16.2695 4.5
      vertex -36.5418 16.2695 0
    endloop
  endfacet
  facet normal -0.920488 0.390771 0
    outer loop
      vertex -36.5418 16.2695 4.5
      vertex -37.0874 14.9843 0
      vertex -37.0874 14.9843 4.5
    endloop
  endfacet
  facet normal -0.891007 0.45399 0
    outer loop
      vertex -35.9518 17.5348 0
      vertex -35.3179 18.7789 4.5
      vertex -35.3179 18.7789 0
    endloop
  endfacet
  facet normal -0.891007 0.45399 0
    outer loop
      vertex -35.3179 18.7789 4.5
      vertex -35.9518 17.5348 0
      vertex -35.9518 17.5348 4.5
    endloop
  endfacet
  facet normal -0.87461 0.484828 0
    outer loop
      vertex -35.3179 18.7789 0
      vertex -34.641 20 4.5
      vertex -34.641 20 0
    endloop
  endfacet
  facet normal -0.87461 0.484828 0
    outer loop
      vertex -34.641 20 4.5
      vertex -35.3179 18.7789 0
      vertex -35.3179 18.7789 4.5
    endloop
  endfacet
  facet normal -0.731351 0.682002 0
    outer loop
      vertex -29.7258 26.7652 0
      vertex -28.7736 27.7863 4.5
      vertex -28.7736 27.7863 0
    endloop
  endfacet
  facet normal -0.731351 0.682002 0
    outer loop
      vertex -28.7736 27.7863 4.5
      vertex -29.7258 26.7652 0
      vertex -29.7258 26.7652 4.5
    endloop
  endfacet
  facet normal -0.292364 0.956307 0
    outer loop
      vertex -11.0255 38.4505 0
      vertex -12.3607 38.0423 4.5
      vertex -11.0255 38.4505 4.5
    endloop
  endfacet
  facet normal -0.292364 0.956307 0
    outer loop
      vertex -12.3607 38.0423 4.5
      vertex -11.0255 38.4505 0
      vertex -12.3607 38.0423 0
    endloop
  endfacet
  facet normal -0.258778 0.965937 0
    outer loop
      vertex -9.67688 38.8118 0
      vertex -11.0255 38.4505 4.5
      vertex -9.67688 38.8118 4.5
    endloop
  endfacet
  facet normal -0.258778 0.965937 0
    outer loop
      vertex -11.0255 38.4505 4.5
      vertex -9.67688 38.8118 0
      vertex -11.0255 38.4505 0
    endloop
  endfacet
  facet normal -0.544643 0.838668 0
    outer loop
      vertex -21.1968 33.9219 0
      vertex -22.3677 33.1615 4.5
      vertex -21.1968 33.9219 4.5
    endloop
  endfacet
  facet normal -0.544643 0.838668 0
    outer loop
      vertex -22.3677 33.1615 4.5
      vertex -21.1968 33.9219 0
      vertex -22.3677 33.1615 0
    endloop
  endfacet
  facet normal -0.121903 0.992542 0
    outer loop
      vertex -4.18114 39.7809 0
      vertex -5.56692 39.6107 4.5
      vertex -4.18114 39.7809 4.5
    endloop
  endfacet
  facet normal -0.121903 0.992542 0
    outer loop
      vertex -5.56692 39.6107 4.5
      vertex -4.18114 39.7809 0
      vertex -5.56692 39.6107 0
    endloop
  endfacet
  facet normal -0.156425 0.98769 0
    outer loop
      vertex -5.56692 39.6107 0
      vertex -6.94593 39.3923 4.5
      vertex -5.56692 39.6107 4.5
    endloop
  endfacet
  facet normal -0.156425 0.98769 0
    outer loop
      vertex -6.94593 39.3923 4.5
      vertex -5.56692 39.6107 0
      vertex -6.94593 39.3923 0
    endloop
  endfacet
  facet normal -0.0174761 0.999847 0
    outer loop
      vertex 0 40 0
      vertex -1.39598 39.9756 4.5
      vertex 0 40 4.5
    endloop
  endfacet
  facet normal -0.0174761 0.999847 0
    outer loop
      vertex -1.39598 39.9756 4.5
      vertex 0 40 0
      vertex -1.39598 39.9756 0
    endloop
  endfacet
  facet normal 0.190805 0.981628 -0
    outer loop
      vertex 8.31647 39.1259 0
      vertex 6.94593 39.3923 4.5
      vertex 8.31647 39.1259 4.5
    endloop
  endfacet
  facet normal 0.190805 0.981628 0
    outer loop
      vertex 6.94593 39.3923 4.5
      vertex 8.31647 39.1259 0
      vertex 6.94593 39.3923 0
    endloop
  endfacet
  facet normal 0.258778 0.965937 -0
    outer loop
      vertex 11.0255 38.4505 0
      vertex 9.67688 38.8118 4.5
      vertex 11.0255 38.4505 4.5
    endloop
  endfacet
  facet normal 0.258778 0.965937 0
    outer loop
      vertex 9.67688 38.8118 4.5
      vertex 11.0255 38.4505 0
      vertex 9.67688 38.8118 0
    endloop
  endfacet
  facet normal 0.629314 0.777151 -0
    outer loop
      vertex 25.7115 30.6418 0
      vertex 24.6265 31.5204 4.5
      vertex 25.7115 30.6418 4.5
    endloop
  endfacet
  facet normal 0.629314 0.777151 0
    outer loop
      vertex 24.6265 31.5204 4.5
      vertex 25.7115 30.6418 0
      vertex 24.6265 31.5204 0
    endloop
  endfacet
  facet normal 0.490261 0.871576 0
    outer loop
      vertex 19.9984 34.6419 4.29976
      vertex 20 34.641 4.5
      vertex 20 34.641 4.3
    endloop
  endfacet
  facet normal 0.484881 0.87458 5.64905e-05
    outer loop
      vertex 19.7623 34.7728 4.26422
      vertex 20 34.641 4.5
      vertex 19.9984 34.6419 4.29976
    endloop
  endfacet
  facet normal 0.484828 0.87461 0.000127131
    outer loop
      vertex 20 34.641 4.5
      vertex 19.7623 34.7728 4.26422
      vertex 18.7789 35.3179 4.5
    endloop
  endfacet
  facet normal 0.48479 0.87463 -7.67291e-05
    outer loop
      vertex 19.5429 34.8944 4.16034
      vertex 18.7789 35.3179 4.5
      vertex 19.7623 34.7728 4.26422
    endloop
  endfacet
  facet normal 0.490223 0.871448 0.0161094
    outer loop
      vertex 19.5408 34.8956 4.15933
      vertex 18.7789 35.3179 4.5
      vertex 19.5429 34.8944 4.16034
    endloop
  endfacet
  facet normal 0.484768 0.874643 -4.9245e-05
    outer loop
      vertex 19.3526 34.9999 3.99428
      vertex 18.7789 35.3179 4.5
      vertex 19.5408 34.8956 4.15933
    endloop
  endfacet
  facet normal 0.474359 0.880197 -0.0153501
    outer loop
      vertex 19.3505 35.001 3.99246
      vertex 18.7789 35.3179 4.5
      vertex 19.3526 34.9999 3.99428
    endloop
  endfacet
  facet normal 0.486899 0.873453 0.00298306
    outer loop
      vertex 19.3489 35.0019 3.99009
      vertex 18.7789 35.3179 4.5
      vertex 19.3505 35.001 3.99246
    endloop
  endfacet
  facet normal 0.484865 0.874589 5.34968e-06
    outer loop
      vertex 19.2046 35.0819 3.775
      vertex 18.7789 35.3179 4.5
      vertex 19.3489 35.0019 3.99009
    endloop
  endfacet
  facet normal 0.482561 0.875861 -0.00176111
    outer loop
      vertex 19.2035 35.0825 3.77199
      vertex 18.7789 35.3179 4.5
      vertex 19.2046 35.0819 3.775
    endloop
  endfacet
  facet normal 0.484917 0.87456 3.35045e-05
    outer loop
      vertex 19.1128 35.1328 3.52176
      vertex 18.7789 35.3179 4.5
      vertex 19.2035 35.0825 3.77199
    endloop
  endfacet
  facet normal 0.484565 0.874755 -0.000123689
    outer loop
      vertex 19.0815 35.1501 3.25
      vertex 18.7789 35.3179 4.5
      vertex 19.1128 35.1328 3.52176
    endloop
  endfacet
  facet normal 0.486054 0.873929 0.000347872
    outer loop
      vertex 19.1128 35.1328 2.97824
      vertex 18.7789 35.3179 4.5
      vertex 19.0815 35.1501 3.25
    endloop
  endfacet
  facet normal 0.488907 0.872335 -0.00120283
    outer loop
      vertex 18.7789 35.3179 0
      vertex 19.3489 35.0019 2.50991
      vertex 19.3505 35.001 2.50754
    endloop
  endfacet
  facet normal 0.48477 0.874642 1.99223e-05
    outer loop
      vertex 18.7789 35.3179 0
      vertex 19.5429 34.8944 2.33966
      vertex 19.7623 34.7728 2.23578
    endloop
  endfacet
  facet normal 0.490261 0.871576 -0
    outer loop
      vertex 20 34.641 0
      vertex 19.9984 34.6419 2.20024
      vertex 20 34.641 2.2
    endloop
  endfacet
  facet normal 0.484887 0.874577 -5.13546e-06
    outer loop
      vertex 20 34.641 0
      vertex 19.7623 34.7728 2.23578
      vertex 19.9984 34.6419 2.20024
    endloop
  endfacet
  facet normal 0.484828 0.87461 -1.34069e-05
    outer loop
      vertex 18.7789 35.3179 0
      vertex 19.7623 34.7728 2.23578
      vertex 20 34.641 0
    endloop
  endfacet
  facet normal 0.494612 0.869104 -0.00419652
    outer loop
      vertex 19.5429 34.8944 2.33966
      vertex 18.7789 35.3179 0
      vertex 19.5408 34.8956 2.34067
    endloop
  endfacet
  facet normal 0.484746 0.874655 1.65118e-05
    outer loop
      vertex 19.5408 34.8956 2.34067
      vertex 18.7789 35.3179 0
      vertex 19.3526 34.9999 2.50572
    endloop
  endfacet
  facet normal 0.467499 0.883979 0.00514871
    outer loop
      vertex 19.3526 34.9999 2.50572
      vertex 18.7789 35.3179 0
      vertex 19.3505 35.001 2.50754
    endloop
  endfacet
  facet normal 0.484868 0.874587 -2.1649e-06
    outer loop
      vertex 19.3489 35.0019 2.50991
      vertex 18.7789 35.3179 0
      vertex 19.2046 35.0819 2.725
    endloop
  endfacet
  facet normal 0.480658 0.876908 0.000856648
    outer loop
      vertex 19.2046 35.0819 2.725
      vertex 18.7789 35.3179 0
      vertex 19.2035 35.0825 2.72801
    endloop
  endfacet
  facet normal 0.484842 0.874602 0
    outer loop
      vertex 19.1128 35.1328 2.97824
      vertex 18.7789 35.3179 0
      vertex 18.7789 35.3179 4.5
    endloop
  endfacet
  facet normal 0.484953 0.87454 -1.63198e-05
    outer loop
      vertex 19.2035 35.0825 2.72801
      vertex 18.7789 35.3179 0
      vertex 19.1128 35.1328 2.97824
    endloop
  endfacet
  facet normal 0.422607 0.906313 -0
    outer loop
      vertex 17.5348 35.9518 0
      vertex 16.2695 36.5418 4.5
      vertex 17.5348 35.9518 4.5
    endloop
  endfacet
  facet normal 0.422607 0.906313 0
    outer loop
      vertex 16.2695 36.5418 4.5
      vertex 17.5348 35.9518 0
      vertex 16.2695 36.5418 0
    endloop
  endfacet
  facet normal 0.45399 0.891007 -0
    outer loop
      vertex 18.7789 35.3179 0
      vertex 17.5348 35.9518 4.5
      vertex 18.7789 35.3179 4.5
    endloop
  endfacet
  facet normal 0.45399 0.891007 0
    outer loop
      vertex 17.5348 35.9518 4.5
      vertex 18.7789 35.3179 0
      vertex 17.5348 35.9518 0
    endloop
  endfacet
  facet normal 0.515033 0.85717 0.000290192
    outer loop
      vertex 20.2348 34.5 4.26336
      vertex 20 34.641 4.5
      vertex 21.1968 33.9219 4.5
    endloop
  endfacet
  facet normal 0.514878 0.857264 0
    outer loop
      vertex 20 34.641 4.5
      vertex 20.2311 34.5022 4.26451
      vertex 20 34.641 4.3
    endloop
  endfacet
  facet normal 0.537035 0.843022 0.0301386
    outer loop
      vertex 20 34.641 4.5
      vertex 20.233 34.501 4.26422
      vertex 20.2311 34.5022 4.26451
    endloop
  endfacet
  facet normal 0.456578 0.886501 -0.0751862
    outer loop
      vertex 20 34.641 4.5
      vertex 20.2348 34.5 4.26336
      vertex 20.233 34.501 4.26422
    endloop
  endfacet
  facet normal 0.515104 0.857128 -0.000101419
    outer loop
      vertex 21.1968 33.9219 4.5
      vertex 20.4501 34.3706 4.15933
      vertex 20.2348 34.5 4.26336
    endloop
  endfacet
  facet normal 0.51506 0.857154 2.72723e-05
    outer loop
      vertex 21.1968 33.9219 4.5
      vertex 20.6345 34.2598 3.99428
      vertex 20.4501 34.3706 4.15933
    endloop
  endfacet
  facet normal 0.514789 0.857317 0.000438175
    outer loop
      vertex 21.1968 33.9219 4.5
      vertex 20.6365 34.2586 3.99246
      vertex 20.6345 34.2598 3.99428
    endloop
  endfacet
  facet normal 0.515128 0.857113 -7.19006e-05
    outer loop
      vertex 21.1968 33.9219 4.5
      vertex 20.7779 34.1736 3.77758
      vertex 20.6365 34.2586 3.99246
    endloop
  endfacet
  facet normal 0.510787 0.859701 0.00334739
    outer loop
      vertex 21.1968 33.9219 4.5
      vertex 20.7796 34.1726 3.775
      vertex 20.7779 34.1736 3.77758
    endloop
  endfacet
  facet normal 0.515011 0.857183 4.58123e-05
    outer loop
      vertex 21.1968 33.9219 4.5
      vertex 20.8695 34.1186 3.52176
      vertex 20.7796 34.1726 3.775
    endloop
  endfacet
  facet normal 0.53892 0.842286 -0.0109492
    outer loop
      vertex 21.1968 33.9219 4.5
      vertex 20.8699 34.1183 3.51837
      vertex 20.8695 34.1186 3.52176
    endloop
  endfacet
  facet normal 0.514975 0.857205 9.77799e-06
    outer loop
      vertex 21.1968 33.9219 4.5
      vertex 20.9002 34.1001 3.25
      vertex 20.8699 34.1183 3.51837
    endloop
  endfacet
  facet normal 0.515091 0.857136 -2.75279e-05
    outer loop
      vertex 21.1968 33.9219 4.5
      vertex 20.8699 34.1183 2.98163
      vertex 20.9002 34.1001 3.25
    endloop
  endfacet
  facet normal 0.386875 0.921433 0.0358938
    outer loop
      vertex 21.1968 33.9219 4.5
      vertex 20.8695 34.1186 2.97824
      vertex 20.8699 34.1183 2.98163
    endloop
  endfacet
  facet normal 0.514595 0.857434 -0.000147764
    outer loop
      vertex 21.1968 33.9219 0
      vertex 20.6345 34.2598 2.50572
      vertex 20.6365 34.2586 2.50754
    endloop
  endfacet
  facet normal 0.515112 0.857123 -0
    outer loop
      vertex 21.1968 33.9219 0
      vertex 20.8695 34.1186 2.97824
      vertex 21.1968 33.9219 4.5
    endloop
  endfacet
  facet normal 0.514963 0.857213 -2.23209e-05
    outer loop
      vertex 21.1968 33.9219 0
      vertex 20.7796 34.1726 2.725
      vertex 20.8695 34.1186 2.97824
    endloop
  endfacet
  facet normal 0.508548 0.861033 -0.0013559
    outer loop
      vertex 21.1968 33.9219 0
      vertex 20.7779 34.1736 2.72242
      vertex 20.7796 34.1726 2.725
    endloop
  endfacet
  facet normal 0.515176 0.857084 2.9089e-05
    outer loop
      vertex 21.1968 33.9219 0
      vertex 20.6365 34.2586 2.50754
      vertex 20.7779 34.1736 2.72242
    endloop
  endfacet
  facet normal 0.515049 0.857161 -9.14532e-06
    outer loop
      vertex 20.6345 34.2598 2.50572
      vertex 21.1968 33.9219 0
      vertex 20.4501 34.3706 2.34067
    endloop
  endfacet
  facet normal 0.51513 0.857112 2.63341e-05
    outer loop
      vertex 21.1968 33.9219 0
      vertex 20.2348 34.5 2.23664
      vertex 20.4501 34.3706 2.34067
    endloop
  endfacet
  facet normal 0.490736 0.871194 -0.0141056
    outer loop
      vertex 21.1968 33.9219 0
      vertex 20.233 34.501 2.23578
      vertex 20.2348 34.5 2.23664
    endloop
  endfacet
  facet normal 0.515033 0.85717 5.44585e-07
    outer loop
      vertex 20 34.641 0
      vertex 20.233 34.501 2.23578
      vertex 21.1968 33.9219 0
    endloop
  endfacet
  facet normal 0.534291 0.845296 -0.00274997
    outer loop
      vertex 20.233 34.501 2.23578
      vertex 20 34.641 0
      vertex 20.2311 34.5022 2.23549
    endloop
  endfacet
  facet normal 0.514878 0.857264 0
    outer loop
      vertex 20.2311 34.5022 2.23549
      vertex 20 34.641 0
      vertex 20 34.641 2.2
    endloop
  endfacet
  facet normal 0.965937 0.258778 0
    outer loop
      vertex 38.8118 9.67688 4.5
      vertex 38.4505 11.0255 0
      vertex 38.4505 11.0255 4.5
    endloop
  endfacet
  facet normal 0.965937 0.258778 0
    outer loop
      vertex 38.4505 11.0255 0
      vertex 38.8118 9.67688 4.5
      vertex 38.8118 9.67688 0
    endloop
  endfacet
  facet normal 0.85717 0.515033 0
    outer loop
      vertex 34.641 20 4.5
      vertex 33.9219 21.1968 0
      vertex 33.9219 21.1968 4.5
    endloop
  endfacet
  facet normal 0.85717 0.515033 0
    outer loop
      vertex 33.9219 21.1968 0
      vertex 34.641 20 4.5
      vertex 34.641 20 0
    endloop
  endfacet
  facet normal 0.87461 0.484828 0
    outer loop
      vertex 35.3179 18.7789 4.5
      vertex 34.641 20 0
      vertex 34.641 20 4.5
    endloop
  endfacet
  facet normal 0.87461 0.484828 0
    outer loop
      vertex 34.641 20 0
      vertex 35.3179 18.7789 4.5
      vertex 35.3179 18.7789 0
    endloop
  endfacet
  facet normal 0.731351 0.682002 0
    outer loop
      vertex 29.7258 26.7652 4.5
      vertex 28.7736 27.7863 0
      vertex 28.7736 27.7863 4.5
    endloop
  endfacet
  facet normal 0.731351 0.682002 0
    outer loop
      vertex 28.7736 27.7863 0
      vertex 29.7258 26.7652 4.5
      vertex 29.7258 26.7652 0
    endloop
  endfacet
  facet normal 0.777151 0.629314 0
    outer loop
      vertex 31.5204 24.6265 4.5
      vertex 30.6418 25.7115 0
      vertex 30.6418 25.7115 4.5
    endloop
  endfacet
  facet normal 0.777151 0.629314 0
    outer loop
      vertex 30.6418 25.7115 0
      vertex 31.5204 24.6265 4.5
      vertex 31.5204 24.6265 0
    endloop
  endfacet
  facet normal -0.98769 -0.156425 0
    outer loop
      vertex -39.3923 -6.94593 0
      vertex -39.6107 -5.56692 4.5
      vertex -39.6107 -5.56692 0
    endloop
  endfacet
  facet normal -0.98769 -0.156425 0
    outer loop
      vertex -39.6107 -5.56692 4.5
      vertex -39.3923 -6.94593 0
      vertex -39.3923 -6.94593 4.5
    endloop
  endfacet
  facet normal -0.996194 -0.0871655 0
    outer loop
      vertex -39.7809 -4.18114 0
      vertex -39.9026 -2.79026 4.5
      vertex -39.9026 -2.79026 0
    endloop
  endfacet
  facet normal -0.996194 -0.0871655 0
    outer loop
      vertex -39.9026 -2.79026 4.5
      vertex -39.7809 -4.18114 0
      vertex -39.7809 -4.18114 4.5
    endloop
  endfacet
  facet normal -0.981628 -0.190805 0
    outer loop
      vertex -39.1259 -8.31647 0
      vertex -39.3923 -6.94593 4.5
      vertex -39.3923 -6.94593 0
    endloop
  endfacet
  facet normal -0.981628 -0.190805 0
    outer loop
      vertex -39.3923 -6.94593 4.5
      vertex -39.1259 -8.31647 0
      vertex -39.1259 -8.31647 4.5
    endloop
  endfacet
  facet normal -0.891007 -0.45399 0
    outer loop
      vertex -35.3179 -18.7789 0
      vertex -35.9518 -17.5348 4.5
      vertex -35.9518 -17.5348 0
    endloop
  endfacet
  facet normal -0.891007 -0.45399 0
    outer loop
      vertex -35.9518 -17.5348 4.5
      vertex -35.3179 -18.7789 0
      vertex -35.3179 -18.7789 4.5
    endloop
  endfacet
  facet normal -0.484828 -0.87461 0
    outer loop
      vertex -20 -34.641 0
      vertex -18.7789 -35.3179 4.5
      vertex -20 -34.641 4.5
    endloop
  endfacet
  facet normal -0.484828 -0.87461 -0
    outer loop
      vertex -18.7789 -35.3179 4.5
      vertex -20 -34.641 0
      vertex -18.7789 -35.3179 0
    endloop
  endfacet
  facet normal -0.682002 -0.731351 0
    outer loop
      vertex -27.7863 -28.7736 0
      vertex -26.7652 -29.7258 4.5
      vertex -27.7863 -28.7736 4.5
    endloop
  endfacet
  facet normal -0.682002 -0.731351 -0
    outer loop
      vertex -26.7652 -29.7258 4.5
      vertex -27.7863 -28.7736 0
      vertex -26.7652 -29.7258 0
    endloop
  endfacet
  facet normal -0.754698 -0.656072 0
    outer loop
      vertex -29.7258 -26.7652 0
      vertex -30.6418 -25.7115 4.5
      vertex -30.6418 -25.7115 0
    endloop
  endfacet
  facet normal -0.754698 -0.656072 0
    outer loop
      vertex -30.6418 -25.7115 4.5
      vertex -29.7258 -26.7652 0
      vertex -29.7258 -26.7652 4.5
    endloop
  endfacet
  facet normal -0.819161 -0.573563 0
    outer loop
      vertex -32.3607 -23.5114 0
      vertex -33.1615 -22.3677 4.5
      vertex -33.1615 -22.3677 0
    endloop
  endfacet
  facet normal -0.819161 -0.573563 0
    outer loop
      vertex -33.1615 -22.3677 4.5
      vertex -32.3607 -23.5114 0
      vertex -32.3607 -23.5114 4.5
    endloop
  endfacet
  facet normal 0.707107 -0.707107 0
    outer loop
      vertex 27.7863 -28.7736 4.5
      vertex 28.7736 -27.7863 0
      vertex 28.7736 -27.7863 4.5
    endloop
  endfacet
  facet normal 0.707107 -0.707107 0
    outer loop
      vertex 28.7736 -27.7863 0
      vertex 27.7863 -28.7736 4.5
      vertex 27.7863 -28.7736 0
    endloop
  endfacet
  facet normal 0.992542 -0.121903 0
    outer loop
      vertex 39.6107 -5.56692 4.5
      vertex 39.7809 -4.18114 0
      vertex 39.7809 -4.18114 4.5
    endloop
  endfacet
  facet normal 0.992542 -0.121903 0
    outer loop
      vertex 39.7809 -4.18114 0
      vertex 39.6107 -5.56692 4.5
      vertex 39.6107 -5.56692 0
    endloop
  endfacet
  facet normal 0.98769 -0.156425 0
    outer loop
      vertex 39.3923 -6.94593 4.5
      vertex 39.6107 -5.56692 0
      vertex 39.6107 -5.56692 4.5
    endloop
  endfacet
  facet normal 0.98769 -0.156425 0
    outer loop
      vertex 39.6107 -5.56692 0
      vertex 39.3923 -6.94593 4.5
      vertex 39.3923 -6.94593 0
    endloop
  endfacet
  facet normal 0.945507 -0.325602 0
    outer loop
      vertex 37.5877 -13.6808 4.5
      vertex 38.0423 -12.3607 0
      vertex 38.0423 -12.3607 4.5
    endloop
  endfacet
  facet normal 0.945507 -0.325602 0
    outer loop
      vertex 38.0423 -12.3607 0
      vertex 37.5877 -13.6808 4.5
      vertex 37.5877 -13.6808 0
    endloop
  endfacet
  facet normal 0.974366 -0.224968 0
    outer loop
      vertex 38.8118 -9.67688 4.5
      vertex 39.1259 -8.31647 0
      vertex 39.1259 -8.31647 4.5
    endloop
  endfacet
  facet normal 0.974366 -0.224968 0
    outer loop
      vertex 39.1259 -8.31647 0
      vertex 38.8118 -9.67688 4.5
      vertex 38.8118 -9.67688 0
    endloop
  endfacet
  facet normal 0.956307 -0.292364 0
    outer loop
      vertex 38.0423 -12.3607 4.5
      vertex 38.4505 -11.0255 0
      vertex 38.4505 -11.0255 4.5
    endloop
  endfacet
  facet normal 0.956307 -0.292364 0
    outer loop
      vertex 38.4505 -11.0255 0
      vertex 38.0423 -12.3607 4.5
      vertex 38.0423 -12.3607 0
    endloop
  endfacet
  facet normal 0.87461 -0.484828 0
    outer loop
      vertex 34.641 -20 4.5
      vertex 35.3179 -18.7789 0
      vertex 35.3179 -18.7789 4.5
    endloop
  endfacet
  facet normal 0.87461 -0.484828 0
    outer loop
      vertex 35.3179 -18.7789 0
      vertex 34.641 -20 4.5
      vertex 34.641 -20 0
    endloop
  endfacet
  facet normal 0.891007 -0.45399 0
    outer loop
      vertex 35.3179 -18.7789 4.5
      vertex 35.9518 -17.5348 0
      vertex 35.9518 -17.5348 4.5
    endloop
  endfacet
  facet normal 0.891007 -0.45399 0
    outer loop
      vertex 35.9518 -17.5348 0
      vertex 35.3179 -18.7789 4.5
      vertex 35.3179 -18.7789 0
    endloop
  endfacet
  facet normal 0.920488 -0.390771 0
    outer loop
      vertex 36.5418 -16.2695 4.5
      vertex 37.0874 -14.9843 0
      vertex 37.0874 -14.9843 4.5
    endloop
  endfacet
  facet normal 0.920488 -0.390771 0
    outer loop
      vertex 37.0874 -14.9843 0
      vertex 36.5418 -16.2695 4.5
      vertex 36.5418 -16.2695 0
    endloop
  endfacet
  facet normal 0.656072 -0.754698 0
    outer loop
      vertex 25.7115 -30.6418 0
      vertex 26.7652 -29.7258 4.5
      vertex 25.7115 -30.6418 4.5
    endloop
  endfacet
  facet normal 0.656072 -0.754698 0
    outer loop
      vertex 26.7652 -29.7258 4.5
      vertex 25.7115 -30.6418 0
      vertex 26.7652 -29.7258 0
    endloop
  endfacet
  facet normal 0.682002 -0.731351 0
    outer loop
      vertex 26.7652 -29.7258 0
      vertex 27.7863 -28.7736 4.5
      vertex 26.7652 -29.7258 4.5
    endloop
  endfacet
  facet normal 0.682002 -0.731351 0
    outer loop
      vertex 27.7863 -28.7736 4.5
      vertex 26.7652 -29.7258 0
      vertex 27.7863 -28.7736 0
    endloop
  endfacet
  facet normal 0.325602 -0.945507 0
    outer loop
      vertex 12.3607 -38.0423 0
      vertex 13.6808 -37.5877 4.5
      vertex 12.3607 -38.0423 4.5
    endloop
  endfacet
  facet normal 0.325602 -0.945507 0
    outer loop
      vertex 13.6808 -37.5877 4.5
      vertex 12.3607 -38.0423 0
      vertex 13.6808 -37.5877 0
    endloop
  endfacet
  facet normal 0.358326 -0.933596 0
    outer loop
      vertex 13.6808 -37.5877 0
      vertex 14.9843 -37.0874 4.5
      vertex 13.6808 -37.5877 4.5
    endloop
  endfacet
  facet normal 0.358326 -0.933596 0
    outer loop
      vertex 14.9843 -37.0874 4.5
      vertex 13.6808 -37.5877 0
      vertex 14.9843 -37.0874 0
    endloop
  endfacet
  facet normal 0.0174761 -0.999847 0
    outer loop
      vertex 0 -40 0
      vertex 1.39598 -39.9756 4.5
      vertex 0 -40 4.5
    endloop
  endfacet
  facet normal 0.0174761 -0.999847 0
    outer loop
      vertex 1.39598 -39.9756 4.5
      vertex 0 -40 0
      vertex 1.39598 -39.9756 0
    endloop
  endfacet
  facet normal 0.121903 -0.992542 0
    outer loop
      vertex 4.18114 -39.7809 0
      vertex 5.56692 -39.6107 4.5
      vertex 4.18114 -39.7809 4.5
    endloop
  endfacet
  facet normal 0.121903 -0.992542 0
    outer loop
      vertex 5.56692 -39.6107 4.5
      vertex 4.18114 -39.7809 0
      vertex 5.56692 -39.6107 0
    endloop
  endfacet
  facet normal -0.156425 -0.98769 0
    outer loop
      vertex -6.94593 -39.3923 0
      vertex -5.56692 -39.6107 4.5
      vertex -6.94593 -39.3923 4.5
    endloop
  endfacet
  facet normal -0.156425 -0.98769 -0
    outer loop
      vertex -5.56692 -39.6107 4.5
      vertex -6.94593 -39.3923 0
      vertex -5.56692 -39.6107 0
    endloop
  endfacet
  facet normal -0.0522852 -0.998632 0
    outer loop
      vertex -2.79026 -39.9026 0
      vertex -1.39598 -39.9756 4.5
      vertex -2.79026 -39.9026 4.5
    endloop
  endfacet
  facet normal -0.0522852 -0.998632 -0
    outer loop
      vertex -1.39598 -39.9756 4.5
      vertex -2.79026 -39.9026 0
      vertex -1.39598 -39.9756 0
    endloop
  endfacet
  facet normal -0.258778 -0.965937 0
    outer loop
      vertex -11.0255 -38.4505 0
      vertex -9.67688 -38.8118 4.5
      vertex -11.0255 -38.4505 4.5
    endloop
  endfacet
  facet normal -0.258778 -0.965937 -0
    outer loop
      vertex -9.67688 -38.8118 4.5
      vertex -11.0255 -38.4505 0
      vertex -9.67688 -38.8118 0
    endloop
  endfacet
  facet normal -0.981628 0.190805 0
    outer loop
      vertex -39.3923 6.94593 0
      vertex -39.1259 8.31647 4.5
      vertex -39.1259 8.31647 0
    endloop
  endfacet
  facet normal -0.981628 0.190805 0
    outer loop
      vertex -39.1259 8.31647 4.5
      vertex -39.3923 6.94593 0
      vertex -39.3923 6.94593 4.5
    endloop
  endfacet
  facet normal -0.838668 0.544643 0
    outer loop
      vertex -33.9219 21.1968 0
      vertex -33.1615 22.3677 4.5
      vertex -33.1615 22.3677 0
    endloop
  endfacet
  facet normal -0.838668 0.544643 0
    outer loop
      vertex -33.1615 22.3677 4.5
      vertex -33.9219 21.1968 0
      vertex -33.9219 21.1968 4.5
    endloop
  endfacet
  facet normal -0.85717 0.515033 0
    outer loop
      vertex -34.641 20 0
      vertex -33.9219 21.1968 4.5
      vertex -33.9219 21.1968 0
    endloop
  endfacet
  facet normal -0.85717 0.515033 0
    outer loop
      vertex -33.9219 21.1968 4.5
      vertex -34.641 20 0
      vertex -34.641 20 4.5
    endloop
  endfacet
  facet normal -0.798631 0.60182 0
    outer loop
      vertex -32.3607 23.5114 0
      vertex -31.5204 24.6265 4.5
      vertex -31.5204 24.6265 0
    endloop
  endfacet
  facet normal -0.798631 0.60182 0
    outer loop
      vertex -31.5204 24.6265 4.5
      vertex -32.3607 23.5114 0
      vertex -32.3607 23.5114 4.5
    endloop
  endfacet
  facet normal -0.390771 0.920488 0
    outer loop
      vertex -14.9843 37.0874 0
      vertex -16.2695 36.5418 4.5
      vertex -14.9843 37.0874 4.5
    endloop
  endfacet
  facet normal -0.390771 0.920488 0
    outer loop
      vertex -16.2695 36.5418 4.5
      vertex -14.9843 37.0874 0
      vertex -16.2695 36.5418 0
    endloop
  endfacet
  facet normal -0.515033 0.85717 0
    outer loop
      vertex -20 34.641 0
      vertex -21.1968 33.9219 4.5
      vertex -20 34.641 4.5
    endloop
  endfacet
  facet normal -0.515033 0.85717 0
    outer loop
      vertex -21.1968 33.9219 4.5
      vertex -20 34.641 0
      vertex -21.1968 33.9219 0
    endloop
  endfacet
  facet normal -0.0871655 0.996194 0
    outer loop
      vertex -2.79026 39.9026 0
      vertex -4.18114 39.7809 4.5
      vertex -2.79026 39.9026 4.5
    endloop
  endfacet
  facet normal -0.0871655 0.996194 0
    outer loop
      vertex -4.18114 39.7809 4.5
      vertex -2.79026 39.9026 0
      vertex -4.18114 39.7809 0
    endloop
  endfacet
  facet normal 0.325602 0.945507 -0
    outer loop
      vertex 13.6808 37.5877 0
      vertex 12.3607 38.0423 4.5
      vertex 13.6808 37.5877 4.5
    endloop
  endfacet
  facet normal 0.325602 0.945507 0
    outer loop
      vertex 12.3607 38.0423 4.5
      vertex 13.6808 37.5877 0
      vertex 12.3607 38.0423 0
    endloop
  endfacet
  facet normal 0.544643 0.838668 -0
    outer loop
      vertex 22.3677 33.1615 0
      vertex 21.1968 33.9219 4.5
      vertex 22.3677 33.1615 4.5
    endloop
  endfacet
  facet normal 0.544643 0.838668 0
    outer loop
      vertex 21.1968 33.9219 4.5
      vertex 22.3677 33.1615 0
      vertex 21.1968 33.9219 0
    endloop
  endfacet
  facet normal 0.906313 0.422607 0
    outer loop
      vertex 36.5418 16.2695 4.5
      vertex 35.9518 17.5348 0
      vertex 35.9518 17.5348 4.5
    endloop
  endfacet
  facet normal 0.906313 0.422607 0
    outer loop
      vertex 35.9518 17.5348 0
      vertex 36.5418 16.2695 4.5
      vertex 36.5418 16.2695 0
    endloop
  endfacet
  facet normal -0.965937 -0.258778 0
    outer loop
      vertex -38.4505 -11.0255 0
      vertex -38.8118 -9.67688 4.5
      vertex -38.8118 -9.67688 0
    endloop
  endfacet
  facet normal -0.965937 -0.258778 0
    outer loop
      vertex -38.8118 -9.67688 4.5
      vertex -38.4505 -11.0255 0
      vertex -38.4505 -11.0255 4.5
    endloop
  endfacet
  facet normal -0.956307 -0.292364 0
    outer loop
      vertex -38.0423 -12.3607 0
      vertex -38.4505 -11.0255 4.5
      vertex -38.4505 -11.0255 0
    endloop
  endfacet
  facet normal -0.956307 -0.292364 0
    outer loop
      vertex -38.4505 -11.0255 4.5
      vertex -38.0423 -12.3607 0
      vertex -38.0423 -12.3607 4.5
    endloop
  endfacet
  facet normal -0.838668 -0.544643 0
    outer loop
      vertex -33.1615 -22.3677 0
      vertex -33.9219 -21.1968 4.5
      vertex -33.9219 -21.1968 0
    endloop
  endfacet
  facet normal -0.838668 -0.544643 0
    outer loop
      vertex -33.9219 -21.1968 4.5
      vertex -33.1615 -22.3677 0
      vertex -33.1615 -22.3677 4.5
    endloop
  endfacet
  facet normal -0.87461 -0.484828 0
    outer loop
      vertex -34.641 -20 0
      vertex -35.3179 -18.7789 4.5
      vertex -35.3179 -18.7789 0
    endloop
  endfacet
  facet normal -0.87461 -0.484828 0
    outer loop
      vertex -35.3179 -18.7789 4.5
      vertex -34.641 -20 0
      vertex -34.641 -20 4.5
    endloop
  endfacet
  facet normal -0.920488 -0.390771 0
    outer loop
      vertex -36.5418 -16.2695 0
      vertex -37.0874 -14.9843 4.5
      vertex -37.0874 -14.9843 0
    endloop
  endfacet
  facet normal -0.920488 -0.390771 0
    outer loop
      vertex -37.0874 -14.9843 4.5
      vertex -36.5418 -16.2695 0
      vertex -36.5418 -16.2695 4.5
    endloop
  endfacet
  facet normal -0.906313 -0.422607 0
    outer loop
      vertex -35.9518 -17.5348 0
      vertex -36.5418 -16.2695 4.5
      vertex -36.5418 -16.2695 0
    endloop
  endfacet
  facet normal -0.906313 -0.422607 0
    outer loop
      vertex -36.5418 -16.2695 4.5
      vertex -35.9518 -17.5348 0
      vertex -35.9518 -17.5348 4.5
    endloop
  endfacet
  facet normal -0.515033 -0.85717 0
    outer loop
      vertex -21.1968 -33.9219 0
      vertex -20 -34.641 4.5
      vertex -21.1968 -33.9219 4.5
    endloop
  endfacet
  facet normal -0.515033 -0.85717 -0
    outer loop
      vertex -20 -34.641 4.5
      vertex -21.1968 -33.9219 0
      vertex -20 -34.641 0
    endloop
  endfacet
  facet normal -0.573563 -0.819161 0
    outer loop
      vertex -23.5114 -32.3607 0
      vertex -22.3677 -33.1615 4.5
      vertex -23.5114 -32.3607 4.5
    endloop
  endfacet
  facet normal -0.573563 -0.819161 -0
    outer loop
      vertex -22.3677 -33.1615 4.5
      vertex -23.5114 -32.3607 0
      vertex -22.3677 -33.1615 0
    endloop
  endfacet
  facet normal -0.629314 -0.777151 0
    outer loop
      vertex -25.7115 -30.6418 0
      vertex -24.6265 -31.5204 4.5
      vertex -25.7115 -30.6418 4.5
    endloop
  endfacet
  facet normal -0.629314 -0.777151 -0
    outer loop
      vertex -24.6265 -31.5204 4.5
      vertex -25.7115 -30.6418 0
      vertex -24.6265 -31.5204 0
    endloop
  endfacet
  facet normal -0.656072 -0.754698 0
    outer loop
      vertex -26.7652 -29.7258 0
      vertex -25.7115 -30.6418 4.5
      vertex -26.7652 -29.7258 4.5
    endloop
  endfacet
  facet normal -0.656072 -0.754698 -0
    outer loop
      vertex -25.7115 -30.6418 4.5
      vertex -26.7652 -29.7258 0
      vertex -25.7115 -30.6418 0
    endloop
  endfacet
  facet normal -0.731351 -0.682002 0
    outer loop
      vertex -28.7736 -27.7863 0
      vertex -29.7258 -26.7652 4.5
      vertex -29.7258 -26.7652 0
    endloop
  endfacet
  facet normal -0.731351 -0.682002 0
    outer loop
      vertex -29.7258 -26.7652 4.5
      vertex -28.7736 -27.7863 0
      vertex -28.7736 -27.7863 4.5
    endloop
  endfacet
  facet normal -0.707107 -0.707107 0
    outer loop
      vertex -27.7863 -28.7736 0
      vertex -28.7736 -27.7863 4.5
      vertex -28.7736 -27.7863 0
    endloop
  endfacet
  facet normal -0.707107 -0.707107 0
    outer loop
      vertex -28.7736 -27.7863 4.5
      vertex -27.7863 -28.7736 0
      vertex -27.7863 -28.7736 4.5
    endloop
  endfacet
  facet normal 0.996194 -0.0871655 0
    outer loop
      vertex 39.7809 -4.18114 4.5
      vertex 39.9026 -2.79026 0
      vertex 39.9026 -2.79026 4.5
    endloop
  endfacet
  facet normal 0.996194 -0.0871655 0
    outer loop
      vertex 39.9026 -2.79026 0
      vertex 39.7809 -4.18114 4.5
      vertex 39.7809 -4.18114 0
    endloop
  endfacet
  facet normal 0.998632 -0.0522852 0
    outer loop
      vertex 39.9026 -2.79026 4.5
      vertex 39.9756 -1.39598 0
      vertex 39.9756 -1.39598 4.5
    endloop
  endfacet
  facet normal 0.998632 -0.0522852 0
    outer loop
      vertex 39.9756 -1.39598 0
      vertex 39.9026 -2.79026 4.5
      vertex 39.9026 -2.79026 0
    endloop
  endfacet
  facet normal 0.965937 -0.258778 0
    outer loop
      vertex 38.4505 -11.0255 4.5
      vertex 38.8118 -9.67688 0
      vertex 38.8118 -9.67688 4.5
    endloop
  endfacet
  facet normal 0.965937 -0.258778 0
    outer loop
      vertex 38.8118 -9.67688 0
      vertex 38.4505 -11.0255 4.5
      vertex 38.4505 -11.0255 0
    endloop
  endfacet
  facet normal 0.798631 -0.60182 0
    outer loop
      vertex 31.5204 -24.6265 4.5
      vertex 32.3607 -23.5114 0
      vertex 32.3607 -23.5114 4.5
    endloop
  endfacet
  facet normal 0.798631 -0.60182 0
    outer loop
      vertex 32.3607 -23.5114 0
      vertex 31.5204 -24.6265 4.5
      vertex 31.5204 -24.6265 0
    endloop
  endfacet
  facet normal 0.754698 -0.656072 0
    outer loop
      vertex 29.7258 -26.7652 4.5
      vertex 30.6418 -25.7115 0
      vertex 30.6418 -25.7115 4.5
    endloop
  endfacet
  facet normal 0.754698 -0.656072 0
    outer loop
      vertex 30.6418 -25.7115 0
      vertex 29.7258 -26.7652 4.5
      vertex 29.7258 -26.7652 0
    endloop
  endfacet
  facet normal 0.731351 -0.682002 0
    outer loop
      vertex 28.7736 -27.7863 4.5
      vertex 29.7258 -26.7652 0
      vertex 29.7258 -26.7652 4.5
    endloop
  endfacet
  facet normal 0.731351 -0.682002 0
    outer loop
      vertex 29.7258 -26.7652 0
      vertex 28.7736 -27.7863 4.5
      vertex 28.7736 -27.7863 0
    endloop
  endfacet
  facet normal 0.85717 -0.515033 0
    outer loop
      vertex 33.9219 -21.1968 4.5
      vertex 34.641 -20 0
      vertex 34.641 -20 4.5
    endloop
  endfacet
  facet normal 0.85717 -0.515033 0
    outer loop
      vertex 34.641 -20 0
      vertex 33.9219 -21.1968 4.5
      vertex 33.9219 -21.1968 0
    endloop
  endfacet
  facet normal 0.906313 -0.422607 0
    outer loop
      vertex 35.9518 -17.5348 4.5
      vertex 36.5418 -16.2695 0
      vertex 36.5418 -16.2695 4.5
    endloop
  endfacet
  facet normal 0.906313 -0.422607 0
    outer loop
      vertex 36.5418 -16.2695 0
      vertex 35.9518 -17.5348 4.5
      vertex 35.9518 -17.5348 0
    endloop
  endfacet
  facet normal 0.422607 -0.906313 0
    outer loop
      vertex 16.2695 -36.5418 0
      vertex 17.5348 -35.9518 4.5
      vertex 16.2695 -36.5418 4.5
    endloop
  endfacet
  facet normal 0.422607 -0.906313 0
    outer loop
      vertex 17.5348 -35.9518 4.5
      vertex 16.2695 -36.5418 0
      vertex 17.5348 -35.9518 0
    endloop
  endfacet
  facet normal 0.45399 -0.891007 0
    outer loop
      vertex 17.5348 -35.9518 0
      vertex 18.7789 -35.3179 4.5
      vertex 17.5348 -35.9518 4.5
    endloop
  endfacet
  facet normal 0.45399 -0.891007 0
    outer loop
      vertex 18.7789 -35.3179 4.5
      vertex 17.5348 -35.9518 0
      vertex 18.7789 -35.3179 0
    endloop
  endfacet
  facet normal 0.514878 -0.857264 0
    outer loop
      vertex 20.2311 -34.5022 4.26451
      vertex 20 -34.641 4.5
      vertex 20 -34.641 4.3
    endloop
  endfacet
  facet normal 0.537035 -0.843022 0.0301386
    outer loop
      vertex 20.233 -34.501 4.26422
      vertex 20 -34.641 4.5
      vertex 20.2311 -34.5022 4.26451
    endloop
  endfacet
  facet normal 0.456578 -0.886501 -0.0751862
    outer loop
      vertex 20.2348 -34.5 4.26336
      vertex 20 -34.641 4.5
      vertex 20.233 -34.501 4.26422
    endloop
  endfacet
  facet normal 0.515033 -0.85717 0.000290192
    outer loop
      vertex 20 -34.641 4.5
      vertex 20.2348 -34.5 4.26336
      vertex 21.1968 -33.9219 4.5
    endloop
  endfacet
  facet normal 0.515104 -0.857128 -0.000101419
    outer loop
      vertex 20.4501 -34.3706 4.15933
      vertex 21.1968 -33.9219 4.5
      vertex 20.2348 -34.5 4.26336
    endloop
  endfacet
  facet normal 0.51506 -0.857154 2.72723e-05
    outer loop
      vertex 20.6345 -34.2598 3.99428
      vertex 21.1968 -33.9219 4.5
      vertex 20.4501 -34.3706 4.15933
    endloop
  endfacet
  facet normal 0.514789 -0.857317 0.000438175
    outer loop
      vertex 20.6365 -34.2586 3.99246
      vertex 21.1968 -33.9219 4.5
      vertex 20.6345 -34.2598 3.99428
    endloop
  endfacet
  facet normal 0.515128 -0.857113 -7.19006e-05
    outer loop
      vertex 20.7779 -34.1736 3.77758
      vertex 21.1968 -33.9219 4.5
      vertex 20.6365 -34.2586 3.99246
    endloop
  endfacet
  facet normal 0.510787 -0.859701 0.00334739
    outer loop
      vertex 20.7796 -34.1726 3.775
      vertex 21.1968 -33.9219 4.5
      vertex 20.7779 -34.1736 3.77758
    endloop
  endfacet
  facet normal 0.515011 -0.857183 4.58123e-05
    outer loop
      vertex 20.8695 -34.1186 3.52176
      vertex 21.1968 -33.9219 4.5
      vertex 20.7796 -34.1726 3.775
    endloop
  endfacet
  facet normal 0.53892 -0.842286 -0.0109492
    outer loop
      vertex 20.8699 -34.1183 3.51837
      vertex 21.1968 -33.9219 4.5
      vertex 20.8695 -34.1186 3.52176
    endloop
  endfacet
  facet normal 0.514975 -0.857205 9.77799e-06
    outer loop
      vertex 20.9002 -34.1001 3.25
      vertex 21.1968 -33.9219 4.5
      vertex 20.8699 -34.1183 3.51837
    endloop
  endfacet
  facet normal 0.515091 -0.857136 -2.75279e-05
    outer loop
      vertex 20.8699 -34.1183 2.98163
      vertex 21.1968 -33.9219 4.5
      vertex 20.9002 -34.1001 3.25
    endloop
  endfacet
  facet normal 0.386875 -0.921433 0.0358938
    outer loop
      vertex 20.8695 -34.1186 2.97824
      vertex 21.1968 -33.9219 4.5
      vertex 20.8699 -34.1183 2.98163
    endloop
  endfacet
  facet normal 0.515049 -0.857161 -9.14532e-06
    outer loop
      vertex 21.1968 -33.9219 0
      vertex 20.6345 -34.2598 2.50572
      vertex 20.4501 -34.3706 2.34067
    endloop
  endfacet
  facet normal 0.514878 -0.857264 0
    outer loop
      vertex 20 -34.641 0
      vertex 20.2311 -34.5022 2.23549
      vertex 20 -34.641 2.2
    endloop
  endfacet
  facet normal 0.534291 -0.845296 -0.00274997
    outer loop
      vertex 20 -34.641 0
      vertex 20.233 -34.501 2.23578
      vertex 20.2311 -34.5022 2.23549
    endloop
  endfacet
  facet normal 0.515033 -0.85717 5.44585e-07
    outer loop
      vertex 21.1968 -33.9219 0
      vertex 20.233 -34.501 2.23578
      vertex 20 -34.641 0
    endloop
  endfacet
  facet normal 0.490736 -0.871194 -0.0141056
    outer loop
      vertex 20.233 -34.501 2.23578
      vertex 21.1968 -33.9219 0
      vertex 20.2348 -34.5 2.23664
    endloop
  endfacet
  facet normal 0.51513 -0.857112 2.63341e-05
    outer loop
      vertex 20.2348 -34.5 2.23664
      vertex 21.1968 -33.9219 0
      vertex 20.4501 -34.3706 2.34067
    endloop
  endfacet
  facet normal 0.514595 -0.857434 -0.000147764
    outer loop
      vertex 20.6345 -34.2598 2.50572
      vertex 21.1968 -33.9219 0
      vertex 20.6365 -34.2586 2.50754
    endloop
  endfacet
  facet normal 0.515176 -0.857084 2.9089e-05
    outer loop
      vertex 20.6365 -34.2586 2.50754
      vertex 21.1968 -33.9219 0
      vertex 20.7779 -34.1736 2.72242
    endloop
  endfacet
  facet normal 0.508548 -0.861033 -0.0013559
    outer loop
      vertex 20.7779 -34.1736 2.72242
      vertex 21.1968 -33.9219 0
      vertex 20.7796 -34.1726 2.725
    endloop
  endfacet
  facet normal 0.515112 -0.857123 0
    outer loop
      vertex 20.8695 -34.1186 2.97824
      vertex 21.1968 -33.9219 0
      vertex 21.1968 -33.9219 4.5
    endloop
  endfacet
  facet normal 0.514963 -0.857213 -2.23209e-05
    outer loop
      vertex 20.7796 -34.1726 2.725
      vertex 21.1968 -33.9219 0
      vertex 20.8695 -34.1186 2.97824
    endloop
  endfacet
  facet normal 0.544643 -0.838668 0
    outer loop
      vertex 21.1968 -33.9219 0
      vertex 22.3677 -33.1615 4.5
      vertex 21.1968 -33.9219 4.5
    endloop
  endfacet
  facet normal 0.544643 -0.838668 0
    outer loop
      vertex 22.3677 -33.1615 4.5
      vertex 21.1968 -33.9219 0
      vertex 22.3677 -33.1615 0
    endloop
  endfacet
  facet normal 0.60182 -0.798631 0
    outer loop
      vertex 23.5114 -32.3607 0
      vertex 24.6265 -31.5204 4.5
      vertex 23.5114 -32.3607 4.5
    endloop
  endfacet
  facet normal 0.60182 -0.798631 0
    outer loop
      vertex 24.6265 -31.5204 4.5
      vertex 23.5114 -32.3607 0
      vertex 24.6265 -31.5204 0
    endloop
  endfacet
  facet normal 0.629314 -0.777151 0
    outer loop
      vertex 24.6265 -31.5204 0
      vertex 25.7115 -30.6418 4.5
      vertex 24.6265 -31.5204 4.5
    endloop
  endfacet
  facet normal 0.629314 -0.777151 0
    outer loop
      vertex 25.7115 -30.6418 4.5
      vertex 24.6265 -31.5204 0
      vertex 25.7115 -30.6418 0
    endloop
  endfacet
  facet normal 0.258778 -0.965937 0
    outer loop
      vertex 9.67688 -38.8118 0
      vertex 11.0255 -38.4505 4.5
      vertex 9.67688 -38.8118 4.5
    endloop
  endfacet
  facet normal 0.258778 -0.965937 0
    outer loop
      vertex 11.0255 -38.4505 4.5
      vertex 9.67688 -38.8118 0
      vertex 11.0255 -38.4505 0
    endloop
  endfacet
  facet normal 0.292364 -0.956307 0
    outer loop
      vertex 11.0255 -38.4505 0
      vertex 12.3607 -38.0423 4.5
      vertex 11.0255 -38.4505 4.5
    endloop
  endfacet
  facet normal 0.292364 -0.956307 0
    outer loop
      vertex 12.3607 -38.0423 4.5
      vertex 11.0255 -38.4505 0
      vertex 12.3607 -38.0423 0
    endloop
  endfacet
  facet normal 0.0522852 -0.998632 0
    outer loop
      vertex 1.39598 -39.9756 0
      vertex 2.79026 -39.9026 4.5
      vertex 1.39598 -39.9756 4.5
    endloop
  endfacet
  facet normal 0.0522852 -0.998632 0
    outer loop
      vertex 2.79026 -39.9026 4.5
      vertex 1.39598 -39.9756 0
      vertex 2.79026 -39.9026 0
    endloop
  endfacet
  facet normal 0.0871655 -0.996194 0
    outer loop
      vertex 2.79026 -39.9026 0
      vertex 4.18114 -39.7809 4.5
      vertex 2.79026 -39.9026 4.5
    endloop
  endfacet
  facet normal 0.0871655 -0.996194 0
    outer loop
      vertex 4.18114 -39.7809 4.5
      vertex 2.79026 -39.9026 0
      vertex 4.18114 -39.7809 0
    endloop
  endfacet
  facet normal 0.156425 -0.98769 0
    outer loop
      vertex 5.56692 -39.6107 0
      vertex 6.94593 -39.3923 4.5
      vertex 5.56692 -39.6107 4.5
    endloop
  endfacet
  facet normal 0.156425 -0.98769 0
    outer loop
      vertex 6.94593 -39.3923 4.5
      vertex 5.56692 -39.6107 0
      vertex 6.94593 -39.3923 0
    endloop
  endfacet
  facet normal 0.190805 -0.981628 0
    outer loop
      vertex 6.94593 -39.3923 0
      vertex 8.31647 -39.1259 4.5
      vertex 6.94593 -39.3923 4.5
    endloop
  endfacet
  facet normal 0.190805 -0.981628 0
    outer loop
      vertex 8.31647 -39.1259 4.5
      vertex 6.94593 -39.3923 0
      vertex 8.31647 -39.1259 0
    endloop
  endfacet
  facet normal -0.777151 0.629314 0
    outer loop
      vertex -31.5204 24.6265 0
      vertex -30.6418 25.7115 4.5
      vertex -30.6418 25.7115 0
    endloop
  endfacet
  facet normal -0.777151 0.629314 0
    outer loop
      vertex -30.6418 25.7115 4.5
      vertex -31.5204 24.6265 0
      vertex -31.5204 24.6265 4.5
    endloop
  endfacet
  facet normal -0.422607 0.906313 0
    outer loop
      vertex -16.2695 36.5418 0
      vertex -17.5348 35.9518 4.5
      vertex -16.2695 36.5418 4.5
    endloop
  endfacet
  facet normal -0.422607 0.906313 0
    outer loop
      vertex -17.5348 35.9518 4.5
      vertex -16.2695 36.5418 0
      vertex -17.5348 35.9518 0
    endloop
  endfacet
  facet normal -0.45399 0.891007 0
    outer loop
      vertex -17.5348 35.9518 0
      vertex -18.7789 35.3179 4.5
      vertex -17.5348 35.9518 4.5
    endloop
  endfacet
  facet normal -0.45399 0.891007 0
    outer loop
      vertex -18.7789 35.3179 4.5
      vertex -17.5348 35.9518 0
      vertex -18.7789 35.3179 0
    endloop
  endfacet
  facet normal -0.682002 0.731351 0
    outer loop
      vertex -26.7652 29.7258 0
      vertex -27.7863 28.7736 4.5
      vertex -26.7652 29.7258 4.5
    endloop
  endfacet
  facet normal -0.682002 0.731351 0
    outer loop
      vertex -27.7863 28.7736 4.5
      vertex -26.7652 29.7258 0
      vertex -27.7863 28.7736 0
    endloop
  endfacet
  facet normal -0.707107 0.707107 0
    outer loop
      vertex -28.7736 27.7863 0
      vertex -27.7863 28.7736 4.5
      vertex -27.7863 28.7736 0
    endloop
  endfacet
  facet normal -0.707107 0.707107 0
    outer loop
      vertex -27.7863 28.7736 4.5
      vertex -28.7736 27.7863 0
      vertex -28.7736 27.7863 4.5
    endloop
  endfacet
  facet normal -0.629314 0.777151 0
    outer loop
      vertex -24.6265 31.5204 0
      vertex -25.7115 30.6418 4.5
      vertex -24.6265 31.5204 4.5
    endloop
  endfacet
  facet normal -0.629314 0.777151 0
    outer loop
      vertex -25.7115 30.6418 4.5
      vertex -24.6265 31.5204 0
      vertex -25.7115 30.6418 0
    endloop
  endfacet
  facet normal -0.60182 0.798631 0
    outer loop
      vertex -23.5114 32.3607 0
      vertex -24.6265 31.5204 4.5
      vertex -23.5114 32.3607 4.5
    endloop
  endfacet
  facet normal -0.60182 0.798631 0
    outer loop
      vertex -24.6265 31.5204 4.5
      vertex -23.5114 32.3607 0
      vertex -24.6265 31.5204 0
    endloop
  endfacet
  facet normal -0.573563 0.819161 0
    outer loop
      vertex -22.3677 33.1615 0
      vertex -23.5114 32.3607 4.5
      vertex -22.3677 33.1615 4.5
    endloop
  endfacet
  facet normal -0.573563 0.819161 0
    outer loop
      vertex -23.5114 32.3607 4.5
      vertex -22.3677 33.1615 0
      vertex -23.5114 32.3607 0
    endloop
  endfacet
  facet normal -0.0522852 0.998632 0
    outer loop
      vertex -1.39598 39.9756 0
      vertex -2.79026 39.9026 4.5
      vertex -1.39598 39.9756 4.5
    endloop
  endfacet
  facet normal -0.0522852 0.998632 0
    outer loop
      vertex -2.79026 39.9026 4.5
      vertex -1.39598 39.9756 0
      vertex -2.79026 39.9026 0
    endloop
  endfacet
  facet normal 0.292364 0.956307 -0
    outer loop
      vertex 12.3607 38.0423 0
      vertex 11.0255 38.4505 4.5
      vertex 12.3607 38.0423 4.5
    endloop
  endfacet
  facet normal 0.292364 0.956307 0
    outer loop
      vertex 11.0255 38.4505 4.5
      vertex 12.3607 38.0423 0
      vertex 11.0255 38.4505 0
    endloop
  endfacet
  facet normal -0.422607 -0.906313 0
    outer loop
      vertex -17.5348 -35.9518 0
      vertex -16.2695 -36.5418 4.5
      vertex -17.5348 -35.9518 4.5
    endloop
  endfacet
  facet normal -0.422607 -0.906313 -0
    outer loop
      vertex -16.2695 -36.5418 4.5
      vertex -17.5348 -35.9518 0
      vertex -16.2695 -36.5418 0
    endloop
  endfacet
  facet normal -0.390771 -0.920488 0
    outer loop
      vertex -16.2695 -36.5418 0
      vertex -14.9843 -37.0874 4.5
      vertex -16.2695 -36.5418 4.5
    endloop
  endfacet
  facet normal -0.390771 -0.920488 -0
    outer loop
      vertex -14.9843 -37.0874 4.5
      vertex -16.2695 -36.5418 0
      vertex -14.9843 -37.0874 0
    endloop
  endfacet
  facet normal -0.544643 -0.838668 0
    outer loop
      vertex -22.3677 -33.1615 0
      vertex -21.1968 -33.9219 4.5
      vertex -22.3677 -33.1615 4.5
    endloop
  endfacet
  facet normal -0.544643 -0.838668 -0
    outer loop
      vertex -21.1968 -33.9219 4.5
      vertex -22.3677 -33.1615 0
      vertex -21.1968 -33.9219 0
    endloop
  endfacet
  facet normal -0.60182 -0.798631 0
    outer loop
      vertex -24.6265 -31.5204 0
      vertex -23.5114 -32.3607 4.5
      vertex -24.6265 -31.5204 4.5
    endloop
  endfacet
  facet normal -0.60182 -0.798631 -0
    outer loop
      vertex -23.5114 -32.3607 4.5
      vertex -24.6265 -31.5204 0
      vertex -23.5114 -32.3607 0
    endloop
  endfacet
  facet normal -0.798631 -0.60182 0
    outer loop
      vertex -31.5204 -24.6265 0
      vertex -32.3607 -23.5114 4.5
      vertex -32.3607 -23.5114 0
    endloop
  endfacet
  facet normal -0.798631 -0.60182 0
    outer loop
      vertex -32.3607 -23.5114 4.5
      vertex -31.5204 -24.6265 0
      vertex -31.5204 -24.6265 4.5
    endloop
  endfacet
  facet normal -0.777151 -0.629314 0
    outer loop
      vertex -30.6418 -25.7115 0
      vertex -31.5204 -24.6265 4.5
      vertex -31.5204 -24.6265 0
    endloop
  endfacet
  facet normal -0.777151 -0.629314 0
    outer loop
      vertex -31.5204 -24.6265 4.5
      vertex -30.6418 -25.7115 0
      vertex -30.6418 -25.7115 4.5
    endloop
  endfacet
  facet normal 0.777151 -0.629314 0
    outer loop
      vertex 30.6418 -25.7115 4.5
      vertex 31.5204 -24.6265 0
      vertex 31.5204 -24.6265 4.5
    endloop
  endfacet
  facet normal 0.777151 -0.629314 0
    outer loop
      vertex 31.5204 -24.6265 0
      vertex 30.6418 -25.7115 4.5
      vertex 30.6418 -25.7115 0
    endloop
  endfacet
  facet normal -0.656072 0.754698 0
    outer loop
      vertex -25.7115 30.6418 0
      vertex -26.7652 29.7258 4.5
      vertex -25.7115 30.6418 4.5
    endloop
  endfacet
  facet normal -0.656072 0.754698 0
    outer loop
      vertex -26.7652 29.7258 4.5
      vertex -25.7115 30.6418 0
      vertex -26.7652 29.7258 0
    endloop
  endfacet
  facet normal -0.998628 0.0523646 0
    outer loop
      vertex 35.9123 -2.51123 1.8
      vertex 35.9781 -1.25638 4.5
      vertex 35.9781 -1.25638 1.8
    endloop
  endfacet
  facet normal -0.998628 0.0523646 0
    outer loop
      vertex 35.9781 -1.25638 4.5
      vertex 35.9123 -2.51123 1.8
      vertex 35.9123 -2.51123 4.5
    endloop
  endfacet
  facet normal -0.999848 0.0174284 0
    outer loop
      vertex 35.9781 -1.25638 1.8
      vertex 36 0 4.5
      vertex 36 0 1.8
    endloop
  endfacet
  facet normal -0.999848 0.0174284 0
    outer loop
      vertex 36 0 4.5
      vertex 35.9781 -1.25638 1.8
      vertex 35.9781 -1.25638 4.5
    endloop
  endfacet
  facet normal 0.682006 -0.731346 0
    outer loop
      vertex -25.0077 25.8962 1.8
      vertex -24.0887 26.7532 4.5
      vertex -25.0077 25.8962 4.5
    endloop
  endfacet
  facet normal 0.682006 -0.731346 0
    outer loop
      vertex -24.0887 26.7532 4.5
      vertex -25.0077 25.8962 1.8
      vertex -24.0887 26.7532 1.8
    endloop
  endfacet
  facet normal 0.0523646 0.998628 -0
    outer loop
      vertex -1.25638 -35.9781 1.8
      vertex -2.51123 -35.9123 4.5
      vertex -1.25638 -35.9781 4.5
    endloop
  endfacet
  facet normal 0.0523646 0.998628 0
    outer loop
      vertex -2.51123 -35.9123 4.5
      vertex -1.25638 -35.9781 1.8
      vertex -2.51123 -35.9123 1.8
    endloop
  endfacet
  facet normal -0.906331 0.422567 0
    outer loop
      vertex 32.3566 -15.7814 1.8
      vertex 32.8876 -14.6425 4.5
      vertex 32.8876 -14.6425 1.8
    endloop
  endfacet
  facet normal -0.906331 0.422567 0
    outer loop
      vertex 32.8876 -14.6425 4.5
      vertex 32.3566 -15.7814 1.8
      vertex 32.3566 -15.7814 4.5
    endloop
  endfacet
  facet normal -0.707107 -0.707107 0
    outer loop
      vertex 25.8962 25.0077 1.8
      vertex 25.0077 25.8962 4.5
      vertex 25.0077 25.8962 1.8
    endloop
  endfacet
  facet normal -0.707107 -0.707107 0
    outer loop
      vertex 25.0077 25.8962 4.5
      vertex 25.8962 25.0077 1.8
      vertex 25.8962 25.0077 4.5
    endloop
  endfacet
  facet normal 0.390738 0.920502 -0
    outer loop
      vertex -13.4858 -33.3786 1.8
      vertex -14.6425 -32.8876 4.5
      vertex -13.4858 -33.3786 4.5
    endloop
  endfacet
  facet normal 0.390738 0.920502 0
    outer loop
      vertex -14.6425 -32.8876 4.5
      vertex -13.4858 -33.3786 1.8
      vertex -14.6425 -32.8876 1.8
    endloop
  endfacet
  facet normal 0.544613 0.838687 -0
    outer loop
      vertex -19.0771 -30.5297 1.8
      vertex -20.1309 -29.8454 4.5
      vertex -19.0771 -30.5297 4.5
    endloop
  endfacet
  facet normal 0.544613 0.838687 0
    outer loop
      vertex -20.1309 -29.8454 4.5
      vertex -19.0771 -30.5297 1.8
      vertex -20.1309 -29.8454 1.8
    endloop
  endfacet
  facet normal 0.731346 0.682006 0
    outer loop
      vertex -25.8962 -25.0077 4.5
      vertex -26.7532 -24.0887 1.8
      vertex -26.7532 -24.0887 4.5
    endloop
  endfacet
  facet normal 0.731346 0.682006 0
    outer loop
      vertex -26.7532 -24.0887 1.8
      vertex -25.8962 -25.0077 4.5
      vertex -25.8962 -25.0077 1.8
    endloop
  endfacet
  facet normal 0.754688 0.656084 0
    outer loop
      vertex -26.7532 -24.0887 4.5
      vertex -27.5776 -23.1404 1.8
      vertex -27.5776 -23.1404 4.5
    endloop
  endfacet
  facet normal 0.754688 0.656084 0
    outer loop
      vertex -27.5776 -23.1404 1.8
      vertex -26.7532 -24.0887 4.5
      vertex -26.7532 -24.0887 1.8
    endloop
  endfacet
  facet normal 0.920502 0.390738 0
    outer loop
      vertex -32.8876 -14.6425 4.5
      vertex -33.3786 -13.4858 1.8
      vertex -33.3786 -13.4858 4.5
    endloop
  endfacet
  facet normal 0.920502 0.390738 0
    outer loop
      vertex -33.3786 -13.4858 1.8
      vertex -32.8876 -14.6425 4.5
      vertex -32.8876 -14.6425 1.8
    endloop
  endfacet
  facet normal -0.35836 0.933583 0
    outer loop
      vertex 13.4858 -33.3786 1.8
      vertex 12.3127 -33.8289 4.5
      vertex 13.4858 -33.3786 4.5
    endloop
  endfacet
  facet normal -0.35836 0.933583 0
    outer loop
      vertex 12.3127 -33.8289 4.5
      vertex 13.4858 -33.3786 1.8
      vertex 12.3127 -33.8289 1.8
    endloop
  endfacet
  facet normal 0.81915 -0.57358 0
    outer loop
      vertex -29.8454 20.1309 4.5
      vertex -29.1246 21.1603 1.8
      vertex -29.1246 21.1603 4.5
    endloop
  endfacet
  facet normal 0.81915 -0.57358 0
    outer loop
      vertex -29.1246 21.1603 1.8
      vertex -29.8454 20.1309 4.5
      vertex -29.8454 20.1309 1.8
    endloop
  endfacet
  facet normal 0.0174284 -0.999848 0
    outer loop
      vertex -1.25638 35.9781 1.8
      vertex 0 36 4.5
      vertex -1.25638 35.9781 4.5
    endloop
  endfacet
  facet normal 0.0174284 -0.999848 0
    outer loop
      vertex 0 36 4.5
      vertex -1.25638 35.9781 1.8
      vertex 0 36 1.8
    endloop
  endfacet
  facet normal -0.999848 -0.0174284 0
    outer loop
      vertex 36 0 1.8
      vertex 35.9781 1.25638 4.5
      vertex 35.9781 1.25638 1.8
    endloop
  endfacet
  facet normal -0.999848 -0.0174284 0
    outer loop
      vertex 35.9781 1.25638 4.5
      vertex 36 0 1.8
      vertex 36 0 4.5
    endloop
  endfacet
  facet normal -0.0523646 -0.998628 0
    outer loop
      vertex 1.25638 35.9781 1.8
      vertex 2.51123 35.9123 4.5
      vertex 1.25638 35.9781 4.5
    endloop
  endfacet
  facet normal -0.0523646 -0.998628 -0
    outer loop
      vertex 2.51123 35.9123 4.5
      vertex 1.25638 35.9781 1.8
      vertex 2.51123 35.9123 1.8
    endloop
  endfacet
  facet normal -0.422567 -0.906331 0
    outer loop
      vertex 14.6425 32.8876 1.8
      vertex 15.7814 32.3566 4.5
      vertex 14.6425 32.8876 4.5
    endloop
  endfacet
  facet normal -0.422567 -0.906331 -0
    outer loop
      vertex 15.7814 32.3566 4.5
      vertex 14.6425 32.8876 1.8
      vertex 15.7814 32.3566 1.8
    endloop
  endfacet
  facet normal 0.224975 0.974364 -0
    outer loop
      vertex -7.48482 -35.2133 1.8
      vertex -8.70919 -34.9306 4.5
      vertex -7.48482 -35.2133 4.5
    endloop
  endfacet
  facet normal 0.224975 0.974364 0
    outer loop
      vertex -8.70919 -34.9306 4.5
      vertex -7.48482 -35.2133 1.8
      vertex -8.70919 -34.9306 1.8
    endloop
  endfacet
  facet normal 0.629304 0.77716 -0
    outer loop
      vertex -22.1638 -28.3684 1.8
      vertex -23.1404 -27.5776 4.5
      vertex -22.1638 -28.3684 4.5
    endloop
  endfacet
  facet normal 0.629304 0.77716 0
    outer loop
      vertex -23.1404 -27.5776 4.5
      vertex -22.1638 -28.3684 1.8
      vertex -23.1404 -27.5776 1.8
    endloop
  endfacet
  facet normal 0.422567 0.906331 -0
    outer loop
      vertex -14.6425 -32.8876 1.8
      vertex -15.7814 -32.3566 4.5
      vertex -14.6425 -32.8876 4.5
    endloop
  endfacet
  facet normal 0.422567 0.906331 0
    outer loop
      vertex -15.7814 -32.3566 4.5
      vertex -14.6425 -32.8876 1.8
      vertex -15.7814 -32.3566 1.8
    endloop
  endfacet
  facet normal 0.77716 0.629304 0
    outer loop
      vertex -27.5776 -23.1404 4.5
      vertex -28.3684 -22.1638 1.8
      vertex -28.3684 -22.1638 4.5
    endloop
  endfacet
  facet normal 0.77716 0.629304 0
    outer loop
      vertex -28.3684 -22.1638 1.8
      vertex -27.5776 -23.1404 4.5
      vertex -27.5776 -23.1404 1.8
    endloop
  endfacet
  facet normal 0.996196 0.087142 0
    outer loop
      vertex -35.8028 -3.76302 4.5
      vertex -35.9123 -2.51123 1.8
      vertex -35.9123 -2.51123 4.5
    endloop
  endfacet
  facet normal 0.996196 0.087142 0
    outer loop
      vertex -35.9123 -2.51123 1.8
      vertex -35.8028 -3.76302 4.5
      vertex -35.8028 -3.76302 1.8
    endloop
  endfacet
  facet normal 0.956301 0.292383 0
    outer loop
      vertex -34.238 -11.1246 4.5
      vertex -34.6054 -9.92294 1.8
      vertex -34.6054 -9.92294 4.5
    endloop
  endfacet
  facet normal 0.956301 0.292383 0
    outer loop
      vertex -34.6054 -9.92294 1.8
      vertex -34.238 -11.1246 4.5
      vertex -34.238 -11.1246 1.8
    endloop
  endfacet
  facet normal 0.96593 0.258802 0
    outer loop
      vertex -34.6054 -9.92294 4.5
      vertex -34.9306 -8.70919 1.8
      vertex -34.9306 -8.70919 4.5
    endloop
  endfacet
  facet normal 0.96593 0.258802 0
    outer loop
      vertex -34.9306 -8.70919 1.8
      vertex -34.6054 -9.92294 4.5
      vertex -34.6054 -9.92294 1.8
    endloop
  endfacet
  facet normal -0.857163 0.515046 0
    outer loop
      vertex 30.5297 -19.0771 1.8
      vertex 31.1769 -18 4.5
      vertex 31.1769 -18 1.8
    endloop
  endfacet
  facet normal -0.857163 0.515046 0
    outer loop
      vertex 31.1769 -18 4.5
      vertex 30.5297 -19.0771 1.8
      vertex 30.5297 -19.0771 4.5
    endloop
  endfacet
  facet normal -0.874615 0.484818 0
    outer loop
      vertex 31.1769 -18 1.8
      vertex 31.7861 -16.901 4.5
      vertex 31.7861 -16.901 1.8
    endloop
  endfacet
  facet normal -0.874615 0.484818 0
    outer loop
      vertex 31.7861 -16.901 4.5
      vertex 31.1769 -18 1.8
      vertex 31.1769 -18 4.5
    endloop
  endfacet
  facet normal -0.707107 0.707107 0
    outer loop
      vertex 25.0077 -25.8962 1.8
      vertex 25.8962 -25.0077 4.5
      vertex 25.8962 -25.0077 1.8
    endloop
  endfacet
  facet normal -0.707107 0.707107 0
    outer loop
      vertex 25.8962 -25.0077 4.5
      vertex 25.0077 -25.8962 1.8
      vertex 25.0077 -25.8962 4.5
    endloop
  endfacet
  facet normal -0.544613 0.838687 0
    outer loop
      vertex 20.1309 -29.8454 1.8
      vertex 19.0771 -30.5297 4.5
      vertex 20.1309 -29.8454 4.5
    endloop
  endfacet
  facet normal -0.544613 0.838687 0
    outer loop
      vertex 19.0771 -30.5297 4.5
      vertex 20.1309 -29.8454 1.8
      vertex 19.0771 -30.5297 1.8
    endloop
  endfacet
  facet normal -0.0523646 0.998628 0
    outer loop
      vertex 2.51123 -35.9123 1.8
      vertex 1.25638 -35.9781 4.5
      vertex 2.51123 -35.9123 4.5
    endloop
  endfacet
  facet normal -0.0523646 0.998628 0
    outer loop
      vertex 1.25638 -35.9781 4.5
      vertex 2.51123 -35.9123 1.8
      vertex 1.25638 -35.9781 1.8
    endloop
  endfacet
  facet normal 0.838687 -0.544613 0
    outer loop
      vertex -30.5297 19.0771 4.5
      vertex -29.8454 20.1309 1.8
      vertex -29.8454 20.1309 4.5
    endloop
  endfacet
  facet normal 0.838687 -0.544613 0
    outer loop
      vertex -29.8454 20.1309 1.8
      vertex -30.5297 19.0771 4.5
      vertex -30.5297 19.0771 1.8
    endloop
  endfacet
  facet normal 0.99255 -0.121839 0
    outer loop
      vertex -35.8028 3.76302 4.5
      vertex -35.6497 5.01023 1.8
      vertex -35.6497 5.01023 4.5
    endloop
  endfacet
  facet normal 0.99255 -0.121839 0
    outer loop
      vertex -35.6497 5.01023 1.8
      vertex -35.8028 3.76302 4.5
      vertex -35.8028 3.76302 1.8
    endloop
  endfacet
  facet normal 0.96593 -0.258802 0
    outer loop
      vertex -34.9306 8.70919 4.5
      vertex -34.6054 9.92294 1.8
      vertex -34.6054 9.92294 4.5
    endloop
  endfacet
  facet normal 0.96593 -0.258802 0
    outer loop
      vertex -34.6054 9.92294 1.8
      vertex -34.9306 8.70919 4.5
      vertex -34.9306 8.70919 1.8
    endloop
  endfacet
  facet normal 0.57358 -0.81915 0
    outer loop
      vertex -21.1603 29.1246 1.8
      vertex -20.1309 29.8454 4.5
      vertex -21.1603 29.1246 4.5
    endloop
  endfacet
  facet normal 0.57358 -0.81915 0
    outer loop
      vertex -20.1309 29.8454 4.5
      vertex -21.1603 29.1246 1.8
      vertex -20.1309 29.8454 1.8
    endloop
  endfacet
  facet normal 0.629304 -0.77716 0
    outer loop
      vertex -23.1404 27.5776 1.8
      vertex -22.1638 28.3684 4.5
      vertex -23.1404 27.5776 4.5
    endloop
  endfacet
  facet normal 0.629304 -0.77716 0
    outer loop
      vertex -22.1638 28.3684 4.5
      vertex -23.1404 27.5776 1.8
      vertex -22.1638 28.3684 1.8
    endloop
  endfacet
  facet normal 0.390738 -0.920502 0
    outer loop
      vertex -14.6425 32.8876 1.8
      vertex -13.4858 33.3786 4.5
      vertex -14.6425 32.8876 4.5
    endloop
  endfacet
  facet normal 0.390738 -0.920502 0
    outer loop
      vertex -13.4858 33.3786 4.5
      vertex -14.6425 32.8876 1.8
      vertex -13.4858 33.3786 1.8
    endloop
  endfacet
  facet normal 0.35836 -0.933583 0
    outer loop
      vertex -13.4858 33.3786 1.8
      vertex -12.3127 33.8289 4.5
      vertex -13.4858 33.3786 4.5
    endloop
  endfacet
  facet normal 0.35836 -0.933583 0
    outer loop
      vertex -12.3127 33.8289 4.5
      vertex -13.4858 33.3786 1.8
      vertex -12.3127 33.8289 1.8
    endloop
  endfacet
  facet normal 0.190835 -0.981622 0
    outer loop
      vertex -7.48482 35.2133 1.8
      vertex -6.25133 35.4531 4.5
      vertex -7.48482 35.2133 4.5
    endloop
  endfacet
  facet normal 0.190835 -0.981622 0
    outer loop
      vertex -6.25133 35.4531 4.5
      vertex -7.48482 35.2133 1.8
      vertex -6.25133 35.4531 1.8
    endloop
  endfacet
  facet normal 0.156457 -0.987685 0
    outer loop
      vertex -6.25133 35.4531 1.8
      vertex -5.01023 35.6497 4.5
      vertex -6.25133 35.4531 4.5
    endloop
  endfacet
  facet normal 0.156457 -0.987685 0
    outer loop
      vertex -5.01023 35.6497 4.5
      vertex -6.25133 35.4531 1.8
      vertex -5.01023 35.6497 1.8
    endloop
  endfacet
  facet normal 0.292383 -0.956301 0
    outer loop
      vertex -11.1246 34.238 1.8
      vertex -9.92294 34.6054 4.5
      vertex -11.1246 34.238 4.5
    endloop
  endfacet
  facet normal 0.292383 -0.956301 0
    outer loop
      vertex -9.92294 34.6054 4.5
      vertex -11.1246 34.238 1.8
      vertex -9.92294 34.6054 1.8
    endloop
  endfacet
  facet normal -0.121839 -0.99255 0
    outer loop
      vertex 3.76302 35.8028 1.8
      vertex 5.01023 35.6497 4.5
      vertex 3.76302 35.8028 4.5
    endloop
  endfacet
  facet normal -0.121839 -0.99255 -0
    outer loop
      vertex 5.01023 35.6497 4.5
      vertex 3.76302 35.8028 1.8
      vertex 5.01023 35.6497 1.8
    endloop
  endfacet
  facet normal -0.0174284 -0.999848 0
    outer loop
      vertex 0 36 1.8
      vertex 1.25638 35.9781 4.5
      vertex 0 36 4.5
    endloop
  endfacet
  facet normal -0.0174284 -0.999848 -0
    outer loop
      vertex 1.25638 35.9781 4.5
      vertex 0 36 1.8
      vertex 1.25638 35.9781 1.8
    endloop
  endfacet
  facet normal -0.981622 -0.190835 0
    outer loop
      vertex 35.4531 6.25133 1.8
      vertex 35.2133 7.48482 4.5
      vertex 35.2133 7.48482 1.8
    endloop
  endfacet
  facet normal -0.981622 -0.190835 0
    outer loop
      vertex 35.2133 7.48482 4.5
      vertex 35.4531 6.25133 1.8
      vertex 35.4531 6.25133 4.5
    endloop
  endfacet
  facet normal -0.987685 -0.156457 0
    outer loop
      vertex 35.6497 5.01023 1.8
      vertex 35.4531 6.25133 4.5
      vertex 35.4531 6.25133 1.8
    endloop
  endfacet
  facet normal -0.987685 -0.156457 0
    outer loop
      vertex 35.4531 6.25133 4.5
      vertex 35.6497 5.01023 1.8
      vertex 35.6497 5.01023 4.5
    endloop
  endfacet
  facet normal -0.956301 -0.292383 0
    outer loop
      vertex 34.6054 9.92294 1.8
      vertex 34.238 11.1246 4.5
      vertex 34.238 11.1246 1.8
    endloop
  endfacet
  facet normal -0.956301 -0.292383 0
    outer loop
      vertex 34.238 11.1246 4.5
      vertex 34.6054 9.92294 1.8
      vertex 34.6054 9.92294 4.5
    endloop
  endfacet
  facet normal -0.325571 -0.945518 0
    outer loop
      vertex 11.1246 34.238 1.8
      vertex 12.3127 33.8289 4.5
      vertex 11.1246 34.238 4.5
    endloop
  endfacet
  facet normal -0.325571 -0.945518 -0
    outer loop
      vertex 12.3127 33.8289 4.5
      vertex 11.1246 34.238 1.8
      vertex 12.3127 33.8289 1.8
    endloop
  endfacet
  facet normal -0.292383 -0.956301 0
    outer loop
      vertex 9.92294 34.6054 1.8
      vertex 11.1246 34.238 4.5
      vertex 9.92294 34.6054 4.5
    endloop
  endfacet
  facet normal -0.292383 -0.956301 -0
    outer loop
      vertex 11.1246 34.238 4.5
      vertex 9.92294 34.6054 1.8
      vertex 11.1246 34.238 1.8
    endloop
  endfacet
  facet normal -0.224975 -0.974364 0
    outer loop
      vertex 7.48482 35.2133 1.8
      vertex 8.70919 34.9306 4.5
      vertex 7.48482 35.2133 4.5
    endloop
  endfacet
  facet normal -0.224975 -0.974364 -0
    outer loop
      vertex 8.70919 34.9306 4.5
      vertex 7.48482 35.2133 1.8
      vertex 8.70919 34.9306 1.8
    endloop
  endfacet
  facet normal -0.629304 -0.77716 0
    outer loop
      vertex 22.1638 28.3684 1.8
      vertex 23.1404 27.5776 4.5
      vertex 22.1638 28.3684 4.5
    endloop
  endfacet
  facet normal -0.629304 -0.77716 -0
    outer loop
      vertex 23.1404 27.5776 4.5
      vertex 22.1638 28.3684 1.8
      vertex 23.1404 27.5776 1.8
    endloop
  endfacet
  facet normal -0.656084 -0.754688 0
    outer loop
      vertex 23.1404 27.5776 1.8
      vertex 24.0887 26.7532 4.5
      vertex 23.1404 27.5776 4.5
    endloop
  endfacet
  facet normal -0.656084 -0.754688 -0
    outer loop
      vertex 24.0887 26.7532 4.5
      vertex 23.1404 27.5776 1.8
      vertex 24.0887 26.7532 1.8
    endloop
  endfacet
  facet normal -0.484818 -0.874615 0
    outer loop
      vertex 16.901 31.7861 1.8
      vertex 18 31.1769 4.5
      vertex 16.901 31.7861 4.5
    endloop
  endfacet
  facet normal -0.484818 -0.874615 -0
    outer loop
      vertex 18 31.1769 4.5
      vertex 16.901 31.7861 1.8
      vertex 18 31.1769 1.8
    endloop
  endfacet
  facet normal -0.515046 -0.857163 0
    outer loop
      vertex 18 31.1769 1.8
      vertex 19.0771 30.5297 4.5
      vertex 18 31.1769 4.5
    endloop
  endfacet
  facet normal -0.515046 -0.857163 -0
    outer loop
      vertex 19.0771 30.5297 4.5
      vertex 18 31.1769 1.8
      vertex 19.0771 30.5297 1.8
    endloop
  endfacet
  facet normal -0.390738 -0.920502 0
    outer loop
      vertex 13.4858 33.3786 1.8
      vertex 14.6425 32.8876 4.5
      vertex 13.4858 33.3786 4.5
    endloop
  endfacet
  facet normal -0.390738 -0.920502 -0
    outer loop
      vertex 14.6425 32.8876 4.5
      vertex 13.4858 33.3786 1.8
      vertex 14.6425 32.8876 1.8
    endloop
  endfacet
  facet normal -0.857163 -0.515046 0
    outer loop
      vertex 31.1769 18 1.8
      vertex 30.5297 19.0771 4.5
      vertex 30.5297 19.0771 1.8
    endloop
  endfacet
  facet normal -0.857163 -0.515046 0
    outer loop
      vertex 30.5297 19.0771 4.5
      vertex 31.1769 18 1.8
      vertex 31.1769 18 4.5
    endloop
  endfacet
  facet normal -0.838687 -0.544613 0
    outer loop
      vertex 30.5297 19.0771 1.8
      vertex 29.8454 20.1309 4.5
      vertex 29.8454 20.1309 1.8
    endloop
  endfacet
  facet normal -0.838687 -0.544613 0
    outer loop
      vertex 29.8454 20.1309 4.5
      vertex 30.5297 19.0771 1.8
      vertex 30.5297 19.0771 4.5
    endloop
  endfacet
  facet normal -0.77716 -0.629304 0
    outer loop
      vertex 28.3684 22.1638 1.8
      vertex 27.5776 23.1404 4.5
      vertex 27.5776 23.1404 1.8
    endloop
  endfacet
  facet normal -0.77716 -0.629304 0
    outer loop
      vertex 27.5776 23.1404 4.5
      vertex 28.3684 22.1638 1.8
      vertex 28.3684 22.1638 4.5
    endloop
  endfacet
  facet normal -0.798632 -0.601819 0
    outer loop
      vertex 29.1246 21.1603 1.8
      vertex 28.3684 22.1638 4.5
      vertex 28.3684 22.1638 1.8
    endloop
  endfacet
  facet normal -0.798632 -0.601819 0
    outer loop
      vertex 28.3684 22.1638 4.5
      vertex 29.1246 21.1603 1.8
      vertex 29.1246 21.1603 4.5
    endloop
  endfacet
  facet normal 0.121839 0.99255 -0
    outer loop
      vertex -3.76302 -35.8028 1.8
      vertex -5.01023 -35.6497 4.5
      vertex -3.76302 -35.8028 4.5
    endloop
  endfacet
  facet normal 0.121839 0.99255 0
    outer loop
      vertex -5.01023 -35.6497 4.5
      vertex -3.76302 -35.8028 1.8
      vertex -5.01023 -35.6497 1.8
    endloop
  endfacet
  facet normal 0.156457 0.987685 -0
    outer loop
      vertex -5.01023 -35.6497 1.8
      vertex -6.25133 -35.4531 4.5
      vertex -5.01023 -35.6497 4.5
    endloop
  endfacet
  facet normal 0.156457 0.987685 0
    outer loop
      vertex -6.25133 -35.4531 4.5
      vertex -5.01023 -35.6497 1.8
      vertex -6.25133 -35.4531 1.8
    endloop
  endfacet
  facet normal 0.292383 0.956301 -0
    outer loop
      vertex -9.92294 -34.6054 1.8
      vertex -11.1246 -34.238 4.5
      vertex -9.92294 -34.6054 4.5
    endloop
  endfacet
  facet normal 0.292383 0.956301 0
    outer loop
      vertex -11.1246 -34.238 4.5
      vertex -9.92294 -34.6054 1.8
      vertex -11.1246 -34.238 1.8
    endloop
  endfacet
  facet normal 0.325571 0.945518 -0
    outer loop
      vertex -11.1246 -34.238 1.8
      vertex -12.3127 -33.8289 4.5
      vertex -11.1246 -34.238 4.5
    endloop
  endfacet
  facet normal 0.325571 0.945518 0
    outer loop
      vertex -12.3127 -33.8289 4.5
      vertex -11.1246 -34.238 1.8
      vertex -12.3127 -33.8289 1.8
    endloop
  endfacet
  facet normal 0.258802 0.96593 -0
    outer loop
      vertex -8.70919 -34.9306 1.8
      vertex -9.92294 -34.6054 4.5
      vertex -8.70919 -34.9306 4.5
    endloop
  endfacet
  facet normal 0.258802 0.96593 0
    outer loop
      vertex -9.92294 -34.6054 4.5
      vertex -8.70919 -34.9306 1.8
      vertex -9.92294 -34.6054 1.8
    endloop
  endfacet
  facet normal 0.707107 0.707107 0
    outer loop
      vertex -25.0077 -25.8962 4.5
      vertex -25.8962 -25.0077 1.8
      vertex -25.8962 -25.0077 4.5
    endloop
  endfacet
  facet normal 0.707107 0.707107 0
    outer loop
      vertex -25.8962 -25.0077 1.8
      vertex -25.0077 -25.8962 4.5
      vertex -25.0077 -25.8962 1.8
    endloop
  endfacet
  facet normal 0.515046 0.857163 -0
    outer loop
      vertex -18 -31.1769 1.8
      vertex -19.0771 -30.5297 4.5
      vertex -18 -31.1769 4.5
    endloop
  endfacet
  facet normal 0.515046 0.857163 0
    outer loop
      vertex -19.0771 -30.5297 4.5
      vertex -18 -31.1769 1.8
      vertex -19.0771 -30.5297 1.8
    endloop
  endfacet
  facet normal 0.998628 0.0523646 0
    outer loop
      vertex -35.9123 -2.51123 4.5
      vertex -35.9781 -1.25638 1.8
      vertex -35.9781 -1.25638 4.5
    endloop
  endfacet
  facet normal 0.998628 0.0523646 0
    outer loop
      vertex -35.9781 -1.25638 1.8
      vertex -35.9123 -2.51123 4.5
      vertex -35.9123 -2.51123 1.8
    endloop
  endfacet
  facet normal 0.857163 0.515046 0
    outer loop
      vertex -30.5297 -19.0771 4.5
      vertex -31.1769 -18 1.8
      vertex -31.1769 -18 4.5
    endloop
  endfacet
  facet normal 0.857163 0.515046 0
    outer loop
      vertex -31.1769 -18 1.8
      vertex -30.5297 -19.0771 4.5
      vertex -30.5297 -19.0771 1.8
    endloop
  endfacet
  facet normal 0.906331 0.422567 0
    outer loop
      vertex -32.3566 -15.7814 4.5
      vertex -32.8876 -14.6425 1.8
      vertex -32.8876 -14.6425 4.5
    endloop
  endfacet
  facet normal 0.906331 0.422567 0
    outer loop
      vertex -32.8876 -14.6425 1.8
      vertex -32.3566 -15.7814 4.5
      vertex -32.3566 -15.7814 1.8
    endloop
  endfacet
  facet normal 0.874615 0.484818 0
    outer loop
      vertex -31.1769 -18 4.5
      vertex -31.7861 -16.901 1.8
      vertex -31.7861 -16.901 4.5
    endloop
  endfacet
  facet normal 0.874615 0.484818 0
    outer loop
      vertex -31.7861 -16.901 1.8
      vertex -31.1769 -18 4.5
      vertex -31.1769 -18 1.8
    endloop
  endfacet
  facet normal -0.81915 0.57358 0
    outer loop
      vertex 29.1246 -21.1603 1.8
      vertex 29.8454 -20.1309 4.5
      vertex 29.8454 -20.1309 1.8
    endloop
  endfacet
  facet normal -0.81915 0.57358 0
    outer loop
      vertex 29.8454 -20.1309 4.5
      vertex 29.1246 -21.1603 1.8
      vertex 29.1246 -21.1603 4.5
    endloop
  endfacet
  facet normal -0.754688 0.656084 0
    outer loop
      vertex 26.7532 -24.0887 1.8
      vertex 27.5776 -23.1404 4.5
      vertex 27.5776 -23.1404 1.8
    endloop
  endfacet
  facet normal -0.754688 0.656084 0
    outer loop
      vertex 27.5776 -23.1404 4.5
      vertex 26.7532 -24.0887 1.8
      vertex 26.7532 -24.0887 4.5
    endloop
  endfacet
  facet normal -0.945518 0.325571 0
    outer loop
      vertex 33.8289 -12.3127 1.8
      vertex 34.238 -11.1246 4.5
      vertex 34.238 -11.1246 1.8
    endloop
  endfacet
  facet normal -0.945518 0.325571 0
    outer loop
      vertex 34.238 -11.1246 4.5
      vertex 33.8289 -12.3127 1.8
      vertex 33.8289 -12.3127 4.5
    endloop
  endfacet
  facet normal -0.920502 0.390738 0
    outer loop
      vertex 32.8876 -14.6425 1.8
      vertex 33.3786 -13.4858 4.5
      vertex 33.3786 -13.4858 1.8
    endloop
  endfacet
  facet normal -0.920502 0.390738 0
    outer loop
      vertex 33.3786 -13.4858 4.5
      vertex 32.8876 -14.6425 1.8
      vertex 32.8876 -14.6425 4.5
    endloop
  endfacet
  facet normal -0.974364 0.224975 0
    outer loop
      vertex 34.9306 -8.70919 1.8
      vertex 35.2133 -7.48482 4.5
      vertex 35.2133 -7.48482 1.8
    endloop
  endfacet
  facet normal -0.974364 0.224975 0
    outer loop
      vertex 35.2133 -7.48482 4.5
      vertex 34.9306 -8.70919 1.8
      vertex 34.9306 -8.70919 4.5
    endloop
  endfacet
  facet normal -0.996196 0.087142 0
    outer loop
      vertex 35.8028 -3.76302 1.8
      vertex 35.9123 -2.51123 4.5
      vertex 35.9123 -2.51123 1.8
    endloop
  endfacet
  facet normal -0.996196 0.087142 0
    outer loop
      vertex 35.9123 -2.51123 4.5
      vertex 35.8028 -3.76302 1.8
      vertex 35.8028 -3.76302 4.5
    endloop
  endfacet
  facet normal -0.981622 0.190835 0
    outer loop
      vertex 35.2133 -7.48482 1.8
      vertex 35.4531 -6.25133 4.5
      vertex 35.4531 -6.25133 1.8
    endloop
  endfacet
  facet normal -0.981622 0.190835 0
    outer loop
      vertex 35.4531 -6.25133 4.5
      vertex 35.2133 -7.48482 1.8
      vertex 35.2133 -7.48482 4.5
    endloop
  endfacet
  facet normal -0.99255 0.121839 0
    outer loop
      vertex 35.6497 -5.01023 1.8
      vertex 35.8028 -3.76302 4.5
      vertex 35.8028 -3.76302 1.8
    endloop
  endfacet
  facet normal -0.99255 0.121839 0
    outer loop
      vertex 35.8028 -3.76302 4.5
      vertex 35.6497 -5.01023 1.8
      vertex 35.6497 -5.01023 4.5
    endloop
  endfacet
  facet normal -0.422567 0.906331 0
    outer loop
      vertex 15.7814 -32.3566 1.8
      vertex 14.6425 -32.8876 4.5
      vertex 15.7814 -32.3566 4.5
    endloop
  endfacet
  facet normal -0.422567 0.906331 0
    outer loop
      vertex 14.6425 -32.8876 4.5
      vertex 15.7814 -32.3566 1.8
      vertex 14.6425 -32.8876 1.8
    endloop
  endfacet
  facet normal -0.656084 0.754688 0
    outer loop
      vertex 24.0887 -26.7532 1.8
      vertex 23.1404 -27.5776 4.5
      vertex 24.0887 -26.7532 4.5
    endloop
  endfacet
  facet normal -0.656084 0.754688 0
    outer loop
      vertex 23.1404 -27.5776 4.5
      vertex 24.0887 -26.7532 1.8
      vertex 23.1404 -27.5776 1.8
    endloop
  endfacet
  facet normal -0.57358 0.81915 0
    outer loop
      vertex 21.1603 -29.1246 1.8
      vertex 20.1309 -29.8454 4.5
      vertex 21.1603 -29.1246 4.5
    endloop
  endfacet
  facet normal -0.57358 0.81915 0
    outer loop
      vertex 20.1309 -29.8454 4.5
      vertex 21.1603 -29.1246 1.8
      vertex 20.1309 -29.8454 1.8
    endloop
  endfacet
  facet normal -0.190835 0.981622 0
    outer loop
      vertex 7.48482 -35.2133 1.8
      vertex 6.25133 -35.4531 4.5
      vertex 7.48482 -35.2133 4.5
    endloop
  endfacet
  facet normal -0.190835 0.981622 0
    outer loop
      vertex 6.25133 -35.4531 4.5
      vertex 7.48482 -35.2133 1.8
      vertex 6.25133 -35.4531 1.8
    endloop
  endfacet
  facet normal -0.325571 0.945518 0
    outer loop
      vertex 12.3127 -33.8289 1.8
      vertex 11.1246 -34.238 4.5
      vertex 12.3127 -33.8289 4.5
    endloop
  endfacet
  facet normal -0.325571 0.945518 0
    outer loop
      vertex 11.1246 -34.238 4.5
      vertex 12.3127 -33.8289 1.8
      vertex 11.1246 -34.238 1.8
    endloop
  endfacet
  facet normal -0.224975 0.974364 0
    outer loop
      vertex 8.70919 -34.9306 1.8
      vertex 7.48482 -35.2133 4.5
      vertex 8.70919 -34.9306 4.5
    endloop
  endfacet
  facet normal -0.224975 0.974364 0
    outer loop
      vertex 7.48482 -35.2133 4.5
      vertex 8.70919 -34.9306 1.8
      vertex 7.48482 -35.2133 1.8
    endloop
  endfacet
  facet normal -0.121839 0.99255 0
    outer loop
      vertex 5.01023 -35.6497 1.8
      vertex 3.76302 -35.8028 4.5
      vertex 5.01023 -35.6497 4.5
    endloop
  endfacet
  facet normal -0.121839 0.99255 0
    outer loop
      vertex 3.76302 -35.8028 4.5
      vertex 5.01023 -35.6497 1.8
      vertex 3.76302 -35.8028 1.8
    endloop
  endfacet
  facet normal -0.087142 0.996196 0
    outer loop
      vertex 3.76302 -35.8028 1.8
      vertex 2.51123 -35.9123 4.5
      vertex 3.76302 -35.8028 4.5
    endloop
  endfacet
  facet normal -0.087142 0.996196 0
    outer loop
      vertex 2.51123 -35.9123 4.5
      vertex 3.76302 -35.8028 1.8
      vertex 2.51123 -35.9123 1.8
    endloop
  endfacet
  facet normal 0.0174284 0.999848 -0
    outer loop
      vertex 0 -36 1.8
      vertex -1.25638 -35.9781 4.5
      vertex 0 -36 4.5
    endloop
  endfacet
  facet normal 0.0174284 0.999848 0
    outer loop
      vertex -1.25638 -35.9781 4.5
      vertex 0 -36 1.8
      vertex -1.25638 -35.9781 1.8
    endloop
  endfacet
  facet normal 0.998628 -0.0523646 0
    outer loop
      vertex -35.9781 1.25638 4.5
      vertex -35.9123 2.51123 1.8
      vertex -35.9123 2.51123 4.5
    endloop
  endfacet
  facet normal 0.998628 -0.0523646 0
    outer loop
      vertex -35.9123 2.51123 1.8
      vertex -35.9781 1.25638 4.5
      vertex -35.9781 1.25638 1.8
    endloop
  endfacet
  facet normal 0.77716 -0.629304 0
    outer loop
      vertex -28.3684 22.1638 4.5
      vertex -27.5776 23.1404 1.8
      vertex -27.5776 23.1404 4.5
    endloop
  endfacet
  facet normal 0.77716 -0.629304 0
    outer loop
      vertex -27.5776 23.1404 1.8
      vertex -28.3684 22.1638 4.5
      vertex -28.3684 22.1638 1.8
    endloop
  endfacet
  facet normal 0.754688 -0.656084 0
    outer loop
      vertex -27.5776 23.1404 4.5
      vertex -26.7532 24.0887 1.8
      vertex -26.7532 24.0887 4.5
    endloop
  endfacet
  facet normal 0.754688 -0.656084 0
    outer loop
      vertex -26.7532 24.0887 1.8
      vertex -27.5776 23.1404 4.5
      vertex -27.5776 23.1404 1.8
    endloop
  endfacet
  facet normal 0.707107 -0.707107 0
    outer loop
      vertex -25.8962 25.0077 4.5
      vertex -25.0077 25.8962 1.8
      vertex -25.0077 25.8962 4.5
    endloop
  endfacet
  facet normal 0.707107 -0.707107 0
    outer loop
      vertex -25.0077 25.8962 1.8
      vertex -25.8962 25.0077 4.5
      vertex -25.8962 25.0077 1.8
    endloop
  endfacet
  facet normal 0.857163 -0.515046 0
    outer loop
      vertex -31.1769 18 4.5
      vertex -30.5297 19.0771 1.8
      vertex -30.5297 19.0771 4.5
    endloop
  endfacet
  facet normal 0.857163 -0.515046 0
    outer loop
      vertex -30.5297 19.0771 1.8
      vertex -31.1769 18 4.5
      vertex -31.1769 18 1.8
    endloop
  endfacet
  facet normal 0.945518 -0.325571 0
    outer loop
      vertex -34.238 11.1246 4.5
      vertex -33.8289 12.3127 1.8
      vertex -33.8289 12.3127 4.5
    endloop
  endfacet
  facet normal 0.945518 -0.325571 0
    outer loop
      vertex -33.8289 12.3127 1.8
      vertex -34.238 11.1246 4.5
      vertex -34.238 11.1246 1.8
    endloop
  endfacet
  facet normal 0.981622 -0.190835 0
    outer loop
      vertex -35.4531 6.25133 4.5
      vertex -35.2133 7.48482 1.8
      vertex -35.2133 7.48482 4.5
    endloop
  endfacet
  facet normal 0.981622 -0.190835 0
    outer loop
      vertex -35.2133 7.48482 1.8
      vertex -35.4531 6.25133 4.5
      vertex -35.4531 6.25133 1.8
    endloop
  endfacet
  facet normal 0.996196 -0.087142 0
    outer loop
      vertex -35.9123 2.51123 4.5
      vertex -35.8028 3.76302 1.8
      vertex -35.8028 3.76302 4.5
    endloop
  endfacet
  facet normal 0.996196 -0.087142 0
    outer loop
      vertex -35.8028 3.76302 1.8
      vertex -35.9123 2.51123 4.5
      vertex -35.9123 2.51123 1.8
    endloop
  endfacet
  facet normal 0.656084 -0.754688 0
    outer loop
      vertex -24.0887 26.7532 1.8
      vertex -23.1404 27.5776 4.5
      vertex -24.0887 26.7532 4.5
    endloop
  endfacet
  facet normal 0.656084 -0.754688 0
    outer loop
      vertex -23.1404 27.5776 4.5
      vertex -24.0887 26.7532 1.8
      vertex -23.1404 27.5776 1.8
    endloop
  endfacet
  facet normal 0.601819 -0.798632 0
    outer loop
      vertex -22.1638 28.3684 1.8
      vertex -21.1603 29.1246 4.5
      vertex -22.1638 28.3684 4.5
    endloop
  endfacet
  facet normal 0.601819 -0.798632 0
    outer loop
      vertex -21.1603 29.1246 4.5
      vertex -22.1638 28.3684 1.8
      vertex -21.1603 29.1246 1.8
    endloop
  endfacet
  facet normal 0.454013 -0.890995 0
    outer loop
      vertex -16.901 31.7861 1.8
      vertex -15.7814 32.3566 4.5
      vertex -16.901 31.7861 4.5
    endloop
  endfacet
  facet normal 0.454013 -0.890995 0
    outer loop
      vertex -15.7814 32.3566 4.5
      vertex -16.901 31.7861 1.8
      vertex -15.7814 32.3566 1.8
    endloop
  endfacet
  facet normal 0.422567 -0.906331 0
    outer loop
      vertex -15.7814 32.3566 1.8
      vertex -14.6425 32.8876 4.5
      vertex -15.7814 32.3566 4.5
    endloop
  endfacet
  facet normal 0.422567 -0.906331 0
    outer loop
      vertex -14.6425 32.8876 4.5
      vertex -15.7814 32.3566 1.8
      vertex -14.6425 32.8876 1.8
    endloop
  endfacet
  facet normal 0.544613 -0.838687 0
    outer loop
      vertex -20.1309 29.8454 1.8
      vertex -19.0771 30.5297 4.5
      vertex -20.1309 29.8454 4.5
    endloop
  endfacet
  facet normal 0.544613 -0.838687 0
    outer loop
      vertex -19.0771 30.5297 4.5
      vertex -20.1309 29.8454 1.8
      vertex -19.0771 30.5297 1.8
    endloop
  endfacet
  facet normal 0.484818 -0.874615 0
    outer loop
      vertex -18 31.1769 1.8
      vertex -16.901 31.7861 4.5
      vertex -18 31.1769 4.5
    endloop
  endfacet
  facet normal 0.484818 -0.874615 0
    outer loop
      vertex -16.901 31.7861 4.5
      vertex -18 31.1769 1.8
      vertex -16.901 31.7861 1.8
    endloop
  endfacet
  facet normal 0.087142 -0.996196 0
    outer loop
      vertex -3.76302 35.8028 1.8
      vertex -2.51123 35.9123 4.5
      vertex -3.76302 35.8028 4.5
    endloop
  endfacet
  facet normal 0.087142 -0.996196 0
    outer loop
      vertex -2.51123 35.9123 4.5
      vertex -3.76302 35.8028 1.8
      vertex -2.51123 35.9123 1.8
    endloop
  endfacet
  facet normal 0.325571 -0.945518 0
    outer loop
      vertex -12.3127 33.8289 1.8
      vertex -11.1246 34.238 4.5
      vertex -12.3127 33.8289 4.5
    endloop
  endfacet
  facet normal 0.325571 -0.945518 0
    outer loop
      vertex -11.1246 34.238 4.5
      vertex -12.3127 33.8289 1.8
      vertex -11.1246 34.238 1.8
    endloop
  endfacet
  facet normal 0.224975 -0.974364 0
    outer loop
      vertex -8.70919 34.9306 1.8
      vertex -7.48482 35.2133 4.5
      vertex -8.70919 34.9306 4.5
    endloop
  endfacet
  facet normal 0.224975 -0.974364 0
    outer loop
      vertex -7.48482 35.2133 4.5
      vertex -8.70919 34.9306 1.8
      vertex -7.48482 35.2133 1.8
    endloop
  endfacet
  facet normal 0.258802 -0.96593 0
    outer loop
      vertex -9.92294 34.6054 1.8
      vertex -8.70919 34.9306 4.5
      vertex -9.92294 34.6054 4.5
    endloop
  endfacet
  facet normal 0.258802 -0.96593 0
    outer loop
      vertex -8.70919 34.9306 4.5
      vertex -9.92294 34.6054 1.8
      vertex -8.70919 34.9306 1.8
    endloop
  endfacet
  facet normal -0.945518 -0.325571 0
    outer loop
      vertex 34.238 11.1246 1.8
      vertex 33.8289 12.3127 4.5
      vertex 33.8289 12.3127 1.8
    endloop
  endfacet
  facet normal -0.945518 -0.325571 0
    outer loop
      vertex 33.8289 12.3127 4.5
      vertex 34.238 11.1246 1.8
      vertex 34.238 11.1246 4.5
    endloop
  endfacet
  facet normal -0.920502 -0.390738 0
    outer loop
      vertex 33.3786 13.4858 1.8
      vertex 32.8876 14.6425 4.5
      vertex 32.8876 14.6425 1.8
    endloop
  endfacet
  facet normal -0.920502 -0.390738 0
    outer loop
      vertex 32.8876 14.6425 4.5
      vertex 33.3786 13.4858 1.8
      vertex 33.3786 13.4858 4.5
    endloop
  endfacet
  facet normal -0.996196 -0.087142 0
    outer loop
      vertex 35.9123 2.51123 1.8
      vertex 35.8028 3.76302 4.5
      vertex 35.8028 3.76302 1.8
    endloop
  endfacet
  facet normal -0.996196 -0.087142 0
    outer loop
      vertex 35.8028 3.76302 4.5
      vertex 35.9123 2.51123 1.8
      vertex 35.9123 2.51123 4.5
    endloop
  endfacet
  facet normal -0.998628 -0.0523646 0
    outer loop
      vertex 35.9781 1.25638 1.8
      vertex 35.9123 2.51123 4.5
      vertex 35.9123 2.51123 1.8
    endloop
  endfacet
  facet normal -0.998628 -0.0523646 0
    outer loop
      vertex 35.9123 2.51123 4.5
      vertex 35.9781 1.25638 1.8
      vertex 35.9781 1.25638 4.5
    endloop
  endfacet
  facet normal -0.933583 -0.35836 0
    outer loop
      vertex 33.8289 12.3127 1.8
      vertex 33.3786 13.4858 4.5
      vertex 33.3786 13.4858 1.8
    endloop
  endfacet
  facet normal -0.933583 -0.35836 0
    outer loop
      vertex 33.3786 13.4858 4.5
      vertex 33.8289 12.3127 1.8
      vertex 33.8289 12.3127 4.5
    endloop
  endfacet
  facet normal -0.974364 -0.224975 0
    outer loop
      vertex 35.2133 7.48482 1.8
      vertex 34.9306 8.70919 4.5
      vertex 34.9306 8.70919 1.8
    endloop
  endfacet
  facet normal -0.974364 -0.224975 0
    outer loop
      vertex 34.9306 8.70919 4.5
      vertex 35.2133 7.48482 1.8
      vertex 35.2133 7.48482 4.5
    endloop
  endfacet
  facet normal -0.96593 -0.258802 0
    outer loop
      vertex 34.9306 8.70919 1.8
      vertex 34.6054 9.92294 4.5
      vertex 34.6054 9.92294 1.8
    endloop
  endfacet
  facet normal -0.96593 -0.258802 0
    outer loop
      vertex 34.6054 9.92294 4.5
      vertex 34.9306 8.70919 1.8
      vertex 34.9306 8.70919 4.5
    endloop
  endfacet
  facet normal -0.190835 -0.981622 0
    outer loop
      vertex 6.25133 35.4531 1.8
      vertex 7.48482 35.2133 4.5
      vertex 6.25133 35.4531 4.5
    endloop
  endfacet
  facet normal -0.190835 -0.981622 -0
    outer loop
      vertex 7.48482 35.2133 4.5
      vertex 6.25133 35.4531 1.8
      vertex 7.48482 35.2133 1.8
    endloop
  endfacet
  facet normal -0.35836 -0.933583 0
    outer loop
      vertex 12.3127 33.8289 1.8
      vertex 13.4858 33.3786 4.5
      vertex 12.3127 33.8289 4.5
    endloop
  endfacet
  facet normal -0.35836 -0.933583 -0
    outer loop
      vertex 13.4858 33.3786 4.5
      vertex 12.3127 33.8289 1.8
      vertex 13.4858 33.3786 1.8
    endloop
  endfacet
  facet normal -0.258802 -0.96593 0
    outer loop
      vertex 8.70919 34.9306 1.8
      vertex 9.92294 34.6054 4.5
      vertex 8.70919 34.9306 4.5
    endloop
  endfacet
  facet normal -0.258802 -0.96593 -0
    outer loop
      vertex 9.92294 34.6054 4.5
      vertex 8.70919 34.9306 1.8
      vertex 9.92294 34.6054 1.8
    endloop
  endfacet
  facet normal -0.57358 -0.81915 0
    outer loop
      vertex 20.1309 29.8454 1.8
      vertex 21.1603 29.1246 4.5
      vertex 20.1309 29.8454 4.5
    endloop
  endfacet
  facet normal -0.57358 -0.81915 -0
    outer loop
      vertex 21.1603 29.1246 4.5
      vertex 20.1309 29.8454 1.8
      vertex 21.1603 29.1246 1.8
    endloop
  endfacet
  facet normal -0.601819 -0.798632 0
    outer loop
      vertex 21.1603 29.1246 1.8
      vertex 22.1638 28.3684 4.5
      vertex 21.1603 29.1246 4.5
    endloop
  endfacet
  facet normal -0.601819 -0.798632 -0
    outer loop
      vertex 22.1638 28.3684 4.5
      vertex 21.1603 29.1246 1.8
      vertex 22.1638 28.3684 1.8
    endloop
  endfacet
  facet normal -0.682006 -0.731346 0
    outer loop
      vertex 24.0887 26.7532 1.8
      vertex 25.0077 25.8962 4.5
      vertex 24.0887 26.7532 4.5
    endloop
  endfacet
  facet normal -0.682006 -0.731346 -0
    outer loop
      vertex 25.0077 25.8962 4.5
      vertex 24.0887 26.7532 1.8
      vertex 25.0077 25.8962 1.8
    endloop
  endfacet
  facet normal -0.544613 -0.838687 0
    outer loop
      vertex 19.0771 30.5297 1.8
      vertex 20.1309 29.8454 4.5
      vertex 19.0771 30.5297 4.5
    endloop
  endfacet
  facet normal -0.544613 -0.838687 -0
    outer loop
      vertex 20.1309 29.8454 4.5
      vertex 19.0771 30.5297 1.8
      vertex 20.1309 29.8454 1.8
    endloop
  endfacet
  facet normal -0.874615 -0.484818 0
    outer loop
      vertex 31.7861 16.901 1.8
      vertex 31.1769 18 4.5
      vertex 31.1769 18 1.8
    endloop
  endfacet
  facet normal -0.874615 -0.484818 0
    outer loop
      vertex 31.1769 18 4.5
      vertex 31.7861 16.901 1.8
      vertex 31.7861 16.901 4.5
    endloop
  endfacet
  facet normal -0.906331 -0.422567 0
    outer loop
      vertex 32.8876 14.6425 1.8
      vertex 32.3566 15.7814 4.5
      vertex 32.3566 15.7814 1.8
    endloop
  endfacet
  facet normal -0.906331 -0.422567 0
    outer loop
      vertex 32.3566 15.7814 4.5
      vertex 32.8876 14.6425 1.8
      vertex 32.8876 14.6425 4.5
    endloop
  endfacet
  facet normal -0.81915 -0.57358 0
    outer loop
      vertex 29.8454 20.1309 1.8
      vertex 29.1246 21.1603 4.5
      vertex 29.1246 21.1603 1.8
    endloop
  endfacet
  facet normal -0.81915 -0.57358 0
    outer loop
      vertex 29.1246 21.1603 4.5
      vertex 29.8454 20.1309 1.8
      vertex 29.8454 20.1309 4.5
    endloop
  endfacet
  facet normal -0.731346 -0.682006 0
    outer loop
      vertex 26.7532 24.0887 1.8
      vertex 25.8962 25.0077 4.5
      vertex 25.8962 25.0077 1.8
    endloop
  endfacet
  facet normal -0.731346 -0.682006 0
    outer loop
      vertex 25.8962 25.0077 4.5
      vertex 26.7532 24.0887 1.8
      vertex 26.7532 24.0887 4.5
    endloop
  endfacet
  facet normal 0.087142 0.996196 -0
    outer loop
      vertex -2.51123 -35.9123 1.8
      vertex -3.76302 -35.8028 4.5
      vertex -2.51123 -35.9123 4.5
    endloop
  endfacet
  facet normal 0.087142 0.996196 0
    outer loop
      vertex -3.76302 -35.8028 4.5
      vertex -2.51123 -35.9123 1.8
      vertex -3.76302 -35.8028 1.8
    endloop
  endfacet
  facet normal 0.190835 0.981622 -0
    outer loop
      vertex -6.25133 -35.4531 1.8
      vertex -7.48482 -35.2133 4.5
      vertex -6.25133 -35.4531 4.5
    endloop
  endfacet
  facet normal 0.190835 0.981622 0
    outer loop
      vertex -7.48482 -35.2133 4.5
      vertex -6.25133 -35.4531 1.8
      vertex -7.48482 -35.2133 1.8
    endloop
  endfacet
  facet normal 0.35836 0.933583 -0
    outer loop
      vertex -12.3127 -33.8289 1.8
      vertex -13.4858 -33.3786 4.5
      vertex -12.3127 -33.8289 4.5
    endloop
  endfacet
  facet normal 0.35836 0.933583 0
    outer loop
      vertex -13.4858 -33.3786 4.5
      vertex -12.3127 -33.8289 1.8
      vertex -13.4858 -33.3786 1.8
    endloop
  endfacet
  facet normal 0.57358 0.81915 -0
    outer loop
      vertex -20.1309 -29.8454 1.8
      vertex -21.1603 -29.1246 4.5
      vertex -20.1309 -29.8454 4.5
    endloop
  endfacet
  facet normal 0.57358 0.81915 0
    outer loop
      vertex -21.1603 -29.1246 4.5
      vertex -20.1309 -29.8454 1.8
      vertex -21.1603 -29.1246 1.8
    endloop
  endfacet
  facet normal 0.601819 0.798632 -0
    outer loop
      vertex -21.1603 -29.1246 1.8
      vertex -22.1638 -28.3684 4.5
      vertex -21.1603 -29.1246 4.5
    endloop
  endfacet
  facet normal 0.601819 0.798632 0
    outer loop
      vertex -22.1638 -28.3684 4.5
      vertex -21.1603 -29.1246 1.8
      vertex -22.1638 -28.3684 1.8
    endloop
  endfacet
  facet normal 0.682006 0.731346 -0
    outer loop
      vertex -24.0887 -26.7532 1.8
      vertex -25.0077 -25.8962 4.5
      vertex -24.0887 -26.7532 4.5
    endloop
  endfacet
  facet normal 0.682006 0.731346 0
    outer loop
      vertex -25.0077 -25.8962 4.5
      vertex -24.0887 -26.7532 1.8
      vertex -25.0077 -25.8962 1.8
    endloop
  endfacet
  facet normal 0.454013 0.890995 -0
    outer loop
      vertex -15.7814 -32.3566 1.8
      vertex -16.901 -31.7861 4.5
      vertex -15.7814 -32.3566 4.5
    endloop
  endfacet
  facet normal 0.454013 0.890995 0
    outer loop
      vertex -16.901 -31.7861 4.5
      vertex -15.7814 -32.3566 1.8
      vertex -16.901 -31.7861 1.8
    endloop
  endfacet
  facet normal 0.484818 0.874615 -0
    outer loop
      vertex -16.901 -31.7861 1.8
      vertex -18 -31.1769 4.5
      vertex -16.901 -31.7861 4.5
    endloop
  endfacet
  facet normal 0.484818 0.874615 0
    outer loop
      vertex -18 -31.1769 4.5
      vertex -16.901 -31.7861 1.8
      vertex -18 -31.1769 1.8
    endloop
  endfacet
  facet normal 0.933583 0.35836 0
    outer loop
      vertex -33.3786 -13.4858 4.5
      vertex -33.8289 -12.3127 1.8
      vertex -33.8289 -12.3127 4.5
    endloop
  endfacet
  facet normal 0.933583 0.35836 0
    outer loop
      vertex -33.8289 -12.3127 1.8
      vertex -33.3786 -13.4858 4.5
      vertex -33.3786 -13.4858 1.8
    endloop
  endfacet
  facet normal 0.999848 0.0174284 0
    outer loop
      vertex -35.9781 -1.25638 4.5
      vertex -36 0 1.8
      vertex -36 0 4.5
    endloop
  endfacet
  facet normal 0.999848 0.0174284 0
    outer loop
      vertex -36 0 1.8
      vertex -35.9781 -1.25638 4.5
      vertex -35.9781 -1.25638 1.8
    endloop
  endfacet
  facet normal 0.999848 -0.0174284 0
    outer loop
      vertex -36 0 4.5
      vertex -35.9781 1.25638 1.8
      vertex -35.9781 1.25638 4.5
    endloop
  endfacet
  facet normal 0.999848 -0.0174284 0
    outer loop
      vertex -35.9781 1.25638 1.8
      vertex -36 0 4.5
      vertex -36 0 1.8
    endloop
  endfacet
  facet normal 0.99255 0.121839 0
    outer loop
      vertex -35.6497 -5.01023 4.5
      vertex -35.8028 -3.76302 1.8
      vertex -35.8028 -3.76302 4.5
    endloop
  endfacet
  facet normal 0.99255 0.121839 0
    outer loop
      vertex -35.8028 -3.76302 1.8
      vertex -35.6497 -5.01023 4.5
      vertex -35.6497 -5.01023 1.8
    endloop
  endfacet
  facet normal 0.945518 0.325571 0
    outer loop
      vertex -33.8289 -12.3127 4.5
      vertex -34.238 -11.1246 1.8
      vertex -34.238 -11.1246 4.5
    endloop
  endfacet
  facet normal 0.945518 0.325571 0
    outer loop
      vertex -34.238 -11.1246 1.8
      vertex -33.8289 -12.3127 4.5
      vertex -33.8289 -12.3127 1.8
    endloop
  endfacet
  facet normal 0.981622 0.190835 0
    outer loop
      vertex -35.2133 -7.48482 4.5
      vertex -35.4531 -6.25133 1.8
      vertex -35.4531 -6.25133 4.5
    endloop
  endfacet
  facet normal 0.981622 0.190835 0
    outer loop
      vertex -35.4531 -6.25133 1.8
      vertex -35.2133 -7.48482 4.5
      vertex -35.2133 -7.48482 1.8
    endloop
  endfacet
  facet normal 0.81915 0.57358 0
    outer loop
      vertex -29.1246 -21.1603 4.5
      vertex -29.8454 -20.1309 1.8
      vertex -29.8454 -20.1309 4.5
    endloop
  endfacet
  facet normal 0.81915 0.57358 0
    outer loop
      vertex -29.8454 -20.1309 1.8
      vertex -29.1246 -21.1603 4.5
      vertex -29.1246 -21.1603 1.8
    endloop
  endfacet
  facet normal 0.890995 0.454013 0
    outer loop
      vertex -31.7861 -16.901 4.5
      vertex -32.3566 -15.7814 1.8
      vertex -32.3566 -15.7814 4.5
    endloop
  endfacet
  facet normal 0.890995 0.454013 0
    outer loop
      vertex -32.3566 -15.7814 1.8
      vertex -31.7861 -16.901 4.5
      vertex -31.7861 -16.901 1.8
    endloop
  endfacet
  facet normal 0.838687 0.544613 0
    outer loop
      vertex -29.8454 -20.1309 4.5
      vertex -30.5297 -19.0771 1.8
      vertex -30.5297 -19.0771 4.5
    endloop
  endfacet
  facet normal 0.838687 0.544613 0
    outer loop
      vertex -30.5297 -19.0771 1.8
      vertex -29.8454 -20.1309 4.5
      vertex -29.8454 -20.1309 1.8
    endloop
  endfacet
  facet normal -0.682006 0.731346 0
    outer loop
      vertex 25.0077 -25.8962 1.8
      vertex 24.0887 -26.7532 4.5
      vertex 25.0077 -25.8962 4.5
    endloop
  endfacet
  facet normal -0.682006 0.731346 0
    outer loop
      vertex 24.0887 -26.7532 4.5
      vertex 25.0077 -25.8962 1.8
      vertex 24.0887 -26.7532 1.8
    endloop
  endfacet
  facet normal -0.890995 0.454013 0
    outer loop
      vertex 31.7861 -16.901 1.8
      vertex 32.3566 -15.7814 4.5
      vertex 32.3566 -15.7814 1.8
    endloop
  endfacet
  facet normal -0.890995 0.454013 0
    outer loop
      vertex 32.3566 -15.7814 4.5
      vertex 31.7861 -16.901 1.8
      vertex 31.7861 -16.901 4.5
    endloop
  endfacet
  facet normal -0.838687 0.544613 0
    outer loop
      vertex 29.8454 -20.1309 1.8
      vertex 30.5297 -19.0771 4.5
      vertex 30.5297 -19.0771 1.8
    endloop
  endfacet
  facet normal -0.838687 0.544613 0
    outer loop
      vertex 30.5297 -19.0771 4.5
      vertex 29.8454 -20.1309 1.8
      vertex 29.8454 -20.1309 4.5
    endloop
  endfacet
  facet normal -0.798632 0.601819 0
    outer loop
      vertex 28.3684 -22.1638 1.8
      vertex 29.1246 -21.1603 4.5
      vertex 29.1246 -21.1603 1.8
    endloop
  endfacet
  facet normal -0.798632 0.601819 0
    outer loop
      vertex 29.1246 -21.1603 4.5
      vertex 28.3684 -22.1638 1.8
      vertex 28.3684 -22.1638 4.5
    endloop
  endfacet
  facet normal -0.731346 0.682006 0
    outer loop
      vertex 25.8962 -25.0077 1.8
      vertex 26.7532 -24.0887 4.5
      vertex 26.7532 -24.0887 1.8
    endloop
  endfacet
  facet normal -0.731346 0.682006 0
    outer loop
      vertex 26.7532 -24.0887 4.5
      vertex 25.8962 -25.0077 1.8
      vertex 25.8962 -25.0077 4.5
    endloop
  endfacet
  facet normal -0.77716 0.629304 0
    outer loop
      vertex 27.5776 -23.1404 1.8
      vertex 28.3684 -22.1638 4.5
      vertex 28.3684 -22.1638 1.8
    endloop
  endfacet
  facet normal -0.77716 0.629304 0
    outer loop
      vertex 28.3684 -22.1638 4.5
      vertex 27.5776 -23.1404 1.8
      vertex 27.5776 -23.1404 4.5
    endloop
  endfacet
  facet normal -0.96593 0.258802 0
    outer loop
      vertex 34.6054 -9.92294 1.8
      vertex 34.9306 -8.70919 4.5
      vertex 34.9306 -8.70919 1.8
    endloop
  endfacet
  facet normal -0.96593 0.258802 0
    outer loop
      vertex 34.9306 -8.70919 4.5
      vertex 34.6054 -9.92294 1.8
      vertex 34.6054 -9.92294 4.5
    endloop
  endfacet
  facet normal -0.956301 0.292383 0
    outer loop
      vertex 34.238 -11.1246 1.8
      vertex 34.6054 -9.92294 4.5
      vertex 34.6054 -9.92294 1.8
    endloop
  endfacet
  facet normal -0.956301 0.292383 0
    outer loop
      vertex 34.6054 -9.92294 4.5
      vertex 34.238 -11.1246 1.8
      vertex 34.238 -11.1246 4.5
    endloop
  endfacet
  facet normal -0.933583 0.35836 0
    outer loop
      vertex 33.3786 -13.4858 1.8
      vertex 33.8289 -12.3127 4.5
      vertex 33.8289 -12.3127 1.8
    endloop
  endfacet
  facet normal -0.933583 0.35836 0
    outer loop
      vertex 33.8289 -12.3127 4.5
      vertex 33.3786 -13.4858 1.8
      vertex 33.3786 -13.4858 4.5
    endloop
  endfacet
  facet normal -0.987685 0.156457 0
    outer loop
      vertex 35.4531 -6.25133 1.8
      vertex 35.6497 -5.01023 4.5
      vertex 35.6497 -5.01023 1.8
    endloop
  endfacet
  facet normal -0.987685 0.156457 0
    outer loop
      vertex 35.6497 -5.01023 4.5
      vertex 35.4531 -6.25133 1.8
      vertex 35.4531 -6.25133 4.5
    endloop
  endfacet
  facet normal -0.484818 0.874615 0
    outer loop
      vertex 18 -31.1769 1.8
      vertex 16.901 -31.7861 4.5
      vertex 18 -31.1769 4.5
    endloop
  endfacet
  facet normal -0.484818 0.874615 0
    outer loop
      vertex 16.901 -31.7861 4.5
      vertex 18 -31.1769 1.8
      vertex 16.901 -31.7861 1.8
    endloop
  endfacet
  facet normal -0.390738 0.920502 0
    outer loop
      vertex 14.6425 -32.8876 1.8
      vertex 13.4858 -33.3786 4.5
      vertex 14.6425 -32.8876 4.5
    endloop
  endfacet
  facet normal -0.390738 0.920502 0
    outer loop
      vertex 13.4858 -33.3786 4.5
      vertex 14.6425 -32.8876 1.8
      vertex 13.4858 -33.3786 1.8
    endloop
  endfacet
  facet normal -0.454013 0.890995 0
    outer loop
      vertex 16.901 -31.7861 1.8
      vertex 15.7814 -32.3566 4.5
      vertex 16.901 -31.7861 4.5
    endloop
  endfacet
  facet normal -0.454013 0.890995 0
    outer loop
      vertex 15.7814 -32.3566 4.5
      vertex 16.901 -31.7861 1.8
      vertex 15.7814 -32.3566 1.8
    endloop
  endfacet
  facet normal -0.515046 0.857163 0
    outer loop
      vertex 19.0771 -30.5297 1.8
      vertex 18 -31.1769 4.5
      vertex 19.0771 -30.5297 4.5
    endloop
  endfacet
  facet normal -0.515046 0.857163 0
    outer loop
      vertex 18 -31.1769 4.5
      vertex 19.0771 -30.5297 1.8
      vertex 18 -31.1769 1.8
    endloop
  endfacet
  facet normal -0.629304 0.77716 0
    outer loop
      vertex 23.1404 -27.5776 1.8
      vertex 22.1638 -28.3684 4.5
      vertex 23.1404 -27.5776 4.5
    endloop
  endfacet
  facet normal -0.629304 0.77716 0
    outer loop
      vertex 22.1638 -28.3684 4.5
      vertex 23.1404 -27.5776 1.8
      vertex 22.1638 -28.3684 1.8
    endloop
  endfacet
  facet normal -0.601819 0.798632 0
    outer loop
      vertex 22.1638 -28.3684 1.8
      vertex 21.1603 -29.1246 4.5
      vertex 22.1638 -28.3684 4.5
    endloop
  endfacet
  facet normal -0.601819 0.798632 0
    outer loop
      vertex 21.1603 -29.1246 4.5
      vertex 22.1638 -28.3684 1.8
      vertex 21.1603 -29.1246 1.8
    endloop
  endfacet
  facet normal -0.292383 0.956301 0
    outer loop
      vertex 11.1246 -34.238 1.8
      vertex 9.92294 -34.6054 4.5
      vertex 11.1246 -34.238 4.5
    endloop
  endfacet
  facet normal -0.292383 0.956301 0
    outer loop
      vertex 9.92294 -34.6054 4.5
      vertex 11.1246 -34.238 1.8
      vertex 9.92294 -34.6054 1.8
    endloop
  endfacet
  facet normal -0.258802 0.96593 0
    outer loop
      vertex 9.92294 -34.6054 1.8
      vertex 8.70919 -34.9306 4.5
      vertex 9.92294 -34.6054 4.5
    endloop
  endfacet
  facet normal -0.258802 0.96593 0
    outer loop
      vertex 8.70919 -34.9306 4.5
      vertex 9.92294 -34.6054 1.8
      vertex 8.70919 -34.9306 1.8
    endloop
  endfacet
  facet normal -0.156457 0.987685 0
    outer loop
      vertex 6.25133 -35.4531 1.8
      vertex 5.01023 -35.6497 4.5
      vertex 6.25133 -35.4531 4.5
    endloop
  endfacet
  facet normal -0.156457 0.987685 0
    outer loop
      vertex 5.01023 -35.6497 4.5
      vertex 6.25133 -35.4531 1.8
      vertex 5.01023 -35.6497 1.8
    endloop
  endfacet
  facet normal -0.0174284 0.999848 0
    outer loop
      vertex 1.25638 -35.9781 1.8
      vertex 0 -36 4.5
      vertex 1.25638 -35.9781 4.5
    endloop
  endfacet
  facet normal -0.0174284 0.999848 0
    outer loop
      vertex 0 -36 4.5
      vertex 1.25638 -35.9781 1.8
      vertex 0 -36 1.8
    endloop
  endfacet
  facet normal 0.798632 -0.601819 0
    outer loop
      vertex -29.1246 21.1603 4.5
      vertex -28.3684 22.1638 1.8
      vertex -28.3684 22.1638 4.5
    endloop
  endfacet
  facet normal 0.798632 -0.601819 0
    outer loop
      vertex -28.3684 22.1638 1.8
      vertex -29.1246 21.1603 4.5
      vertex -29.1246 21.1603 1.8
    endloop
  endfacet
  facet normal 0.731346 -0.682006 0
    outer loop
      vertex -26.7532 24.0887 4.5
      vertex -25.8962 25.0077 1.8
      vertex -25.8962 25.0077 4.5
    endloop
  endfacet
  facet normal 0.731346 -0.682006 0
    outer loop
      vertex -25.8962 25.0077 1.8
      vertex -26.7532 24.0887 4.5
      vertex -26.7532 24.0887 1.8
    endloop
  endfacet
  facet normal 0.890995 -0.454013 0
    outer loop
      vertex -32.3566 15.7814 4.5
      vertex -31.7861 16.901 1.8
      vertex -31.7861 16.901 4.5
    endloop
  endfacet
  facet normal 0.890995 -0.454013 0
    outer loop
      vertex -31.7861 16.901 1.8
      vertex -32.3566 15.7814 4.5
      vertex -32.3566 15.7814 1.8
    endloop
  endfacet
  facet normal 0.906331 -0.422567 0
    outer loop
      vertex -32.8876 14.6425 4.5
      vertex -32.3566 15.7814 1.8
      vertex -32.3566 15.7814 4.5
    endloop
  endfacet
  facet normal 0.906331 -0.422567 0
    outer loop
      vertex -32.3566 15.7814 1.8
      vertex -32.8876 14.6425 4.5
      vertex -32.8876 14.6425 1.8
    endloop
  endfacet
  facet normal 0.933583 -0.35836 0
    outer loop
      vertex -33.8289 12.3127 4.5
      vertex -33.3786 13.4858 1.8
      vertex -33.3786 13.4858 4.5
    endloop
  endfacet
  facet normal 0.933583 -0.35836 0
    outer loop
      vertex -33.3786 13.4858 1.8
      vertex -33.8289 12.3127 4.5
      vertex -33.8289 12.3127 1.8
    endloop
  endfacet
  facet normal 0.987685 -0.156457 0
    outer loop
      vertex -35.6497 5.01023 4.5
      vertex -35.4531 6.25133 1.8
      vertex -35.4531 6.25133 4.5
    endloop
  endfacet
  facet normal 0.987685 -0.156457 0
    outer loop
      vertex -35.4531 6.25133 1.8
      vertex -35.6497 5.01023 4.5
      vertex -35.6497 5.01023 1.8
    endloop
  endfacet
  facet normal 0.974364 -0.224975 0
    outer loop
      vertex -35.2133 7.48482 4.5
      vertex -34.9306 8.70919 1.8
      vertex -34.9306 8.70919 4.5
    endloop
  endfacet
  facet normal 0.974364 -0.224975 0
    outer loop
      vertex -34.9306 8.70919 1.8
      vertex -35.2133 7.48482 4.5
      vertex -35.2133 7.48482 1.8
    endloop
  endfacet
  facet normal 0.956301 -0.292383 0
    outer loop
      vertex -34.6054 9.92294 4.5
      vertex -34.238 11.1246 1.8
      vertex -34.238 11.1246 4.5
    endloop
  endfacet
  facet normal 0.956301 -0.292383 0
    outer loop
      vertex -34.238 11.1246 1.8
      vertex -34.6054 9.92294 4.5
      vertex -34.6054 9.92294 1.8
    endloop
  endfacet
  facet normal 0.515046 -0.857163 0
    outer loop
      vertex -19.0771 30.5297 1.8
      vertex -18 31.1769 4.5
      vertex -19.0771 30.5297 4.5
    endloop
  endfacet
  facet normal 0.515046 -0.857163 0
    outer loop
      vertex -18 31.1769 4.5
      vertex -19.0771 30.5297 1.8
      vertex -18 31.1769 1.8
    endloop
  endfacet
  facet normal 0.121839 -0.99255 0
    outer loop
      vertex -5.01023 35.6497 1.8
      vertex -3.76302 35.8028 4.5
      vertex -5.01023 35.6497 4.5
    endloop
  endfacet
  facet normal 0.121839 -0.99255 0
    outer loop
      vertex -3.76302 35.8028 4.5
      vertex -5.01023 35.6497 1.8
      vertex -3.76302 35.8028 1.8
    endloop
  endfacet
  facet normal 0.0523646 -0.998628 0
    outer loop
      vertex -2.51123 35.9123 1.8
      vertex -1.25638 35.9781 4.5
      vertex -2.51123 35.9123 4.5
    endloop
  endfacet
  facet normal 0.0523646 -0.998628 0
    outer loop
      vertex -1.25638 35.9781 4.5
      vertex -2.51123 35.9123 1.8
      vertex -1.25638 35.9781 1.8
    endloop
  endfacet
  facet normal -0.99255 -0.121839 0
    outer loop
      vertex 35.8028 3.76302 1.8
      vertex 35.6497 5.01023 4.5
      vertex 35.6497 5.01023 1.8
    endloop
  endfacet
  facet normal -0.99255 -0.121839 0
    outer loop
      vertex 35.6497 5.01023 4.5
      vertex 35.8028 3.76302 1.8
      vertex 35.8028 3.76302 4.5
    endloop
  endfacet
  facet normal -0.087142 -0.996196 0
    outer loop
      vertex 2.51123 35.9123 1.8
      vertex 3.76302 35.8028 4.5
      vertex 2.51123 35.9123 4.5
    endloop
  endfacet
  facet normal -0.087142 -0.996196 -0
    outer loop
      vertex 3.76302 35.8028 4.5
      vertex 2.51123 35.9123 1.8
      vertex 3.76302 35.8028 1.8
    endloop
  endfacet
  facet normal -0.156457 -0.987685 0
    outer loop
      vertex 5.01023 35.6497 1.8
      vertex 6.25133 35.4531 4.5
      vertex 5.01023 35.6497 4.5
    endloop
  endfacet
  facet normal -0.156457 -0.987685 -0
    outer loop
      vertex 6.25133 35.4531 4.5
      vertex 5.01023 35.6497 1.8
      vertex 6.25133 35.4531 1.8
    endloop
  endfacet
  facet normal -0.454013 -0.890995 0
    outer loop
      vertex 15.7814 32.3566 1.8
      vertex 16.901 31.7861 4.5
      vertex 15.7814 32.3566 4.5
    endloop
  endfacet
  facet normal -0.454013 -0.890995 -0
    outer loop
      vertex 16.901 31.7861 4.5
      vertex 15.7814 32.3566 1.8
      vertex 16.901 31.7861 1.8
    endloop
  endfacet
  facet normal -0.890995 -0.454013 0
    outer loop
      vertex 32.3566 15.7814 1.8
      vertex 31.7861 16.901 4.5
      vertex 31.7861 16.901 1.8
    endloop
  endfacet
  facet normal -0.890995 -0.454013 0
    outer loop
      vertex 31.7861 16.901 4.5
      vertex 32.3566 15.7814 1.8
      vertex 32.3566 15.7814 4.5
    endloop
  endfacet
  facet normal -0.754688 -0.656084 0
    outer loop
      vertex 27.5776 23.1404 1.8
      vertex 26.7532 24.0887 4.5
      vertex 26.7532 24.0887 1.8
    endloop
  endfacet
  facet normal -0.754688 -0.656084 0
    outer loop
      vertex 26.7532 24.0887 4.5
      vertex 27.5776 23.1404 1.8
      vertex 27.5776 23.1404 4.5
    endloop
  endfacet
  facet normal 0.656084 0.754688 -0
    outer loop
      vertex -23.1404 -27.5776 1.8
      vertex -24.0887 -26.7532 4.5
      vertex -23.1404 -27.5776 4.5
    endloop
  endfacet
  facet normal 0.656084 0.754688 0
    outer loop
      vertex -24.0887 -26.7532 4.5
      vertex -23.1404 -27.5776 1.8
      vertex -24.0887 -26.7532 1.8
    endloop
  endfacet
  facet normal 0 0 1
    outer loop
      vertex 35.9781 1.25638 1.8
      vertex 35.9781 -1.25638 1.8
      vertex 36 0 1.8
    endloop
  endfacet
  facet normal 0 0 1
    outer loop
      vertex 35.9123 2.51123 1.8
      vertex 35.9781 -1.25638 1.8
      vertex 35.9781 1.25638 1.8
    endloop
  endfacet
  facet normal 0 0 1
    outer loop
      vertex 35.9123 2.51123 1.8
      vertex 35.9123 -2.51123 1.8
      vertex 35.9781 -1.25638 1.8
    endloop
  endfacet
  facet normal 0 0 1
    outer loop
      vertex 35.8028 3.76302 1.8
      vertex 35.9123 -2.51123 1.8
      vertex 35.9123 2.51123 1.8
    endloop
  endfacet
  facet normal 0 0 1
    outer loop
      vertex 35.8028 3.76302 1.8
      vertex 35.8028 -3.76302 1.8
      vertex 35.9123 -2.51123 1.8
    endloop
  endfacet
  facet normal 0 0 1
    outer loop
      vertex 35.6497 5.01023 1.8
      vertex 35.8028 -3.76302 1.8
      vertex 35.8028 3.76302 1.8
    endloop
  endfacet
  facet normal 0 0 1
    outer loop
      vertex 35.6497 5.01023 1.8
      vertex 35.6497 -5.01023 1.8
      vertex 35.8028 -3.76302 1.8
    endloop
  endfacet
  facet normal 0 0 1
    outer loop
      vertex 35.4531 6.25133 1.8
      vertex 35.6497 -5.01023 1.8
      vertex 35.6497 5.01023 1.8
    endloop
  endfacet
  facet normal 0 0 1
    outer loop
      vertex 35.4531 6.25133 1.8
      vertex 35.4531 -6.25133 1.8
      vertex 35.6497 -5.01023 1.8
    endloop
  endfacet
  facet normal 0 0 1
    outer loop
      vertex 35.2133 7.48482 1.8
      vertex 35.4531 -6.25133 1.8
      vertex 35.4531 6.25133 1.8
    endloop
  endfacet
  facet normal 0 0 1
    outer loop
      vertex 35.2133 7.48482 1.8
      vertex 35.2133 -7.48482 1.8
      vertex 35.4531 -6.25133 1.8
    endloop
  endfacet
  facet normal 0 0 1
    outer loop
      vertex 34.9306 8.70919 1.8
      vertex 35.2133 -7.48482 1.8
      vertex 35.2133 7.48482 1.8
    endloop
  endfacet
  facet normal 0 0 1
    outer loop
      vertex 34.9306 8.70919 1.8
      vertex 34.9306 -8.70919 1.8
      vertex 35.2133 -7.48482 1.8
    endloop
  endfacet
  facet normal 0 0 1
    outer loop
      vertex 34.6054 9.92294 1.8
      vertex 34.9306 -8.70919 1.8
      vertex 34.9306 8.70919 1.8
    endloop
  endfacet
  facet normal 0 0 1
    outer loop
      vertex 34.6054 9.92294 1.8
      vertex 34.6054 -9.92294 1.8
      vertex 34.9306 -8.70919 1.8
    endloop
  endfacet
  facet normal 0 0 1
    outer loop
      vertex 34.238 11.1246 1.8
      vertex 34.6054 -9.92294 1.8
      vertex 34.6054 9.92294 1.8
    endloop
  endfacet
  facet normal 0 0 1
    outer loop
      vertex 34.238 11.1246 1.8
      vertex 34.238 -11.1246 1.8
      vertex 34.6054 -9.92294 1.8
    endloop
  endfacet
  facet normal 0 0 1
    outer loop
      vertex 33.8289 12.3127 1.8
      vertex 34.238 -11.1246 1.8
      vertex 34.238 11.1246 1.8
    endloop
  endfacet
  facet normal 0 0 1
    outer loop
      vertex 33.8289 12.3127 1.8
      vertex 33.8289 -12.3127 1.8
      vertex 34.238 -11.1246 1.8
    endloop
  endfacet
  facet normal 0 0 1
    outer loop
      vertex 33.3786 13.4858 1.8
      vertex 33.8289 -12.3127 1.8
      vertex 33.8289 12.3127 1.8
    endloop
  endfacet
  facet normal 0 0 1
    outer loop
      vertex 33.3786 13.4858 1.8
      vertex 33.3786 -13.4858 1.8
      vertex 33.8289 -12.3127 1.8
    endloop
  endfacet
  facet normal 0 0 1
    outer loop
      vertex 32.8876 14.6425 1.8
      vertex 33.3786 -13.4858 1.8
      vertex 33.3786 13.4858 1.8
    endloop
  endfacet
  facet normal 0 0 1
    outer loop
      vertex 32.8876 14.6425 1.8
      vertex 32.8876 -14.6425 1.8
      vertex 33.3786 -13.4858 1.8
    endloop
  endfacet
  facet normal 0 0 1
    outer loop
      vertex 32.3566 15.7814 1.8
      vertex 32.8876 -14.6425 1.8
      vertex 32.8876 14.6425 1.8
    endloop
  endfacet
  facet normal 0 0 1
    outer loop
      vertex 32.3566 15.7814 1.8
      vertex 32.3566 -15.7814 1.8
      vertex 32.8876 -14.6425 1.8
    endloop
  endfacet
  facet normal 0 0 1
    outer loop
      vertex 31.7861 16.901 1.8
      vertex 32.3566 -15.7814 1.8
      vertex 32.3566 15.7814 1.8
    endloop
  endfacet
  facet normal 0 0 1
    outer loop
      vertex 31.7861 16.901 1.8
      vertex 31.7861 -16.901 1.8
      vertex 32.3566 -15.7814 1.8
    endloop
  endfacet
  facet normal 0 0 1
    outer loop
      vertex 31.1769 18 1.8
      vertex 31.7861 -16.901 1.8
      vertex 31.7861 16.901 1.8
    endloop
  endfacet
  facet normal 0 0 1
    outer loop
      vertex 31.1769 18 1.8
      vertex 31.1769 -18 1.8
      vertex 31.7861 -16.901 1.8
    endloop
  endfacet
  facet normal 0 0 1
    outer loop
      vertex 30.5297 19.0771 1.8
      vertex 31.1769 -18 1.8
      vertex 31.1769 18 1.8
    endloop
  endfacet
  facet normal 0 0 1
    outer loop
      vertex 30.5297 19.0771 1.8
      vertex 30.5297 -19.0771 1.8
      vertex 31.1769 -18 1.8
    endloop
  endfacet
  facet normal 0 0 1
    outer loop
      vertex 29.8454 20.1309 1.8
      vertex 30.5297 -19.0771 1.8
      vertex 30.5297 19.0771 1.8
    endloop
  endfacet
  facet normal 0 0 1
    outer loop
      vertex 29.8454 20.1309 1.8
      vertex 29.8454 -20.1309 1.8
      vertex 30.5297 -19.0771 1.8
    endloop
  endfacet
  facet normal 0 0 1
    outer loop
      vertex 29.1246 21.1603 1.8
      vertex 29.8454 -20.1309 1.8
      vertex 29.8454 20.1309 1.8
    endloop
  endfacet
  facet normal 0 0 1
    outer loop
      vertex 29.1246 21.1603 1.8
      vertex 29.1246 -21.1603 1.8
      vertex 29.8454 -20.1309 1.8
    endloop
  endfacet
  facet normal 0 0 1
    outer loop
      vertex 28.3684 22.1638 1.8
      vertex 29.1246 -21.1603 1.8
      vertex 29.1246 21.1603 1.8
    endloop
  endfacet
  facet normal 0 0 1
    outer loop
      vertex 28.3684 22.1638 1.8
      vertex 28.3684 -22.1638 1.8
      vertex 29.1246 -21.1603 1.8
    endloop
  endfacet
  facet normal 0 0 1
    outer loop
      vertex 27.5776 23.1404 1.8
      vertex 28.3684 -22.1638 1.8
      vertex 28.3684 22.1638 1.8
    endloop
  endfacet
  facet normal 0 0 1
    outer loop
      vertex 27.5776 23.1404 1.8
      vertex 27.5776 -23.1404 1.8
      vertex 28.3684 -22.1638 1.8
    endloop
  endfacet
  facet normal 0 0 1
    outer loop
      vertex 26.7532 24.0887 1.8
      vertex 27.5776 -23.1404 1.8
      vertex 27.5776 23.1404 1.8
    endloop
  endfacet
  facet normal 0 0 1
    outer loop
      vertex 26.7532 24.0887 1.8
      vertex 26.7532 -24.0887 1.8
      vertex 27.5776 -23.1404 1.8
    endloop
  endfacet
  facet normal 0 0 1
    outer loop
      vertex 25.8962 25.0077 1.8
      vertex 26.7532 -24.0887 1.8
      vertex 26.7532 24.0887 1.8
    endloop
  endfacet
  facet normal 0 0 1
    outer loop
      vertex 25.8962 25.0077 1.8
      vertex 25.8962 -25.0077 1.8
      vertex 26.7532 -24.0887 1.8
    endloop
  endfacet
  facet normal 0 0 1
    outer loop
      vertex 25.0077 25.8962 1.8
      vertex 25.8962 -25.0077 1.8
      vertex 25.8962 25.0077 1.8
    endloop
  endfacet
  facet normal 0 0 1
    outer loop
      vertex 25.0077 25.8962 1.8
      vertex 25.0077 -25.8962 1.8
      vertex 25.8962 -25.0077 1.8
    endloop
  endfacet
  facet normal 0 0 1
    outer loop
      vertex 24.0887 26.7532 1.8
      vertex 25.0077 -25.8962 1.8
      vertex 25.0077 25.8962 1.8
    endloop
  endfacet
  facet normal 0 0 1
    outer loop
      vertex 24.0887 26.7532 1.8
      vertex 24.0887 -26.7532 1.8
      vertex 25.0077 -25.8962 1.8
    endloop
  endfacet
  facet normal 0 0 1
    outer loop
      vertex 23.1404 27.5776 1.8
      vertex 24.0887 -26.7532 1.8
      vertex 24.0887 26.7532 1.8
    endloop
  endfacet
  facet normal 0 0 1
    outer loop
      vertex 23.1404 27.5776 1.8
      vertex 23.1404 -27.5776 1.8
      vertex 24.0887 -26.7532 1.8
    endloop
  endfacet
  facet normal 0 0 1
    outer loop
      vertex 22.1638 28.3684 1.8
      vertex 23.1404 -27.5776 1.8
      vertex 23.1404 27.5776 1.8
    endloop
  endfacet
  facet normal 0 0 1
    outer loop
      vertex 22.1638 28.3684 1.8
      vertex 22.1638 -28.3684 1.8
      vertex 23.1404 -27.5776 1.8
    endloop
  endfacet
  facet normal 0 0 1
    outer loop
      vertex 21.1603 29.1246 1.8
      vertex 22.1638 -28.3684 1.8
      vertex 22.1638 28.3684 1.8
    endloop
  endfacet
  facet normal 0 0 1
    outer loop
      vertex 21.1603 29.1246 1.8
      vertex 21.1603 -29.1246 1.8
      vertex 22.1638 -28.3684 1.8
    endloop
  endfacet
  facet normal 0 0 1
    outer loop
      vertex 20.1309 29.8454 1.8
      vertex 21.1603 -29.1246 1.8
      vertex 21.1603 29.1246 1.8
    endloop
  endfacet
  facet normal 0 0 1
    outer loop
      vertex 20.1309 29.8454 1.8
      vertex 20.1309 -29.8454 1.8
      vertex 21.1603 -29.1246 1.8
    endloop
  endfacet
  facet normal 0 0 1
    outer loop
      vertex 19.0771 30.5297 1.8
      vertex 20.1309 -29.8454 1.8
      vertex 20.1309 29.8454 1.8
    endloop
  endfacet
  facet normal 0 0 1
    outer loop
      vertex 19.0771 30.5297 1.8
      vertex 19.0771 -30.5297 1.8
      vertex 20.1309 -29.8454 1.8
    endloop
  endfacet
  facet normal 0 0 1
    outer loop
      vertex 18 31.1769 1.8
      vertex 19.0771 -30.5297 1.8
      vertex 19.0771 30.5297 1.8
    endloop
  endfacet
  facet normal 0 0 1
    outer loop
      vertex 18 31.1769 1.8
      vertex 18 -31.1769 1.8
      vertex 19.0771 -30.5297 1.8
    endloop
  endfacet
  facet normal 0 0 1
    outer loop
      vertex 16.901 31.7861 1.8
      vertex 18 -31.1769 1.8
      vertex 18 31.1769 1.8
    endloop
  endfacet
  facet normal 0 0 1
    outer loop
      vertex 16.901 31.7861 1.8
      vertex 16.901 -31.7861 1.8
      vertex 18 -31.1769 1.8
    endloop
  endfacet
  facet normal 0 0 1
    outer loop
      vertex 15.7814 32.3566 1.8
      vertex 16.901 -31.7861 1.8
      vertex 16.901 31.7861 1.8
    endloop
  endfacet
  facet normal 0 0 1
    outer loop
      vertex 15.7814 32.3566 1.8
      vertex 15.7814 -32.3566 1.8
      vertex 16.901 -31.7861 1.8
    endloop
  endfacet
  facet normal 0 0 1
    outer loop
      vertex 14.6425 32.8876 1.8
      vertex 15.7814 -32.3566 1.8
      vertex 15.7814 32.3566 1.8
    endloop
  endfacet
  facet normal 0 0 1
    outer loop
      vertex 14.6425 32.8876 1.8
      vertex 14.6425 -32.8876 1.8
      vertex 15.7814 -32.3566 1.8
    endloop
  endfacet
  facet normal 0 0 1
    outer loop
      vertex 13.4858 33.3786 1.8
      vertex 14.6425 -32.8876 1.8
      vertex 14.6425 32.8876 1.8
    endloop
  endfacet
  facet normal 0 0 1
    outer loop
      vertex 13.4858 33.3786 1.8
      vertex 13.4858 -33.3786 1.8
      vertex 14.6425 -32.8876 1.8
    endloop
  endfacet
  facet normal 0 0 1
    outer loop
      vertex 12.3127 33.8289 1.8
      vertex 13.4858 -33.3786 1.8
      vertex 13.4858 33.3786 1.8
    endloop
  endfacet
  facet normal 0 0 1
    outer loop
      vertex 12.3127 33.8289 1.8
      vertex 12.3127 -33.8289 1.8
      vertex 13.4858 -33.3786 1.8
    endloop
  endfacet
  facet normal 0 0 1
    outer loop
      vertex 11.1246 34.238 1.8
      vertex 12.3127 -33.8289 1.8
      vertex 12.3127 33.8289 1.8
    endloop
  endfacet
  facet normal 0 0 1
    outer loop
      vertex 11.1246 34.238 1.8
      vertex 11.1246 -34.238 1.8
      vertex 12.3127 -33.8289 1.8
    endloop
  endfacet
  facet normal 0 0 1
    outer loop
      vertex 9.92294 34.6054 1.8
      vertex 11.1246 -34.238 1.8
      vertex 11.1246 34.238 1.8
    endloop
  endfacet
  facet normal 0 0 1
    outer loop
      vertex 9.92294 34.6054 1.8
      vertex 9.92294 -34.6054 1.8
      vertex 11.1246 -34.238 1.8
    endloop
  endfacet
  facet normal 0 0 1
    outer loop
      vertex 8.70919 34.9306 1.8
      vertex 9.92294 -34.6054 1.8
      vertex 9.92294 34.6054 1.8
    endloop
  endfacet
  facet normal 0 0 1
    outer loop
      vertex 8.70919 34.9306 1.8
      vertex 8.70919 -34.9306 1.8
      vertex 9.92294 -34.6054 1.8
    endloop
  endfacet
  facet normal 0 0 1
    outer loop
      vertex 7.48482 35.2133 1.8
      vertex 8.70919 -34.9306 1.8
      vertex 8.70919 34.9306 1.8
    endloop
  endfacet
  facet normal 0 0 1
    outer loop
      vertex 7.48482 35.2133 1.8
      vertex 7.48482 -35.2133 1.8
      vertex 8.70919 -34.9306 1.8
    endloop
  endfacet
  facet normal 0 0 1
    outer loop
      vertex 6.25133 35.4531 1.8
      vertex 7.48482 -35.2133 1.8
      vertex 7.48482 35.2133 1.8
    endloop
  endfacet
  facet normal 0 0 1
    outer loop
      vertex 6.25133 35.4531 1.8
      vertex 6.25133 -35.4531 1.8
      vertex 7.48482 -35.2133 1.8
    endloop
  endfacet
  facet normal 0 0 1
    outer loop
      vertex 5.01023 35.6497 1.8
      vertex 6.25133 -35.4531 1.8
      vertex 6.25133 35.4531 1.8
    endloop
  endfacet
  facet normal 0 0 1
    outer loop
      vertex 5.01023 35.6497 1.8
      vertex 5.01023 -35.6497 1.8
      vertex 6.25133 -35.4531 1.8
    endloop
  endfacet
  facet normal 0 0 1
    outer loop
      vertex 3.76302 35.8028 1.8
      vertex 5.01023 -35.6497 1.8
      vertex 5.01023 35.6497 1.8
    endloop
  endfacet
  facet normal 0 0 1
    outer loop
      vertex 3.76302 35.8028 1.8
      vertex 3.76302 -35.8028 1.8
      vertex 5.01023 -35.6497 1.8
    endloop
  endfacet
  facet normal 0 0 1
    outer loop
      vertex 2.51123 35.9123 1.8
      vertex 3.76302 -35.8028 1.8
      vertex 3.76302 35.8028 1.8
    endloop
  endfacet
  facet normal 0 0 1
    outer loop
      vertex 2.51123 35.9123 1.8
      vertex 2.51123 -35.9123 1.8
      vertex 3.76302 -35.8028 1.8
    endloop
  endfacet
  facet normal 0 0 1
    outer loop
      vertex 1.25638 35.9781 1.8
      vertex 2.51123 -35.9123 1.8
      vertex 2.51123 35.9123 1.8
    endloop
  endfacet
  facet normal 0 0 1
    outer loop
      vertex 1.25638 35.9781 1.8
      vertex 1.25638 -35.9781 1.8
      vertex 2.51123 -35.9123 1.8
    endloop
  endfacet
  facet normal 0 0 1
    outer loop
      vertex 0 36 1.8
      vertex 1.25638 -35.9781 1.8
      vertex 1.25638 35.9781 1.8
    endloop
  endfacet
  facet normal 0 0 1
    outer loop
      vertex 0 36 1.8
      vertex 0 -36 1.8
      vertex 1.25638 -35.9781 1.8
    endloop
  endfacet
  facet normal -0 0 1
    outer loop
      vertex -1.25638 35.9781 1.8
      vertex 0 -36 1.8
      vertex 0 36 1.8
    endloop
  endfacet
  facet normal 0 0 1
    outer loop
      vertex -1.25638 35.9781 1.8
      vertex -1.25638 -35.9781 1.8
      vertex 0 -36 1.8
    endloop
  endfacet
  facet normal -0 0 1
    outer loop
      vertex -2.51123 35.9123 1.8
      vertex -1.25638 -35.9781 1.8
      vertex -1.25638 35.9781 1.8
    endloop
  endfacet
  facet normal 0 0 1
    outer loop
      vertex -2.51123 35.9123 1.8
      vertex -2.51123 -35.9123 1.8
      vertex -1.25638 -35.9781 1.8
    endloop
  endfacet
  facet normal -0 0 1
    outer loop
      vertex -3.76302 35.8028 1.8
      vertex -2.51123 -35.9123 1.8
      vertex -2.51123 35.9123 1.8
    endloop
  endfacet
  facet normal 0 0 1
    outer loop
      vertex -3.76302 35.8028 1.8
      vertex -3.76302 -35.8028 1.8
      vertex -2.51123 -35.9123 1.8
    endloop
  endfacet
  facet normal -0 0 1
    outer loop
      vertex -5.01023 35.6497 1.8
      vertex -3.76302 -35.8028 1.8
      vertex -3.76302 35.8028 1.8
    endloop
  endfacet
  facet normal 0 0 1
    outer loop
      vertex -5.01023 35.6497 1.8
      vertex -5.01023 -35.6497 1.8
      vertex -3.76302 -35.8028 1.8
    endloop
  endfacet
  facet normal -0 0 1
    outer loop
      vertex -6.25133 35.4531 1.8
      vertex -5.01023 -35.6497 1.8
      vertex -5.01023 35.6497 1.8
    endloop
  endfacet
  facet normal 0 0 1
    outer loop
      vertex -6.25133 35.4531 1.8
      vertex -6.25133 -35.4531 1.8
      vertex -5.01023 -35.6497 1.8
    endloop
  endfacet
  facet normal -0 0 1
    outer loop
      vertex -7.48482 35.2133 1.8
      vertex -6.25133 -35.4531 1.8
      vertex -6.25133 35.4531 1.8
    endloop
  endfacet
  facet normal 0 0 1
    outer loop
      vertex -7.48482 35.2133 1.8
      vertex -7.48482 -35.2133 1.8
      vertex -6.25133 -35.4531 1.8
    endloop
  endfacet
  facet normal -0 0 1
    outer loop
      vertex -8.70919 34.9306 1.8
      vertex -7.48482 -35.2133 1.8
      vertex -7.48482 35.2133 1.8
    endloop
  endfacet
  facet normal 0 0 1
    outer loop
      vertex -8.70919 34.9306 1.8
      vertex -8.70919 -34.9306 1.8
      vertex -7.48482 -35.2133 1.8
    endloop
  endfacet
  facet normal -0 0 1
    outer loop
      vertex -9.92294 34.6054 1.8
      vertex -8.70919 -34.9306 1.8
      vertex -8.70919 34.9306 1.8
    endloop
  endfacet
  facet normal 0 0 1
    outer loop
      vertex -9.92294 34.6054 1.8
      vertex -9.92294 -34.6054 1.8
      vertex -8.70919 -34.9306 1.8
    endloop
  endfacet
  facet normal -0 0 1
    outer loop
      vertex -11.1246 34.238 1.8
      vertex -9.92294 -34.6054 1.8
      vertex -9.92294 34.6054 1.8
    endloop
  endfacet
  facet normal 0 0 1
    outer loop
      vertex -11.1246 34.238 1.8
      vertex -11.1246 -34.238 1.8
      vertex -9.92294 -34.6054 1.8
    endloop
  endfacet
  facet normal -0 0 1
    outer loop
      vertex -12.3127 33.8289 1.8
      vertex -11.1246 -34.238 1.8
      vertex -11.1246 34.238 1.8
    endloop
  endfacet
  facet normal 0 0 1
    outer loop
      vertex -12.3127 33.8289 1.8
      vertex -12.3127 -33.8289 1.8
      vertex -11.1246 -34.238 1.8
    endloop
  endfacet
  facet normal -0 0 1
    outer loop
      vertex -13.4858 33.3786 1.8
      vertex -12.3127 -33.8289 1.8
      vertex -12.3127 33.8289 1.8
    endloop
  endfacet
  facet normal 0 0 1
    outer loop
      vertex -13.4858 33.3786 1.8
      vertex -13.4858 -33.3786 1.8
      vertex -12.3127 -33.8289 1.8
    endloop
  endfacet
  facet normal -0 0 1
    outer loop
      vertex -14.6425 32.8876 1.8
      vertex -13.4858 -33.3786 1.8
      vertex -13.4858 33.3786 1.8
    endloop
  endfacet
  facet normal 0 0 1
    outer loop
      vertex -14.6425 32.8876 1.8
      vertex -14.6425 -32.8876 1.8
      vertex -13.4858 -33.3786 1.8
    endloop
  endfacet
  facet normal -0 0 1
    outer loop
      vertex -15.7814 32.3566 1.8
      vertex -14.6425 -32.8876 1.8
      vertex -14.6425 32.8876 1.8
    endloop
  endfacet
  facet normal 0 0 1
    outer loop
      vertex -15.7814 32.3566 1.8
      vertex -15.7814 -32.3566 1.8
      vertex -14.6425 -32.8876 1.8
    endloop
  endfacet
  facet normal -0 0 1
    outer loop
      vertex -16.901 31.7861 1.8
      vertex -15.7814 -32.3566 1.8
      vertex -15.7814 32.3566 1.8
    endloop
  endfacet
  facet normal 0 0 1
    outer loop
      vertex -16.901 31.7861 1.8
      vertex -16.901 -31.7861 1.8
      vertex -15.7814 -32.3566 1.8
    endloop
  endfacet
  facet normal -0 0 1
    outer loop
      vertex -18 31.1769 1.8
      vertex -16.901 -31.7861 1.8
      vertex -16.901 31.7861 1.8
    endloop
  endfacet
  facet normal 0 0 1
    outer loop
      vertex -18 31.1769 1.8
      vertex -18 -31.1769 1.8
      vertex -16.901 -31.7861 1.8
    endloop
  endfacet
  facet normal -0 0 1
    outer loop
      vertex -19.0771 30.5297 1.8
      vertex -18 -31.1769 1.8
      vertex -18 31.1769 1.8
    endloop
  endfacet
  facet normal 0 0 1
    outer loop
      vertex -19.0771 30.5297 1.8
      vertex -19.0771 -30.5297 1.8
      vertex -18 -31.1769 1.8
    endloop
  endfacet
  facet normal -0 0 1
    outer loop
      vertex -20.1309 29.8454 1.8
      vertex -19.0771 -30.5297 1.8
      vertex -19.0771 30.5297 1.8
    endloop
  endfacet
  facet normal 0 0 1
    outer loop
      vertex -20.1309 29.8454 1.8
      vertex -20.1309 -29.8454 1.8
      vertex -19.0771 -30.5297 1.8
    endloop
  endfacet
  facet normal -0 0 1
    outer loop
      vertex -21.1603 29.1246 1.8
      vertex -20.1309 -29.8454 1.8
      vertex -20.1309 29.8454 1.8
    endloop
  endfacet
  facet normal 0 0 1
    outer loop
      vertex -21.1603 29.1246 1.8
      vertex -21.1603 -29.1246 1.8
      vertex -20.1309 -29.8454 1.8
    endloop
  endfacet
  facet normal -0 0 1
    outer loop
      vertex -22.1638 28.3684 1.8
      vertex -21.1603 -29.1246 1.8
      vertex -21.1603 29.1246 1.8
    endloop
  endfacet
  facet normal 0 0 1
    outer loop
      vertex -22.1638 28.3684 1.8
      vertex -22.1638 -28.3684 1.8
      vertex -21.1603 -29.1246 1.8
    endloop
  endfacet
  facet normal -0 0 1
    outer loop
      vertex -23.1404 27.5776 1.8
      vertex -22.1638 -28.3684 1.8
      vertex -22.1638 28.3684 1.8
    endloop
  endfacet
  facet normal 0 0 1
    outer loop
      vertex -23.1404 27.5776 1.8
      vertex -23.1404 -27.5776 1.8
      vertex -22.1638 -28.3684 1.8
    endloop
  endfacet
  facet normal -0 0 1
    outer loop
      vertex -24.0887 26.7532 1.8
      vertex -23.1404 -27.5776 1.8
      vertex -23.1404 27.5776 1.8
    endloop
  endfacet
  facet normal 0 0 1
    outer loop
      vertex -24.0887 26.7532 1.8
      vertex -24.0887 -26.7532 1.8
      vertex -23.1404 -27.5776 1.8
    endloop
  endfacet
  facet normal -0 0 1
    outer loop
      vertex -25.0077 25.8962 1.8
      vertex -24.0887 -26.7532 1.8
      vertex -24.0887 26.7532 1.8
    endloop
  endfacet
  facet normal 0 0 1
    outer loop
      vertex -25.0077 25.8962 1.8
      vertex -25.0077 -25.8962 1.8
      vertex -24.0887 -26.7532 1.8
    endloop
  endfacet
  facet normal -0 0 1
    outer loop
      vertex -25.8962 25.0077 1.8
      vertex -25.0077 -25.8962 1.8
      vertex -25.0077 25.8962 1.8
    endloop
  endfacet
  facet normal 0 0 1
    outer loop
      vertex -25.8962 25.0077 1.8
      vertex -25.8962 -25.0077 1.8
      vertex -25.0077 -25.8962 1.8
    endloop
  endfacet
  facet normal -0 0 1
    outer loop
      vertex -26.7532 24.0887 1.8
      vertex -25.8962 -25.0077 1.8
      vertex -25.8962 25.0077 1.8
    endloop
  endfacet
  facet normal 0 0 1
    outer loop
      vertex -26.7532 24.0887 1.8
      vertex -26.7532 -24.0887 1.8
      vertex -25.8962 -25.0077 1.8
    endloop
  endfacet
  facet normal -0 0 1
    outer loop
      vertex -27.5776 23.1404 1.8
      vertex -26.7532 -24.0887 1.8
      vertex -26.7532 24.0887 1.8
    endloop
  endfacet
  facet normal 0 0 1
    outer loop
      vertex -27.5776 23.1404 1.8
      vertex -27.5776 -23.1404 1.8
      vertex -26.7532 -24.0887 1.8
    endloop
  endfacet
  facet normal -0 0 1
    outer loop
      vertex -28.3684 22.1638 1.8
      vertex -27.5776 -23.1404 1.8
      vertex -27.5776 23.1404 1.8
    endloop
  endfacet
  facet normal 0 0 1
    outer loop
      vertex -28.3684 22.1638 1.8
      vertex -28.3684 -22.1638 1.8
      vertex -27.5776 -23.1404 1.8
    endloop
  endfacet
  facet normal -0 0 1
    outer loop
      vertex -29.1246 21.1603 1.8
      vertex -28.3684 -22.1638 1.8
      vertex -28.3684 22.1638 1.8
    endloop
  endfacet
  facet normal 0 0 1
    outer loop
      vertex -29.1246 21.1603 1.8
      vertex -29.1246 -21.1603 1.8
      vertex -28.3684 -22.1638 1.8
    endloop
  endfacet
  facet normal -0 0 1
    outer loop
      vertex -29.8454 20.1309 1.8
      vertex -29.1246 -21.1603 1.8
      vertex -29.1246 21.1603 1.8
    endloop
  endfacet
  facet normal 0 0 1
    outer loop
      vertex -29.8454 20.1309 1.8
      vertex -29.8454 -20.1309 1.8
      vertex -29.1246 -21.1603 1.8
    endloop
  endfacet
  facet normal -0 0 1
    outer loop
      vertex -30.5297 19.0771 1.8
      vertex -29.8454 -20.1309 1.8
      vertex -29.8454 20.1309 1.8
    endloop
  endfacet
  facet normal 0 0 1
    outer loop
      vertex -30.5297 19.0771 1.8
      vertex -30.5297 -19.0771 1.8
      vertex -29.8454 -20.1309 1.8
    endloop
  endfacet
  facet normal -0 0 1
    outer loop
      vertex -31.1769 18 1.8
      vertex -30.5297 -19.0771 1.8
      vertex -30.5297 19.0771 1.8
    endloop
  endfacet
  facet normal 0 0 1
    outer loop
      vertex -31.1769 18 1.8
      vertex -31.1769 -18 1.8
      vertex -30.5297 -19.0771 1.8
    endloop
  endfacet
  facet normal -0 0 1
    outer loop
      vertex -31.7861 16.901 1.8
      vertex -31.1769 -18 1.8
      vertex -31.1769 18 1.8
    endloop
  endfacet
  facet normal 0 0 1
    outer loop
      vertex -31.7861 16.901 1.8
      vertex -31.7861 -16.901 1.8
      vertex -31.1769 -18 1.8
    endloop
  endfacet
  facet normal -0 0 1
    outer loop
      vertex -32.3566 15.7814 1.8
      vertex -31.7861 -16.901 1.8
      vertex -31.7861 16.901 1.8
    endloop
  endfacet
  facet normal 0 0 1
    outer loop
      vertex -32.3566 15.7814 1.8
      vertex -32.3566 -15.7814 1.8
      vertex -31.7861 -16.901 1.8
    endloop
  endfacet
  facet normal -0 0 1
    outer loop
      vertex -32.8876 14.6425 1.8
      vertex -32.3566 -15.7814 1.8
      vertex -32.3566 15.7814 1.8
    endloop
  endfacet
  facet normal 0 0 1
    outer loop
      vertex -32.8876 14.6425 1.8
      vertex -32.8876 -14.6425 1.8
      vertex -32.3566 -15.7814 1.8
    endloop
  endfacet
  facet normal -0 0 1
    outer loop
      vertex -33.3786 13.4858 1.8
      vertex -32.8876 -14.6425 1.8
      vertex -32.8876 14.6425 1.8
    endloop
  endfacet
  facet normal 0 0 1
    outer loop
      vertex -33.3786 13.4858 1.8
      vertex -33.3786 -13.4858 1.8
      vertex -32.8876 -14.6425 1.8
    endloop
  endfacet
  facet normal -0 0 1
    outer loop
      vertex -33.8289 12.3127 1.8
      vertex -33.3786 -13.4858 1.8
      vertex -33.3786 13.4858 1.8
    endloop
  endfacet
  facet normal 0 0 1
    outer loop
      vertex -33.8289 12.3127 1.8
      vertex -33.8289 -12.3127 1.8
      vertex -33.3786 -13.4858 1.8
    endloop
  endfacet
  facet normal -0 0 1
    outer loop
      vertex -34.238 11.1246 1.8
      vertex -33.8289 -12.3127 1.8
      vertex -33.8289 12.3127 1.8
    endloop
  endfacet
  facet normal 0 0 1
    outer loop
      vertex -34.238 11.1246 1.8
      vertex -34.238 -11.1246 1.8
      vertex -33.8289 -12.3127 1.8
    endloop
  endfacet
  facet normal -0 0 1
    outer loop
      vertex -34.6054 9.92294 1.8
      vertex -34.238 -11.1246 1.8
      vertex -34.238 11.1246 1.8
    endloop
  endfacet
  facet normal 0 0 1
    outer loop
      vertex -34.6054 9.92294 1.8
      vertex -34.6054 -9.92294 1.8
      vertex -34.238 -11.1246 1.8
    endloop
  endfacet
  facet normal -0 0 1
    outer loop
      vertex -34.9306 8.70919 1.8
      vertex -34.6054 -9.92294 1.8
      vertex -34.6054 9.92294 1.8
    endloop
  endfacet
  facet normal 0 0 1
    outer loop
      vertex -34.9306 8.70919 1.8
      vertex -34.9306 -8.70919 1.8
      vertex -34.6054 -9.92294 1.8
    endloop
  endfacet
  facet normal -0 0 1
    outer loop
      vertex -35.2133 7.48482 1.8
      vertex -34.9306 -8.70919 1.8
      vertex -34.9306 8.70919 1.8
    endloop
  endfacet
  facet normal 0 0 1
    outer loop
      vertex -35.2133 7.48482 1.8
      vertex -35.2133 -7.48482 1.8
      vertex -34.9306 -8.70919 1.8
    endloop
  endfacet
  facet normal -0 0 1
    outer loop
      vertex -35.4531 6.25133 1.8
      vertex -35.2133 -7.48482 1.8
      vertex -35.2133 7.48482 1.8
    endloop
  endfacet
  facet normal 0 0 1
    outer loop
      vertex -35.4531 6.25133 1.8
      vertex -35.4531 -6.25133 1.8
      vertex -35.2133 -7.48482 1.8
    endloop
  endfacet
  facet normal -0 0 1
    outer loop
      vertex -35.6497 5.01023 1.8
      vertex -35.4531 -6.25133 1.8
      vertex -35.4531 6.25133 1.8
    endloop
  endfacet
  facet normal 0 0 1
    outer loop
      vertex -35.6497 5.01023 1.8
      vertex -35.6497 -5.01023 1.8
      vertex -35.4531 -6.25133 1.8
    endloop
  endfacet
  facet normal -0 0 1
    outer loop
      vertex -35.8028 3.76302 1.8
      vertex -35.6497 -5.01023 1.8
      vertex -35.6497 5.01023 1.8
    endloop
  endfacet
  facet normal 0 0 1
    outer loop
      vertex -35.8028 3.76302 1.8
      vertex -35.8028 -3.76302 1.8
      vertex -35.6497 -5.01023 1.8
    endloop
  endfacet
  facet normal -0 0 1
    outer loop
      vertex -35.9123 2.51123 1.8
      vertex -35.8028 -3.76302 1.8
      vertex -35.8028 3.76302 1.8
    endloop
  endfacet
  facet normal 0 0 1
    outer loop
      vertex -35.9123 2.51123 1.8
      vertex -35.9123 -2.51123 1.8
      vertex -35.8028 -3.76302 1.8
    endloop
  endfacet
  facet normal -0 0 1
    outer loop
      vertex -35.9781 1.25638 1.8
      vertex -35.9123 -2.51123 1.8
      vertex -35.9123 2.51123 1.8
    endloop
  endfacet
  facet normal 0 0 1
    outer loop
      vertex -35.9781 1.25638 1.8
      vertex -35.9781 -1.25638 1.8
      vertex -35.9123 -2.51123 1.8
    endloop
  endfacet
  facet normal 0 -0 1
    outer loop
      vertex -35.9781 -1.25638 1.8
      vertex -35.9781 1.25638 1.8
      vertex -36 0 1.8
    endloop
  endfacet
  facet normal 0.987685 0.156457 0
    outer loop
      vertex -35.4531 -6.25133 4.5
      vertex -35.6497 -5.01023 1.8
      vertex -35.6497 -5.01023 4.5
    endloop
  endfacet
  facet normal 0.987685 0.156457 0
    outer loop
      vertex -35.6497 -5.01023 1.8
      vertex -35.4531 -6.25133 4.5
      vertex -35.4531 -6.25133 1.8
    endloop
  endfacet
  facet normal 0.974364 0.224975 0
    outer loop
      vertex -34.9306 -8.70919 4.5
      vertex -35.2133 -7.48482 1.8
      vertex -35.2133 -7.48482 4.5
    endloop
  endfacet
  facet normal 0.974364 0.224975 0
    outer loop
      vertex -35.2133 -7.48482 1.8
      vertex -34.9306 -8.70919 4.5
      vertex -34.9306 -8.70919 1.8
    endloop
  endfacet
  facet normal 0.798632 0.601819 0
    outer loop
      vertex -28.3684 -22.1638 4.5
      vertex -29.1246 -21.1603 1.8
      vertex -29.1246 -21.1603 4.5
    endloop
  endfacet
  facet normal 0.798632 0.601819 0
    outer loop
      vertex -29.1246 -21.1603 1.8
      vertex -28.3684 -22.1638 4.5
      vertex -28.3684 -22.1638 1.8
    endloop
  endfacet
  facet normal 0.874615 -0.484818 0
    outer loop
      vertex -31.7861 16.901 4.5
      vertex -31.1769 18 1.8
      vertex -31.1769 18 4.5
    endloop
  endfacet
  facet normal 0.874615 -0.484818 0
    outer loop
      vertex -31.1769 18 1.8
      vertex -31.7861 16.901 4.5
      vertex -31.7861 16.901 1.8
    endloop
  endfacet
  facet normal 0.920502 -0.390738 0
    outer loop
      vertex -33.3786 13.4858 4.5
      vertex -32.8876 14.6425 1.8
      vertex -32.8876 14.6425 4.5
    endloop
  endfacet
  facet normal 0.920502 -0.390738 0
    outer loop
      vertex -32.8876 14.6425 1.8
      vertex -33.3786 13.4858 4.5
      vertex -33.3786 13.4858 1.8
    endloop
  endfacet
endsolid OpenSCAD_Model
