solid OpenSCAD_Model
  facet normal 0.999851 -0.0172825 0
    outer loop
      vertex 38.5765 -1.34712 32.48
      vertex 38.5825 -1 30
      vertex 38.5825 -1 32.48
    endloop
  endfacet
  facet normal 0.999851 -0.0172825 0
    outer loop
      vertex 38.5825 -1 30
      vertex 38.5765 -1.34712 32.48
      vertex 38.5765 -1.34712 30
    endloop
  endfacet
  facet normal 0.999851 0.0172825 0
    outer loop
      vertex 38.5825 1 32.48
      vertex 38.5765 1.34712 30
      vertex 38.5765 1.34712 32.48
    endloop
  endfacet
  facet normal 0.999851 0.0172825 0
    outer loop
      vertex 38.5765 1.34712 30
      vertex 38.5825 1 32.48
      vertex 38.5825 1 30
    endloop
  endfacet
  facet normal -0.999848 0.017442 0
    outer loop
      vertex -38.6 0 30
      vertex -38.5765 1.34712 32.48
      vertex -38.5765 1.34712 30
    endloop
  endfacet
  facet normal -0.999848 0.017442 0
    outer loop
      vertex -38.5765 1.34712 32.48
      vertex -38.6 0 30
      vertex -38.6 0 32.48
    endloop
  endfacet
  facet normal -0.017442 0.999848 0
    outer loop
      vertex 0 38.6 30
      vertex -1.34712 38.5765 32.48
      vertex 0 38.6 32.48
    endloop
  endfacet
  facet normal -0.017442 0.999848 0
    outer loop
      vertex -1.34712 38.5765 32.48
      vertex 0 38.6 30
      vertex -1.34712 38.5765 30
    endloop
  endfacet
  facet normal -0.974367 -0.224964 0
    outer loop
      vertex -37.4534 -9.33818 30
      vertex -37.7565 -8.02539 32.48
      vertex -37.7565 -8.02539 30
    endloop
  endfacet
  facet normal -0.974367 -0.224964 0
    outer loop
      vertex -37.7565 -8.02539 32.48
      vertex -37.4534 -9.33818 30
      vertex -37.4534 -9.33818 32.48
    endloop
  endfacet
  facet normal 0.981625 -0.190822 0
    outer loop
      vertex 37.7565 -8.02539 32.48
      vertex 38.0136 -6.70282 30
      vertex 38.0136 -6.70282 32.48
    endloop
  endfacet
  facet normal 0.981625 -0.190822 0
    outer loop
      vertex 38.0136 -6.70282 30
      vertex 37.7565 -8.02539 32.48
      vertex 37.7565 -8.02539 30
    endloop
  endfacet
  facet normal 0.358352 -0.933586 0
    outer loop
      vertex 13.202 -36.2721 30
      vertex 14.4598 -35.7893 32.48
      vertex 13.202 -36.2721 32.48
    endloop
  endfacet
  facet normal 0.358352 -0.933586 0
    outer loop
      vertex 14.4598 -35.7893 32.48
      vertex 13.202 -36.2721 30
      vertex 14.4598 -35.7893 30
    endloop
  endfacet
  facet normal -0.707107 -0.707107 0
    outer loop
      vertex -26.8138 -27.7665 30
      vertex -27.7665 -26.8138 32.48
      vertex -27.7665 -26.8138 30
    endloop
  endfacet
  facet normal -0.707107 -0.707107 0
    outer loop
      vertex -27.7665 -26.8138 32.48
      vertex -26.8138 -27.7665 30
      vertex -26.8138 -27.7665 32.48
    endloop
  endfacet
  facet normal -0.999848 -0.017442 0
    outer loop
      vertex -38.5765 -1.34712 30
      vertex -38.6 0 32.48
      vertex -38.6 0 30
    endloop
  endfacet
  facet normal -0.999848 -0.017442 0
    outer loop
      vertex -38.6 0 32.48
      vertex -38.5765 -1.34712 30
      vertex -38.5765 -1.34712 32.48
    endloop
  endfacet
  facet normal 0.90631 -0.422613 0
    outer loop
      vertex 34.6935 -16.9211 32.48
      vertex 35.2629 -15.7 30
      vertex 35.2629 -15.7 32.48
    endloop
  endfacet
  facet normal 0.90631 -0.422613 0
    outer loop
      vertex 35.2629 -15.7 30
      vertex 34.6935 -16.9211 32.48
      vertex 34.6935 -16.9211 30
    endloop
  endfacet
  facet normal 0.707107 -0.707107 0
    outer loop
      vertex 26.8138 -27.7665 32.48
      vertex 27.7665 -26.8138 30
      vertex 27.7665 -26.8138 32.48
    endloop
  endfacet
  facet normal 0.707107 -0.707107 0
    outer loop
      vertex 27.7665 -26.8138 30
      vertex 26.8138 -27.7665 32.48
      vertex 26.8138 -27.7665 30
    endloop
  endfacet
  facet normal -0.0523259 -0.99863 0
    outer loop
      vertex -2.6926 -38.506 30
      vertex -1.34712 -38.5765 32.48
      vertex -2.6926 -38.506 32.48
    endloop
  endfacet
  facet normal -0.0523259 -0.99863 -0
    outer loop
      vertex -1.34712 -38.5765 32.48
      vertex -2.6926 -38.506 30
      vertex -1.34712 -38.5765 30
    endloop
  endfacet
  facet normal -0.707107 0.707107 0
    outer loop
      vertex -27.7665 26.8138 30
      vertex -26.8138 27.7665 32.48
      vertex -26.8138 27.7665 30
    endloop
  endfacet
  facet normal -0.707107 0.707107 0
    outer loop
      vertex -26.8138 27.7665 32.48
      vertex -27.7665 26.8138 30
      vertex -27.7665 26.8138 32.48
    endloop
  endfacet
  facet normal -0.838659 0.544657 0
    outer loop
      vertex -32.7347 20.4549 30
      vertex -32.0009 21.5848 32.48
      vertex -32.0009 21.5848 30
    endloop
  endfacet
  facet normal -0.838659 0.544657 0
    outer loop
      vertex -32.0009 21.5848 32.48
      vertex -32.7347 20.4549 30
      vertex -32.7347 20.4549 32.48
    endloop
  endfacet
  facet normal 0.121871 0.992546 -0
    outer loop
      vertex 5.37208 38.2243 30
      vertex 4.0348 38.3885 32.48
      vertex 5.37208 38.2243 32.48
    endloop
  endfacet
  facet normal 0.121871 0.992546 0
    outer loop
      vertex 4.0348 38.3885 32.48
      vertex 5.37208 38.2243 30
      vertex 4.0348 38.3885 30
    endloop
  endfacet
  facet normal -0.121871 0.992546 0
    outer loop
      vertex -4.0348 38.3885 30
      vertex -5.37208 38.2243 32.48
      vertex -4.0348 38.3885 32.48
    endloop
  endfacet
  facet normal -0.121871 0.992546 0
    outer loop
      vertex -5.37208 38.2243 32.48
      vertex -4.0348 38.3885 30
      vertex -5.37208 38.2243 30
    endloop
  endfacet
  facet normal -0.190822 0.981625 0
    outer loop
      vertex -6.70282 38.0136 30
      vertex -8.02539 37.7565 32.48
      vertex -6.70282 38.0136 32.48
    endloop
  endfacet
  facet normal -0.190822 0.981625 0
    outer loop
      vertex -8.02539 37.7565 32.48
      vertex -6.70282 38.0136 30
      vertex -8.02539 37.7565 30
    endloop
  endfacet
  facet normal -0.965929 -0.258809 0
    outer loop
      vertex -37.1047 -10.6396 30
      vertex -37.4534 -9.33818 32.48
      vertex -37.4534 -9.33818 30
    endloop
  endfacet
  facet normal -0.965929 -0.258809 0
    outer loop
      vertex -37.4534 -9.33818 32.48
      vertex -37.1047 -10.6396 30
      vertex -37.1047 -10.6396 32.48
    endloop
  endfacet
  facet normal -0.992546 -0.121871 0
    outer loop
      vertex -38.2243 -5.37208 30
      vertex -38.3885 -4.0348 32.48
      vertex -38.3885 -4.0348 30
    endloop
  endfacet
  facet normal -0.992546 -0.121871 0
    outer loop
      vertex -38.3885 -4.0348 32.48
      vertex -38.2243 -5.37208 30
      vertex -38.2243 -5.37208 32.48
    endloop
  endfacet
  facet normal -0 0 1
    outer loop
      vertex 38.5825 1 32.48
      vertex 39 -1 32.48
      vertex 39 1 32.48
    endloop
  endfacet
  facet normal 0 0 1
    outer loop
      vertex 38.5825 1 32.48
      vertex 38.5825 -1 32.48
      vertex 39 -1 32.48
    endloop
  endfacet
  facet normal -0 0 1
    outer loop
      vertex 36.9775 1.29128 32.48
      vertex 38.5825 1 32.48
      vertex 38.5765 1.34712 32.48
    endloop
  endfacet
  facet normal 0 0 1
    outer loop
      vertex 38.5825 1 32.48
      vertex 37 0 32.48
      vertex 38.5825 -1 32.48
    endloop
  endfacet
  facet normal 0 0 1
    outer loop
      vertex 36.9775 1.29128 32.48
      vertex 38.5765 1.34712 32.48
      vertex 38.506 2.6926 32.48
    endloop
  endfacet
  facet normal 0 0 1
    outer loop
      vertex 36.9775 -1.29128 32.48
      vertex 38.5825 -1 32.48
      vertex 37 0 32.48
    endloop
  endfacet
  facet normal 0 0 1
    outer loop
      vertex 36.9099 2.58099 32.48
      vertex 38.506 2.6926 32.48
      vertex 38.3885 4.0348 32.48
    endloop
  endfacet
  facet normal 0 0 1
    outer loop
      vertex 38.5825 -1 32.48
      vertex 36.9775 -1.29128 32.48
      vertex 38.5765 -1.34712 32.48
    endloop
  endfacet
  facet normal 0 0 1
    outer loop
      vertex 36.7973 3.86755 32.48
      vertex 38.3885 4.0348 32.48
      vertex 38.2243 5.37208 32.48
    endloop
  endfacet
  facet normal 0 0 1
    outer loop
      vertex 38.5765 -1.34712 32.48
      vertex 36.9775 -1.29128 32.48
      vertex 38.506 -2.6926 32.48
    endloop
  endfacet
  facet normal 0 0 1
    outer loop
      vertex 36.6399 5.1494 32.48
      vertex 38.2243 5.37208 32.48
      vertex 38.0136 6.70282 32.48
    endloop
  endfacet
  facet normal -0 0 1
    outer loop
      vertex 36.9099 -2.58099 32.48
      vertex 38.506 -2.6926 32.48
      vertex 36.9775 -1.29128 32.48
    endloop
  endfacet
  facet normal 0 0 1
    outer loop
      vertex 36.4379 6.42498 32.48
      vertex 38.0136 6.70282 32.48
      vertex 37.7565 8.02539 32.48
    endloop
  endfacet
  facet normal 0 0 1
    outer loop
      vertex 38.506 -2.6926 32.48
      vertex 36.9099 -2.58099 32.48
      vertex 38.3885 -4.0348 32.48
    endloop
  endfacet
  facet normal 0 0 1
    outer loop
      vertex 36.1915 7.69273 32.48
      vertex 37.7565 8.02539 32.48
      vertex 37.4534 9.33818 32.48
    endloop
  endfacet
  facet normal -0 0 1
    outer loop
      vertex 36.7973 -3.86755 32.48
      vertex 38.3885 -4.0348 32.48
      vertex 36.9099 -2.58099 32.48
    endloop
  endfacet
  facet normal 0 0 1
    outer loop
      vertex 35.9009 8.95111 32.48
      vertex 37.4534 9.33818 32.48
      vertex 37.1047 10.6396 32.48
    endloop
  endfacet
  facet normal 0 0 1
    outer loop
      vertex 38.3885 -4.0348 32.48
      vertex 36.7973 -3.86755 32.48
      vertex 38.2243 -5.37208 32.48
    endloop
  endfacet
  facet normal -0 0 1
    outer loop
      vertex 36.6399 -5.1494 32.48
      vertex 38.2243 -5.37208 32.48
      vertex 36.7973 -3.86755 32.48
    endloop
  endfacet
  facet normal 0 0 1
    outer loop
      vertex 38.5825 1 32.48
      vertex 36.9775 1.29128 32.48
      vertex 37 0 32.48
    endloop
  endfacet
  facet normal 0 0 1
    outer loop
      vertex 38.506 2.6926 32.48
      vertex 36.9099 2.58099 32.48
      vertex 36.9775 1.29128 32.48
    endloop
  endfacet
  facet normal 0 0 1
    outer loop
      vertex 38.3885 4.0348 32.48
      vertex 36.7973 3.86755 32.48
      vertex 36.9099 2.58099 32.48
    endloop
  endfacet
  facet normal 0 0 1
    outer loop
      vertex 35.5667 10.1986 32.48
      vertex 37.1047 10.6396 32.48
      vertex 36.7108 11.9281 32.48
    endloop
  endfacet
  facet normal 0 0 1
    outer loop
      vertex 38.2243 5.37208 32.48
      vertex 36.6399 5.1494 32.48
      vertex 36.7973 3.86755 32.48
    endloop
  endfacet
  facet normal 0 0 1
    outer loop
      vertex 38.0136 6.70282 32.48
      vertex 36.4379 6.42498 32.48
      vertex 36.6399 5.1494 32.48
    endloop
  endfacet
  facet normal 0 0 1
    outer loop
      vertex 35.1891 11.4336 32.48
      vertex 36.7108 11.9281 32.48
      vertex 36.2721 13.202 32.48
    endloop
  endfacet
  facet normal 0 0 1
    outer loop
      vertex 37.7565 8.02539 32.48
      vertex 36.1915 7.69273 32.48
      vertex 36.4379 6.42498 32.48
    endloop
  endfacet
  facet normal 0 0 1
    outer loop
      vertex 37.4534 9.33818 32.48
      vertex 35.9009 8.95111 32.48
      vertex 36.1915 7.69273 32.48
    endloop
  endfacet
  facet normal 0 0 1
    outer loop
      vertex 34.7686 12.6547 32.48
      vertex 36.2721 13.202 32.48
      vertex 35.7893 14.4598 32.48
    endloop
  endfacet
  facet normal 0 0 1
    outer loop
      vertex 37.1047 10.6396 32.48
      vertex 35.5667 10.1986 32.48
      vertex 35.9009 8.95111 32.48
    endloop
  endfacet
  facet normal 0 0 1
    outer loop
      vertex 34.3058 13.8604 32.48
      vertex 35.7893 14.4598 32.48
      vertex 35.2629 15.7 32.48
    endloop
  endfacet
  facet normal 0 0 1
    outer loop
      vertex 36.7108 11.9281 32.48
      vertex 35.1891 11.4336 32.48
      vertex 35.5667 10.1986 32.48
    endloop
  endfacet
  facet normal 0 0 1
    outer loop
      vertex 36.2721 13.202 32.48
      vertex 34.7686 12.6547 32.48
      vertex 35.1891 11.4336 32.48
    endloop
  endfacet
  facet normal 0 0 1
    outer loop
      vertex 33.8012 15.0493 32.48
      vertex 35.2629 15.7 32.48
      vertex 34.6935 16.9211 32.48
    endloop
  endfacet
  facet normal 0 0 1
    outer loop
      vertex 35.7893 14.4598 32.48
      vertex 34.3058 13.8604 32.48
      vertex 34.7686 12.6547 32.48
    endloop
  endfacet
  facet normal 0 0 1
    outer loop
      vertex 33.2554 16.2197 32.48
      vertex 34.6935 16.9211 32.48
      vertex 34.0818 18.1216 32.48
    endloop
  endfacet
  facet normal 0 0 1
    outer loop
      vertex 35.2629 15.7 32.48
      vertex 33.8012 15.0493 32.48
      vertex 34.3058 13.8604 32.48
    endloop
  endfacet
  facet normal 0 0 1
    outer loop
      vertex 32.6691 17.3704 32.48
      vertex 34.0818 18.1216 32.48
      vertex 33.4286 19.3 32.48
    endloop
  endfacet
  facet normal 0 0 1
    outer loop
      vertex 34.6935 16.9211 32.48
      vertex 33.2554 16.2197 32.48
      vertex 33.8012 15.0493 32.48
    endloop
  endfacet
  facet normal 0 0 1
    outer loop
      vertex 32.0429 18.5 32.48
      vertex 33.4286 19.3 32.48
      vertex 32.7347 20.4549 32.48
    endloop
  endfacet
  facet normal 0 0 1
    outer loop
      vertex 34.0818 18.1216 32.48
      vertex 32.6691 17.3704 32.48
      vertex 33.2554 16.2197 32.48
    endloop
  endfacet
  facet normal 0 0 1
    outer loop
      vertex 33.4286 19.3 32.48
      vertex 32.0429 18.5 32.48
      vertex 32.6691 17.3704 32.48
    endloop
  endfacet
  facet normal 0 0 1
    outer loop
      vertex 31.3778 19.607 32.48
      vertex 32.7347 20.4549 32.48
      vertex 32.0009 21.5848 32.48
    endloop
  endfacet
  facet normal 0 0 1
    outer loop
      vertex 32.7347 20.4549 32.48
      vertex 31.3778 19.607 32.48
      vertex 32.0429 18.5 32.48
    endloop
  endfacet
  facet normal 0 0 1
    outer loop
      vertex 30.6744 20.6901 32.48
      vertex 32.0009 21.5848 32.48
      vertex 31.2281 22.6885 32.48
    endloop
  endfacet
  facet normal 0 0 1
    outer loop
      vertex 32.0009 21.5848 32.48
      vertex 30.6744 20.6901 32.48
      vertex 31.3778 19.607 32.48
    endloop
  endfacet
  facet normal 0 0 1
    outer loop
      vertex 29.9336 21.7481 32.48
      vertex 31.2281 22.6885 32.48
      vertex 30.4172 23.7645 32.48
    endloop
  endfacet
  facet normal 0 0 1
    outer loop
      vertex 31.2281 22.6885 32.48
      vertex 29.9336 21.7481 32.48
      vertex 30.6744 20.6901 32.48
    endloop
  endfacet
  facet normal 0 0 1
    outer loop
      vertex 29.1564 22.7795 32.48
      vertex 30.4172 23.7645 32.48
      vertex 29.5693 24.8116 32.48
    endloop
  endfacet
  facet normal 0 0 1
    outer loop
      vertex 30.4172 23.7645 32.48
      vertex 29.1564 22.7795 32.48
      vertex 29.9336 21.7481 32.48
    endloop
  endfacet
  facet normal 0 0 1
    outer loop
      vertex 28.3436 23.7831 32.48
      vertex 29.5693 24.8116 32.48
      vertex 28.6854 25.8284 32.48
    endloop
  endfacet
  facet normal 0 0 1
    outer loop
      vertex 29.5693 24.8116 32.48
      vertex 28.3436 23.7831 32.48
      vertex 29.1564 22.7795 32.48
    endloop
  endfacet
  facet normal 0 0 1
    outer loop
      vertex 27.4964 24.7578 32.48
      vertex 28.6854 25.8284 32.48
      vertex 27.7665 26.8138 32.48
    endloop
  endfacet
  facet normal 0 0 1
    outer loop
      vertex 28.6854 25.8284 32.48
      vertex 27.4964 24.7578 32.48
      vertex 28.3436 23.7831 32.48
    endloop
  endfacet
  facet normal 0 0 1
    outer loop
      vertex 26.6156 25.7024 32.48
      vertex 27.7665 26.8138 32.48
      vertex 26.8138 27.7665 32.48
    endloop
  endfacet
  facet normal 0 0 1
    outer loop
      vertex 27.7665 26.8138 32.48
      vertex 26.6156 25.7024 32.48
      vertex 27.4964 24.7578 32.48
    endloop
  endfacet
  facet normal 0 0 1
    outer loop
      vertex 25.7024 26.6156 32.48
      vertex 26.8138 27.7665 32.48
      vertex 25.8284 28.6854 32.48
    endloop
  endfacet
  facet normal 0 0 1
    outer loop
      vertex 26.8138 27.7665 32.48
      vertex 25.7024 26.6156 32.48
      vertex 26.6156 25.7024 32.48
    endloop
  endfacet
  facet normal 0 0 1
    outer loop
      vertex 24.7578 27.4964 32.48
      vertex 25.8284 28.6854 32.48
      vertex 24.8116 29.5693 32.48
    endloop
  endfacet
  facet normal 0 0 1
    outer loop
      vertex 25.8284 28.6854 32.48
      vertex 24.7578 27.4964 32.48
      vertex 25.7024 26.6156 32.48
    endloop
  endfacet
  facet normal 0 0 1
    outer loop
      vertex 24.8116 29.5693 32.48
      vertex 23.7831 28.3436 32.48
      vertex 24.7578 27.4964 32.48
    endloop
  endfacet
  facet normal 0 0 1
    outer loop
      vertex 23.7645 30.4172 32.48
      vertex 23.7831 28.3436 32.48
      vertex 24.8116 29.5693 32.48
    endloop
  endfacet
  facet normal 0 0 1
    outer loop
      vertex 23.7645 30.4172 32.48
      vertex 22.7795 29.1564 32.48
      vertex 23.7831 28.3436 32.48
    endloop
  endfacet
  facet normal 0 0 1
    outer loop
      vertex 22.6885 31.2281 32.48
      vertex 22.7795 29.1564 32.48
      vertex 23.7645 30.4172 32.48
    endloop
  endfacet
  facet normal 0 0 1
    outer loop
      vertex 22.6885 31.2281 32.48
      vertex 21.7481 29.9336 32.48
      vertex 22.7795 29.1564 32.48
    endloop
  endfacet
  facet normal 0 0 1
    outer loop
      vertex 21.5848 32.0009 32.48
      vertex 21.7481 29.9336 32.48
      vertex 22.6885 31.2281 32.48
    endloop
  endfacet
  facet normal 0 0 1
    outer loop
      vertex 21.5848 32.0009 32.48
      vertex 20.6901 30.6744 32.48
      vertex 21.7481 29.9336 32.48
    endloop
  endfacet
  facet normal 0 0 1
    outer loop
      vertex 20.4549 32.7347 32.48
      vertex 20.6901 30.6744 32.48
      vertex 21.5848 32.0009 32.48
    endloop
  endfacet
  facet normal 0 0 1
    outer loop
      vertex 20.4549 32.7347 32.48
      vertex 19.607 31.3778 32.48
      vertex 20.6901 30.6744 32.48
    endloop
  endfacet
  facet normal 0 0 1
    outer loop
      vertex 19.3 33.4286 32.48
      vertex 19.607 31.3778 32.48
      vertex 20.4549 32.7347 32.48
    endloop
  endfacet
  facet normal 0 0 1
    outer loop
      vertex 19.3 33.4286 32.48
      vertex 18.5 32.0429 32.48
      vertex 19.607 31.3778 32.48
    endloop
  endfacet
  facet normal 0 0 1
    outer loop
      vertex 18.1216 34.0818 32.48
      vertex 18.5 32.0429 32.48
      vertex 19.3 33.4286 32.48
    endloop
  endfacet
  facet normal 0 0 1
    outer loop
      vertex 18.1216 34.0818 32.48
      vertex 17.3704 32.6691 32.48
      vertex 18.5 32.0429 32.48
    endloop
  endfacet
  facet normal 0 0 1
    outer loop
      vertex 16.9211 34.6935 32.48
      vertex 17.3704 32.6691 32.48
      vertex 18.1216 34.0818 32.48
    endloop
  endfacet
  facet normal 0 0 1
    outer loop
      vertex 16.9211 34.6935 32.48
      vertex 16.2197 33.2554 32.48
      vertex 17.3704 32.6691 32.48
    endloop
  endfacet
  facet normal 0 0 1
    outer loop
      vertex 15.7 35.2629 32.48
      vertex 16.2197 33.2554 32.48
      vertex 16.9211 34.6935 32.48
    endloop
  endfacet
  facet normal 0 0 1
    outer loop
      vertex 15.7 35.2629 32.48
      vertex 15.0493 33.8012 32.48
      vertex 16.2197 33.2554 32.48
    endloop
  endfacet
  facet normal 0 0 1
    outer loop
      vertex 14.4598 35.7893 32.48
      vertex 15.0493 33.8012 32.48
      vertex 15.7 35.2629 32.48
    endloop
  endfacet
  facet normal 0 0 1
    outer loop
      vertex 14.4598 35.7893 32.48
      vertex 13.8604 34.3058 32.48
      vertex 15.0493 33.8012 32.48
    endloop
  endfacet
  facet normal 0 0 1
    outer loop
      vertex 13.202 36.2721 32.48
      vertex 13.8604 34.3058 32.48
      vertex 14.4598 35.7893 32.48
    endloop
  endfacet
  facet normal 0 0 1
    outer loop
      vertex 13.202 36.2721 32.48
      vertex 12.6547 34.7686 32.48
      vertex 13.8604 34.3058 32.48
    endloop
  endfacet
  facet normal 0 0 1
    outer loop
      vertex 11.9281 36.7108 32.48
      vertex 12.6547 34.7686 32.48
      vertex 13.202 36.2721 32.48
    endloop
  endfacet
  facet normal 0 0 1
    outer loop
      vertex 11.9281 36.7108 32.48
      vertex 11.4336 35.1891 32.48
      vertex 12.6547 34.7686 32.48
    endloop
  endfacet
  facet normal 0 0 1
    outer loop
      vertex 10.6396 37.1047 32.48
      vertex 11.4336 35.1891 32.48
      vertex 11.9281 36.7108 32.48
    endloop
  endfacet
  facet normal 0 0 1
    outer loop
      vertex 10.6396 37.1047 32.48
      vertex 10.1986 35.5667 32.48
      vertex 11.4336 35.1891 32.48
    endloop
  endfacet
  facet normal 0 0 1
    outer loop
      vertex 9.33818 37.4534 32.48
      vertex 10.1986 35.5667 32.48
      vertex 10.6396 37.1047 32.48
    endloop
  endfacet
  facet normal 0 0 1
    outer loop
      vertex 9.33818 37.4534 32.48
      vertex 8.95111 35.9009 32.48
      vertex 10.1986 35.5667 32.48
    endloop
  endfacet
  facet normal 0 0 1
    outer loop
      vertex 8.02539 37.7565 32.48
      vertex 8.95111 35.9009 32.48
      vertex 9.33818 37.4534 32.48
    endloop
  endfacet
  facet normal 0 0 1
    outer loop
      vertex 8.02539 37.7565 32.48
      vertex 7.69273 36.1915 32.48
      vertex 8.95111 35.9009 32.48
    endloop
  endfacet
  facet normal 0 0 1
    outer loop
      vertex 6.70282 38.0136 32.48
      vertex 7.69273 36.1915 32.48
      vertex 8.02539 37.7565 32.48
    endloop
  endfacet
  facet normal 0 0 1
    outer loop
      vertex 6.70282 38.0136 32.48
      vertex 6.42498 36.4379 32.48
      vertex 7.69273 36.1915 32.48
    endloop
  endfacet
  facet normal 0 0 1
    outer loop
      vertex 5.37208 38.2243 32.48
      vertex 6.42498 36.4379 32.48
      vertex 6.70282 38.0136 32.48
    endloop
  endfacet
  facet normal 0 0 1
    outer loop
      vertex 5.37208 38.2243 32.48
      vertex 5.1494 36.6399 32.48
      vertex 6.42498 36.4379 32.48
    endloop
  endfacet
  facet normal 0 0 1
    outer loop
      vertex 4.0348 38.3885 32.48
      vertex 5.1494 36.6399 32.48
      vertex 5.37208 38.2243 32.48
    endloop
  endfacet
  facet normal 0 0 1
    outer loop
      vertex 4.0348 38.3885 32.48
      vertex 3.86755 36.7973 32.48
      vertex 5.1494 36.6399 32.48
    endloop
  endfacet
  facet normal 0 0 1
    outer loop
      vertex 2.6926 38.506 32.48
      vertex 3.86755 36.7973 32.48
      vertex 4.0348 38.3885 32.48
    endloop
  endfacet
  facet normal 0 0 1
    outer loop
      vertex 2.6926 38.506 32.48
      vertex 2.58099 36.9099 32.48
      vertex 3.86755 36.7973 32.48
    endloop
  endfacet
  facet normal 0 0 1
    outer loop
      vertex 1.34712 38.5765 32.48
      vertex 2.58099 36.9099 32.48
      vertex 2.6926 38.506 32.48
    endloop
  endfacet
  facet normal 0 0 1
    outer loop
      vertex 1.34712 38.5765 32.48
      vertex 1.29128 36.9775 32.48
      vertex 2.58099 36.9099 32.48
    endloop
  endfacet
  facet normal 0 0 1
    outer loop
      vertex 0 38.6 32.48
      vertex 1.29128 36.9775 32.48
      vertex 1.34712 38.5765 32.48
    endloop
  endfacet
  facet normal 0 0 1
    outer loop
      vertex 0 38.6 32.48
      vertex 0 37 32.48
      vertex 1.29128 36.9775 32.48
    endloop
  endfacet
  facet normal 0 0 1
    outer loop
      vertex 0 38.6 32.48
      vertex -1.29128 36.9775 32.48
      vertex 0 37 32.48
    endloop
  endfacet
  facet normal -0 0 1
    outer loop
      vertex -1.34712 38.5765 32.48
      vertex -1.29128 36.9775 32.48
      vertex 0 38.6 32.48
    endloop
  endfacet
  facet normal 0 0 1
    outer loop
      vertex -1.34712 38.5765 32.48
      vertex -2.58099 36.9099 32.48
      vertex -1.29128 36.9775 32.48
    endloop
  endfacet
  facet normal -0 0 1
    outer loop
      vertex -2.6926 38.506 32.48
      vertex -2.58099 36.9099 32.48
      vertex -1.34712 38.5765 32.48
    endloop
  endfacet
  facet normal 0 0 1
    outer loop
      vertex -2.6926 38.506 32.48
      vertex -3.86755 36.7973 32.48
      vertex -2.58099 36.9099 32.48
    endloop
  endfacet
  facet normal -0 0 1
    outer loop
      vertex -4.0348 38.3885 32.48
      vertex -3.86755 36.7973 32.48
      vertex -2.6926 38.506 32.48
    endloop
  endfacet
  facet normal 0 0 1
    outer loop
      vertex -4.0348 38.3885 32.48
      vertex -5.1494 36.6399 32.48
      vertex -3.86755 36.7973 32.48
    endloop
  endfacet
  facet normal -0 0 1
    outer loop
      vertex -5.37208 38.2243 32.48
      vertex -5.1494 36.6399 32.48
      vertex -4.0348 38.3885 32.48
    endloop
  endfacet
  facet normal 0 0 1
    outer loop
      vertex -5.37208 38.2243 32.48
      vertex -6.42498 36.4379 32.48
      vertex -5.1494 36.6399 32.48
    endloop
  endfacet
  facet normal -0 0 1
    outer loop
      vertex -6.70282 38.0136 32.48
      vertex -6.42498 36.4379 32.48
      vertex -5.37208 38.2243 32.48
    endloop
  endfacet
  facet normal 0 0 1
    outer loop
      vertex -6.70282 38.0136 32.48
      vertex -7.69273 36.1915 32.48
      vertex -6.42498 36.4379 32.48
    endloop
  endfacet
  facet normal -0 0 1
    outer loop
      vertex -8.02539 37.7565 32.48
      vertex -7.69273 36.1915 32.48
      vertex -6.70282 38.0136 32.48
    endloop
  endfacet
  facet normal 0 0 1
    outer loop
      vertex -8.02539 37.7565 32.48
      vertex -8.95111 35.9009 32.48
      vertex -7.69273 36.1915 32.48
    endloop
  endfacet
  facet normal -0 0 1
    outer loop
      vertex -9.33818 37.4534 32.48
      vertex -8.95111 35.9009 32.48
      vertex -8.02539 37.7565 32.48
    endloop
  endfacet
  facet normal 0 0 1
    outer loop
      vertex -9.33818 37.4534 32.48
      vertex -10.1986 35.5667 32.48
      vertex -8.95111 35.9009 32.48
    endloop
  endfacet
  facet normal -0 0 1
    outer loop
      vertex -10.6396 37.1047 32.48
      vertex -10.1986 35.5667 32.48
      vertex -9.33818 37.4534 32.48
    endloop
  endfacet
  facet normal 0 0 1
    outer loop
      vertex -10.6396 37.1047 32.48
      vertex -11.4336 35.1891 32.48
      vertex -10.1986 35.5667 32.48
    endloop
  endfacet
  facet normal -0 0 1
    outer loop
      vertex -11.9281 36.7108 32.48
      vertex -11.4336 35.1891 32.48
      vertex -10.6396 37.1047 32.48
    endloop
  endfacet
  facet normal 0 0 1
    outer loop
      vertex -11.9281 36.7108 32.48
      vertex -12.6547 34.7686 32.48
      vertex -11.4336 35.1891 32.48
    endloop
  endfacet
  facet normal -0 0 1
    outer loop
      vertex -13.202 36.2721 32.48
      vertex -12.6547 34.7686 32.48
      vertex -11.9281 36.7108 32.48
    endloop
  endfacet
  facet normal 0 0 1
    outer loop
      vertex -13.202 36.2721 32.48
      vertex -13.8604 34.3058 32.48
      vertex -12.6547 34.7686 32.48
    endloop
  endfacet
  facet normal -0 0 1
    outer loop
      vertex -14.4598 35.7893 32.48
      vertex -13.8604 34.3058 32.48
      vertex -13.202 36.2721 32.48
    endloop
  endfacet
  facet normal 0 0 1
    outer loop
      vertex -14.4598 35.7893 32.48
      vertex -15.0493 33.8012 32.48
      vertex -13.8604 34.3058 32.48
    endloop
  endfacet
  facet normal -0 0 1
    outer loop
      vertex -15.7 35.2629 32.48
      vertex -15.0493 33.8012 32.48
      vertex -14.4598 35.7893 32.48
    endloop
  endfacet
  facet normal 0 0 1
    outer loop
      vertex -15.7 35.2629 32.48
      vertex -16.2197 33.2554 32.48
      vertex -15.0493 33.8012 32.48
    endloop
  endfacet
  facet normal -0 0 1
    outer loop
      vertex -16.9211 34.6935 32.48
      vertex -16.2197 33.2554 32.48
      vertex -15.7 35.2629 32.48
    endloop
  endfacet
  facet normal 0 0 1
    outer loop
      vertex -16.9211 34.6935 32.48
      vertex -17.3704 32.6691 32.48
      vertex -16.2197 33.2554 32.48
    endloop
  endfacet
  facet normal -0 0 1
    outer loop
      vertex -18.1216 34.0818 32.48
      vertex -17.3704 32.6691 32.48
      vertex -16.9211 34.6935 32.48
    endloop
  endfacet
  facet normal 0 0 1
    outer loop
      vertex -18.1216 34.0818 32.48
      vertex -18.5 32.0429 32.48
      vertex -17.3704 32.6691 32.48
    endloop
  endfacet
  facet normal -0 0 1
    outer loop
      vertex -19.3 33.4286 32.48
      vertex -18.5 32.0429 32.48
      vertex -18.1216 34.0818 32.48
    endloop
  endfacet
  facet normal 0 0 1
    outer loop
      vertex -19.3 33.4286 32.48
      vertex -19.607 31.3778 32.48
      vertex -18.5 32.0429 32.48
    endloop
  endfacet
  facet normal -0 0 1
    outer loop
      vertex -20.4549 32.7347 32.48
      vertex -19.607 31.3778 32.48
      vertex -19.3 33.4286 32.48
    endloop
  endfacet
  facet normal 0 0 1
    outer loop
      vertex -20.4549 32.7347 32.48
      vertex -20.6901 30.6744 32.48
      vertex -19.607 31.3778 32.48
    endloop
  endfacet
  facet normal -0 0 1
    outer loop
      vertex -21.5848 32.0009 32.48
      vertex -20.6901 30.6744 32.48
      vertex -20.4549 32.7347 32.48
    endloop
  endfacet
  facet normal 0 0 1
    outer loop
      vertex -21.5848 32.0009 32.48
      vertex -21.7481 29.9336 32.48
      vertex -20.6901 30.6744 32.48
    endloop
  endfacet
  facet normal -0 0 1
    outer loop
      vertex -22.6885 31.2281 32.48
      vertex -21.7481 29.9336 32.48
      vertex -21.5848 32.0009 32.48
    endloop
  endfacet
  facet normal 0 0 1
    outer loop
      vertex -22.6885 31.2281 32.48
      vertex -22.7795 29.1564 32.48
      vertex -21.7481 29.9336 32.48
    endloop
  endfacet
  facet normal -0 0 1
    outer loop
      vertex -23.7645 30.4172 32.48
      vertex -22.7795 29.1564 32.48
      vertex -22.6885 31.2281 32.48
    endloop
  endfacet
  facet normal 0 0 1
    outer loop
      vertex -23.7645 30.4172 32.48
      vertex -23.7831 28.3436 32.48
      vertex -22.7795 29.1564 32.48
    endloop
  endfacet
  facet normal -0 0 1
    outer loop
      vertex -24.8116 29.5693 32.48
      vertex -23.7831 28.3436 32.48
      vertex -23.7645 30.4172 32.48
    endloop
  endfacet
  facet normal 0 0 1
    outer loop
      vertex -23.7831 28.3436 32.48
      vertex -24.8116 29.5693 32.48
      vertex -24.7578 27.4964 32.48
    endloop
  endfacet
  facet normal -0 0 1
    outer loop
      vertex -25.8284 28.6854 32.48
      vertex -24.7578 27.4964 32.48
      vertex -24.8116 29.5693 32.48
    endloop
  endfacet
  facet normal 0 0 1
    outer loop
      vertex -24.7578 27.4964 32.48
      vertex -25.8284 28.6854 32.48
      vertex -25.7024 26.6156 32.48
    endloop
  endfacet
  facet normal -0 0 1
    outer loop
      vertex -26.8138 27.7665 32.48
      vertex -25.7024 26.6156 32.48
      vertex -25.8284 28.6854 32.48
    endloop
  endfacet
  facet normal 0 0 1
    outer loop
      vertex -25.7024 26.6156 32.48
      vertex -26.8138 27.7665 32.48
      vertex -26.6156 25.7024 32.48
    endloop
  endfacet
  facet normal -0 0 1
    outer loop
      vertex -27.7665 26.8138 32.48
      vertex -26.6156 25.7024 32.48
      vertex -26.8138 27.7665 32.48
    endloop
  endfacet
  facet normal 0 0 1
    outer loop
      vertex -26.6156 25.7024 32.48
      vertex -27.7665 26.8138 32.48
      vertex -27.4964 24.7578 32.48
    endloop
  endfacet
  facet normal -0 0 1
    outer loop
      vertex -28.6854 25.8284 32.48
      vertex -27.4964 24.7578 32.48
      vertex -27.7665 26.8138 32.48
    endloop
  endfacet
  facet normal 0 0 1
    outer loop
      vertex -27.4964 24.7578 32.48
      vertex -28.6854 25.8284 32.48
      vertex -28.3436 23.7831 32.48
    endloop
  endfacet
  facet normal -0 0 1
    outer loop
      vertex -29.5693 24.8116 32.48
      vertex -28.3436 23.7831 32.48
      vertex -28.6854 25.8284 32.48
    endloop
  endfacet
  facet normal 0 0 1
    outer loop
      vertex -28.3436 23.7831 32.48
      vertex -29.5693 24.8116 32.48
      vertex -29.1564 22.7795 32.48
    endloop
  endfacet
  facet normal -0 0 1
    outer loop
      vertex -30.4172 23.7645 32.48
      vertex -29.1564 22.7795 32.48
      vertex -29.5693 24.8116 32.48
    endloop
  endfacet
  facet normal 0 0 1
    outer loop
      vertex -29.1564 22.7795 32.48
      vertex -30.4172 23.7645 32.48
      vertex -29.9336 21.7481 32.48
    endloop
  endfacet
  facet normal -0 0 1
    outer loop
      vertex -31.2281 22.6885 32.48
      vertex -29.9336 21.7481 32.48
      vertex -30.4172 23.7645 32.48
    endloop
  endfacet
  facet normal 0 0 1
    outer loop
      vertex -29.9336 21.7481 32.48
      vertex -31.2281 22.6885 32.48
      vertex -30.6744 20.6901 32.48
    endloop
  endfacet
  facet normal -0 0 1
    outer loop
      vertex -32.0009 21.5848 32.48
      vertex -30.6744 20.6901 32.48
      vertex -31.2281 22.6885 32.48
    endloop
  endfacet
  facet normal 0 0 1
    outer loop
      vertex -30.6744 20.6901 32.48
      vertex -32.0009 21.5848 32.48
      vertex -31.3778 19.607 32.48
    endloop
  endfacet
  facet normal -0 0 1
    outer loop
      vertex -32.7347 20.4549 32.48
      vertex -31.3778 19.607 32.48
      vertex -32.0009 21.5848 32.48
    endloop
  endfacet
  facet normal 0 0 1
    outer loop
      vertex -31.3778 19.607 32.48
      vertex -32.7347 20.4549 32.48
      vertex -32.0429 18.5 32.48
    endloop
  endfacet
  facet normal -0 0 1
    outer loop
      vertex -33.4286 19.3 32.48
      vertex -32.0429 18.5 32.48
      vertex -32.7347 20.4549 32.48
    endloop
  endfacet
  facet normal 0 0 1
    outer loop
      vertex -32.0429 18.5 32.48
      vertex -33.4286 19.3 32.48
      vertex -32.6691 17.3704 32.48
    endloop
  endfacet
  facet normal -0 0 1
    outer loop
      vertex -34.0818 18.1216 32.48
      vertex -32.6691 17.3704 32.48
      vertex -33.4286 19.3 32.48
    endloop
  endfacet
  facet normal 0 0 1
    outer loop
      vertex -32.6691 17.3704 32.48
      vertex -34.0818 18.1216 32.48
      vertex -33.2554 16.2197 32.48
    endloop
  endfacet
  facet normal -0 0 1
    outer loop
      vertex -34.6935 16.9211 32.48
      vertex -33.2554 16.2197 32.48
      vertex -34.0818 18.1216 32.48
    endloop
  endfacet
  facet normal 0 0 1
    outer loop
      vertex -33.2554 16.2197 32.48
      vertex -34.6935 16.9211 32.48
      vertex -33.8012 15.0493 32.48
    endloop
  endfacet
  facet normal -0 0 1
    outer loop
      vertex -35.2629 15.7 32.48
      vertex -33.8012 15.0493 32.48
      vertex -34.6935 16.9211 32.48
    endloop
  endfacet
  facet normal 0 0 1
    outer loop
      vertex -33.8012 15.0493 32.48
      vertex -35.2629 15.7 32.48
      vertex -34.3058 13.8604 32.48
    endloop
  endfacet
  facet normal -0 0 1
    outer loop
      vertex -35.7893 14.4598 32.48
      vertex -34.3058 13.8604 32.48
      vertex -35.2629 15.7 32.48
    endloop
  endfacet
  facet normal 0 0 1
    outer loop
      vertex -34.3058 13.8604 32.48
      vertex -35.7893 14.4598 32.48
      vertex -34.7686 12.6547 32.48
    endloop
  endfacet
  facet normal -0 0 1
    outer loop
      vertex -36.2721 13.202 32.48
      vertex -34.7686 12.6547 32.48
      vertex -35.7893 14.4598 32.48
    endloop
  endfacet
  facet normal 0 0 1
    outer loop
      vertex -34.7686 12.6547 32.48
      vertex -36.2721 13.202 32.48
      vertex -35.1891 11.4336 32.48
    endloop
  endfacet
  facet normal -0 0 1
    outer loop
      vertex -36.7108 11.9281 32.48
      vertex -35.1891 11.4336 32.48
      vertex -36.2721 13.202 32.48
    endloop
  endfacet
  facet normal 0 0 1
    outer loop
      vertex -35.1891 11.4336 32.48
      vertex -36.7108 11.9281 32.48
      vertex -35.5667 10.1986 32.48
    endloop
  endfacet
  facet normal -0 0 1
    outer loop
      vertex -37.1047 10.6396 32.48
      vertex -35.5667 10.1986 32.48
      vertex -36.7108 11.9281 32.48
    endloop
  endfacet
  facet normal 0 0 1
    outer loop
      vertex -35.5667 10.1986 32.48
      vertex -37.1047 10.6396 32.48
      vertex -35.9009 8.95111 32.48
    endloop
  endfacet
  facet normal -0 0 1
    outer loop
      vertex -37.4534 9.33818 32.48
      vertex -35.9009 8.95111 32.48
      vertex -37.1047 10.6396 32.48
    endloop
  endfacet
  facet normal 0 0 1
    outer loop
      vertex -35.9009 8.95111 32.48
      vertex -37.4534 9.33818 32.48
      vertex -36.1915 7.69273 32.48
    endloop
  endfacet
  facet normal -0 0 1
    outer loop
      vertex -37.7565 8.02539 32.48
      vertex -36.1915 7.69273 32.48
      vertex -37.4534 9.33818 32.48
    endloop
  endfacet
  facet normal 0 0 1
    outer loop
      vertex -36.1915 7.69273 32.48
      vertex -37.7565 8.02539 32.48
      vertex -36.4379 6.42498 32.48
    endloop
  endfacet
  facet normal -0 0 1
    outer loop
      vertex -38.0136 6.70282 32.48
      vertex -36.4379 6.42498 32.48
      vertex -37.7565 8.02539 32.48
    endloop
  endfacet
  facet normal -0 0 1
    outer loop
      vertex -38.2243 5.37208 32.48
      vertex -36.6399 5.1494 32.48
      vertex -38.0136 6.70282 32.48
    endloop
  endfacet
  facet normal 0 0 1
    outer loop
      vertex -36.4379 6.42498 32.48
      vertex -38.0136 6.70282 32.48
      vertex -36.6399 5.1494 32.48
    endloop
  endfacet
  facet normal 0 0 1
    outer loop
      vertex 38.2243 -5.37208 32.48
      vertex 36.6399 -5.1494 32.48
      vertex 38.0136 -6.70282 32.48
    endloop
  endfacet
  facet normal -0 0 1
    outer loop
      vertex 36.4379 -6.42498 32.48
      vertex 38.0136 -6.70282 32.48
      vertex 36.6399 -5.1494 32.48
    endloop
  endfacet
  facet normal 0 0 1
    outer loop
      vertex 38.0136 -6.70282 32.48
      vertex 36.4379 -6.42498 32.48
      vertex 37.7565 -8.02539 32.48
    endloop
  endfacet
  facet normal -0 0 1
    outer loop
      vertex 36.1915 -7.69273 32.48
      vertex 37.7565 -8.02539 32.48
      vertex 36.4379 -6.42498 32.48
    endloop
  endfacet
  facet normal 0 0 1
    outer loop
      vertex 37.7565 -8.02539 32.48
      vertex 36.1915 -7.69273 32.48
      vertex 37.4534 -9.33818 32.48
    endloop
  endfacet
  facet normal -0 0 1
    outer loop
      vertex 35.9009 -8.95111 32.48
      vertex 37.4534 -9.33818 32.48
      vertex 36.1915 -7.69273 32.48
    endloop
  endfacet
  facet normal 0 0 1
    outer loop
      vertex 37.4534 -9.33818 32.48
      vertex 35.9009 -8.95111 32.48
      vertex 37.1047 -10.6396 32.48
    endloop
  endfacet
  facet normal -0 0 1
    outer loop
      vertex 35.5667 -10.1986 32.48
      vertex 37.1047 -10.6396 32.48
      vertex 35.9009 -8.95111 32.48
    endloop
  endfacet
  facet normal 0 0 1
    outer loop
      vertex 37.1047 -10.6396 32.48
      vertex 35.5667 -10.1986 32.48
      vertex 36.7108 -11.9281 32.48
    endloop
  endfacet
  facet normal -0 0 1
    outer loop
      vertex 35.1891 -11.4336 32.48
      vertex 36.7108 -11.9281 32.48
      vertex 35.5667 -10.1986 32.48
    endloop
  endfacet
  facet normal 0 0 1
    outer loop
      vertex 36.7108 -11.9281 32.48
      vertex 35.1891 -11.4336 32.48
      vertex 36.2721 -13.202 32.48
    endloop
  endfacet
  facet normal -0 0 1
    outer loop
      vertex 34.7686 -12.6547 32.48
      vertex 36.2721 -13.202 32.48
      vertex 35.1891 -11.4336 32.48
    endloop
  endfacet
  facet normal 0 0 1
    outer loop
      vertex 36.2721 -13.202 32.48
      vertex 34.7686 -12.6547 32.48
      vertex 35.7893 -14.4598 32.48
    endloop
  endfacet
  facet normal -0 0 1
    outer loop
      vertex 34.3058 -13.8604 32.48
      vertex 35.7893 -14.4598 32.48
      vertex 34.7686 -12.6547 32.48
    endloop
  endfacet
  facet normal 0 0 1
    outer loop
      vertex 35.7893 -14.4598 32.48
      vertex 34.3058 -13.8604 32.48
      vertex 35.2629 -15.7 32.48
    endloop
  endfacet
  facet normal -0 0 1
    outer loop
      vertex 33.8012 -15.0493 32.48
      vertex 35.2629 -15.7 32.48
      vertex 34.3058 -13.8604 32.48
    endloop
  endfacet
  facet normal 0 0 1
    outer loop
      vertex 35.2629 -15.7 32.48
      vertex 33.8012 -15.0493 32.48
      vertex 34.6935 -16.9211 32.48
    endloop
  endfacet
  facet normal -0 0 1
    outer loop
      vertex 33.2554 -16.2197 32.48
      vertex 34.6935 -16.9211 32.48
      vertex 33.8012 -15.0493 32.48
    endloop
  endfacet
  facet normal 0 0 1
    outer loop
      vertex 34.6935 -16.9211 32.48
      vertex 33.2554 -16.2197 32.48
      vertex 34.0818 -18.1216 32.48
    endloop
  endfacet
  facet normal -0 0 1
    outer loop
      vertex 32.6691 -17.3704 32.48
      vertex 34.0818 -18.1216 32.48
      vertex 33.2554 -16.2197 32.48
    endloop
  endfacet
  facet normal 0 0 1
    outer loop
      vertex 34.0818 -18.1216 32.48
      vertex 32.6691 -17.3704 32.48
      vertex 33.4286 -19.3 32.48
    endloop
  endfacet
  facet normal -0 0 1
    outer loop
      vertex 32.0429 -18.5 32.48
      vertex 33.4286 -19.3 32.48
      vertex 32.6691 -17.3704 32.48
    endloop
  endfacet
  facet normal 0 0 1
    outer loop
      vertex 33.4286 -19.3 32.48
      vertex 32.0429 -18.5 32.48
      vertex 32.7347 -20.4549 32.48
    endloop
  endfacet
  facet normal -0 0 1
    outer loop
      vertex 31.3778 -19.607 32.48
      vertex 32.7347 -20.4549 32.48
      vertex 32.0429 -18.5 32.48
    endloop
  endfacet
  facet normal 0 0 1
    outer loop
      vertex 32.7347 -20.4549 32.48
      vertex 31.3778 -19.607 32.48
      vertex 32.0009 -21.5848 32.48
    endloop
  endfacet
  facet normal -0 0 1
    outer loop
      vertex 30.6744 -20.6901 32.48
      vertex 32.0009 -21.5848 32.48
      vertex 31.3778 -19.607 32.48
    endloop
  endfacet
  facet normal 0 0 1
    outer loop
      vertex 32.0009 -21.5848 32.48
      vertex 30.6744 -20.6901 32.48
      vertex 31.2281 -22.6885 32.48
    endloop
  endfacet
  facet normal -0 0 1
    outer loop
      vertex 29.9336 -21.7481 32.48
      vertex 31.2281 -22.6885 32.48
      vertex 30.6744 -20.6901 32.48
    endloop
  endfacet
  facet normal 0 0 1
    outer loop
      vertex 31.2281 -22.6885 32.48
      vertex 29.9336 -21.7481 32.48
      vertex 30.4172 -23.7645 32.48
    endloop
  endfacet
  facet normal -0 0 1
    outer loop
      vertex 29.1564 -22.7795 32.48
      vertex 30.4172 -23.7645 32.48
      vertex 29.9336 -21.7481 32.48
    endloop
  endfacet
  facet normal 0 0 1
    outer loop
      vertex 30.4172 -23.7645 32.48
      vertex 29.1564 -22.7795 32.48
      vertex 29.5693 -24.8116 32.48
    endloop
  endfacet
  facet normal -0 0 1
    outer loop
      vertex 28.3436 -23.7831 32.48
      vertex 29.5693 -24.8116 32.48
      vertex 29.1564 -22.7795 32.48
    endloop
  endfacet
  facet normal 0 0 1
    outer loop
      vertex 29.5693 -24.8116 32.48
      vertex 28.3436 -23.7831 32.48
      vertex 28.6854 -25.8284 32.48
    endloop
  endfacet
  facet normal -0 0 1
    outer loop
      vertex 27.4964 -24.7578 32.48
      vertex 28.6854 -25.8284 32.48
      vertex 28.3436 -23.7831 32.48
    endloop
  endfacet
  facet normal 0 0 1
    outer loop
      vertex 28.6854 -25.8284 32.48
      vertex 27.4964 -24.7578 32.48
      vertex 27.7665 -26.8138 32.48
    endloop
  endfacet
  facet normal -0 0 1
    outer loop
      vertex 26.6156 -25.7024 32.48
      vertex 27.7665 -26.8138 32.48
      vertex 27.4964 -24.7578 32.48
    endloop
  endfacet
  facet normal 0 0 1
    outer loop
      vertex 27.7665 -26.8138 32.48
      vertex 26.6156 -25.7024 32.48
      vertex 26.8138 -27.7665 32.48
    endloop
  endfacet
  facet normal -0 0 1
    outer loop
      vertex 25.7024 -26.6156 32.48
      vertex 26.8138 -27.7665 32.48
      vertex 26.6156 -25.7024 32.48
    endloop
  endfacet
  facet normal 0 0 1
    outer loop
      vertex 26.8138 -27.7665 32.48
      vertex 25.7024 -26.6156 32.48
      vertex 25.8284 -28.6854 32.48
    endloop
  endfacet
  facet normal -0 0 1
    outer loop
      vertex 24.7578 -27.4964 32.48
      vertex 25.8284 -28.6854 32.48
      vertex 25.7024 -26.6156 32.48
    endloop
  endfacet
  facet normal 0 0 1
    outer loop
      vertex 25.8284 -28.6854 32.48
      vertex 24.7578 -27.4964 32.48
      vertex 24.8116 -29.5693 32.48
    endloop
  endfacet
  facet normal -0 0 1
    outer loop
      vertex 23.7831 -28.3436 32.48
      vertex 24.8116 -29.5693 32.48
      vertex 24.7578 -27.4964 32.48
    endloop
  endfacet
  facet normal 0 0 1
    outer loop
      vertex 23.7831 -28.3436 32.48
      vertex 23.7645 -30.4172 32.48
      vertex 24.8116 -29.5693 32.48
    endloop
  endfacet
  facet normal -0 0 1
    outer loop
      vertex 22.7795 -29.1564 32.48
      vertex 23.7645 -30.4172 32.48
      vertex 23.7831 -28.3436 32.48
    endloop
  endfacet
  facet normal 0 0 1
    outer loop
      vertex 22.7795 -29.1564 32.48
      vertex 22.6885 -31.2281 32.48
      vertex 23.7645 -30.4172 32.48
    endloop
  endfacet
  facet normal -0 0 1
    outer loop
      vertex 21.7481 -29.9336 32.48
      vertex 22.6885 -31.2281 32.48
      vertex 22.7795 -29.1564 32.48
    endloop
  endfacet
  facet normal 0 0 1
    outer loop
      vertex 21.7481 -29.9336 32.48
      vertex 21.5848 -32.0009 32.48
      vertex 22.6885 -31.2281 32.48
    endloop
  endfacet
  facet normal -0 0 1
    outer loop
      vertex 20.6901 -30.6744 32.48
      vertex 21.5848 -32.0009 32.48
      vertex 21.7481 -29.9336 32.48
    endloop
  endfacet
  facet normal 0 0 1
    outer loop
      vertex 20.6901 -30.6744 32.48
      vertex 20.4549 -32.7347 32.48
      vertex 21.5848 -32.0009 32.48
    endloop
  endfacet
  facet normal -0 0 1
    outer loop
      vertex 19.607 -31.3778 32.48
      vertex 20.4549 -32.7347 32.48
      vertex 20.6901 -30.6744 32.48
    endloop
  endfacet
  facet normal 0 0 1
    outer loop
      vertex 19.607 -31.3778 32.48
      vertex 19.3 -33.4286 32.48
      vertex 20.4549 -32.7347 32.48
    endloop
  endfacet
  facet normal -0 0 1
    outer loop
      vertex 18.5 -32.0429 32.48
      vertex 19.3 -33.4286 32.48
      vertex 19.607 -31.3778 32.48
    endloop
  endfacet
  facet normal 0 0 1
    outer loop
      vertex 18.5 -32.0429 32.48
      vertex 18.1216 -34.0818 32.48
      vertex 19.3 -33.4286 32.48
    endloop
  endfacet
  facet normal -0 0 1
    outer loop
      vertex 17.3704 -32.6691 32.48
      vertex 18.1216 -34.0818 32.48
      vertex 18.5 -32.0429 32.48
    endloop
  endfacet
  facet normal 0 0 1
    outer loop
      vertex 17.3704 -32.6691 32.48
      vertex 16.9211 -34.6935 32.48
      vertex 18.1216 -34.0818 32.48
    endloop
  endfacet
  facet normal -0 0 1
    outer loop
      vertex 16.2197 -33.2554 32.48
      vertex 16.9211 -34.6935 32.48
      vertex 17.3704 -32.6691 32.48
    endloop
  endfacet
  facet normal 0 0 1
    outer loop
      vertex 16.2197 -33.2554 32.48
      vertex 15.7 -35.2629 32.48
      vertex 16.9211 -34.6935 32.48
    endloop
  endfacet
  facet normal -0 0 1
    outer loop
      vertex 15.0493 -33.8012 32.48
      vertex 15.7 -35.2629 32.48
      vertex 16.2197 -33.2554 32.48
    endloop
  endfacet
  facet normal 0 0 1
    outer loop
      vertex 15.0493 -33.8012 32.48
      vertex 14.4598 -35.7893 32.48
      vertex 15.7 -35.2629 32.48
    endloop
  endfacet
  facet normal -0 0 1
    outer loop
      vertex 13.8604 -34.3058 32.48
      vertex 14.4598 -35.7893 32.48
      vertex 15.0493 -33.8012 32.48
    endloop
  endfacet
  facet normal 0 0 1
    outer loop
      vertex 13.8604 -34.3058 32.48
      vertex 13.202 -36.2721 32.48
      vertex 14.4598 -35.7893 32.48
    endloop
  endfacet
  facet normal -0 0 1
    outer loop
      vertex 12.6547 -34.7686 32.48
      vertex 13.202 -36.2721 32.48
      vertex 13.8604 -34.3058 32.48
    endloop
  endfacet
  facet normal 0 0 1
    outer loop
      vertex 12.6547 -34.7686 32.48
      vertex 11.9281 -36.7108 32.48
      vertex 13.202 -36.2721 32.48
    endloop
  endfacet
  facet normal -0 0 1
    outer loop
      vertex 11.4336 -35.1891 32.48
      vertex 11.9281 -36.7108 32.48
      vertex 12.6547 -34.7686 32.48
    endloop
  endfacet
  facet normal 0 0 1
    outer loop
      vertex 11.4336 -35.1891 32.48
      vertex 10.6396 -37.1047 32.48
      vertex 11.9281 -36.7108 32.48
    endloop
  endfacet
  facet normal -0 0 1
    outer loop
      vertex 10.1986 -35.5667 32.48
      vertex 10.6396 -37.1047 32.48
      vertex 11.4336 -35.1891 32.48
    endloop
  endfacet
  facet normal 0 0 1
    outer loop
      vertex 10.1986 -35.5667 32.48
      vertex 9.33818 -37.4534 32.48
      vertex 10.6396 -37.1047 32.48
    endloop
  endfacet
  facet normal -0 0 1
    outer loop
      vertex 8.95111 -35.9009 32.48
      vertex 9.33818 -37.4534 32.48
      vertex 10.1986 -35.5667 32.48
    endloop
  endfacet
  facet normal 0 0 1
    outer loop
      vertex 8.95111 -35.9009 32.48
      vertex 8.02539 -37.7565 32.48
      vertex 9.33818 -37.4534 32.48
    endloop
  endfacet
  facet normal -0 0 1
    outer loop
      vertex 7.69273 -36.1915 32.48
      vertex 8.02539 -37.7565 32.48
      vertex 8.95111 -35.9009 32.48
    endloop
  endfacet
  facet normal 0 0 1
    outer loop
      vertex 7.69273 -36.1915 32.48
      vertex 6.70282 -38.0136 32.48
      vertex 8.02539 -37.7565 32.48
    endloop
  endfacet
  facet normal -0 0 1
    outer loop
      vertex 6.42498 -36.4379 32.48
      vertex 6.70282 -38.0136 32.48
      vertex 7.69273 -36.1915 32.48
    endloop
  endfacet
  facet normal 0 0 1
    outer loop
      vertex 6.42498 -36.4379 32.48
      vertex 5.37208 -38.2243 32.48
      vertex 6.70282 -38.0136 32.48
    endloop
  endfacet
  facet normal -0 0 1
    outer loop
      vertex 5.1494 -36.6399 32.48
      vertex 5.37208 -38.2243 32.48
      vertex 6.42498 -36.4379 32.48
    endloop
  endfacet
  facet normal 0 0 1
    outer loop
      vertex 5.1494 -36.6399 32.48
      vertex 4.0348 -38.3885 32.48
      vertex 5.37208 -38.2243 32.48
    endloop
  endfacet
  facet normal -0 0 1
    outer loop
      vertex 3.86755 -36.7973 32.48
      vertex 4.0348 -38.3885 32.48
      vertex 5.1494 -36.6399 32.48
    endloop
  endfacet
  facet normal 0 0 1
    outer loop
      vertex 3.86755 -36.7973 32.48
      vertex 2.6926 -38.506 32.48
      vertex 4.0348 -38.3885 32.48
    endloop
  endfacet
  facet normal -0 0 1
    outer loop
      vertex 2.58099 -36.9099 32.48
      vertex 2.6926 -38.506 32.48
      vertex 3.86755 -36.7973 32.48
    endloop
  endfacet
  facet normal 0 0 1
    outer loop
      vertex 2.58099 -36.9099 32.48
      vertex 1.34712 -38.5765 32.48
      vertex 2.6926 -38.506 32.48
    endloop
  endfacet
  facet normal -0 0 1
    outer loop
      vertex 1.29128 -36.9775 32.48
      vertex 1.34712 -38.5765 32.48
      vertex 2.58099 -36.9099 32.48
    endloop
  endfacet
  facet normal -0 0 1
    outer loop
      vertex 0 -37 32.48
      vertex 1.34712 -38.5765 32.48
      vertex 1.29128 -36.9775 32.48
    endloop
  endfacet
  facet normal 0 0 1
    outer loop
      vertex 0 -37 32.48
      vertex 0 -38.6 32.48
      vertex 1.34712 -38.5765 32.48
    endloop
  endfacet
  facet normal 0 0 1
    outer loop
      vertex -1.29128 -36.9775 32.48
      vertex 0 -38.6 32.48
      vertex 0 -37 32.48
    endloop
  endfacet
  facet normal 0 0 1
    outer loop
      vertex -1.29128 -36.9775 32.48
      vertex -1.34712 -38.5765 32.48
      vertex 0 -38.6 32.48
    endloop
  endfacet
  facet normal 0 0 1
    outer loop
      vertex -2.58099 -36.9099 32.48
      vertex -1.34712 -38.5765 32.48
      vertex -1.29128 -36.9775 32.48
    endloop
  endfacet
  facet normal 0 0 1
    outer loop
      vertex -2.58099 -36.9099 32.48
      vertex -2.6926 -38.506 32.48
      vertex -1.34712 -38.5765 32.48
    endloop
  endfacet
  facet normal 0 0 1
    outer loop
      vertex -3.86755 -36.7973 32.48
      vertex -2.6926 -38.506 32.48
      vertex -2.58099 -36.9099 32.48
    endloop
  endfacet
  facet normal 0 0 1
    outer loop
      vertex -3.86755 -36.7973 32.48
      vertex -4.0348 -38.3885 32.48
      vertex -2.6926 -38.506 32.48
    endloop
  endfacet
  facet normal 0 0 1
    outer loop
      vertex -5.1494 -36.6399 32.48
      vertex -4.0348 -38.3885 32.48
      vertex -3.86755 -36.7973 32.48
    endloop
  endfacet
  facet normal 0 0 1
    outer loop
      vertex -5.1494 -36.6399 32.48
      vertex -5.37208 -38.2243 32.48
      vertex -4.0348 -38.3885 32.48
    endloop
  endfacet
  facet normal 0 0 1
    outer loop
      vertex -6.42498 -36.4379 32.48
      vertex -5.37208 -38.2243 32.48
      vertex -5.1494 -36.6399 32.48
    endloop
  endfacet
  facet normal 0 0 1
    outer loop
      vertex -6.42498 -36.4379 32.48
      vertex -6.70282 -38.0136 32.48
      vertex -5.37208 -38.2243 32.48
    endloop
  endfacet
  facet normal 0 0 1
    outer loop
      vertex -7.69273 -36.1915 32.48
      vertex -6.70282 -38.0136 32.48
      vertex -6.42498 -36.4379 32.48
    endloop
  endfacet
  facet normal 0 0 1
    outer loop
      vertex -7.69273 -36.1915 32.48
      vertex -8.02539 -37.7565 32.48
      vertex -6.70282 -38.0136 32.48
    endloop
  endfacet
  facet normal 0 0 1
    outer loop
      vertex -8.95111 -35.9009 32.48
      vertex -8.02539 -37.7565 32.48
      vertex -7.69273 -36.1915 32.48
    endloop
  endfacet
  facet normal 0 0 1
    outer loop
      vertex -8.95111 -35.9009 32.48
      vertex -9.33818 -37.4534 32.48
      vertex -8.02539 -37.7565 32.48
    endloop
  endfacet
  facet normal 0 0 1
    outer loop
      vertex -10.1986 -35.5667 32.48
      vertex -9.33818 -37.4534 32.48
      vertex -8.95111 -35.9009 32.48
    endloop
  endfacet
  facet normal 0 0 1
    outer loop
      vertex -10.1986 -35.5667 32.48
      vertex -10.6396 -37.1047 32.48
      vertex -9.33818 -37.4534 32.48
    endloop
  endfacet
  facet normal 0 0 1
    outer loop
      vertex -11.4336 -35.1891 32.48
      vertex -10.6396 -37.1047 32.48
      vertex -10.1986 -35.5667 32.48
    endloop
  endfacet
  facet normal 0 0 1
    outer loop
      vertex -11.4336 -35.1891 32.48
      vertex -11.9281 -36.7108 32.48
      vertex -10.6396 -37.1047 32.48
    endloop
  endfacet
  facet normal 0 0 1
    outer loop
      vertex -12.6547 -34.7686 32.48
      vertex -11.9281 -36.7108 32.48
      vertex -11.4336 -35.1891 32.48
    endloop
  endfacet
  facet normal 0 0 1
    outer loop
      vertex -12.6547 -34.7686 32.48
      vertex -13.202 -36.2721 32.48
      vertex -11.9281 -36.7108 32.48
    endloop
  endfacet
  facet normal 0 0 1
    outer loop
      vertex -13.8604 -34.3058 32.48
      vertex -13.202 -36.2721 32.48
      vertex -12.6547 -34.7686 32.48
    endloop
  endfacet
  facet normal 0 0 1
    outer loop
      vertex -13.8604 -34.3058 32.48
      vertex -14.4598 -35.7893 32.48
      vertex -13.202 -36.2721 32.48
    endloop
  endfacet
  facet normal 0 0 1
    outer loop
      vertex -15.0493 -33.8012 32.48
      vertex -14.4598 -35.7893 32.48
      vertex -13.8604 -34.3058 32.48
    endloop
  endfacet
  facet normal 0 0 1
    outer loop
      vertex -15.0493 -33.8012 32.48
      vertex -15.7 -35.2629 32.48
      vertex -14.4598 -35.7893 32.48
    endloop
  endfacet
  facet normal 0 0 1
    outer loop
      vertex -16.2197 -33.2554 32.48
      vertex -15.7 -35.2629 32.48
      vertex -15.0493 -33.8012 32.48
    endloop
  endfacet
  facet normal 0 0 1
    outer loop
      vertex -16.2197 -33.2554 32.48
      vertex -16.9211 -34.6935 32.48
      vertex -15.7 -35.2629 32.48
    endloop
  endfacet
  facet normal 0 0 1
    outer loop
      vertex -17.3704 -32.6691 32.48
      vertex -16.9211 -34.6935 32.48
      vertex -16.2197 -33.2554 32.48
    endloop
  endfacet
  facet normal 0 0 1
    outer loop
      vertex -17.3704 -32.6691 32.48
      vertex -18.1216 -34.0818 32.48
      vertex -16.9211 -34.6935 32.48
    endloop
  endfacet
  facet normal 0 0 1
    outer loop
      vertex -18.5 -32.0429 32.48
      vertex -18.1216 -34.0818 32.48
      vertex -17.3704 -32.6691 32.48
    endloop
  endfacet
  facet normal 0 0 1
    outer loop
      vertex -18.5 -32.0429 32.48
      vertex -19.3 -33.4286 32.48
      vertex -18.1216 -34.0818 32.48
    endloop
  endfacet
  facet normal 0 0 1
    outer loop
      vertex -19.607 -31.3778 32.48
      vertex -19.3 -33.4286 32.48
      vertex -18.5 -32.0429 32.48
    endloop
  endfacet
  facet normal 0 0 1
    outer loop
      vertex -19.607 -31.3778 32.48
      vertex -20.4549 -32.7347 32.48
      vertex -19.3 -33.4286 32.48
    endloop
  endfacet
  facet normal 0 0 1
    outer loop
      vertex -20.6901 -30.6744 32.48
      vertex -20.4549 -32.7347 32.48
      vertex -19.607 -31.3778 32.48
    endloop
  endfacet
  facet normal 0 0 1
    outer loop
      vertex -20.6901 -30.6744 32.48
      vertex -21.5848 -32.0009 32.48
      vertex -20.4549 -32.7347 32.48
    endloop
  endfacet
  facet normal 0 0 1
    outer loop
      vertex -21.7481 -29.9336 32.48
      vertex -21.5848 -32.0009 32.48
      vertex -20.6901 -30.6744 32.48
    endloop
  endfacet
  facet normal 0 0 1
    outer loop
      vertex -21.7481 -29.9336 32.48
      vertex -22.6885 -31.2281 32.48
      vertex -21.5848 -32.0009 32.48
    endloop
  endfacet
  facet normal 0 0 1
    outer loop
      vertex -22.7795 -29.1564 32.48
      vertex -22.6885 -31.2281 32.48
      vertex -21.7481 -29.9336 32.48
    endloop
  endfacet
  facet normal 0 0 1
    outer loop
      vertex -22.7795 -29.1564 32.48
      vertex -23.7645 -30.4172 32.48
      vertex -22.6885 -31.2281 32.48
    endloop
  endfacet
  facet normal 0 0 1
    outer loop
      vertex -23.7831 -28.3436 32.48
      vertex -23.7645 -30.4172 32.48
      vertex -22.7795 -29.1564 32.48
    endloop
  endfacet
  facet normal 0 0 1
    outer loop
      vertex -24.8116 -29.5693 32.48
      vertex -23.7831 -28.3436 32.48
      vertex -24.7578 -27.4964 32.48
    endloop
  endfacet
  facet normal 0 0 1
    outer loop
      vertex -23.7831 -28.3436 32.48
      vertex -24.8116 -29.5693 32.48
      vertex -23.7645 -30.4172 32.48
    endloop
  endfacet
  facet normal 0 0 1
    outer loop
      vertex -25.8284 -28.6854 32.48
      vertex -24.7578 -27.4964 32.48
      vertex -25.7024 -26.6156 32.48
    endloop
  endfacet
  facet normal 0 0 1
    outer loop
      vertex -24.7578 -27.4964 32.48
      vertex -25.8284 -28.6854 32.48
      vertex -24.8116 -29.5693 32.48
    endloop
  endfacet
  facet normal 0 0 1
    outer loop
      vertex -26.8138 -27.7665 32.48
      vertex -25.7024 -26.6156 32.48
      vertex -26.6156 -25.7024 32.48
    endloop
  endfacet
  facet normal 0 0 1
    outer loop
      vertex -25.7024 -26.6156 32.48
      vertex -26.8138 -27.7665 32.48
      vertex -25.8284 -28.6854 32.48
    endloop
  endfacet
  facet normal 0 0 1
    outer loop
      vertex -27.7665 -26.8138 32.48
      vertex -26.6156 -25.7024 32.48
      vertex -27.4964 -24.7578 32.48
    endloop
  endfacet
  facet normal 0 0 1
    outer loop
      vertex -26.6156 -25.7024 32.48
      vertex -27.7665 -26.8138 32.48
      vertex -26.8138 -27.7665 32.48
    endloop
  endfacet
  facet normal 0 0 1
    outer loop
      vertex -28.6854 -25.8284 32.48
      vertex -27.4964 -24.7578 32.48
      vertex -28.3436 -23.7831 32.48
    endloop
  endfacet
  facet normal 0 0 1
    outer loop
      vertex -27.4964 -24.7578 32.48
      vertex -28.6854 -25.8284 32.48
      vertex -27.7665 -26.8138 32.48
    endloop
  endfacet
  facet normal 0 0 1
    outer loop
      vertex -29.5693 -24.8116 32.48
      vertex -28.3436 -23.7831 32.48
      vertex -29.1564 -22.7795 32.48
    endloop
  endfacet
  facet normal 0 0 1
    outer loop
      vertex -28.3436 -23.7831 32.48
      vertex -29.5693 -24.8116 32.48
      vertex -28.6854 -25.8284 32.48
    endloop
  endfacet
  facet normal 0 0 1
    outer loop
      vertex -30.4172 -23.7645 32.48
      vertex -29.1564 -22.7795 32.48
      vertex -29.9336 -21.7481 32.48
    endloop
  endfacet
  facet normal 0 0 1
    outer loop
      vertex -29.1564 -22.7795 32.48
      vertex -30.4172 -23.7645 32.48
      vertex -29.5693 -24.8116 32.48
    endloop
  endfacet
  facet normal 0 0 1
    outer loop
      vertex -31.2281 -22.6885 32.48
      vertex -29.9336 -21.7481 32.48
      vertex -30.6744 -20.6901 32.48
    endloop
  endfacet
  facet normal 0 0 1
    outer loop
      vertex -29.9336 -21.7481 32.48
      vertex -31.2281 -22.6885 32.48
      vertex -30.4172 -23.7645 32.48
    endloop
  endfacet
  facet normal 0 0 1
    outer loop
      vertex -32.0009 -21.5848 32.48
      vertex -30.6744 -20.6901 32.48
      vertex -31.3778 -19.607 32.48
    endloop
  endfacet
  facet normal 0 0 1
    outer loop
      vertex -30.6744 -20.6901 32.48
      vertex -32.0009 -21.5848 32.48
      vertex -31.2281 -22.6885 32.48
    endloop
  endfacet
  facet normal 0 0 1
    outer loop
      vertex -32.7347 -20.4549 32.48
      vertex -31.3778 -19.607 32.48
      vertex -32.0429 -18.5 32.48
    endloop
  endfacet
  facet normal 0 0 1
    outer loop
      vertex -33.4286 -19.3 32.48
      vertex -32.0429 -18.5 32.48
      vertex -32.6691 -17.3704 32.48
    endloop
  endfacet
  facet normal 0 0 1
    outer loop
      vertex -31.3778 -19.607 32.48
      vertex -32.7347 -20.4549 32.48
      vertex -32.0009 -21.5848 32.48
    endloop
  endfacet
  facet normal 0 0 1
    outer loop
      vertex -34.0818 -18.1216 32.48
      vertex -32.6691 -17.3704 32.48
      vertex -33.2554 -16.2197 32.48
    endloop
  endfacet
  facet normal 0 0 1
    outer loop
      vertex -32.0429 -18.5 32.48
      vertex -33.4286 -19.3 32.48
      vertex -32.7347 -20.4549 32.48
    endloop
  endfacet
  facet normal 0 0 1
    outer loop
      vertex -34.6935 -16.9211 32.48
      vertex -33.2554 -16.2197 32.48
      vertex -33.8012 -15.0493 32.48
    endloop
  endfacet
  facet normal 0 0 1
    outer loop
      vertex -32.6691 -17.3704 32.48
      vertex -34.0818 -18.1216 32.48
      vertex -33.4286 -19.3 32.48
    endloop
  endfacet
  facet normal 0 0 1
    outer loop
      vertex -35.2629 -15.7 32.48
      vertex -33.8012 -15.0493 32.48
      vertex -34.3058 -13.8604 32.48
    endloop
  endfacet
  facet normal 0 0 1
    outer loop
      vertex -33.2554 -16.2197 32.48
      vertex -34.6935 -16.9211 32.48
      vertex -34.0818 -18.1216 32.48
    endloop
  endfacet
  facet normal 0 0 1
    outer loop
      vertex -35.7893 -14.4598 32.48
      vertex -34.3058 -13.8604 32.48
      vertex -34.7686 -12.6547 32.48
    endloop
  endfacet
  facet normal 0 0 1
    outer loop
      vertex -36.2721 -13.202 32.48
      vertex -34.7686 -12.6547 32.48
      vertex -35.1891 -11.4336 32.48
    endloop
  endfacet
  facet normal 0 0 1
    outer loop
      vertex -33.8012 -15.0493 32.48
      vertex -35.2629 -15.7 32.48
      vertex -34.6935 -16.9211 32.48
    endloop
  endfacet
  facet normal 0 0 1
    outer loop
      vertex -36.7108 -11.9281 32.48
      vertex -35.1891 -11.4336 32.48
      vertex -35.5667 -10.1986 32.48
    endloop
  endfacet
  facet normal 0 0 1
    outer loop
      vertex -34.3058 -13.8604 32.48
      vertex -35.7893 -14.4598 32.48
      vertex -35.2629 -15.7 32.48
    endloop
  endfacet
  facet normal 0 0 1
    outer loop
      vertex -37.1047 -10.6396 32.48
      vertex -35.5667 -10.1986 32.48
      vertex -35.9009 -8.95111 32.48
    endloop
  endfacet
  facet normal 0 0 1
    outer loop
      vertex -37.4534 -9.33818 32.48
      vertex -35.9009 -8.95111 32.48
      vertex -36.1915 -7.69273 32.48
    endloop
  endfacet
  facet normal 0 0 1
    outer loop
      vertex -34.7686 -12.6547 32.48
      vertex -36.2721 -13.202 32.48
      vertex -35.7893 -14.4598 32.48
    endloop
  endfacet
  facet normal 0 0 1
    outer loop
      vertex -37.7565 -8.02539 32.48
      vertex -36.1915 -7.69273 32.48
      vertex -36.4379 -6.42498 32.48
    endloop
  endfacet
  facet normal 0 0 1
    outer loop
      vertex -38.0136 -6.70282 32.48
      vertex -36.4379 -6.42498 32.48
      vertex -36.6399 -5.1494 32.48
    endloop
  endfacet
  facet normal 0 0 1
    outer loop
      vertex -35.1891 -11.4336 32.48
      vertex -36.7108 -11.9281 32.48
      vertex -36.2721 -13.202 32.48
    endloop
  endfacet
  facet normal 0 0 1
    outer loop
      vertex -38.2243 -5.37208 32.48
      vertex -36.6399 -5.1494 32.48
      vertex -36.7973 -3.86755 32.48
    endloop
  endfacet
  facet normal 0 0 1
    outer loop
      vertex -38.3885 -4.0348 32.48
      vertex -36.7973 -3.86755 32.48
      vertex -36.9099 -2.58099 32.48
    endloop
  endfacet
  facet normal 0 0 1
    outer loop
      vertex -38.506 -2.6926 32.48
      vertex -36.9099 -2.58099 32.48
      vertex -36.9775 -1.29128 32.48
    endloop
  endfacet
  facet normal 0 0 1
    outer loop
      vertex -35.5667 -10.1986 32.48
      vertex -37.1047 -10.6396 32.48
      vertex -36.7108 -11.9281 32.48
    endloop
  endfacet
  facet normal 0 0 1
    outer loop
      vertex -38.5765 -1.34712 32.48
      vertex -36.9775 -1.29128 32.48
      vertex -37 0 32.48
    endloop
  endfacet
  facet normal 0 0 1
    outer loop
      vertex -36.6399 5.1494 32.48
      vertex -38.2243 5.37208 32.48
      vertex -36.7973 3.86755 32.48
    endloop
  endfacet
  facet normal -0 0 1
    outer loop
      vertex -38.3885 4.0348 32.48
      vertex -36.7973 3.86755 32.48
      vertex -38.2243 5.37208 32.48
    endloop
  endfacet
  facet normal 0 0 1
    outer loop
      vertex -35.9009 -8.95111 32.48
      vertex -37.4534 -9.33818 32.48
      vertex -37.1047 -10.6396 32.48
    endloop
  endfacet
  facet normal 0 0 1
    outer loop
      vertex -36.7973 3.86755 32.48
      vertex -38.3885 4.0348 32.48
      vertex -36.9099 2.58099 32.48
    endloop
  endfacet
  facet normal 0 0 1
    outer loop
      vertex -36.1915 -7.69273 32.48
      vertex -37.7565 -8.02539 32.48
      vertex -37.4534 -9.33818 32.48
    endloop
  endfacet
  facet normal -0 0 1
    outer loop
      vertex -38.506 2.6926 32.48
      vertex -36.9099 2.58099 32.48
      vertex -38.3885 4.0348 32.48
    endloop
  endfacet
  facet normal 0 0 1
    outer loop
      vertex -36.4379 -6.42498 32.48
      vertex -38.0136 -6.70282 32.48
      vertex -37.7565 -8.02539 32.48
    endloop
  endfacet
  facet normal 0 0 1
    outer loop
      vertex -36.9099 2.58099 32.48
      vertex -38.506 2.6926 32.48
      vertex -36.9775 1.29128 32.48
    endloop
  endfacet
  facet normal 0 0 1
    outer loop
      vertex -36.6399 -5.1494 32.48
      vertex -38.2243 -5.37208 32.48
      vertex -38.0136 -6.70282 32.48
    endloop
  endfacet
  facet normal -0 0 1
    outer loop
      vertex -38.5765 1.34712 32.48
      vertex -36.9775 1.29128 32.48
      vertex -38.506 2.6926 32.48
    endloop
  endfacet
  facet normal 0 0 1
    outer loop
      vertex -36.7973 -3.86755 32.48
      vertex -38.3885 -4.0348 32.48
      vertex -38.2243 -5.37208 32.48
    endloop
  endfacet
  facet normal 0 0 1
    outer loop
      vertex -36.9775 1.29128 32.48
      vertex -38.5765 1.34712 32.48
      vertex -37 0 32.48
    endloop
  endfacet
  facet normal 0 0 1
    outer loop
      vertex -36.9099 -2.58099 32.48
      vertex -38.506 -2.6926 32.48
      vertex -38.3885 -4.0348 32.48
    endloop
  endfacet
  facet normal 0 0 1
    outer loop
      vertex -38.6 0 32.48
      vertex -37 0 32.48
      vertex -38.5765 1.34712 32.48
    endloop
  endfacet
  facet normal 0 0 1
    outer loop
      vertex -36.9775 -1.29128 32.48
      vertex -38.5765 -1.34712 32.48
      vertex -38.506 -2.6926 32.48
    endloop
  endfacet
  facet normal 0 0 1
    outer loop
      vertex -37 0 32.48
      vertex -38.6 0 32.48
      vertex -38.5765 -1.34712 32.48
    endloop
  endfacet
  facet normal -0.798608 -0.601851 0
    outer loop
      vertex -30.4172 -23.7645 30
      vertex -31.2281 -22.6885 32.48
      vertex -31.2281 -22.6885 30
    endloop
  endfacet
  facet normal -0.798608 -0.601851 0
    outer loop
      vertex -31.2281 -22.6885 32.48
      vertex -30.4172 -23.7645 30
      vertex -30.4172 -23.7645 32.48
    endloop
  endfacet
  facet normal -0.777155 -0.629309 0
    outer loop
      vertex -29.5693 -24.8116 30
      vertex -30.4172 -23.7645 32.48
      vertex -30.4172 -23.7645 30
    endloop
  endfacet
  facet normal -0.777155 -0.629309 0
    outer loop
      vertex -30.4172 -23.7645 32.48
      vertex -29.5693 -24.8116 30
      vertex -29.5693 -24.8116 32.48
    endloop
  endfacet
  facet normal 0.99619 -0.0872093 0
    outer loop
      vertex 38.3885 -4.0348 32.48
      vertex 38.506 -2.6926 30
      vertex 38.506 -2.6926 32.48
    endloop
  endfacet
  facet normal 0.99619 -0.0872093 0
    outer loop
      vertex 38.506 -2.6926 30
      vertex 38.3885 -4.0348 32.48
      vertex 38.3885 -4.0348 30
    endloop
  endfacet
  facet normal 0.99863 -0.0523259 0
    outer loop
      vertex 38.506 -2.6926 32.48
      vertex 38.5765 -1.34712 30
      vertex 38.5765 -1.34712 32.48
    endloop
  endfacet
  facet normal 0.99863 -0.0523259 0
    outer loop
      vertex 38.5765 -1.34712 30
      vertex 38.506 -2.6926 32.48
      vertex 38.506 -2.6926 30
    endloop
  endfacet
  facet normal 0.974367 -0.224964 0
    outer loop
      vertex 37.4534 -9.33818 32.48
      vertex 37.7565 -8.02539 30
      vertex 37.7565 -8.02539 32.48
    endloop
  endfacet
  facet normal 0.974367 -0.224964 0
    outer loop
      vertex 37.7565 -8.02539 30
      vertex 37.4534 -9.33818 32.48
      vertex 37.4534 -9.33818 30
    endloop
  endfacet
  facet normal 0.992546 -0.121871 0
    outer loop
      vertex 38.2243 -5.37208 32.48
      vertex 38.3885 -4.0348 30
      vertex 38.3885 -4.0348 32.48
    endloop
  endfacet
  facet normal 0.992546 -0.121871 0
    outer loop
      vertex 38.3885 -4.0348 30
      vertex 38.2243 -5.37208 32.48
      vertex 38.2243 -5.37208 30
    endloop
  endfacet
  facet normal 0.987696 -0.156385 0
    outer loop
      vertex 38.0136 -6.70282 32.48
      vertex 38.2243 -5.37208 30
      vertex 38.2243 -5.37208 32.48
    endloop
  endfacet
  facet normal 0.987696 -0.156385 0
    outer loop
      vertex 38.2243 -5.37208 30
      vertex 38.0136 -6.70282 32.48
      vertex 38.0136 -6.70282 30
    endloop
  endfacet
  facet normal 0.731354 -0.681998 0
    outer loop
      vertex 27.7665 -26.8138 32.48
      vertex 28.6854 -25.8284 30
      vertex 28.6854 -25.8284 32.48
    endloop
  endfacet
  facet normal 0.731354 -0.681998 0
    outer loop
      vertex 28.6854 -25.8284 30
      vertex 27.7665 -26.8138 32.48
      vertex 27.7665 -26.8138 30
    endloop
  endfacet
  facet normal 0.573567 -0.819159 0
    outer loop
      vertex 21.5848 -32.0009 30
      vertex 22.6885 -31.2281 32.48
      vertex 21.5848 -32.0009 32.48
    endloop
  endfacet
  facet normal 0.573567 -0.819159 0
    outer loop
      vertex 22.6885 -31.2281 32.48
      vertex 21.5848 -32.0009 30
      vertex 22.6885 -31.2281 30
    endloop
  endfacet
  facet normal 0.484811 -0.874619 0
    outer loop
      vertex 18.1216 -34.0818 30
      vertex 19.3 -33.4286 32.48
      vertex 18.1216 -34.0818 32.48
    endloop
  endfacet
  facet normal 0.484811 -0.874619 0
    outer loop
      vertex 19.3 -33.4286 32.48
      vertex 18.1216 -34.0818 30
      vertex 19.3 -33.4286 30
    endloop
  endfacet
  facet normal 0.0523259 -0.99863 0
    outer loop
      vertex 1.34712 -38.5765 30
      vertex 2.6926 -38.506 32.48
      vertex 1.34712 -38.5765 32.48
    endloop
  endfacet
  facet normal 0.0523259 -0.99863 0
    outer loop
      vertex 2.6926 -38.506 32.48
      vertex 1.34712 -38.5765 30
      vertex 2.6926 -38.506 30
    endloop
  endfacet
  facet normal -0.017442 -0.999848 0
    outer loop
      vertex -1.34712 -38.5765 30
      vertex 0 -38.6 32.48
      vertex -1.34712 -38.5765 32.48
    endloop
  endfacet
  facet normal -0.017442 -0.999848 -0
    outer loop
      vertex 0 -38.6 32.48
      vertex -1.34712 -38.5765 30
      vertex 0 -38.6 30
    endloop
  endfacet
  facet normal -0.992546 0.121871 0
    outer loop
      vertex -38.3885 4.0348 30
      vertex -38.2243 5.37208 32.48
      vertex -38.2243 5.37208 30
    endloop
  endfacet
  facet normal -0.992546 0.121871 0
    outer loop
      vertex -38.2243 5.37208 32.48
      vertex -38.3885 4.0348 30
      vertex -38.3885 4.0348 32.48
    endloop
  endfacet
  facet normal -0.754706 0.656063 0
    outer loop
      vertex -29.5693 24.8116 30
      vertex -28.6854 25.8284 32.48
      vertex -28.6854 25.8284 30
    endloop
  endfacet
  facet normal -0.754706 0.656063 0
    outer loop
      vertex -28.6854 25.8284 32.48
      vertex -29.5693 24.8116 30
      vertex -29.5693 24.8116 32.48
    endloop
  endfacet
  facet normal -0.956312 0.292349 0
    outer loop
      vertex -37.1047 10.6396 30
      vertex -36.7108 11.9281 32.48
      vertex -36.7108 11.9281 30
    endloop
  endfacet
  facet normal -0.956312 0.292349 0
    outer loop
      vertex -36.7108 11.9281 32.48
      vertex -37.1047 10.6396 30
      vertex -37.1047 10.6396 32.48
    endloop
  endfacet
  facet normal 0.731354 0.681998 0
    outer loop
      vertex 28.6854 25.8284 32.48
      vertex 27.7665 26.8138 30
      vertex 27.7665 26.8138 32.48
    endloop
  endfacet
  facet normal 0.731354 0.681998 0
    outer loop
      vertex 27.7665 26.8138 30
      vertex 28.6854 25.8284 32.48
      vertex 28.6854 25.8284 30
    endloop
  endfacet
  facet normal 0.920514 0.39071 0
    outer loop
      vertex 35.7893 14.4598 32.48
      vertex 35.2629 15.7 30
      vertex 35.2629 15.7 32.48
    endloop
  endfacet
  facet normal 0.920514 0.39071 0
    outer loop
      vertex 35.2629 15.7 30
      vertex 35.7893 14.4598 32.48
      vertex 35.7893 14.4598 30
    endloop
  endfacet
  facet normal -0.325609 0.945505 0
    outer loop
      vertex -11.9281 36.7108 30
      vertex -13.202 36.2721 32.48
      vertex -11.9281 36.7108 32.48
    endloop
  endfacet
  facet normal -0.325609 0.945505 0
    outer loop
      vertex -13.202 36.2721 32.48
      vertex -11.9281 36.7108 30
      vertex -13.202 36.2721 30
    endloop
  endfacet
  facet normal -0.956312 -0.292349 0
    outer loop
      vertex -36.7108 -11.9281 30
      vertex -37.1047 -10.6396 32.48
      vertex -37.1047 -10.6396 30
    endloop
  endfacet
  facet normal -0.956312 -0.292349 0
    outer loop
      vertex -37.1047 -10.6396 32.48
      vertex -36.7108 -11.9281 30
      vertex -36.7108 -11.9281 32.48
    endloop
  endfacet
  facet normal -0.981625 -0.190822 0
    outer loop
      vertex -37.7565 -8.02539 30
      vertex -38.0136 -6.70282 32.48
      vertex -38.0136 -6.70282 30
    endloop
  endfacet
  facet normal -0.981625 -0.190822 0
    outer loop
      vertex -38.0136 -6.70282 32.48
      vertex -37.7565 -8.02539 30
      vertex -37.7565 -8.02539 32.48
    endloop
  endfacet
  facet normal -0.731354 -0.681998 0
    outer loop
      vertex -27.7665 -26.8138 30
      vertex -28.6854 -25.8284 32.48
      vertex -28.6854 -25.8284 30
    endloop
  endfacet
  facet normal -0.731354 -0.681998 0
    outer loop
      vertex -28.6854 -25.8284 32.48
      vertex -27.7665 -26.8138 30
      vertex -27.7665 -26.8138 32.48
    endloop
  endfacet
  facet normal -0.838659 -0.544657 0
    outer loop
      vertex -32.0009 -21.5848 30
      vertex -32.7347 -20.4549 32.48
      vertex -32.7347 -20.4549 30
    endloop
  endfacet
  facet normal -0.838659 -0.544657 0
    outer loop
      vertex -32.7347 -20.4549 32.48
      vertex -32.0009 -21.5848 30
      vertex -32.0009 -21.5848 32.48
    endloop
  endfacet
  facet normal -0.819159 -0.573567 0
    outer loop
      vertex -31.2281 -22.6885 30
      vertex -32.0009 -21.5848 32.48
      vertex -32.0009 -21.5848 30
    endloop
  endfacet
  facet normal -0.819159 -0.573567 0
    outer loop
      vertex -32.0009 -21.5848 32.48
      vertex -31.2281 -22.6885 30
      vertex -31.2281 -22.6885 32.48
    endloop
  endfacet
  facet normal -0.754706 -0.656063 0
    outer loop
      vertex -28.6854 -25.8284 30
      vertex -29.5693 -24.8116 32.48
      vertex -29.5693 -24.8116 30
    endloop
  endfacet
  facet normal -0.754706 -0.656063 0
    outer loop
      vertex -29.5693 -24.8116 32.48
      vertex -28.6854 -25.8284 30
      vertex -28.6854 -25.8284 32.48
    endloop
  endfacet
  facet normal 0.891002 -0.453999 0
    outer loop
      vertex 34.0818 -18.1216 32.48
      vertex 34.6935 -16.9211 30
      vertex 34.6935 -16.9211 32.48
    endloop
  endfacet
  facet normal 0.891002 -0.453999 0
    outer loop
      vertex 34.6935 -16.9211 30
      vertex 34.0818 -18.1216 32.48
      vertex 34.0818 -18.1216 30
    endloop
  endfacet
  facet normal 0.819159 -0.573567 0
    outer loop
      vertex 31.2281 -22.6885 32.48
      vertex 32.0009 -21.5848 30
      vertex 32.0009 -21.5848 32.48
    endloop
  endfacet
  facet normal 0.819159 -0.573567 0
    outer loop
      vertex 32.0009 -21.5848 30
      vertex 31.2281 -22.6885 32.48
      vertex 31.2281 -22.6885 30
    endloop
  endfacet
  facet normal 0.965929 -0.258809 0
    outer loop
      vertex 37.1047 -10.6396 32.48
      vertex 37.4534 -9.33818 30
      vertex 37.4534 -9.33818 32.48
    endloop
  endfacet
  facet normal 0.965929 -0.258809 0
    outer loop
      vertex 37.4534 -9.33818 30
      vertex 37.1047 -10.6396 32.48
      vertex 37.1047 -10.6396 30
    endloop
  endfacet
  facet normal 0.956312 -0.292349 0
    outer loop
      vertex 36.7108 -11.9281 32.48
      vertex 37.1047 -10.6396 30
      vertex 37.1047 -10.6396 32.48
    endloop
  endfacet
  facet normal 0.956312 -0.292349 0
    outer loop
      vertex 37.1047 -10.6396 30
      vertex 36.7108 -11.9281 32.48
      vertex 36.7108 -11.9281 30
    endloop
  endfacet
  facet normal 0.945505 -0.325609 0
    outer loop
      vertex 36.2721 -13.202 32.48
      vertex 36.7108 -11.9281 30
      vertex 36.7108 -11.9281 32.48
    endloop
  endfacet
  facet normal 0.945505 -0.325609 0
    outer loop
      vertex 36.7108 -11.9281 30
      vertex 36.2721 -13.202 32.48
      vertex 36.2721 -13.202 30
    endloop
  endfacet
  facet normal 0.920514 -0.39071 0
    outer loop
      vertex 35.2629 -15.7 32.48
      vertex 35.7893 -14.4598 30
      vertex 35.7893 -14.4598 32.48
    endloop
  endfacet
  facet normal 0.920514 -0.39071 0
    outer loop
      vertex 35.7893 -14.4598 30
      vertex 35.2629 -15.7 32.48
      vertex 35.2629 -15.7 30
    endloop
  endfacet
  facet normal 0.777155 -0.629309 0
    outer loop
      vertex 29.5693 -24.8116 32.48
      vertex 30.4172 -23.7645 30
      vertex 30.4172 -23.7645 32.48
    endloop
  endfacet
  facet normal 0.777155 -0.629309 0
    outer loop
      vertex 30.4172 -23.7645 30
      vertex 29.5693 -24.8116 32.48
      vertex 29.5693 -24.8116 30
    endloop
  endfacet
  facet normal 0.798608 -0.601851 0
    outer loop
      vertex 30.4172 -23.7645 32.48
      vertex 31.2281 -22.6885 30
      vertex 31.2281 -22.6885 32.48
    endloop
  endfacet
  facet normal 0.798608 -0.601851 0
    outer loop
      vertex 31.2281 -22.6885 30
      vertex 30.4172 -23.7645 32.48
      vertex 30.4172 -23.7645 30
    endloop
  endfacet
  facet normal 0.754706 -0.656063 0
    outer loop
      vertex 28.6854 -25.8284 32.48
      vertex 29.5693 -24.8116 30
      vertex 29.5693 -24.8116 32.48
    endloop
  endfacet
  facet normal 0.754706 -0.656063 0
    outer loop
      vertex 29.5693 -24.8116 30
      vertex 28.6854 -25.8284 32.48
      vertex 28.6854 -25.8284 30
    endloop
  endfacet
  facet normal 0.601851 -0.798608 0
    outer loop
      vertex 22.6885 -31.2281 30
      vertex 23.7645 -30.4172 32.48
      vertex 22.6885 -31.2281 32.48
    endloop
  endfacet
  facet normal 0.601851 -0.798608 0
    outer loop
      vertex 23.7645 -30.4172 32.48
      vertex 22.6885 -31.2281 30
      vertex 23.7645 -30.4172 30
    endloop
  endfacet
  facet normal 0.544657 -0.838659 0
    outer loop
      vertex 20.4549 -32.7347 30
      vertex 21.5848 -32.0009 32.48
      vertex 20.4549 -32.7347 32.48
    endloop
  endfacet
  facet normal 0.544657 -0.838659 0
    outer loop
      vertex 21.5848 -32.0009 32.48
      vertex 20.4549 -32.7347 30
      vertex 21.5848 -32.0009 30
    endloop
  endfacet
  facet normal 0.453999 -0.891002 0
    outer loop
      vertex 16.9211 -34.6935 30
      vertex 18.1216 -34.0818 32.48
      vertex 16.9211 -34.6935 32.48
    endloop
  endfacet
  facet normal 0.453999 -0.891002 0
    outer loop
      vertex 18.1216 -34.0818 32.48
      vertex 16.9211 -34.6935 30
      vertex 18.1216 -34.0818 30
    endloop
  endfacet
  facet normal 0.422613 -0.90631 0
    outer loop
      vertex 15.7 -35.2629 30
      vertex 16.9211 -34.6935 32.48
      vertex 15.7 -35.2629 32.48
    endloop
  endfacet
  facet normal 0.422613 -0.90631 0
    outer loop
      vertex 16.9211 -34.6935 32.48
      vertex 15.7 -35.2629 30
      vertex 16.9211 -34.6935 30
    endloop
  endfacet
  facet normal 0.258809 -0.965929 0
    outer loop
      vertex 9.33818 -37.4534 30
      vertex 10.6396 -37.1047 32.48
      vertex 9.33818 -37.4534 32.48
    endloop
  endfacet
  facet normal 0.258809 -0.965929 0
    outer loop
      vertex 10.6396 -37.1047 32.48
      vertex 9.33818 -37.4534 30
      vertex 10.6396 -37.1047 30
    endloop
  endfacet
  facet normal 0.017442 -0.999848 0
    outer loop
      vertex 0 -38.6 30
      vertex 1.34712 -38.5765 32.48
      vertex 0 -38.6 32.48
    endloop
  endfacet
  facet normal 0.017442 -0.999848 0
    outer loop
      vertex 1.34712 -38.5765 32.48
      vertex 0 -38.6 30
      vertex 1.34712 -38.5765 30
    endloop
  endfacet
  facet normal -0.0872093 -0.99619 0
    outer loop
      vertex -4.0348 -38.3885 30
      vertex -2.6926 -38.506 32.48
      vertex -4.0348 -38.3885 32.48
    endloop
  endfacet
  facet normal -0.0872093 -0.99619 -0
    outer loop
      vertex -2.6926 -38.506 32.48
      vertex -4.0348 -38.3885 30
      vertex -2.6926 -38.506 30
    endloop
  endfacet
  facet normal -0.190822 -0.981625 0
    outer loop
      vertex -8.02539 -37.7565 30
      vertex -6.70282 -38.0136 32.48
      vertex -8.02539 -37.7565 32.48
    endloop
  endfacet
  facet normal -0.190822 -0.981625 -0
    outer loop
      vertex -6.70282 -38.0136 32.48
      vertex -8.02539 -37.7565 30
      vertex -6.70282 -38.0136 30
    endloop
  endfacet
  facet normal -0.453999 -0.891002 0
    outer loop
      vertex -18.1216 -34.0818 30
      vertex -16.9211 -34.6935 32.48
      vertex -18.1216 -34.0818 32.48
    endloop
  endfacet
  facet normal -0.453999 -0.891002 -0
    outer loop
      vertex -16.9211 -34.6935 32.48
      vertex -18.1216 -34.0818 30
      vertex -16.9211 -34.6935 30
    endloop
  endfacet
  facet normal -0.99863 0.0523259 0
    outer loop
      vertex -38.5765 1.34712 30
      vertex -38.506 2.6926 32.48
      vertex -38.506 2.6926 30
    endloop
  endfacet
  facet normal -0.99863 0.0523259 0
    outer loop
      vertex -38.506 2.6926 32.48
      vertex -38.5765 1.34712 30
      vertex -38.5765 1.34712 32.48
    endloop
  endfacet
  facet normal -0.99619 0.0872093 0
    outer loop
      vertex -38.506 2.6926 30
      vertex -38.3885 4.0348 32.48
      vertex -38.3885 4.0348 30
    endloop
  endfacet
  facet normal -0.99619 0.0872093 0
    outer loop
      vertex -38.3885 4.0348 32.48
      vertex -38.506 2.6926 30
      vertex -38.506 2.6926 32.48
    endloop
  endfacet
  facet normal -0.945505 0.325609 0
    outer loop
      vertex -36.7108 11.9281 30
      vertex -36.2721 13.202 32.48
      vertex -36.2721 13.202 30
    endloop
  endfacet
  facet normal -0.945505 0.325609 0
    outer loop
      vertex -36.2721 13.202 32.48
      vertex -36.7108 11.9281 30
      vertex -36.7108 11.9281 32.48
    endloop
  endfacet
  facet normal -0.974367 0.224964 0
    outer loop
      vertex -37.7565 8.02539 30
      vertex -37.4534 9.33818 32.48
      vertex -37.4534 9.33818 30
    endloop
  endfacet
  facet normal -0.974367 0.224964 0
    outer loop
      vertex -37.4534 9.33818 32.48
      vertex -37.7565 8.02539 30
      vertex -37.7565 8.02539 32.48
    endloop
  endfacet
  facet normal 0.017442 0.999848 -0
    outer loop
      vertex 1.34712 38.5765 30
      vertex 0 38.6 32.48
      vertex 1.34712 38.5765 32.48
    endloop
  endfacet
  facet normal 0.017442 0.999848 0
    outer loop
      vertex 0 38.6 32.48
      vertex 1.34712 38.5765 30
      vertex 0 38.6 30
    endloop
  endfacet
  facet normal 0.0523259 0.99863 -0
    outer loop
      vertex 2.6926 38.506 30
      vertex 1.34712 38.5765 32.48
      vertex 2.6926 38.506 32.48
    endloop
  endfacet
  facet normal 0.0523259 0.99863 0
    outer loop
      vertex 1.34712 38.5765 32.48
      vertex 2.6926 38.506 30
      vertex 1.34712 38.5765 30
    endloop
  endfacet
  facet normal 0.0872093 0.99619 -0
    outer loop
      vertex 4.0348 38.3885 30
      vertex 2.6926 38.506 32.48
      vertex 4.0348 38.3885 32.48
    endloop
  endfacet
  facet normal 0.0872093 0.99619 0
    outer loop
      vertex 2.6926 38.506 32.48
      vertex 4.0348 38.3885 30
      vertex 2.6926 38.506 30
    endloop
  endfacet
  facet normal 0.544657 0.838659 -0
    outer loop
      vertex 21.5848 32.0009 30
      vertex 20.4549 32.7347 32.48
      vertex 21.5848 32.0009 32.48
    endloop
  endfacet
  facet normal 0.544657 0.838659 0
    outer loop
      vertex 20.4549 32.7347 32.48
      vertex 21.5848 32.0009 30
      vertex 20.4549 32.7347 30
    endloop
  endfacet
  facet normal -0.39071 0.920514 0
    outer loop
      vertex -14.4598 35.7893 30
      vertex -15.7 35.2629 32.48
      vertex -14.4598 35.7893 32.48
    endloop
  endfacet
  facet normal -0.39071 0.920514 0
    outer loop
      vertex -15.7 35.2629 32.48
      vertex -14.4598 35.7893 30
      vertex -15.7 35.2629 30
    endloop
  endfacet
  facet normal -0.358352 0.933586 0
    outer loop
      vertex -13.202 36.2721 30
      vertex -14.4598 35.7893 32.48
      vertex -13.202 36.2721 32.48
    endloop
  endfacet
  facet normal -0.358352 0.933586 0
    outer loop
      vertex -14.4598 35.7893 32.48
      vertex -13.202 36.2721 30
      vertex -14.4598 35.7893 30
    endloop
  endfacet
  facet normal -0.224964 0.974367 0
    outer loop
      vertex -8.02539 37.7565 30
      vertex -9.33818 37.4534 32.48
      vertex -8.02539 37.7565 32.48
    endloop
  endfacet
  facet normal -0.224964 0.974367 0
    outer loop
      vertex -9.33818 37.4534 32.48
      vertex -8.02539 37.7565 30
      vertex -9.33818 37.4534 30
    endloop
  endfacet
  facet normal -0.292349 0.956312 0
    outer loop
      vertex -10.6396 37.1047 30
      vertex -11.9281 36.7108 32.48
      vertex -10.6396 37.1047 32.48
    endloop
  endfacet
  facet normal -0.292349 0.956312 0
    outer loop
      vertex -11.9281 36.7108 32.48
      vertex -10.6396 37.1047 30
      vertex -11.9281 36.7108 30
    endloop
  endfacet
  facet normal -0.99619 -0.0872093 0
    outer loop
      vertex -38.3885 -4.0348 30
      vertex -38.506 -2.6926 32.48
      vertex -38.506 -2.6926 30
    endloop
  endfacet
  facet normal -0.99619 -0.0872093 0
    outer loop
      vertex -38.506 -2.6926 32.48
      vertex -38.3885 -4.0348 30
      vertex -38.3885 -4.0348 32.48
    endloop
  endfacet
  facet normal -0.90631 -0.422613 0
    outer loop
      vertex -34.6935 -16.9211 30
      vertex -35.2629 -15.7 32.48
      vertex -35.2629 -15.7 30
    endloop
  endfacet
  facet normal -0.90631 -0.422613 0
    outer loop
      vertex -35.2629 -15.7 32.48
      vertex -34.6935 -16.9211 30
      vertex -34.6935 -16.9211 32.48
    endloop
  endfacet
  facet normal -0.891002 -0.453999 0
    outer loop
      vertex -34.0818 -18.1216 30
      vertex -34.6935 -16.9211 32.48
      vertex -34.6935 -16.9211 30
    endloop
  endfacet
  facet normal -0.891002 -0.453999 0
    outer loop
      vertex -34.6935 -16.9211 32.48
      vertex -34.0818 -18.1216 30
      vertex -34.0818 -18.1216 32.48
    endloop
  endfacet
  facet normal 0.874619 -0.484811 0
    outer loop
      vertex 33.4286 -19.3 32.48
      vertex 34.0818 -18.1216 30
      vertex 34.0818 -18.1216 32.48
    endloop
  endfacet
  facet normal 0.874619 -0.484811 0
    outer loop
      vertex 34.0818 -18.1216 30
      vertex 33.4286 -19.3 32.48
      vertex 33.4286 -19.3 30
    endloop
  endfacet
  facet normal 0.857178 -0.51502 0
    outer loop
      vertex 32.7347 -20.4549 32.48
      vertex 33.4286 -19.3 30
      vertex 33.4286 -19.3 32.48
    endloop
  endfacet
  facet normal 0.857178 -0.51502 0
    outer loop
      vertex 33.4286 -19.3 30
      vertex 32.7347 -20.4549 32.48
      vertex 32.7347 -20.4549 30
    endloop
  endfacet
  facet normal 0.933586 -0.358352 0
    outer loop
      vertex 35.7893 -14.4598 32.48
      vertex 36.2721 -13.202 30
      vertex 36.2721 -13.202 32.48
    endloop
  endfacet
  facet normal 0.933586 -0.358352 0
    outer loop
      vertex 36.2721 -13.202 30
      vertex 35.7893 -14.4598 32.48
      vertex 35.7893 -14.4598 30
    endloop
  endfacet
  facet normal 0.656063 -0.754706 0
    outer loop
      vertex 24.8116 -29.5693 30
      vertex 25.8284 -28.6854 32.48
      vertex 24.8116 -29.5693 32.48
    endloop
  endfacet
  facet normal 0.656063 -0.754706 0
    outer loop
      vertex 25.8284 -28.6854 32.48
      vertex 24.8116 -29.5693 30
      vertex 25.8284 -28.6854 30
    endloop
  endfacet
  facet normal 0.681998 -0.731354 0
    outer loop
      vertex 25.8284 -28.6854 30
      vertex 26.8138 -27.7665 32.48
      vertex 25.8284 -28.6854 32.48
    endloop
  endfacet
  facet normal 0.681998 -0.731354 0
    outer loop
      vertex 26.8138 -27.7665 32.48
      vertex 25.8284 -28.6854 30
      vertex 26.8138 -27.7665 30
    endloop
  endfacet
  facet normal 0.629309 -0.777155 0
    outer loop
      vertex 23.7645 -30.4172 30
      vertex 24.8116 -29.5693 32.48
      vertex 23.7645 -30.4172 32.48
    endloop
  endfacet
  facet normal 0.629309 -0.777155 0
    outer loop
      vertex 24.8116 -29.5693 32.48
      vertex 23.7645 -30.4172 30
      vertex 24.8116 -29.5693 30
    endloop
  endfacet
  facet normal 0.39071 -0.920514 0
    outer loop
      vertex 14.4598 -35.7893 30
      vertex 15.7 -35.2629 32.48
      vertex 14.4598 -35.7893 32.48
    endloop
  endfacet
  facet normal 0.39071 -0.920514 0
    outer loop
      vertex 15.7 -35.2629 32.48
      vertex 14.4598 -35.7893 30
      vertex 15.7 -35.2629 30
    endloop
  endfacet
  facet normal 0.51502 -0.857178 0
    outer loop
      vertex 19.3 -33.4286 30
      vertex 20.4549 -32.7347 32.48
      vertex 19.3 -33.4286 32.48
    endloop
  endfacet
  facet normal 0.51502 -0.857178 0
    outer loop
      vertex 20.4549 -32.7347 32.48
      vertex 19.3 -33.4286 30
      vertex 20.4549 -32.7347 30
    endloop
  endfacet
  facet normal 0.325609 -0.945505 0
    outer loop
      vertex 11.9281 -36.7108 30
      vertex 13.202 -36.2721 32.48
      vertex 11.9281 -36.7108 32.48
    endloop
  endfacet
  facet normal 0.325609 -0.945505 0
    outer loop
      vertex 13.202 -36.2721 32.48
      vertex 11.9281 -36.7108 30
      vertex 13.202 -36.2721 30
    endloop
  endfacet
  facet normal 0.121871 -0.992546 0
    outer loop
      vertex 4.0348 -38.3885 30
      vertex 5.37208 -38.2243 32.48
      vertex 4.0348 -38.3885 32.48
    endloop
  endfacet
  facet normal 0.121871 -0.992546 0
    outer loop
      vertex 5.37208 -38.2243 32.48
      vertex 4.0348 -38.3885 30
      vertex 5.37208 -38.2243 30
    endloop
  endfacet
  facet normal 0.0872093 -0.99619 0
    outer loop
      vertex 2.6926 -38.506 30
      vertex 4.0348 -38.3885 32.48
      vertex 2.6926 -38.506 32.48
    endloop
  endfacet
  facet normal 0.0872093 -0.99619 0
    outer loop
      vertex 4.0348 -38.3885 32.48
      vertex 2.6926 -38.506 30
      vertex 4.0348 -38.3885 30
    endloop
  endfacet
  facet normal -0.258809 -0.965929 0
    outer loop
      vertex -10.6396 -37.1047 30
      vertex -9.33818 -37.4534 32.48
      vertex -10.6396 -37.1047 32.48
    endloop
  endfacet
  facet normal -0.258809 -0.965929 -0
    outer loop
      vertex -9.33818 -37.4534 32.48
      vertex -10.6396 -37.1047 30
      vertex -9.33818 -37.4534 30
    endloop
  endfacet
  facet normal -0.224964 -0.974367 0
    outer loop
      vertex -9.33818 -37.4534 30
      vertex -8.02539 -37.7565 32.48
      vertex -9.33818 -37.4534 32.48
    endloop
  endfacet
  facet normal -0.224964 -0.974367 -0
    outer loop
      vertex -8.02539 -37.7565 32.48
      vertex -9.33818 -37.4534 30
      vertex -8.02539 -37.7565 30
    endloop
  endfacet
  facet normal -0.325609 -0.945505 0
    outer loop
      vertex -13.202 -36.2721 30
      vertex -11.9281 -36.7108 32.48
      vertex -13.202 -36.2721 32.48
    endloop
  endfacet
  facet normal -0.325609 -0.945505 -0
    outer loop
      vertex -11.9281 -36.7108 32.48
      vertex -13.202 -36.2721 30
      vertex -11.9281 -36.7108 30
    endloop
  endfacet
  facet normal -0.358352 -0.933586 0
    outer loop
      vertex -14.4598 -35.7893 30
      vertex -13.202 -36.2721 32.48
      vertex -14.4598 -35.7893 32.48
    endloop
  endfacet
  facet normal -0.358352 -0.933586 -0
    outer loop
      vertex -13.202 -36.2721 32.48
      vertex -14.4598 -35.7893 30
      vertex -13.202 -36.2721 30
    endloop
  endfacet
  facet normal -0.51502 -0.857178 0
    outer loop
      vertex -20.4549 -32.7347 30
      vertex -19.3 -33.4286 32.48
      vertex -20.4549 -32.7347 32.48
    endloop
  endfacet
  facet normal -0.51502 -0.857178 -0
    outer loop
      vertex -19.3 -33.4286 32.48
      vertex -20.4549 -32.7347 30
      vertex -19.3 -33.4286 30
    endloop
  endfacet
  facet normal -0.601851 -0.798608 0
    outer loop
      vertex -23.7645 -30.4172 30
      vertex -22.6885 -31.2281 32.48
      vertex -23.7645 -30.4172 32.48
    endloop
  endfacet
  facet normal -0.601851 -0.798608 -0
    outer loop
      vertex -22.6885 -31.2281 32.48
      vertex -23.7645 -30.4172 30
      vertex -22.6885 -31.2281 30
    endloop
  endfacet
  facet normal -0.544657 -0.838659 0
    outer loop
      vertex -21.5848 -32.0009 30
      vertex -20.4549 -32.7347 32.48
      vertex -21.5848 -32.0009 32.48
    endloop
  endfacet
  facet normal -0.544657 -0.838659 -0
    outer loop
      vertex -20.4549 -32.7347 32.48
      vertex -21.5848 -32.0009 30
      vertex -20.4549 -32.7347 30
    endloop
  endfacet
  facet normal -0.573567 -0.819159 0
    outer loop
      vertex -22.6885 -31.2281 30
      vertex -21.5848 -32.0009 32.48
      vertex -22.6885 -31.2281 32.48
    endloop
  endfacet
  facet normal -0.573567 -0.819159 -0
    outer loop
      vertex -21.5848 -32.0009 32.48
      vertex -22.6885 -31.2281 30
      vertex -21.5848 -32.0009 30
    endloop
  endfacet
  facet normal -0.987696 0.156385 0
    outer loop
      vertex -38.2243 5.37208 30
      vertex -38.0136 6.70282 32.48
      vertex -38.0136 6.70282 30
    endloop
  endfacet
  facet normal -0.987696 0.156385 0
    outer loop
      vertex -38.0136 6.70282 32.48
      vertex -38.2243 5.37208 30
      vertex -38.2243 5.37208 32.48
    endloop
  endfacet
  facet normal -0.798608 0.601851 0
    outer loop
      vertex -31.2281 22.6885 30
      vertex -30.4172 23.7645 32.48
      vertex -30.4172 23.7645 30
    endloop
  endfacet
  facet normal -0.798608 0.601851 0
    outer loop
      vertex -30.4172 23.7645 32.48
      vertex -31.2281 22.6885 30
      vertex -31.2281 22.6885 32.48
    endloop
  endfacet
  facet normal -0.777155 0.629309 0
    outer loop
      vertex -30.4172 23.7645 30
      vertex -29.5693 24.8116 32.48
      vertex -29.5693 24.8116 30
    endloop
  endfacet
  facet normal -0.777155 0.629309 0
    outer loop
      vertex -29.5693 24.8116 32.48
      vertex -30.4172 23.7645 30
      vertex -30.4172 23.7645 32.48
    endloop
  endfacet
  facet normal -0.681998 0.731354 0
    outer loop
      vertex -25.8284 28.6854 30
      vertex -26.8138 27.7665 32.48
      vertex -25.8284 28.6854 32.48
    endloop
  endfacet
  facet normal -0.681998 0.731354 0
    outer loop
      vertex -26.8138 27.7665 32.48
      vertex -25.8284 28.6854 30
      vertex -26.8138 27.7665 30
    endloop
  endfacet
  facet normal -0.601851 0.798608 0
    outer loop
      vertex -22.6885 31.2281 30
      vertex -23.7645 30.4172 32.48
      vertex -22.6885 31.2281 32.48
    endloop
  endfacet
  facet normal -0.601851 0.798608 0
    outer loop
      vertex -23.7645 30.4172 32.48
      vertex -22.6885 31.2281 30
      vertex -23.7645 30.4172 30
    endloop
  endfacet
  facet normal -0.51502 0.857178 0
    outer loop
      vertex -19.3 33.4286 30
      vertex -20.4549 32.7347 32.48
      vertex -19.3 33.4286 32.48
    endloop
  endfacet
  facet normal -0.51502 0.857178 0
    outer loop
      vertex -20.4549 32.7347 32.48
      vertex -19.3 33.4286 30
      vertex -20.4549 32.7347 30
    endloop
  endfacet
  facet normal -0.920514 0.39071 0
    outer loop
      vertex -35.7893 14.4598 30
      vertex -35.2629 15.7 32.48
      vertex -35.2629 15.7 30
    endloop
  endfacet
  facet normal -0.920514 0.39071 0
    outer loop
      vertex -35.2629 15.7 32.48
      vertex -35.7893 14.4598 30
      vertex -35.7893 14.4598 32.48
    endloop
  endfacet
  facet normal -0.90631 0.422613 0
    outer loop
      vertex -35.2629 15.7 30
      vertex -34.6935 16.9211 32.48
      vertex -34.6935 16.9211 30
    endloop
  endfacet
  facet normal -0.90631 0.422613 0
    outer loop
      vertex -34.6935 16.9211 32.48
      vertex -35.2629 15.7 30
      vertex -35.2629 15.7 32.48
    endloop
  endfacet
  facet normal -0.891002 0.453999 0
    outer loop
      vertex -34.6935 16.9211 30
      vertex -34.0818 18.1216 32.48
      vertex -34.0818 18.1216 30
    endloop
  endfacet
  facet normal -0.891002 0.453999 0
    outer loop
      vertex -34.0818 18.1216 32.48
      vertex -34.6935 16.9211 30
      vertex -34.6935 16.9211 32.48
    endloop
  endfacet
  facet normal -0.857178 0.51502 0
    outer loop
      vertex -33.4286 19.3 30
      vertex -32.7347 20.4549 32.48
      vertex -32.7347 20.4549 30
    endloop
  endfacet
  facet normal -0.857178 0.51502 0
    outer loop
      vertex -32.7347 20.4549 32.48
      vertex -33.4286 19.3 30
      vertex -33.4286 19.3 32.48
    endloop
  endfacet
  facet normal -0.933586 0.358352 0
    outer loop
      vertex -36.2721 13.202 30
      vertex -35.7893 14.4598 32.48
      vertex -35.7893 14.4598 30
    endloop
  endfacet
  facet normal -0.933586 0.358352 0
    outer loop
      vertex -35.7893 14.4598 32.48
      vertex -36.2721 13.202 30
      vertex -36.2721 13.202 32.48
    endloop
  endfacet
  facet normal -0.965929 0.258809 0
    outer loop
      vertex -37.4534 9.33818 30
      vertex -37.1047 10.6396 32.48
      vertex -37.1047 10.6396 30
    endloop
  endfacet
  facet normal -0.965929 0.258809 0
    outer loop
      vertex -37.1047 10.6396 32.48
      vertex -37.4534 9.33818 30
      vertex -37.4534 9.33818 32.48
    endloop
  endfacet
  facet normal 0.156385 0.987696 -0
    outer loop
      vertex 6.70282 38.0136 30
      vertex 5.37208 38.2243 32.48
      vertex 6.70282 38.0136 32.48
    endloop
  endfacet
  facet normal 0.156385 0.987696 0
    outer loop
      vertex 5.37208 38.2243 32.48
      vertex 6.70282 38.0136 30
      vertex 5.37208 38.2243 30
    endloop
  endfacet
  facet normal 0.39071 0.920514 -0
    outer loop
      vertex 15.7 35.2629 30
      vertex 14.4598 35.7893 32.48
      vertex 15.7 35.2629 32.48
    endloop
  endfacet
  facet normal 0.39071 0.920514 0
    outer loop
      vertex 14.4598 35.7893 32.48
      vertex 15.7 35.2629 30
      vertex 14.4598 35.7893 30
    endloop
  endfacet
  facet normal 0.707107 0.707107 0
    outer loop
      vertex 27.7665 26.8138 32.48
      vertex 26.8138 27.7665 30
      vertex 26.8138 27.7665 32.48
    endloop
  endfacet
  facet normal 0.707107 0.707107 0
    outer loop
      vertex 26.8138 27.7665 30
      vertex 27.7665 26.8138 32.48
      vertex 27.7665 26.8138 30
    endloop
  endfacet
  facet normal 0.798608 0.601851 0
    outer loop
      vertex 31.2281 22.6885 32.48
      vertex 30.4172 23.7645 30
      vertex 30.4172 23.7645 32.48
    endloop
  endfacet
  facet normal 0.798608 0.601851 0
    outer loop
      vertex 30.4172 23.7645 30
      vertex 31.2281 22.6885 32.48
      vertex 31.2281 22.6885 30
    endloop
  endfacet
  facet normal 0.819159 0.573567 0
    outer loop
      vertex 32.0009 21.5848 32.48
      vertex 31.2281 22.6885 30
      vertex 31.2281 22.6885 32.48
    endloop
  endfacet
  facet normal 0.819159 0.573567 0
    outer loop
      vertex 31.2281 22.6885 30
      vertex 32.0009 21.5848 32.48
      vertex 32.0009 21.5848 30
    endloop
  endfacet
  facet normal 0.874619 0.484811 0
    outer loop
      vertex 34.0818 18.1216 32.48
      vertex 33.4286 19.3 30
      vertex 33.4286 19.3 32.48
    endloop
  endfacet
  facet normal 0.874619 0.484811 0
    outer loop
      vertex 33.4286 19.3 30
      vertex 34.0818 18.1216 32.48
      vertex 34.0818 18.1216 30
    endloop
  endfacet
  facet normal 0.656063 0.754706 -0
    outer loop
      vertex 25.8284 28.6854 30
      vertex 24.8116 29.5693 32.48
      vertex 25.8284 28.6854 32.48
    endloop
  endfacet
  facet normal 0.656063 0.754706 0
    outer loop
      vertex 24.8116 29.5693 32.48
      vertex 25.8284 28.6854 30
      vertex 24.8116 29.5693 30
    endloop
  endfacet
  facet normal -0.258809 0.965929 0
    outer loop
      vertex -9.33818 37.4534 30
      vertex -10.6396 37.1047 32.48
      vertex -9.33818 37.4534 32.48
    endloop
  endfacet
  facet normal -0.258809 0.965929 0
    outer loop
      vertex -10.6396 37.1047 32.48
      vertex -9.33818 37.4534 30
      vertex -10.6396 37.1047 30
    endloop
  endfacet
  facet normal -0.156385 0.987696 0
    outer loop
      vertex -5.37208 38.2243 30
      vertex -6.70282 38.0136 32.48
      vertex -5.37208 38.2243 32.48
    endloop
  endfacet
  facet normal -0.156385 0.987696 0
    outer loop
      vertex -6.70282 38.0136 32.48
      vertex -5.37208 38.2243 30
      vertex -6.70282 38.0136 30
    endloop
  endfacet
  facet normal -0.0872093 0.99619 0
    outer loop
      vertex -2.6926 38.506 30
      vertex -4.0348 38.3885 32.48
      vertex -2.6926 38.506 32.48
    endloop
  endfacet
  facet normal -0.0872093 0.99619 0
    outer loop
      vertex -4.0348 38.3885 32.48
      vertex -2.6926 38.506 30
      vertex -4.0348 38.3885 30
    endloop
  endfacet
  facet normal -0.0523259 0.99863 0
    outer loop
      vertex -1.34712 38.5765 30
      vertex -2.6926 38.506 32.48
      vertex -1.34712 38.5765 32.48
    endloop
  endfacet
  facet normal -0.0523259 0.99863 0
    outer loop
      vertex -2.6926 38.506 32.48
      vertex -1.34712 38.5765 30
      vertex -2.6926 38.506 30
    endloop
  endfacet
  facet normal -0.987696 -0.156385 0
    outer loop
      vertex -38.0136 -6.70282 30
      vertex -38.2243 -5.37208 32.48
      vertex -38.2243 -5.37208 30
    endloop
  endfacet
  facet normal -0.987696 -0.156385 0
    outer loop
      vertex -38.2243 -5.37208 32.48
      vertex -38.0136 -6.70282 30
      vertex -38.0136 -6.70282 32.48
    endloop
  endfacet
  facet normal -0.933586 -0.358352 0
    outer loop
      vertex -35.7893 -14.4598 30
      vertex -36.2721 -13.202 32.48
      vertex -36.2721 -13.202 30
    endloop
  endfacet
  facet normal -0.933586 -0.358352 0
    outer loop
      vertex -36.2721 -13.202 32.48
      vertex -35.7893 -14.4598 30
      vertex -35.7893 -14.4598 32.48
    endloop
  endfacet
  facet normal -0.920514 -0.39071 0
    outer loop
      vertex -35.2629 -15.7 30
      vertex -35.7893 -14.4598 32.48
      vertex -35.7893 -14.4598 30
    endloop
  endfacet
  facet normal -0.920514 -0.39071 0
    outer loop
      vertex -35.7893 -14.4598 32.48
      vertex -35.2629 -15.7 30
      vertex -35.2629 -15.7 32.48
    endloop
  endfacet
  facet normal -0.945505 -0.325609 0
    outer loop
      vertex -36.2721 -13.202 30
      vertex -36.7108 -11.9281 32.48
      vertex -36.7108 -11.9281 30
    endloop
  endfacet
  facet normal -0.945505 -0.325609 0
    outer loop
      vertex -36.7108 -11.9281 32.48
      vertex -36.2721 -13.202 30
      vertex -36.2721 -13.202 32.48
    endloop
  endfacet
  facet normal -0.874619 -0.484811 0
    outer loop
      vertex -33.4286 -19.3 30
      vertex -34.0818 -18.1216 32.48
      vertex -34.0818 -18.1216 30
    endloop
  endfacet
  facet normal -0.874619 -0.484811 0
    outer loop
      vertex -34.0818 -18.1216 32.48
      vertex -33.4286 -19.3 30
      vertex -33.4286 -19.3 32.48
    endloop
  endfacet
  facet normal 0.838659 -0.544657 0
    outer loop
      vertex 32.0009 -21.5848 32.48
      vertex 32.7347 -20.4549 30
      vertex 32.7347 -20.4549 32.48
    endloop
  endfacet
  facet normal 0.838659 -0.544657 0
    outer loop
      vertex 32.7347 -20.4549 30
      vertex 32.0009 -21.5848 32.48
      vertex 32.0009 -21.5848 30
    endloop
  endfacet
  facet normal 0.224964 -0.974367 0
    outer loop
      vertex 8.02539 -37.7565 30
      vertex 9.33818 -37.4534 32.48
      vertex 8.02539 -37.7565 32.48
    endloop
  endfacet
  facet normal 0.224964 -0.974367 0
    outer loop
      vertex 9.33818 -37.4534 32.48
      vertex 8.02539 -37.7565 30
      vertex 9.33818 -37.4534 30
    endloop
  endfacet
  facet normal 0.292349 -0.956312 0
    outer loop
      vertex 10.6396 -37.1047 30
      vertex 11.9281 -36.7108 32.48
      vertex 10.6396 -37.1047 32.48
    endloop
  endfacet
  facet normal 0.292349 -0.956312 0
    outer loop
      vertex 11.9281 -36.7108 32.48
      vertex 10.6396 -37.1047 30
      vertex 11.9281 -36.7108 30
    endloop
  endfacet
  facet normal -0.121871 -0.992546 0
    outer loop
      vertex -5.37208 -38.2243 30
      vertex -4.0348 -38.3885 32.48
      vertex -5.37208 -38.2243 32.48
    endloop
  endfacet
  facet normal -0.121871 -0.992546 -0
    outer loop
      vertex -4.0348 -38.3885 32.48
      vertex -5.37208 -38.2243 30
      vertex -4.0348 -38.3885 30
    endloop
  endfacet
  facet normal -0.292349 -0.956312 0
    outer loop
      vertex -11.9281 -36.7108 30
      vertex -10.6396 -37.1047 32.48
      vertex -11.9281 -36.7108 32.48
    endloop
  endfacet
  facet normal -0.292349 -0.956312 -0
    outer loop
      vertex -10.6396 -37.1047 32.48
      vertex -11.9281 -36.7108 30
      vertex -10.6396 -37.1047 30
    endloop
  endfacet
  facet normal -0.422613 -0.90631 0
    outer loop
      vertex -16.9211 -34.6935 30
      vertex -15.7 -35.2629 32.48
      vertex -16.9211 -34.6935 32.48
    endloop
  endfacet
  facet normal -0.422613 -0.90631 -0
    outer loop
      vertex -15.7 -35.2629 32.48
      vertex -16.9211 -34.6935 30
      vertex -15.7 -35.2629 30
    endloop
  endfacet
  facet normal -0.656063 -0.754706 0
    outer loop
      vertex -25.8284 -28.6854 30
      vertex -24.8116 -29.5693 32.48
      vertex -25.8284 -28.6854 32.48
    endloop
  endfacet
  facet normal -0.656063 -0.754706 -0
    outer loop
      vertex -24.8116 -29.5693 32.48
      vertex -25.8284 -28.6854 30
      vertex -24.8116 -29.5693 30
    endloop
  endfacet
  facet normal -0.681998 -0.731354 0
    outer loop
      vertex -26.8138 -27.7665 30
      vertex -25.8284 -28.6854 32.48
      vertex -26.8138 -27.7665 32.48
    endloop
  endfacet
  facet normal -0.681998 -0.731354 -0
    outer loop
      vertex -25.8284 -28.6854 32.48
      vertex -26.8138 -27.7665 30
      vertex -25.8284 -28.6854 30
    endloop
  endfacet
  facet normal -0.629309 -0.777155 0
    outer loop
      vertex -24.8116 -29.5693 30
      vertex -23.7645 -30.4172 32.48
      vertex -24.8116 -29.5693 32.48
    endloop
  endfacet
  facet normal -0.629309 -0.777155 -0
    outer loop
      vertex -23.7645 -30.4172 32.48
      vertex -24.8116 -29.5693 30
      vertex -23.7645 -30.4172 30
    endloop
  endfacet
  facet normal -0.981625 0.190822 0
    outer loop
      vertex -38.0136 6.70282 30
      vertex -37.7565 8.02539 32.48
      vertex -37.7565 8.02539 30
    endloop
  endfacet
  facet normal -0.981625 0.190822 0
    outer loop
      vertex -37.7565 8.02539 32.48
      vertex -38.0136 6.70282 30
      vertex -38.0136 6.70282 32.48
    endloop
  endfacet
  facet normal -0.819159 0.573567 0
    outer loop
      vertex -32.0009 21.5848 30
      vertex -31.2281 22.6885 32.48
      vertex -31.2281 22.6885 30
    endloop
  endfacet
  facet normal -0.819159 0.573567 0
    outer loop
      vertex -31.2281 22.6885 32.48
      vertex -32.0009 21.5848 30
      vertex -32.0009 21.5848 32.48
    endloop
  endfacet
  facet normal -0.731354 0.681998 0
    outer loop
      vertex -28.6854 25.8284 30
      vertex -27.7665 26.8138 32.48
      vertex -27.7665 26.8138 30
    endloop
  endfacet
  facet normal -0.731354 0.681998 0
    outer loop
      vertex -27.7665 26.8138 32.48
      vertex -28.6854 25.8284 30
      vertex -28.6854 25.8284 32.48
    endloop
  endfacet
  facet normal -0.656063 0.754706 0
    outer loop
      vertex -24.8116 29.5693 30
      vertex -25.8284 28.6854 32.48
      vertex -24.8116 29.5693 32.48
    endloop
  endfacet
  facet normal -0.656063 0.754706 0
    outer loop
      vertex -25.8284 28.6854 32.48
      vertex -24.8116 29.5693 30
      vertex -25.8284 28.6854 30
    endloop
  endfacet
  facet normal -0.629309 0.777155 0
    outer loop
      vertex -23.7645 30.4172 30
      vertex -24.8116 29.5693 32.48
      vertex -23.7645 30.4172 32.48
    endloop
  endfacet
  facet normal -0.629309 0.777155 0
    outer loop
      vertex -24.8116 29.5693 32.48
      vertex -23.7645 30.4172 30
      vertex -24.8116 29.5693 30
    endloop
  endfacet
  facet normal -0.484811 0.874619 0
    outer loop
      vertex -18.1216 34.0818 30
      vertex -19.3 33.4286 32.48
      vertex -18.1216 34.0818 32.48
    endloop
  endfacet
  facet normal -0.484811 0.874619 0
    outer loop
      vertex -19.3 33.4286 32.48
      vertex -18.1216 34.0818 30
      vertex -19.3 33.4286 30
    endloop
  endfacet
  facet normal -0.573567 0.819159 0
    outer loop
      vertex -21.5848 32.0009 30
      vertex -22.6885 31.2281 32.48
      vertex -21.5848 32.0009 32.48
    endloop
  endfacet
  facet normal -0.573567 0.819159 0
    outer loop
      vertex -22.6885 31.2281 32.48
      vertex -21.5848 32.0009 30
      vertex -22.6885 31.2281 30
    endloop
  endfacet
  facet normal -0.874619 0.484811 0
    outer loop
      vertex -34.0818 18.1216 30
      vertex -33.4286 19.3 32.48
      vertex -33.4286 19.3 30
    endloop
  endfacet
  facet normal -0.874619 0.484811 0
    outer loop
      vertex -33.4286 19.3 32.48
      vertex -34.0818 18.1216 30
      vertex -34.0818 18.1216 32.48
    endloop
  endfacet
  facet normal 0.224964 0.974367 -0
    outer loop
      vertex 9.33818 37.4534 30
      vertex 8.02539 37.7565 32.48
      vertex 9.33818 37.4534 32.48
    endloop
  endfacet
  facet normal 0.224964 0.974367 0
    outer loop
      vertex 8.02539 37.7565 32.48
      vertex 9.33818 37.4534 30
      vertex 8.02539 37.7565 30
    endloop
  endfacet
  facet normal 0.358352 0.933586 -0
    outer loop
      vertex 14.4598 35.7893 30
      vertex 13.202 36.2721 32.48
      vertex 14.4598 35.7893 32.48
    endloop
  endfacet
  facet normal 0.358352 0.933586 0
    outer loop
      vertex 13.202 36.2721 32.48
      vertex 14.4598 35.7893 30
      vertex 13.202 36.2721 30
    endloop
  endfacet
  facet normal 0.422613 0.90631 -0
    outer loop
      vertex 16.9211 34.6935 30
      vertex 15.7 35.2629 32.48
      vertex 16.9211 34.6935 32.48
    endloop
  endfacet
  facet normal 0.422613 0.90631 0
    outer loop
      vertex 15.7 35.2629 32.48
      vertex 16.9211 34.6935 30
      vertex 15.7 35.2629 30
    endloop
  endfacet
  facet normal 0.325609 0.945505 -0
    outer loop
      vertex 13.202 36.2721 30
      vertex 11.9281 36.7108 32.48
      vertex 13.202 36.2721 32.48
    endloop
  endfacet
  facet normal 0.325609 0.945505 0
    outer loop
      vertex 11.9281 36.7108 32.48
      vertex 13.202 36.2721 30
      vertex 11.9281 36.7108 30
    endloop
  endfacet
  facet normal 0.258809 0.965929 -0
    outer loop
      vertex 10.6396 37.1047 30
      vertex 9.33818 37.4534 32.48
      vertex 10.6396 37.1047 32.48
    endloop
  endfacet
  facet normal 0.258809 0.965929 0
    outer loop
      vertex 9.33818 37.4534 32.48
      vertex 10.6396 37.1047 30
      vertex 9.33818 37.4534 30
    endloop
  endfacet
  facet normal 0.754706 0.656063 0
    outer loop
      vertex 29.5693 24.8116 32.48
      vertex 28.6854 25.8284 30
      vertex 28.6854 25.8284 32.48
    endloop
  endfacet
  facet normal 0.754706 0.656063 0
    outer loop
      vertex 28.6854 25.8284 30
      vertex 29.5693 24.8116 32.48
      vertex 29.5693 24.8116 30
    endloop
  endfacet
  facet normal 0.777155 0.629309 0
    outer loop
      vertex 30.4172 23.7645 32.48
      vertex 29.5693 24.8116 30
      vertex 29.5693 24.8116 32.48
    endloop
  endfacet
  facet normal 0.777155 0.629309 0
    outer loop
      vertex 29.5693 24.8116 30
      vertex 30.4172 23.7645 32.48
      vertex 30.4172 23.7645 30
    endloop
  endfacet
  facet normal 0.99619 0.0872093 0
    outer loop
      vertex 38.506 2.6926 32.48
      vertex 38.3885 4.0348 30
      vertex 38.3885 4.0348 32.48
    endloop
  endfacet
  facet normal 0.99619 0.0872093 0
    outer loop
      vertex 38.3885 4.0348 30
      vertex 38.506 2.6926 32.48
      vertex 38.506 2.6926 30
    endloop
  endfacet
  facet normal 0.857178 0.51502 0
    outer loop
      vertex 33.4286 19.3 32.48
      vertex 32.7347 20.4549 30
      vertex 32.7347 20.4549 32.48
    endloop
  endfacet
  facet normal 0.857178 0.51502 0
    outer loop
      vertex 32.7347 20.4549 30
      vertex 33.4286 19.3 32.48
      vertex 33.4286 19.3 30
    endloop
  endfacet
  facet normal 0.681998 0.731354 -0
    outer loop
      vertex 26.8138 27.7665 30
      vertex 25.8284 28.6854 32.48
      vertex 26.8138 27.7665 32.48
    endloop
  endfacet
  facet normal 0.681998 0.731354 0
    outer loop
      vertex 25.8284 28.6854 32.48
      vertex 26.8138 27.7665 30
      vertex 25.8284 28.6854 30
    endloop
  endfacet
  facet normal 0.573567 0.819159 -0
    outer loop
      vertex 22.6885 31.2281 30
      vertex 21.5848 32.0009 32.48
      vertex 22.6885 31.2281 32.48
    endloop
  endfacet
  facet normal 0.573567 0.819159 0
    outer loop
      vertex 21.5848 32.0009 32.48
      vertex 22.6885 31.2281 30
      vertex 21.5848 32.0009 30
    endloop
  endfacet
  facet normal 0.601851 0.798608 -0
    outer loop
      vertex 23.7645 30.4172 30
      vertex 22.6885 31.2281 32.48
      vertex 23.7645 30.4172 32.48
    endloop
  endfacet
  facet normal 0.601851 0.798608 0
    outer loop
      vertex 22.6885 31.2281 32.48
      vertex 23.7645 30.4172 30
      vertex 22.6885 31.2281 30
    endloop
  endfacet
  facet normal 0.629309 0.777155 -0
    outer loop
      vertex 24.8116 29.5693 30
      vertex 23.7645 30.4172 32.48
      vertex 24.8116 29.5693 32.48
    endloop
  endfacet
  facet normal 0.629309 0.777155 0
    outer loop
      vertex 23.7645 30.4172 32.48
      vertex 24.8116 29.5693 30
      vertex 23.7645 30.4172 30
    endloop
  endfacet
  facet normal -0.99863 -0.0523259 0
    outer loop
      vertex -38.506 -2.6926 30
      vertex -38.5765 -1.34712 32.48
      vertex -38.5765 -1.34712 30
    endloop
  endfacet
  facet normal -0.99863 -0.0523259 0
    outer loop
      vertex -38.5765 -1.34712 32.48
      vertex -38.506 -2.6926 30
      vertex -38.506 -2.6926 32.48
    endloop
  endfacet
  facet normal -0.857178 -0.51502 0
    outer loop
      vertex -32.7347 -20.4549 30
      vertex -33.4286 -19.3 32.48
      vertex -33.4286 -19.3 30
    endloop
  endfacet
  facet normal -0.857178 -0.51502 0
    outer loop
      vertex -33.4286 -19.3 32.48
      vertex -32.7347 -20.4549 30
      vertex -32.7347 -20.4549 32.48
    endloop
  endfacet
  facet normal 0.190822 -0.981625 0
    outer loop
      vertex 6.70282 -38.0136 30
      vertex 8.02539 -37.7565 32.48
      vertex 6.70282 -38.0136 32.48
    endloop
  endfacet
  facet normal 0.190822 -0.981625 0
    outer loop
      vertex 8.02539 -37.7565 32.48
      vertex 6.70282 -38.0136 30
      vertex 8.02539 -37.7565 30
    endloop
  endfacet
  facet normal 0.156385 -0.987696 0
    outer loop
      vertex 5.37208 -38.2243 30
      vertex 6.70282 -38.0136 32.48
      vertex 5.37208 -38.2243 32.48
    endloop
  endfacet
  facet normal 0.156385 -0.987696 0
    outer loop
      vertex 6.70282 -38.0136 32.48
      vertex 5.37208 -38.2243 30
      vertex 6.70282 -38.0136 30
    endloop
  endfacet
  facet normal -0.156385 -0.987696 0
    outer loop
      vertex -6.70282 -38.0136 30
      vertex -5.37208 -38.2243 32.48
      vertex -6.70282 -38.0136 32.48
    endloop
  endfacet
  facet normal -0.156385 -0.987696 -0
    outer loop
      vertex -5.37208 -38.2243 32.48
      vertex -6.70282 -38.0136 30
      vertex -5.37208 -38.2243 30
    endloop
  endfacet
  facet normal -0.39071 -0.920514 0
    outer loop
      vertex -15.7 -35.2629 30
      vertex -14.4598 -35.7893 32.48
      vertex -15.7 -35.2629 32.48
    endloop
  endfacet
  facet normal -0.39071 -0.920514 -0
    outer loop
      vertex -14.4598 -35.7893 32.48
      vertex -15.7 -35.2629 30
      vertex -14.4598 -35.7893 30
    endloop
  endfacet
  facet normal -0.484811 -0.874619 0
    outer loop
      vertex -19.3 -33.4286 30
      vertex -18.1216 -34.0818 32.48
      vertex -19.3 -33.4286 32.48
    endloop
  endfacet
  facet normal -0.484811 -0.874619 -0
    outer loop
      vertex -18.1216 -34.0818 32.48
      vertex -19.3 -33.4286 30
      vertex -18.1216 -34.0818 30
    endloop
  endfacet
  facet normal -0.453999 0.891002 0
    outer loop
      vertex -16.9211 34.6935 30
      vertex -18.1216 34.0818 32.48
      vertex -16.9211 34.6935 32.48
    endloop
  endfacet
  facet normal -0.453999 0.891002 0
    outer loop
      vertex -18.1216 34.0818 32.48
      vertex -16.9211 34.6935 30
      vertex -18.1216 34.0818 30
    endloop
  endfacet
  facet normal -0.422613 0.90631 0
    outer loop
      vertex -15.7 35.2629 30
      vertex -16.9211 34.6935 32.48
      vertex -15.7 35.2629 32.48
    endloop
  endfacet
  facet normal -0.422613 0.90631 0
    outer loop
      vertex -16.9211 34.6935 32.48
      vertex -15.7 35.2629 30
      vertex -16.9211 34.6935 30
    endloop
  endfacet
  facet normal -0.544657 0.838659 0
    outer loop
      vertex -20.4549 32.7347 30
      vertex -21.5848 32.0009 32.48
      vertex -20.4549 32.7347 32.48
    endloop
  endfacet
  facet normal -0.544657 0.838659 0
    outer loop
      vertex -21.5848 32.0009 32.48
      vertex -20.4549 32.7347 30
      vertex -21.5848 32.0009 30
    endloop
  endfacet
  facet normal 0.190822 0.981625 -0
    outer loop
      vertex 8.02539 37.7565 30
      vertex 6.70282 38.0136 32.48
      vertex 8.02539 37.7565 32.48
    endloop
  endfacet
  facet normal 0.190822 0.981625 0
    outer loop
      vertex 6.70282 38.0136 32.48
      vertex 8.02539 37.7565 30
      vertex 6.70282 38.0136 30
    endloop
  endfacet
  facet normal 0.453999 0.891002 -0
    outer loop
      vertex 18.1216 34.0818 30
      vertex 16.9211 34.6935 32.48
      vertex 18.1216 34.0818 32.48
    endloop
  endfacet
  facet normal 0.453999 0.891002 0
    outer loop
      vertex 16.9211 34.6935 32.48
      vertex 18.1216 34.0818 30
      vertex 16.9211 34.6935 30
    endloop
  endfacet
  facet normal 0.484811 0.874619 -0
    outer loop
      vertex 19.3 33.4286 30
      vertex 18.1216 34.0818 32.48
      vertex 19.3 33.4286 32.48
    endloop
  endfacet
  facet normal 0.484811 0.874619 0
    outer loop
      vertex 18.1216 34.0818 32.48
      vertex 19.3 33.4286 30
      vertex 18.1216 34.0818 30
    endloop
  endfacet
  facet normal 0.51502 0.857178 -0
    outer loop
      vertex 20.4549 32.7347 30
      vertex 19.3 33.4286 32.48
      vertex 20.4549 32.7347 32.48
    endloop
  endfacet
  facet normal 0.51502 0.857178 0
    outer loop
      vertex 19.3 33.4286 32.48
      vertex 20.4549 32.7347 30
      vertex 19.3 33.4286 30
    endloop
  endfacet
  facet normal 0.292349 0.956312 -0
    outer loop
      vertex 11.9281 36.7108 30
      vertex 10.6396 37.1047 32.48
      vertex 11.9281 36.7108 32.48
    endloop
  endfacet
  facet normal 0.292349 0.956312 0
    outer loop
      vertex 10.6396 37.1047 32.48
      vertex 11.9281 36.7108 30
      vertex 10.6396 37.1047 30
    endloop
  endfacet
  facet normal 0.933586 0.358352 0
    outer loop
      vertex 36.2721 13.202 32.48
      vertex 35.7893 14.4598 30
      vertex 35.7893 14.4598 32.48
    endloop
  endfacet
  facet normal 0.933586 0.358352 0
    outer loop
      vertex 35.7893 14.4598 30
      vertex 36.2721 13.202 32.48
      vertex 36.2721 13.202 30
    endloop
  endfacet
  facet normal 0.945505 0.325609 0
    outer loop
      vertex 36.7108 11.9281 32.48
      vertex 36.2721 13.202 30
      vertex 36.2721 13.202 32.48
    endloop
  endfacet
  facet normal 0.945505 0.325609 0
    outer loop
      vertex 36.2721 13.202 30
      vertex 36.7108 11.9281 32.48
      vertex 36.7108 11.9281 30
    endloop
  endfacet
  facet normal 0.981625 0.190822 0
    outer loop
      vertex 38.0136 6.70282 32.48
      vertex 37.7565 8.02539 30
      vertex 37.7565 8.02539 32.48
    endloop
  endfacet
  facet normal 0.981625 0.190822 0
    outer loop
      vertex 37.7565 8.02539 30
      vertex 38.0136 6.70282 32.48
      vertex 38.0136 6.70282 30
    endloop
  endfacet
  facet normal 0.956312 0.292349 0
    outer loop
      vertex 37.1047 10.6396 32.48
      vertex 36.7108 11.9281 30
      vertex 36.7108 11.9281 32.48
    endloop
  endfacet
  facet normal 0.956312 0.292349 0
    outer loop
      vertex 36.7108 11.9281 30
      vertex 37.1047 10.6396 32.48
      vertex 37.1047 10.6396 30
    endloop
  endfacet
  facet normal 0.974367 0.224964 0
    outer loop
      vertex 37.7565 8.02539 32.48
      vertex 37.4534 9.33818 30
      vertex 37.4534 9.33818 32.48
    endloop
  endfacet
  facet normal 0.974367 0.224964 0
    outer loop
      vertex 37.4534 9.33818 30
      vertex 37.7565 8.02539 32.48
      vertex 37.7565 8.02539 30
    endloop
  endfacet
  facet normal 0.838659 0.544657 0
    outer loop
      vertex 32.7347 20.4549 32.48
      vertex 32.0009 21.5848 30
      vertex 32.0009 21.5848 32.48
    endloop
  endfacet
  facet normal 0.838659 0.544657 0
    outer loop
      vertex 32.0009 21.5848 30
      vertex 32.7347 20.4549 32.48
      vertex 32.7347 20.4549 30
    endloop
  endfacet
  facet normal 0.891002 0.453999 0
    outer loop
      vertex 34.6935 16.9211 32.48
      vertex 34.0818 18.1216 30
      vertex 34.0818 18.1216 32.48
    endloop
  endfacet
  facet normal 0.891002 0.453999 0
    outer loop
      vertex 34.0818 18.1216 30
      vertex 34.6935 16.9211 32.48
      vertex 34.6935 16.9211 30
    endloop
  endfacet
  facet normal 0.90631 0.422613 0
    outer loop
      vertex 35.2629 15.7 32.48
      vertex 34.6935 16.9211 30
      vertex 34.6935 16.9211 32.48
    endloop
  endfacet
  facet normal 0.90631 0.422613 0
    outer loop
      vertex 34.6935 16.9211 30
      vertex 35.2629 15.7 32.48
      vertex 35.2629 15.7 30
    endloop
  endfacet
  facet normal 0.99863 0.0523259 0
    outer loop
      vertex 38.5765 1.34712 32.48
      vertex 38.506 2.6926 30
      vertex 38.506 2.6926 32.48
    endloop
  endfacet
  facet normal 0.99863 0.0523259 0
    outer loop
      vertex 38.506 2.6926 30
      vertex 38.5765 1.34712 32.48
      vertex 38.5765 1.34712 30
    endloop
  endfacet
  facet normal 0.992546 0.121871 0
    outer loop
      vertex 38.3885 4.0348 32.48
      vertex 38.2243 5.37208 30
      vertex 38.2243 5.37208 32.48
    endloop
  endfacet
  facet normal 0.992546 0.121871 0
    outer loop
      vertex 38.2243 5.37208 30
      vertex 38.3885 4.0348 32.48
      vertex 38.3885 4.0348 30
    endloop
  endfacet
  facet normal 0.965929 0.258809 0
    outer loop
      vertex 37.4534 9.33818 32.48
      vertex 37.1047 10.6396 30
      vertex 37.1047 10.6396 32.48
    endloop
  endfacet
  facet normal 0.965929 0.258809 0
    outer loop
      vertex 37.1047 10.6396 30
      vertex 37.4534 9.33818 32.48
      vertex 37.4534 9.33818 30
    endloop
  endfacet
  facet normal 0.987696 0.156385 0
    outer loop
      vertex 38.2243 5.37208 32.48
      vertex 38.0136 6.70282 30
      vertex 38.0136 6.70282 32.48
    endloop
  endfacet
  facet normal 0.987696 0.156385 0
    outer loop
      vertex 38.0136 6.70282 30
      vertex 38.2243 5.37208 32.48
      vertex 38.2243 5.37208 30
    endloop
  endfacet
  facet normal -0.998629 -0.052343 0
    outer loop
      vertex 36.9775 1.29128 30
      vertex 36.9099 2.58099 32.48
      vertex 36.9099 2.58099 30
    endloop
  endfacet
  facet normal -0.998629 -0.052343 0
    outer loop
      vertex 36.9099 2.58099 32.48
      vertex 36.9775 1.29128 30
      vertex 36.9775 1.29128 32.48
    endloop
  endfacet
  facet normal -0.999848 -0.0174219 0
    outer loop
      vertex 37 0 30
      vertex 36.9775 1.29128 32.48
      vertex 36.9775 1.29128 30
    endloop
  endfacet
  facet normal -0.999848 -0.0174219 0
    outer loop
      vertex 36.9775 1.29128 32.48
      vertex 37 0 30
      vertex 37 0 32.48
    endloop
  endfacet
  facet normal -0.857185 0.515008 0
    outer loop
      vertex 31.3778 -19.607 30
      vertex 32.0429 -18.5 32.48
      vertex 32.0429 -18.5 30
    endloop
  endfacet
  facet normal -0.857185 0.515008 0
    outer loop
      vertex 32.0429 -18.5 32.48
      vertex 31.3778 -19.607 30
      vertex 31.3778 -19.607 32.48
    endloop
  endfacet
  facet normal 0.965938 0.258773 0
    outer loop
      vertex -35.5667 -10.1986 32.48
      vertex -35.9009 -8.95111 30
      vertex -35.9009 -8.95111 32.48
    endloop
  endfacet
  facet normal 0.965938 0.258773 0
    outer loop
      vertex -35.9009 -8.95111 30
      vertex -35.5667 -10.1986 32.48
      vertex -35.5667 -10.1986 30
    endloop
  endfacet
  facet normal 0.0871869 0.996192 -0
    outer loop
      vertex -2.58099 -36.9099 30
      vertex -3.86755 -36.7973 32.48
      vertex -2.58099 -36.9099 32.48
    endloop
  endfacet
  facet normal 0.0871869 0.996192 0
    outer loop
      vertex -3.86755 -36.7973 32.48
      vertex -2.58099 -36.9099 30
      vertex -3.86755 -36.7973 30
    endloop
  endfacet
  facet normal 0.42264 0.906298 -0
    outer loop
      vertex -15.0493 -33.8012 30
      vertex -16.2197 -33.2554 32.48
      vertex -15.0493 -33.8012 32.48
    endloop
  endfacet
  facet normal 0.42264 0.906298 0
    outer loop
      vertex -16.2197 -33.2554 32.48
      vertex -15.0493 -33.8012 30
      vertex -16.2197 -33.2554 30
    endloop
  endfacet
  facet normal -0.22501 0.974356 0
    outer loop
      vertex 8.95111 -35.9009 30
      vertex 7.69273 -36.1915 32.48
      vertex 8.95111 -35.9009 32.48
    endloop
  endfacet
  facet normal -0.22501 0.974356 0
    outer loop
      vertex 7.69273 -36.1915 32.48
      vertex 8.95111 -35.9009 30
      vertex 7.69273 -36.1915 30
    endloop
  endfacet
  facet normal -0.996192 0.0871869 0
    outer loop
      vertex 36.7973 -3.86755 30
      vertex 36.9099 -2.58099 32.48
      vertex 36.9099 -2.58099 30
    endloop
  endfacet
  facet normal -0.996192 0.0871869 0
    outer loop
      vertex 36.9099 -2.58099 32.48
      vertex 36.7973 -3.86755 30
      vertex 36.7973 -3.86755 32.48
    endloop
  endfacet
  facet normal 0.258773 -0.965938 0
    outer loop
      vertex -10.1986 35.5667 30
      vertex -8.95111 35.9009 32.48
      vertex -10.1986 35.5667 32.48
    endloop
  endfacet
  facet normal 0.258773 -0.965938 0
    outer loop
      vertex -8.95111 35.9009 32.48
      vertex -10.1986 35.5667 30
      vertex -8.95111 35.9009 30
    endloop
  endfacet
  facet normal 0.945509 -0.325597 0
    outer loop
      vertex -35.1891 11.4336 32.48
      vertex -34.7686 12.6547 30
      vertex -34.7686 12.6547 32.48
    endloop
  endfacet
  facet normal 0.945509 -0.325597 0
    outer loop
      vertex -34.7686 12.6547 30
      vertex -35.1891 11.4336 32.48
      vertex -35.1891 11.4336 30
    endloop
  endfacet
  facet normal -0.42264 -0.906298 0
    outer loop
      vertex 15.0493 33.8012 30
      vertex 16.2197 33.2554 32.48
      vertex 15.0493 33.8012 32.48
    endloop
  endfacet
  facet normal -0.42264 -0.906298 -0
    outer loop
      vertex 16.2197 33.2554 32.48
      vertex 15.0493 33.8012 30
      vertex 16.2197 33.2554 30
    endloop
  endfacet
  facet normal -0.15641 -0.987692 0
    outer loop
      vertex 5.1494 36.6399 30
      vertex 6.42498 36.4379 32.48
      vertex 5.1494 36.6399 32.48
    endloop
  endfacet
  facet normal -0.15641 -0.987692 -0
    outer loop
      vertex 6.42498 36.4379 32.48
      vertex 5.1494 36.6399 30
      vertex 6.42498 36.4379 30
    endloop
  endfacet
  facet normal -0.974356 -0.22501 0
    outer loop
      vertex 36.1915 7.69273 30
      vertex 35.9009 8.95111 32.48
      vertex 35.9009 8.95111 30
    endloop
  endfacet
  facet normal -0.974356 -0.22501 0
    outer loop
      vertex 35.9009 8.95111 32.48
      vertex 36.1915 7.69273 30
      vertex 36.1915 7.69273 32.48
    endloop
  endfacet
  facet normal -0.798641 -0.601807 0
    outer loop
      vertex 29.9336 21.7481 30
      vertex 29.1564 22.7795 32.48
      vertex 29.1564 22.7795 30
    endloop
  endfacet
  facet normal -0.798641 -0.601807 0
    outer loop
      vertex 29.1564 22.7795 32.48
      vertex 29.9336 21.7481 30
      vertex 29.9336 21.7481 32.48
    endloop
  endfacet
  facet normal 0.999848 0.0174219 0
    outer loop
      vertex -36.9775 -1.29128 32.48
      vertex -37 0 30
      vertex -37 0 32.48
    endloop
  endfacet
  facet normal 0.999848 0.0174219 0
    outer loop
      vertex -37 0 30
      vertex -36.9775 -1.29128 32.48
      vertex -36.9775 -1.29128 30
    endloop
  endfacet
  facet normal 0.515008 -0.857185 0
    outer loop
      vertex -19.607 31.3778 30
      vertex -18.5 32.0429 32.48
      vertex -19.607 31.3778 32.48
    endloop
  endfacet
  facet normal 0.515008 -0.857185 0
    outer loop
      vertex -18.5 32.0429 32.48
      vertex -19.607 31.3778 30
      vertex -18.5 32.0429 30
    endloop
  endfacet
  facet normal 0.681976 -0.731374 0
    outer loop
      vertex -25.7024 26.6156 30
      vertex -24.7578 27.4964 32.48
      vertex -25.7024 26.6156 32.48
    endloop
  endfacet
  facet normal 0.681976 -0.731374 0
    outer loop
      vertex -24.7578 27.4964 32.48
      vertex -25.7024 26.6156 30
      vertex -24.7578 27.4964 30
    endloop
  endfacet
  facet normal 0.89101 -0.453984 0
    outer loop
      vertex -33.2554 16.2197 32.48
      vertex -32.6691 17.3704 30
      vertex -32.6691 17.3704 32.48
    endloop
  endfacet
  facet normal 0.89101 -0.453984 0
    outer loop
      vertex -32.6691 17.3704 30
      vertex -33.2554 16.2197 32.48
      vertex -33.2554 16.2197 30
    endloop
  endfacet
  facet normal 0.838661 -0.544654 0
    outer loop
      vertex -31.3778 19.607 32.48
      vertex -30.6744 20.6901 30
      vertex -30.6744 20.6901 32.48
    endloop
  endfacet
  facet normal 0.838661 -0.544654 0
    outer loop
      vertex -30.6744 20.6901 30
      vertex -31.3778 19.607 32.48
      vertex -31.3778 19.607 30
    endloop
  endfacet
  facet normal -0.0174219 -0.999848 0
    outer loop
      vertex 0 37 30
      vertex 1.29128 36.9775 32.48
      vertex 0 37 32.48
    endloop
  endfacet
  facet normal -0.0174219 -0.999848 -0
    outer loop
      vertex 1.29128 36.9775 32.48
      vertex 0 37 30
      vertex 1.29128 36.9775 30
    endloop
  endfacet
  facet normal -0.484841 -0.874602 0
    outer loop
      vertex 17.3704 32.6691 30
      vertex 18.5 32.0429 32.48
      vertex 17.3704 32.6691 32.48
    endloop
  endfacet
  facet normal -0.484841 -0.874602 -0
    outer loop
      vertex 18.5 32.0429 32.48
      vertex 17.3704 32.6691 30
      vertex 18.5 32.0429 30
    endloop
  endfacet
  facet normal -0.292388 -0.9563 0
    outer loop
      vertex 10.1986 35.5667 30
      vertex 11.4336 35.1891 32.48
      vertex 10.1986 35.5667 32.48
    endloop
  endfacet
  facet normal -0.292388 -0.9563 -0
    outer loop
      vertex 11.4336 35.1891 32.48
      vertex 10.1986 35.5667 30
      vertex 11.4336 35.1891 30
    endloop
  endfacet
  facet normal -0.707107 -0.707107 0
    outer loop
      vertex 26.6156 25.7024 30
      vertex 25.7024 26.6156 32.48
      vertex 25.7024 26.6156 30
    endloop
  endfacet
  facet normal -0.707107 -0.707107 0
    outer loop
      vertex 25.7024 26.6156 32.48
      vertex 26.6156 25.7024 30
      vertex 26.6156 25.7024 32.48
    endloop
  endfacet
  facet normal -0.89101 -0.453984 0
    outer loop
      vertex 33.2554 16.2197 30
      vertex 32.6691 17.3704 32.48
      vertex 32.6691 17.3704 30
    endloop
  endfacet
  facet normal -0.89101 -0.453984 0
    outer loop
      vertex 32.6691 17.3704 32.48
      vertex 33.2554 16.2197 30
      vertex 33.2554 16.2197 32.48
    endloop
  endfacet
  facet normal -0.992545 -0.121876 0
    outer loop
      vertex 36.7973 3.86755 30
      vertex 36.6399 5.1494 32.48
      vertex 36.6399 5.1494 30
    endloop
  endfacet
  facet normal -0.992545 -0.121876 0
    outer loop
      vertex 36.6399 5.1494 32.48
      vertex 36.7973 3.86755 30
      vertex 36.7973 3.86755 32.48
    endloop
  endfacet
  facet normal -0.998629 0.052343 0
    outer loop
      vertex 36.9099 -2.58099 30
      vertex 36.9775 -1.29128 32.48
      vertex 36.9775 -1.29128 30
    endloop
  endfacet
  facet normal -0.998629 0.052343 0
    outer loop
      vertex 36.9775 -1.29128 32.48
      vertex 36.9099 -2.58099 30
      vertex 36.9099 -2.58099 32.48
    endloop
  endfacet
  facet normal 0.996192 0.0871869 0
    outer loop
      vertex -36.7973 -3.86755 32.48
      vertex -36.9099 -2.58099 30
      vertex -36.9099 -2.58099 32.48
    endloop
  endfacet
  facet normal 0.996192 0.0871869 0
    outer loop
      vertex -36.9099 -2.58099 30
      vertex -36.7973 -3.86755 32.48
      vertex -36.7973 -3.86755 30
    endloop
  endfacet
  facet normal 0.987692 0.15641 0
    outer loop
      vertex -36.4379 -6.42498 32.48
      vertex -36.6399 -5.1494 30
      vertex -36.6399 -5.1494 32.48
    endloop
  endfacet
  facet normal 0.987692 0.15641 0
    outer loop
      vertex -36.6399 -5.1494 30
      vertex -36.4379 -6.42498 32.48
      vertex -36.4379 -6.42498 30
    endloop
  endfacet
  facet normal 0.920521 0.390693 0
    outer loop
      vertex -33.8012 -15.0493 32.48
      vertex -34.3058 -13.8604 30
      vertex -34.3058 -13.8604 32.48
    endloop
  endfacet
  facet normal 0.920521 0.390693 0
    outer loop
      vertex -34.3058 -13.8604 30
      vertex -33.8012 -15.0493 32.48
      vertex -33.8012 -15.0493 30
    endloop
  endfacet
  facet normal 0.707107 0.707107 0
    outer loop
      vertex -25.7024 -26.6156 32.48
      vertex -26.6156 -25.7024 30
      vertex -26.6156 -25.7024 32.48
    endloop
  endfacet
  facet normal 0.707107 0.707107 0
    outer loop
      vertex -26.6156 -25.7024 30
      vertex -25.7024 -26.6156 32.48
      vertex -25.7024 -26.6156 30
    endloop
  endfacet
  facet normal 0.819159 0.573566 0
    outer loop
      vertex -29.9336 -21.7481 32.48
      vertex -30.6744 -20.6901 30
      vertex -30.6744 -20.6901 32.48
    endloop
  endfacet
  facet normal 0.819159 0.573566 0
    outer loop
      vertex -30.6744 -20.6901 30
      vertex -29.9336 -21.7481 32.48
      vertex -29.9336 -21.7481 30
    endloop
  endfacet
  facet normal 0.906298 0.42264 0
    outer loop
      vertex -33.2554 -16.2197 32.48
      vertex -33.8012 -15.0493 30
      vertex -33.8012 -15.0493 32.48
    endloop
  endfacet
  facet normal 0.906298 0.42264 0
    outer loop
      vertex -33.8012 -15.0493 30
      vertex -33.2554 -16.2197 32.48
      vertex -33.2554 -16.2197 30
    endloop
  endfacet
  facet normal 0.052343 0.998629 -0
    outer loop
      vertex -1.29128 -36.9775 30
      vertex -2.58099 -36.9099 32.48
      vertex -1.29128 -36.9775 32.48
    endloop
  endfacet
  facet normal 0.052343 0.998629 0
    outer loop
      vertex -2.58099 -36.9099 32.48
      vertex -1.29128 -36.9775 30
      vertex -2.58099 -36.9099 30
    endloop
  endfacet
  facet normal 0.358351 0.933587 -0
    outer loop
      vertex -12.6547 -34.7686 30
      vertex -13.8604 -34.3058 32.48
      vertex -12.6547 -34.7686 32.48
    endloop
  endfacet
  facet normal 0.358351 0.933587 0
    outer loop
      vertex -13.8604 -34.3058 32.48
      vertex -12.6547 -34.7686 30
      vertex -13.8604 -34.3058 30
    endloop
  endfacet
  facet normal 0.325597 0.945509 -0
    outer loop
      vertex -11.4336 -35.1891 30
      vertex -12.6547 -34.7686 32.48
      vertex -11.4336 -35.1891 32.48
    endloop
  endfacet
  facet normal 0.325597 0.945509 0
    outer loop
      vertex -12.6547 -34.7686 32.48
      vertex -11.4336 -35.1891 30
      vertex -12.6547 -34.7686 30
    endloop
  endfacet
  facet normal 0.19079 0.981631 -0
    outer loop
      vertex -6.42498 -36.4379 30
      vertex -7.69273 -36.1915 32.48
      vertex -6.42498 -36.4379 32.48
    endloop
  endfacet
  facet normal 0.19079 0.981631 0
    outer loop
      vertex -7.69273 -36.1915 32.48
      vertex -6.42498 -36.4379 30
      vertex -7.69273 -36.1915 30
    endloop
  endfacet
  facet normal 0.390693 0.920521 -0
    outer loop
      vertex -13.8604 -34.3058 30
      vertex -15.0493 -33.8012 32.48
      vertex -13.8604 -34.3058 32.48
    endloop
  endfacet
  facet normal 0.390693 0.920521 0
    outer loop
      vertex -15.0493 -33.8012 32.48
      vertex -13.8604 -34.3058 30
      vertex -15.0493 -33.8012 30
    endloop
  endfacet
  facet normal 0.515008 0.857185 -0
    outer loop
      vertex -18.5 -32.0429 30
      vertex -19.607 -31.3778 32.48
      vertex -18.5 -32.0429 32.48
    endloop
  endfacet
  facet normal 0.515008 0.857185 0
    outer loop
      vertex -19.607 -31.3778 32.48
      vertex -18.5 -32.0429 30
      vertex -19.607 -31.3778 30
    endloop
  endfacet
  facet normal -0.052343 0.998629 0
    outer loop
      vertex 2.58099 -36.9099 30
      vertex 1.29128 -36.9775 32.48
      vertex 2.58099 -36.9099 32.48
    endloop
  endfacet
  facet normal -0.052343 0.998629 0
    outer loop
      vertex 1.29128 -36.9775 32.48
      vertex 2.58099 -36.9099 30
      vertex 1.29128 -36.9775 30
    endloop
  endfacet
  facet normal -0.121876 0.992545 0
    outer loop
      vertex 5.1494 -36.6399 30
      vertex 3.86755 -36.7973 32.48
      vertex 5.1494 -36.6399 32.48
    endloop
  endfacet
  facet normal -0.121876 0.992545 0
    outer loop
      vertex 3.86755 -36.7973 32.48
      vertex 5.1494 -36.6399 30
      vertex 3.86755 -36.7973 30
    endloop
  endfacet
  facet normal -0.390693 0.920521 0
    outer loop
      vertex 15.0493 -33.8012 30
      vertex 13.8604 -34.3058 32.48
      vertex 15.0493 -33.8012 32.48
    endloop
  endfacet
  facet normal -0.390693 0.920521 0
    outer loop
      vertex 13.8604 -34.3058 32.48
      vertex 15.0493 -33.8012 30
      vertex 13.8604 -34.3058 30
    endloop
  endfacet
  facet normal -0.707107 0.707107 0
    outer loop
      vertex 25.7024 -26.6156 30
      vertex 26.6156 -25.7024 32.48
      vertex 26.6156 -25.7024 30
    endloop
  endfacet
  facet normal -0.707107 0.707107 0
    outer loop
      vertex 26.6156 -25.7024 32.48
      vertex 25.7024 -26.6156 30
      vertex 25.7024 -26.6156 32.48
    endloop
  endfacet
  facet normal -0.573566 0.819159 0
    outer loop
      vertex 21.7481 -29.9336 30
      vertex 20.6901 -30.6744 32.48
      vertex 21.7481 -29.9336 32.48
    endloop
  endfacet
  facet normal -0.573566 0.819159 0
    outer loop
      vertex 20.6901 -30.6744 32.48
      vertex 21.7481 -29.9336 30
      vertex 20.6901 -30.6744 30
    endloop
  endfacet
  facet normal -0.42264 0.906298 0
    outer loop
      vertex 16.2197 -33.2554 30
      vertex 15.0493 -33.8012 32.48
      vertex 16.2197 -33.2554 32.48
    endloop
  endfacet
  facet normal -0.42264 0.906298 0
    outer loop
      vertex 15.0493 -33.8012 32.48
      vertex 16.2197 -33.2554 30
      vertex 15.0493 -33.8012 30
    endloop
  endfacet
  facet normal -0.906298 0.42264 0
    outer loop
      vertex 33.2554 -16.2197 30
      vertex 33.8012 -15.0493 32.48
      vertex 33.8012 -15.0493 30
    endloop
  endfacet
  facet normal -0.906298 0.42264 0
    outer loop
      vertex 33.8012 -15.0493 32.48
      vertex 33.2554 -16.2197 30
      vertex 33.2554 -16.2197 32.48
    endloop
  endfacet
  facet normal -0.920521 0.390693 0
    outer loop
      vertex 33.8012 -15.0493 30
      vertex 34.3058 -13.8604 32.48
      vertex 34.3058 -13.8604 30
    endloop
  endfacet
  facet normal -0.920521 0.390693 0
    outer loop
      vertex 34.3058 -13.8604 32.48
      vertex 33.8012 -15.0493 30
      vertex 33.8012 -15.0493 32.48
    endloop
  endfacet
  facet normal -0.933587 0.358351 0
    outer loop
      vertex 34.3058 -13.8604 30
      vertex 34.7686 -12.6547 32.48
      vertex 34.7686 -12.6547 30
    endloop
  endfacet
  facet normal -0.933587 0.358351 0
    outer loop
      vertex 34.7686 -12.6547 32.48
      vertex 34.3058 -13.8604 30
      vertex 34.3058 -13.8604 32.48
    endloop
  endfacet
  facet normal -0.945509 0.325597 0
    outer loop
      vertex 34.7686 -12.6547 30
      vertex 35.1891 -11.4336 32.48
      vertex 35.1891 -11.4336 30
    endloop
  endfacet
  facet normal -0.945509 0.325597 0
    outer loop
      vertex 35.1891 -11.4336 32.48
      vertex 34.7686 -12.6547 30
      vertex 34.7686 -12.6547 32.48
    endloop
  endfacet
  facet normal -0.981631 0.19079 0
    outer loop
      vertex 36.1915 -7.69273 30
      vertex 36.4379 -6.42498 32.48
      vertex 36.4379 -6.42498 30
    endloop
  endfacet
  facet normal -0.981631 0.19079 0
    outer loop
      vertex 36.4379 -6.42498 32.48
      vertex 36.1915 -7.69273 30
      vertex 36.1915 -7.69273 32.48
    endloop
  endfacet
  facet normal 0.0871869 -0.996192 0
    outer loop
      vertex -3.86755 36.7973 30
      vertex -2.58099 36.9099 32.48
      vertex -3.86755 36.7973 32.48
    endloop
  endfacet
  facet normal 0.0871869 -0.996192 0
    outer loop
      vertex -2.58099 36.9099 32.48
      vertex -3.86755 36.7973 30
      vertex -2.58099 36.9099 30
    endloop
  endfacet
  facet normal 0.325597 -0.945509 0
    outer loop
      vertex -12.6547 34.7686 30
      vertex -11.4336 35.1891 32.48
      vertex -12.6547 34.7686 32.48
    endloop
  endfacet
  facet normal 0.325597 -0.945509 0
    outer loop
      vertex -11.4336 35.1891 32.48
      vertex -12.6547 34.7686 30
      vertex -11.4336 35.1891 30
    endloop
  endfacet
  facet normal 0.42264 -0.906298 0
    outer loop
      vertex -16.2197 33.2554 30
      vertex -15.0493 33.8012 32.48
      vertex -16.2197 33.2554 32.48
    endloop
  endfacet
  facet normal 0.42264 -0.906298 0
    outer loop
      vertex -15.0493 33.8012 32.48
      vertex -16.2197 33.2554 30
      vertex -15.0493 33.8012 30
    endloop
  endfacet
  facet normal 0.390693 -0.920521 0
    outer loop
      vertex -15.0493 33.8012 30
      vertex -13.8604 34.3058 32.48
      vertex -15.0493 33.8012 32.48
    endloop
  endfacet
  facet normal 0.390693 -0.920521 0
    outer loop
      vertex -13.8604 34.3058 32.48
      vertex -15.0493 33.8012 30
      vertex -13.8604 34.3058 30
    endloop
  endfacet
  facet normal 0.731374 -0.681976 0
    outer loop
      vertex -27.4964 24.7578 32.48
      vertex -26.6156 25.7024 30
      vertex -26.6156 25.7024 32.48
    endloop
  endfacet
  facet normal 0.731374 -0.681976 0
    outer loop
      vertex -26.6156 25.7024 30
      vertex -27.4964 24.7578 32.48
      vertex -27.4964 24.7578 30
    endloop
  endfacet
  facet normal 0.629368 -0.777108 0
    outer loop
      vertex -23.7831 28.3436 30
      vertex -22.7795 29.1564 32.48
      vertex -23.7831 28.3436 32.48
    endloop
  endfacet
  facet normal 0.629368 -0.777108 0
    outer loop
      vertex -22.7795 29.1564 32.48
      vertex -23.7831 28.3436 30
      vertex -22.7795 29.1564 30
    endloop
  endfacet
  facet normal 0.544654 -0.838661 0
    outer loop
      vertex -20.6901 30.6744 30
      vertex -19.607 31.3778 32.48
      vertex -20.6901 30.6744 32.48
    endloop
  endfacet
  facet normal 0.544654 -0.838661 0
    outer loop
      vertex -19.607 31.3778 32.48
      vertex -20.6901 30.6744 30
      vertex -19.607 31.3778 30
    endloop
  endfacet
  facet normal 0.453984 -0.89101 0
    outer loop
      vertex -17.3704 32.6691 30
      vertex -16.2197 33.2554 32.48
      vertex -17.3704 32.6691 32.48
    endloop
  endfacet
  facet normal 0.453984 -0.89101 0
    outer loop
      vertex -16.2197 33.2554 32.48
      vertex -17.3704 32.6691 30
      vertex -16.2197 33.2554 30
    endloop
  endfacet
  facet normal 0.754746 -0.656018 0
    outer loop
      vertex -28.3436 23.7831 32.48
      vertex -27.4964 24.7578 30
      vertex -27.4964 24.7578 32.48
    endloop
  endfacet
  facet normal 0.754746 -0.656018 0
    outer loop
      vertex -27.4964 24.7578 30
      vertex -28.3436 23.7831 32.48
      vertex -28.3436 23.7831 30
    endloop
  endfacet
  facet normal 0.965938 -0.258773 0
    outer loop
      vertex -35.9009 8.95111 32.48
      vertex -35.5667 10.1986 30
      vertex -35.5667 10.1986 32.48
    endloop
  endfacet
  facet normal 0.965938 -0.258773 0
    outer loop
      vertex -35.5667 10.1986 30
      vertex -35.9009 8.95111 32.48
      vertex -35.9009 8.95111 30
    endloop
  endfacet
  facet normal 0.987692 -0.15641 0
    outer loop
      vertex -36.6399 5.1494 32.48
      vertex -36.4379 6.42498 30
      vertex -36.4379 6.42498 32.48
    endloop
  endfacet
  facet normal 0.987692 -0.15641 0
    outer loop
      vertex -36.4379 6.42498 30
      vertex -36.6399 5.1494 32.48
      vertex -36.6399 5.1494 30
    endloop
  endfacet
  facet normal 0.992545 -0.121876 0
    outer loop
      vertex -36.7973 3.86755 32.48
      vertex -36.6399 5.1494 30
      vertex -36.6399 5.1494 32.48
    endloop
  endfacet
  facet normal 0.992545 -0.121876 0
    outer loop
      vertex -36.6399 5.1494 30
      vertex -36.7973 3.86755 32.48
      vertex -36.7973 3.86755 30
    endloop
  endfacet
  facet normal 0.998629 -0.052343 0
    outer loop
      vertex -36.9775 1.29128 32.48
      vertex -36.9099 2.58099 30
      vertex -36.9099 2.58099 32.48
    endloop
  endfacet
  facet normal 0.998629 -0.052343 0
    outer loop
      vertex -36.9099 2.58099 30
      vertex -36.9775 1.29128 32.48
      vertex -36.9775 1.29128 30
    endloop
  endfacet
  facet normal 0.906298 -0.42264 0
    outer loop
      vertex -33.8012 15.0493 32.48
      vertex -33.2554 16.2197 30
      vertex -33.2554 16.2197 32.48
    endloop
  endfacet
  facet normal 0.906298 -0.42264 0
    outer loop
      vertex -33.2554 16.2197 30
      vertex -33.8012 15.0493 32.48
      vertex -33.8012 15.0493 30
    endloop
  endfacet
  facet normal 0.777108 -0.629368 0
    outer loop
      vertex -29.1564 22.7795 32.48
      vertex -28.3436 23.7831 30
      vertex -28.3436 23.7831 32.48
    endloop
  endfacet
  facet normal 0.777108 -0.629368 0
    outer loop
      vertex -28.3436 23.7831 30
      vertex -29.1564 22.7795 32.48
      vertex -29.1564 22.7795 30
    endloop
  endfacet
  facet normal -0.629368 -0.777108 0
    outer loop
      vertex 22.7795 29.1564 30
      vertex 23.7831 28.3436 32.48
      vertex 22.7795 29.1564 32.48
    endloop
  endfacet
  facet normal -0.629368 -0.777108 -0
    outer loop
      vertex 23.7831 28.3436 32.48
      vertex 22.7795 29.1564 30
      vertex 23.7831 28.3436 30
    endloop
  endfacet
  facet normal -0.121876 -0.992545 0
    outer loop
      vertex 3.86755 36.7973 30
      vertex 5.1494 36.6399 32.48
      vertex 3.86755 36.7973 32.48
    endloop
  endfacet
  facet normal -0.121876 -0.992545 -0
    outer loop
      vertex 5.1494 36.6399 32.48
      vertex 3.86755 36.7973 30
      vertex 5.1494 36.6399 30
    endloop
  endfacet
  facet normal -0.052343 -0.998629 0
    outer loop
      vertex 1.29128 36.9775 30
      vertex 2.58099 36.9099 32.48
      vertex 1.29128 36.9775 32.48
    endloop
  endfacet
  facet normal -0.052343 -0.998629 -0
    outer loop
      vertex 2.58099 36.9099 32.48
      vertex 1.29128 36.9775 30
      vertex 2.58099 36.9099 30
    endloop
  endfacet
  facet normal -0.573566 -0.819159 0
    outer loop
      vertex 20.6901 30.6744 30
      vertex 21.7481 29.9336 32.48
      vertex 20.6901 30.6744 32.48
    endloop
  endfacet
  facet normal -0.573566 -0.819159 -0
    outer loop
      vertex 21.7481 29.9336 32.48
      vertex 20.6901 30.6744 30
      vertex 21.7481 29.9336 30
    endloop
  endfacet
  facet normal -0.544654 -0.838661 0
    outer loop
      vertex 19.607 31.3778 30
      vertex 20.6901 30.6744 32.48
      vertex 19.607 31.3778 32.48
    endloop
  endfacet
  facet normal -0.544654 -0.838661 -0
    outer loop
      vertex 20.6901 30.6744 32.48
      vertex 19.607 31.3778 30
      vertex 20.6901 30.6744 30
    endloop
  endfacet
  facet normal -0.390693 -0.920521 0
    outer loop
      vertex 13.8604 34.3058 30
      vertex 15.0493 33.8012 32.48
      vertex 13.8604 34.3058 32.48
    endloop
  endfacet
  facet normal -0.390693 -0.920521 -0
    outer loop
      vertex 15.0493 33.8012 32.48
      vertex 13.8604 34.3058 30
      vertex 15.0493 33.8012 30
    endloop
  endfacet
  facet normal -0.453984 -0.89101 0
    outer loop
      vertex 16.2197 33.2554 30
      vertex 17.3704 32.6691 32.48
      vertex 16.2197 33.2554 32.48
    endloop
  endfacet
  facet normal -0.453984 -0.89101 -0
    outer loop
      vertex 17.3704 32.6691 32.48
      vertex 16.2197 33.2554 30
      vertex 17.3704 32.6691 30
    endloop
  endfacet
  facet normal -0.19079 -0.981631 0
    outer loop
      vertex 6.42498 36.4379 30
      vertex 7.69273 36.1915 32.48
      vertex 6.42498 36.4379 32.48
    endloop
  endfacet
  facet normal -0.19079 -0.981631 -0
    outer loop
      vertex 7.69273 36.1915 32.48
      vertex 6.42498 36.4379 30
      vertex 7.69273 36.1915 30
    endloop
  endfacet
  facet normal -0.258773 -0.965938 0
    outer loop
      vertex 8.95111 35.9009 30
      vertex 10.1986 35.5667 32.48
      vertex 8.95111 35.9009 32.48
    endloop
  endfacet
  facet normal -0.258773 -0.965938 -0
    outer loop
      vertex 10.1986 35.5667 32.48
      vertex 8.95111 35.9009 30
      vertex 10.1986 35.5667 30
    endloop
  endfacet
  facet normal -0.777108 -0.629368 0
    outer loop
      vertex 29.1564 22.7795 30
      vertex 28.3436 23.7831 32.48
      vertex 28.3436 23.7831 30
    endloop
  endfacet
  facet normal -0.777108 -0.629368 0
    outer loop
      vertex 28.3436 23.7831 32.48
      vertex 29.1564 22.7795 30
      vertex 29.1564 22.7795 32.48
    endloop
  endfacet
  facet normal -0.754746 -0.656018 0
    outer loop
      vertex 28.3436 23.7831 30
      vertex 27.4964 24.7578 32.48
      vertex 27.4964 24.7578 30
    endloop
  endfacet
  facet normal -0.754746 -0.656018 0
    outer loop
      vertex 27.4964 24.7578 32.48
      vertex 28.3436 23.7831 30
      vertex 28.3436 23.7831 32.48
    endloop
  endfacet
  facet normal -0.838661 -0.544654 0
    outer loop
      vertex 31.3778 19.607 30
      vertex 30.6744 20.6901 32.48
      vertex 30.6744 20.6901 30
    endloop
  endfacet
  facet normal -0.838661 -0.544654 0
    outer loop
      vertex 30.6744 20.6901 32.48
      vertex 31.3778 19.607 30
      vertex 31.3778 19.607 32.48
    endloop
  endfacet
  facet normal -0.857185 -0.515008 0
    outer loop
      vertex 32.0429 18.5 30
      vertex 31.3778 19.607 32.48
      vertex 31.3778 19.607 30
    endloop
  endfacet
  facet normal -0.857185 -0.515008 0
    outer loop
      vertex 31.3778 19.607 32.48
      vertex 32.0429 18.5 30
      vertex 32.0429 18.5 32.48
    endloop
  endfacet
  facet normal -0.987692 -0.15641 0
    outer loop
      vertex 36.6399 5.1494 30
      vertex 36.4379 6.42498 32.48
      vertex 36.4379 6.42498 30
    endloop
  endfacet
  facet normal -0.987692 -0.15641 0
    outer loop
      vertex 36.4379 6.42498 32.48
      vertex 36.6399 5.1494 30
      vertex 36.6399 5.1494 32.48
    endloop
  endfacet
  facet normal -0.996192 -0.0871869 0
    outer loop
      vertex 36.9099 2.58099 30
      vertex 36.7973 3.86755 32.48
      vertex 36.7973 3.86755 30
    endloop
  endfacet
  facet normal -0.996192 -0.0871869 0
    outer loop
      vertex 36.7973 3.86755 32.48
      vertex 36.9099 2.58099 30
      vertex 36.9099 2.58099 32.48
    endloop
  endfacet
  facet normal -0.945509 -0.325597 0
    outer loop
      vertex 35.1891 11.4336 30
      vertex 34.7686 12.6547 32.48
      vertex 34.7686 12.6547 30
    endloop
  endfacet
  facet normal -0.945509 -0.325597 0
    outer loop
      vertex 34.7686 12.6547 32.48
      vertex 35.1891 11.4336 30
      vertex 35.1891 11.4336 32.48
    endloop
  endfacet
  facet normal -0.9563 -0.292388 0
    outer loop
      vertex 35.5667 10.1986 30
      vertex 35.1891 11.4336 32.48
      vertex 35.1891 11.4336 30
    endloop
  endfacet
  facet normal -0.9563 -0.292388 0
    outer loop
      vertex 35.1891 11.4336 32.48
      vertex 35.5667 10.1986 30
      vertex 35.5667 10.1986 32.48
    endloop
  endfacet
  facet normal -0.906298 -0.42264 0
    outer loop
      vertex 33.8012 15.0493 30
      vertex 33.2554 16.2197 32.48
      vertex 33.2554 16.2197 30
    endloop
  endfacet
  facet normal -0.906298 -0.42264 0
    outer loop
      vertex 33.2554 16.2197 32.48
      vertex 33.8012 15.0493 30
      vertex 33.8012 15.0493 32.48
    endloop
  endfacet
  facet normal 0.998629 0.052343 0
    outer loop
      vertex -36.9099 -2.58099 32.48
      vertex -36.9775 -1.29128 30
      vertex -36.9775 -1.29128 32.48
    endloop
  endfacet
  facet normal 0.998629 0.052343 0
    outer loop
      vertex -36.9775 -1.29128 30
      vertex -36.9099 -2.58099 32.48
      vertex -36.9099 -2.58099 30
    endloop
  endfacet
  facet normal 0.981631 0.19079 0
    outer loop
      vertex -36.1915 -7.69273 32.48
      vertex -36.4379 -6.42498 30
      vertex -36.4379 -6.42498 32.48
    endloop
  endfacet
  facet normal 0.981631 0.19079 0
    outer loop
      vertex -36.4379 -6.42498 30
      vertex -36.1915 -7.69273 32.48
      vertex -36.1915 -7.69273 30
    endloop
  endfacet
  facet normal 0.992545 0.121876 0
    outer loop
      vertex -36.6399 -5.1494 32.48
      vertex -36.7973 -3.86755 30
      vertex -36.7973 -3.86755 32.48
    endloop
  endfacet
  facet normal 0.992545 0.121876 0
    outer loop
      vertex -36.7973 -3.86755 30
      vertex -36.6399 -5.1494 32.48
      vertex -36.6399 -5.1494 30
    endloop
  endfacet
  facet normal 0.9563 0.292388 0
    outer loop
      vertex -35.1891 -11.4336 32.48
      vertex -35.5667 -10.1986 30
      vertex -35.5667 -10.1986 32.48
    endloop
  endfacet
  facet normal 0.9563 0.292388 0
    outer loop
      vertex -35.5667 -10.1986 30
      vertex -35.1891 -11.4336 32.48
      vertex -35.1891 -11.4336 30
    endloop
  endfacet
  facet normal 0.945509 0.325597 0
    outer loop
      vertex -34.7686 -12.6547 32.48
      vertex -35.1891 -11.4336 30
      vertex -35.1891 -11.4336 32.48
    endloop
  endfacet
  facet normal 0.945509 0.325597 0
    outer loop
      vertex -35.1891 -11.4336 30
      vertex -34.7686 -12.6547 32.48
      vertex -34.7686 -12.6547 30
    endloop
  endfacet
  facet normal 0.754746 0.656018 0
    outer loop
      vertex -27.4964 -24.7578 32.48
      vertex -28.3436 -23.7831 30
      vertex -28.3436 -23.7831 32.48
    endloop
  endfacet
  facet normal 0.754746 0.656018 0
    outer loop
      vertex -28.3436 -23.7831 30
      vertex -27.4964 -24.7578 32.48
      vertex -27.4964 -24.7578 30
    endloop
  endfacet
  facet normal 0.777108 0.629368 0
    outer loop
      vertex -28.3436 -23.7831 32.48
      vertex -29.1564 -22.7795 30
      vertex -29.1564 -22.7795 32.48
    endloop
  endfacet
  facet normal 0.777108 0.629368 0
    outer loop
      vertex -29.1564 -22.7795 30
      vertex -28.3436 -23.7831 32.48
      vertex -28.3436 -23.7831 30
    endloop
  endfacet
  facet normal 0.89101 0.453984 0
    outer loop
      vertex -32.6691 -17.3704 32.48
      vertex -33.2554 -16.2197 30
      vertex -33.2554 -16.2197 32.48
    endloop
  endfacet
  facet normal 0.89101 0.453984 0
    outer loop
      vertex -33.2554 -16.2197 30
      vertex -32.6691 -17.3704 32.48
      vertex -32.6691 -17.3704 30
    endloop
  endfacet
  facet normal 0.838661 0.544654 0
    outer loop
      vertex -30.6744 -20.6901 32.48
      vertex -31.3778 -19.607 30
      vertex -31.3778 -19.607 32.48
    endloop
  endfacet
  facet normal 0.838661 0.544654 0
    outer loop
      vertex -31.3778 -19.607 30
      vertex -30.6744 -20.6901 32.48
      vertex -30.6744 -20.6901 30
    endloop
  endfacet
  facet normal 0.874602 0.484841 0
    outer loop
      vertex -32.0429 -18.5 32.48
      vertex -32.6691 -17.3704 30
      vertex -32.6691 -17.3704 32.48
    endloop
  endfacet
  facet normal 0.874602 0.484841 0
    outer loop
      vertex -32.6691 -17.3704 30
      vertex -32.0429 -18.5 32.48
      vertex -32.0429 -18.5 30
    endloop
  endfacet
  facet normal 0.0174219 0.999848 -0
    outer loop
      vertex 0 -37 30
      vertex -1.29128 -36.9775 32.48
      vertex 0 -37 32.48
    endloop
  endfacet
  facet normal 0.0174219 0.999848 0
    outer loop
      vertex -1.29128 -36.9775 32.48
      vertex 0 -37 30
      vertex -1.29128 -36.9775 30
    endloop
  endfacet
  facet normal 0.22501 0.974356 -0
    outer loop
      vertex -7.69273 -36.1915 30
      vertex -8.95111 -35.9009 32.48
      vertex -7.69273 -36.1915 32.48
    endloop
  endfacet
  facet normal 0.22501 0.974356 0
    outer loop
      vertex -8.95111 -35.9009 32.48
      vertex -7.69273 -36.1915 30
      vertex -8.95111 -35.9009 30
    endloop
  endfacet
  facet normal 0.292388 0.9563 -0
    outer loop
      vertex -10.1986 -35.5667 30
      vertex -11.4336 -35.1891 32.48
      vertex -10.1986 -35.5667 32.48
    endloop
  endfacet
  facet normal 0.292388 0.9563 0
    outer loop
      vertex -11.4336 -35.1891 32.48
      vertex -10.1986 -35.5667 30
      vertex -11.4336 -35.1891 30
    endloop
  endfacet
  facet normal 0.121876 0.992545 -0
    outer loop
      vertex -3.86755 -36.7973 30
      vertex -5.1494 -36.6399 32.48
      vertex -3.86755 -36.7973 32.48
    endloop
  endfacet
  facet normal 0.121876 0.992545 0
    outer loop
      vertex -5.1494 -36.6399 32.48
      vertex -3.86755 -36.7973 30
      vertex -5.1494 -36.6399 30
    endloop
  endfacet
  facet normal 0.453984 0.89101 -0
    outer loop
      vertex -16.2197 -33.2554 30
      vertex -17.3704 -32.6691 32.48
      vertex -16.2197 -33.2554 32.48
    endloop
  endfacet
  facet normal 0.453984 0.89101 0
    outer loop
      vertex -17.3704 -32.6691 32.48
      vertex -16.2197 -33.2554 30
      vertex -17.3704 -32.6691 30
    endloop
  endfacet
  facet normal 0.629368 0.777108 -0
    outer loop
      vertex -22.7795 -29.1564 30
      vertex -23.7831 -28.3436 32.48
      vertex -22.7795 -29.1564 32.48
    endloop
  endfacet
  facet normal 0.629368 0.777108 0
    outer loop
      vertex -23.7831 -28.3436 32.48
      vertex -22.7795 -29.1564 30
      vertex -23.7831 -28.3436 30
    endloop
  endfacet
  facet normal 0.681976 0.731374 -0
    outer loop
      vertex -24.7578 -27.4964 30
      vertex -25.7024 -26.6156 32.48
      vertex -24.7578 -27.4964 32.48
    endloop
  endfacet
  facet normal 0.681976 0.731374 0
    outer loop
      vertex -25.7024 -26.6156 32.48
      vertex -24.7578 -27.4964 30
      vertex -25.7024 -26.6156 30
    endloop
  endfacet
  facet normal 0.544654 0.838661 -0
    outer loop
      vertex -19.607 -31.3778 30
      vertex -20.6901 -30.6744 32.48
      vertex -19.607 -31.3778 32.48
    endloop
  endfacet
  facet normal 0.544654 0.838661 0
    outer loop
      vertex -20.6901 -30.6744 32.48
      vertex -19.607 -31.3778 30
      vertex -20.6901 -30.6744 30
    endloop
  endfacet
  facet normal 0.601807 0.798641 -0
    outer loop
      vertex -21.7481 -29.9336 30
      vertex -22.7795 -29.1564 32.48
      vertex -21.7481 -29.9336 32.48
    endloop
  endfacet
  facet normal 0.601807 0.798641 0
    outer loop
      vertex -22.7795 -29.1564 32.48
      vertex -21.7481 -29.9336 30
      vertex -22.7795 -29.1564 30
    endloop
  endfacet
  facet normal -0.0174219 0.999848 0
    outer loop
      vertex 1.29128 -36.9775 30
      vertex 0 -37 32.48
      vertex 1.29128 -36.9775 32.48
    endloop
  endfacet
  facet normal -0.0174219 0.999848 0
    outer loop
      vertex 0 -37 32.48
      vertex 1.29128 -36.9775 30
      vertex 0 -37 30
    endloop
  endfacet
  facet normal -0.15641 0.987692 0
    outer loop
      vertex 6.42498 -36.4379 30
      vertex 5.1494 -36.6399 32.48
      vertex 6.42498 -36.4379 32.48
    endloop
  endfacet
  facet normal -0.15641 0.987692 0
    outer loop
      vertex 5.1494 -36.6399 32.48
      vertex 6.42498 -36.4379 30
      vertex 5.1494 -36.6399 30
    endloop
  endfacet
  facet normal -0.0871869 0.996192 0
    outer loop
      vertex 3.86755 -36.7973 30
      vertex 2.58099 -36.9099 32.48
      vertex 3.86755 -36.7973 32.48
    endloop
  endfacet
  facet normal -0.0871869 0.996192 0
    outer loop
      vertex 2.58099 -36.9099 32.48
      vertex 3.86755 -36.7973 30
      vertex 2.58099 -36.9099 30
    endloop
  endfacet
  facet normal -0.258773 0.965938 0
    outer loop
      vertex 10.1986 -35.5667 30
      vertex 8.95111 -35.9009 32.48
      vertex 10.1986 -35.5667 32.48
    endloop
  endfacet
  facet normal -0.258773 0.965938 0
    outer loop
      vertex 8.95111 -35.9009 32.48
      vertex 10.1986 -35.5667 30
      vertex 8.95111 -35.9009 30
    endloop
  endfacet
  facet normal -0.325597 0.945509 0
    outer loop
      vertex 12.6547 -34.7686 30
      vertex 11.4336 -35.1891 32.48
      vertex 12.6547 -34.7686 32.48
    endloop
  endfacet
  facet normal -0.325597 0.945509 0
    outer loop
      vertex 11.4336 -35.1891 32.48
      vertex 12.6547 -34.7686 30
      vertex 11.4336 -35.1891 30
    endloop
  endfacet
  facet normal -0.656018 0.754746 0
    outer loop
      vertex 24.7578 -27.4964 30
      vertex 23.7831 -28.3436 32.48
      vertex 24.7578 -27.4964 32.48
    endloop
  endfacet
  facet normal -0.656018 0.754746 0
    outer loop
      vertex 23.7831 -28.3436 32.48
      vertex 24.7578 -27.4964 30
      vertex 23.7831 -28.3436 30
    endloop
  endfacet
  facet normal -0.629368 0.777108 0
    outer loop
      vertex 23.7831 -28.3436 30
      vertex 22.7795 -29.1564 32.48
      vertex 23.7831 -28.3436 32.48
    endloop
  endfacet
  facet normal -0.629368 0.777108 0
    outer loop
      vertex 22.7795 -29.1564 32.48
      vertex 23.7831 -28.3436 30
      vertex 22.7795 -29.1564 30
    endloop
  endfacet
  facet normal -0.453984 0.89101 0
    outer loop
      vertex 17.3704 -32.6691 30
      vertex 16.2197 -33.2554 32.48
      vertex 17.3704 -32.6691 32.48
    endloop
  endfacet
  facet normal -0.453984 0.89101 0
    outer loop
      vertex 16.2197 -33.2554 32.48
      vertex 17.3704 -32.6691 30
      vertex 16.2197 -33.2554 30
    endloop
  endfacet
  facet normal -0.515008 0.857185 0
    outer loop
      vertex 19.607 -31.3778 30
      vertex 18.5 -32.0429 32.48
      vertex 19.607 -31.3778 32.48
    endloop
  endfacet
  facet normal -0.515008 0.857185 0
    outer loop
      vertex 18.5 -32.0429 32.48
      vertex 19.607 -31.3778 30
      vertex 18.5 -32.0429 30
    endloop
  endfacet
  facet normal -0.544654 0.838661 0
    outer loop
      vertex 20.6901 -30.6744 30
      vertex 19.607 -31.3778 32.48
      vertex 20.6901 -30.6744 32.48
    endloop
  endfacet
  facet normal -0.544654 0.838661 0
    outer loop
      vertex 19.607 -31.3778 32.48
      vertex 20.6901 -30.6744 30
      vertex 19.607 -31.3778 30
    endloop
  endfacet
  facet normal -0.484841 0.874602 0
    outer loop
      vertex 18.5 -32.0429 30
      vertex 17.3704 -32.6691 32.48
      vertex 18.5 -32.0429 32.48
    endloop
  endfacet
  facet normal -0.484841 0.874602 0
    outer loop
      vertex 17.3704 -32.6691 32.48
      vertex 18.5 -32.0429 30
      vertex 17.3704 -32.6691 30
    endloop
  endfacet
  facet normal -0.731374 0.681976 0
    outer loop
      vertex 26.6156 -25.7024 30
      vertex 27.4964 -24.7578 32.48
      vertex 27.4964 -24.7578 30
    endloop
  endfacet
  facet normal -0.731374 0.681976 0
    outer loop
      vertex 27.4964 -24.7578 32.48
      vertex 26.6156 -25.7024 30
      vertex 26.6156 -25.7024 32.48
    endloop
  endfacet
  facet normal -0.838661 0.544654 0
    outer loop
      vertex 30.6744 -20.6901 30
      vertex 31.3778 -19.607 32.48
      vertex 31.3778 -19.607 30
    endloop
  endfacet
  facet normal -0.838661 0.544654 0
    outer loop
      vertex 31.3778 -19.607 32.48
      vertex 30.6744 -20.6901 30
      vertex 30.6744 -20.6901 32.48
    endloop
  endfacet
  facet normal -0.777108 0.629368 0
    outer loop
      vertex 28.3436 -23.7831 30
      vertex 29.1564 -22.7795 32.48
      vertex 29.1564 -22.7795 30
    endloop
  endfacet
  facet normal -0.777108 0.629368 0
    outer loop
      vertex 29.1564 -22.7795 32.48
      vertex 28.3436 -23.7831 30
      vertex 28.3436 -23.7831 32.48
    endloop
  endfacet
  facet normal -0.89101 0.453984 0
    outer loop
      vertex 32.6691 -17.3704 30
      vertex 33.2554 -16.2197 32.48
      vertex 33.2554 -16.2197 30
    endloop
  endfacet
  facet normal -0.89101 0.453984 0
    outer loop
      vertex 33.2554 -16.2197 32.48
      vertex 32.6691 -17.3704 30
      vertex 32.6691 -17.3704 32.48
    endloop
  endfacet
  facet normal -0.965938 0.258773 0
    outer loop
      vertex 35.5667 -10.1986 30
      vertex 35.9009 -8.95111 32.48
      vertex 35.9009 -8.95111 30
    endloop
  endfacet
  facet normal -0.965938 0.258773 0
    outer loop
      vertex 35.9009 -8.95111 32.48
      vertex 35.5667 -10.1986 30
      vertex 35.5667 -10.1986 32.48
    endloop
  endfacet
  facet normal -0.974356 0.22501 0
    outer loop
      vertex 35.9009 -8.95111 30
      vertex 36.1915 -7.69273 32.48
      vertex 36.1915 -7.69273 30
    endloop
  endfacet
  facet normal -0.974356 0.22501 0
    outer loop
      vertex 36.1915 -7.69273 32.48
      vertex 35.9009 -8.95111 30
      vertex 35.9009 -8.95111 32.48
    endloop
  endfacet
  facet normal -0.9563 0.292388 0
    outer loop
      vertex 35.1891 -11.4336 30
      vertex 35.5667 -10.1986 32.48
      vertex 35.5667 -10.1986 30
    endloop
  endfacet
  facet normal -0.9563 0.292388 0
    outer loop
      vertex 35.5667 -10.1986 32.48
      vertex 35.1891 -11.4336 30
      vertex 35.1891 -11.4336 32.48
    endloop
  endfacet
  facet normal -0.992545 0.121876 0
    outer loop
      vertex 36.6399 -5.1494 30
      vertex 36.7973 -3.86755 32.48
      vertex 36.7973 -3.86755 30
    endloop
  endfacet
  facet normal -0.992545 0.121876 0
    outer loop
      vertex 36.7973 -3.86755 32.48
      vertex 36.6399 -5.1494 30
      vertex 36.6399 -5.1494 32.48
    endloop
  endfacet
  facet normal 0.15641 -0.987692 0
    outer loop
      vertex -6.42498 36.4379 30
      vertex -5.1494 36.6399 32.48
      vertex -6.42498 36.4379 32.48
    endloop
  endfacet
  facet normal 0.15641 -0.987692 0
    outer loop
      vertex -5.1494 36.6399 32.48
      vertex -6.42498 36.4379 30
      vertex -5.1494 36.6399 30
    endloop
  endfacet
  facet normal 0.121876 -0.992545 0
    outer loop
      vertex -5.1494 36.6399 30
      vertex -3.86755 36.7973 32.48
      vertex -5.1494 36.6399 32.48
    endloop
  endfacet
  facet normal 0.121876 -0.992545 0
    outer loop
      vertex -3.86755 36.7973 32.48
      vertex -5.1494 36.6399 30
      vertex -3.86755 36.7973 30
    endloop
  endfacet
  facet normal 0.292388 -0.9563 0
    outer loop
      vertex -11.4336 35.1891 30
      vertex -10.1986 35.5667 32.48
      vertex -11.4336 35.1891 32.48
    endloop
  endfacet
  facet normal 0.292388 -0.9563 0
    outer loop
      vertex -10.1986 35.5667 32.48
      vertex -11.4336 35.1891 30
      vertex -10.1986 35.5667 30
    endloop
  endfacet
  facet normal 0.707107 -0.707107 0
    outer loop
      vertex -26.6156 25.7024 32.48
      vertex -25.7024 26.6156 30
      vertex -25.7024 26.6156 32.48
    endloop
  endfacet
  facet normal 0.707107 -0.707107 0
    outer loop
      vertex -25.7024 26.6156 30
      vertex -26.6156 25.7024 32.48
      vertex -26.6156 25.7024 30
    endloop
  endfacet
  facet normal 0.573566 -0.819159 0
    outer loop
      vertex -21.7481 29.9336 30
      vertex -20.6901 30.6744 32.48
      vertex -21.7481 29.9336 32.48
    endloop
  endfacet
  facet normal 0.573566 -0.819159 0
    outer loop
      vertex -20.6901 30.6744 32.48
      vertex -21.7481 29.9336 30
      vertex -20.6901 30.6744 30
    endloop
  endfacet
  facet normal 0.601807 -0.798641 0
    outer loop
      vertex -22.7795 29.1564 30
      vertex -21.7481 29.9336 32.48
      vertex -22.7795 29.1564 32.48
    endloop
  endfacet
  facet normal 0.601807 -0.798641 0
    outer loop
      vertex -21.7481 29.9336 32.48
      vertex -22.7795 29.1564 30
      vertex -21.7481 29.9336 30
    endloop
  endfacet
  facet normal 0.933587 -0.358351 0
    outer loop
      vertex -34.7686 12.6547 32.48
      vertex -34.3058 13.8604 30
      vertex -34.3058 13.8604 32.48
    endloop
  endfacet
  facet normal 0.933587 -0.358351 0
    outer loop
      vertex -34.3058 13.8604 30
      vertex -34.7686 12.6547 32.48
      vertex -34.7686 12.6547 30
    endloop
  endfacet
  facet normal 0.9563 -0.292388 0
    outer loop
      vertex -35.5667 10.1986 32.48
      vertex -35.1891 11.4336 30
      vertex -35.1891 11.4336 32.48
    endloop
  endfacet
  facet normal 0.9563 -0.292388 0
    outer loop
      vertex -35.1891 11.4336 30
      vertex -35.5667 10.1986 32.48
      vertex -35.5667 10.1986 30
    endloop
  endfacet
  facet normal 0.981631 -0.19079 0
    outer loop
      vertex -36.4379 6.42498 32.48
      vertex -36.1915 7.69273 30
      vertex -36.1915 7.69273 32.48
    endloop
  endfacet
  facet normal 0.981631 -0.19079 0
    outer loop
      vertex -36.1915 7.69273 30
      vertex -36.4379 6.42498 32.48
      vertex -36.4379 6.42498 30
    endloop
  endfacet
  facet normal 0.974356 -0.22501 0
    outer loop
      vertex -36.1915 7.69273 32.48
      vertex -35.9009 8.95111 30
      vertex -35.9009 8.95111 32.48
    endloop
  endfacet
  facet normal 0.974356 -0.22501 0
    outer loop
      vertex -35.9009 8.95111 30
      vertex -36.1915 7.69273 32.48
      vertex -36.1915 7.69273 30
    endloop
  endfacet
  facet normal 0.999848 -0.0174219 0
    outer loop
      vertex -37 0 32.48
      vertex -36.9775 1.29128 30
      vertex -36.9775 1.29128 32.48
    endloop
  endfacet
  facet normal 0.999848 -0.0174219 0
    outer loop
      vertex -36.9775 1.29128 30
      vertex -37 0 32.48
      vertex -37 0 30
    endloop
  endfacet
  facet normal 0.996192 -0.0871869 0
    outer loop
      vertex -36.9099 2.58099 32.48
      vertex -36.7973 3.86755 30
      vertex -36.7973 3.86755 32.48
    endloop
  endfacet
  facet normal 0.996192 -0.0871869 0
    outer loop
      vertex -36.7973 3.86755 30
      vertex -36.9099 2.58099 32.48
      vertex -36.9099 2.58099 30
    endloop
  endfacet
  facet normal 0.874602 -0.484841 0
    outer loop
      vertex -32.6691 17.3704 32.48
      vertex -32.0429 18.5 30
      vertex -32.0429 18.5 32.48
    endloop
  endfacet
  facet normal 0.874602 -0.484841 0
    outer loop
      vertex -32.0429 18.5 30
      vertex -32.6691 17.3704 32.48
      vertex -32.6691 17.3704 30
    endloop
  endfacet
  facet normal 0.857185 -0.515008 0
    outer loop
      vertex -32.0429 18.5 32.48
      vertex -31.3778 19.607 30
      vertex -31.3778 19.607 32.48
    endloop
  endfacet
  facet normal 0.857185 -0.515008 0
    outer loop
      vertex -31.3778 19.607 30
      vertex -32.0429 18.5 32.48
      vertex -32.0429 18.5 30
    endloop
  endfacet
  facet normal 0.920521 -0.390693 0
    outer loop
      vertex -34.3058 13.8604 32.48
      vertex -33.8012 15.0493 30
      vertex -33.8012 15.0493 32.48
    endloop
  endfacet
  facet normal 0.920521 -0.390693 0
    outer loop
      vertex -33.8012 15.0493 30
      vertex -34.3058 13.8604 32.48
      vertex -34.3058 13.8604 30
    endloop
  endfacet
  facet normal 0.819159 -0.573566 0
    outer loop
      vertex -30.6744 20.6901 32.48
      vertex -29.9336 21.7481 30
      vertex -29.9336 21.7481 32.48
    endloop
  endfacet
  facet normal 0.819159 -0.573566 0
    outer loop
      vertex -29.9336 21.7481 30
      vertex -30.6744 20.6901 32.48
      vertex -30.6744 20.6901 30
    endloop
  endfacet
  facet normal 0.798641 -0.601807 0
    outer loop
      vertex -29.9336 21.7481 32.48
      vertex -29.1564 22.7795 30
      vertex -29.1564 22.7795 32.48
    endloop
  endfacet
  facet normal 0.798641 -0.601807 0
    outer loop
      vertex -29.1564 22.7795 30
      vertex -29.9336 21.7481 32.48
      vertex -29.9336 21.7481 30
    endloop
  endfacet
  facet normal 0.052343 -0.998629 0
    outer loop
      vertex -2.58099 36.9099 30
      vertex -1.29128 36.9775 32.48
      vertex -2.58099 36.9099 32.48
    endloop
  endfacet
  facet normal 0.052343 -0.998629 0
    outer loop
      vertex -1.29128 36.9775 32.48
      vertex -2.58099 36.9099 30
      vertex -1.29128 36.9775 30
    endloop
  endfacet
  facet normal -0.0871869 -0.996192 0
    outer loop
      vertex 2.58099 36.9099 30
      vertex 3.86755 36.7973 32.48
      vertex 2.58099 36.9099 32.48
    endloop
  endfacet
  facet normal -0.0871869 -0.996192 -0
    outer loop
      vertex 3.86755 36.7973 32.48
      vertex 2.58099 36.9099 30
      vertex 3.86755 36.7973 30
    endloop
  endfacet
  facet normal -0.601807 -0.798641 0
    outer loop
      vertex 21.7481 29.9336 30
      vertex 22.7795 29.1564 32.48
      vertex 21.7481 29.9336 32.48
    endloop
  endfacet
  facet normal -0.601807 -0.798641 -0
    outer loop
      vertex 22.7795 29.1564 32.48
      vertex 21.7481 29.9336 30
      vertex 22.7795 29.1564 30
    endloop
  endfacet
  facet normal -0.325597 -0.945509 0
    outer loop
      vertex 11.4336 35.1891 30
      vertex 12.6547 34.7686 32.48
      vertex 11.4336 35.1891 32.48
    endloop
  endfacet
  facet normal -0.325597 -0.945509 -0
    outer loop
      vertex 12.6547 34.7686 32.48
      vertex 11.4336 35.1891 30
      vertex 12.6547 34.7686 30
    endloop
  endfacet
  facet normal -0.358351 -0.933587 0
    outer loop
      vertex 12.6547 34.7686 30
      vertex 13.8604 34.3058 32.48
      vertex 12.6547 34.7686 32.48
    endloop
  endfacet
  facet normal -0.358351 -0.933587 -0
    outer loop
      vertex 13.8604 34.3058 32.48
      vertex 12.6547 34.7686 30
      vertex 13.8604 34.3058 30
    endloop
  endfacet
  facet normal -0.656018 -0.754746 0
    outer loop
      vertex 23.7831 28.3436 30
      vertex 24.7578 27.4964 32.48
      vertex 23.7831 28.3436 32.48
    endloop
  endfacet
  facet normal -0.656018 -0.754746 -0
    outer loop
      vertex 24.7578 27.4964 32.48
      vertex 23.7831 28.3436 30
      vertex 24.7578 27.4964 30
    endloop
  endfacet
  facet normal -0.731374 -0.681976 0
    outer loop
      vertex 27.4964 24.7578 30
      vertex 26.6156 25.7024 32.48
      vertex 26.6156 25.7024 30
    endloop
  endfacet
  facet normal -0.731374 -0.681976 0
    outer loop
      vertex 26.6156 25.7024 32.48
      vertex 27.4964 24.7578 30
      vertex 27.4964 24.7578 32.48
    endloop
  endfacet
  facet normal -0.965938 -0.258773 0
    outer loop
      vertex 35.9009 8.95111 30
      vertex 35.5667 10.1986 32.48
      vertex 35.5667 10.1986 30
    endloop
  endfacet
  facet normal -0.965938 -0.258773 0
    outer loop
      vertex 35.5667 10.1986 32.48
      vertex 35.9009 8.95111 30
      vertex 35.9009 8.95111 32.48
    endloop
  endfacet
  facet normal -0.933587 -0.358351 0
    outer loop
      vertex 34.7686 12.6547 30
      vertex 34.3058 13.8604 32.48
      vertex 34.3058 13.8604 30
    endloop
  endfacet
  facet normal -0.933587 -0.358351 0
    outer loop
      vertex 34.3058 13.8604 32.48
      vertex 34.7686 12.6547 30
      vertex 34.7686 12.6547 32.48
    endloop
  endfacet
  facet normal -0.920521 -0.390693 0
    outer loop
      vertex 34.3058 13.8604 30
      vertex 33.8012 15.0493 32.48
      vertex 33.8012 15.0493 30
    endloop
  endfacet
  facet normal -0.920521 -0.390693 0
    outer loop
      vertex 33.8012 15.0493 32.48
      vertex 34.3058 13.8604 30
      vertex 34.3058 13.8604 32.48
    endloop
  endfacet
  facet normal 0.974356 0.22501 0
    outer loop
      vertex -35.9009 -8.95111 32.48
      vertex -36.1915 -7.69273 30
      vertex -36.1915 -7.69273 32.48
    endloop
  endfacet
  facet normal 0.974356 0.22501 0
    outer loop
      vertex -36.1915 -7.69273 30
      vertex -35.9009 -8.95111 32.48
      vertex -35.9009 -8.95111 30
    endloop
  endfacet
  facet normal 0.933587 0.358351 0
    outer loop
      vertex -34.3058 -13.8604 32.48
      vertex -34.7686 -12.6547 30
      vertex -34.7686 -12.6547 32.48
    endloop
  endfacet
  facet normal 0.933587 0.358351 0
    outer loop
      vertex -34.7686 -12.6547 30
      vertex -34.3058 -13.8604 32.48
      vertex -34.3058 -13.8604 30
    endloop
  endfacet
  facet normal 0.731374 0.681976 0
    outer loop
      vertex -26.6156 -25.7024 32.48
      vertex -27.4964 -24.7578 30
      vertex -27.4964 -24.7578 32.48
    endloop
  endfacet
  facet normal 0.731374 0.681976 0
    outer loop
      vertex -27.4964 -24.7578 30
      vertex -26.6156 -25.7024 32.48
      vertex -26.6156 -25.7024 30
    endloop
  endfacet
  facet normal 0.798641 0.601807 0
    outer loop
      vertex -29.1564 -22.7795 32.48
      vertex -29.9336 -21.7481 30
      vertex -29.9336 -21.7481 32.48
    endloop
  endfacet
  facet normal 0.798641 0.601807 0
    outer loop
      vertex -29.9336 -21.7481 30
      vertex -29.1564 -22.7795 32.48
      vertex -29.1564 -22.7795 30
    endloop
  endfacet
  facet normal 0.857185 0.515008 0
    outer loop
      vertex -31.3778 -19.607 32.48
      vertex -32.0429 -18.5 30
      vertex -32.0429 -18.5 32.48
    endloop
  endfacet
  facet normal 0.857185 0.515008 0
    outer loop
      vertex -32.0429 -18.5 30
      vertex -31.3778 -19.607 32.48
      vertex -31.3778 -19.607 30
    endloop
  endfacet
  facet normal 0.258773 0.965938 -0
    outer loop
      vertex -8.95111 -35.9009 30
      vertex -10.1986 -35.5667 32.48
      vertex -8.95111 -35.9009 32.48
    endloop
  endfacet
  facet normal 0.258773 0.965938 0
    outer loop
      vertex -10.1986 -35.5667 32.48
      vertex -8.95111 -35.9009 30
      vertex -10.1986 -35.5667 30
    endloop
  endfacet
  facet normal 0.15641 0.987692 -0
    outer loop
      vertex -5.1494 -36.6399 30
      vertex -6.42498 -36.4379 32.48
      vertex -5.1494 -36.6399 32.48
    endloop
  endfacet
  facet normal 0.15641 0.987692 0
    outer loop
      vertex -6.42498 -36.4379 32.48
      vertex -5.1494 -36.6399 30
      vertex -6.42498 -36.4379 30
    endloop
  endfacet
  facet normal 0.484841 0.874602 -0
    outer loop
      vertex -17.3704 -32.6691 30
      vertex -18.5 -32.0429 32.48
      vertex -17.3704 -32.6691 32.48
    endloop
  endfacet
  facet normal 0.484841 0.874602 0
    outer loop
      vertex -18.5 -32.0429 32.48
      vertex -17.3704 -32.6691 30
      vertex -18.5 -32.0429 30
    endloop
  endfacet
  facet normal 0.656018 0.754746 -0
    outer loop
      vertex -23.7831 -28.3436 30
      vertex -24.7578 -27.4964 32.48
      vertex -23.7831 -28.3436 32.48
    endloop
  endfacet
  facet normal 0.656018 0.754746 0
    outer loop
      vertex -24.7578 -27.4964 32.48
      vertex -23.7831 -28.3436 30
      vertex -24.7578 -27.4964 30
    endloop
  endfacet
  facet normal 0.573566 0.819159 -0
    outer loop
      vertex -20.6901 -30.6744 30
      vertex -21.7481 -29.9336 32.48
      vertex -20.6901 -30.6744 32.48
    endloop
  endfacet
  facet normal 0.573566 0.819159 0
    outer loop
      vertex -21.7481 -29.9336 32.48
      vertex -20.6901 -30.6744 30
      vertex -21.7481 -29.9336 30
    endloop
  endfacet
  facet normal -0.19079 0.981631 0
    outer loop
      vertex 7.69273 -36.1915 30
      vertex 6.42498 -36.4379 32.48
      vertex 7.69273 -36.1915 32.48
    endloop
  endfacet
  facet normal -0.19079 0.981631 0
    outer loop
      vertex 6.42498 -36.4379 32.48
      vertex 7.69273 -36.1915 30
      vertex 6.42498 -36.4379 30
    endloop
  endfacet
  facet normal -0.292388 0.9563 0
    outer loop
      vertex 11.4336 -35.1891 30
      vertex 10.1986 -35.5667 32.48
      vertex 11.4336 -35.1891 32.48
    endloop
  endfacet
  facet normal -0.292388 0.9563 0
    outer loop
      vertex 10.1986 -35.5667 32.48
      vertex 11.4336 -35.1891 30
      vertex 10.1986 -35.5667 30
    endloop
  endfacet
  facet normal -0.358351 0.933587 0
    outer loop
      vertex 13.8604 -34.3058 30
      vertex 12.6547 -34.7686 32.48
      vertex 13.8604 -34.3058 32.48
    endloop
  endfacet
  facet normal -0.358351 0.933587 0
    outer loop
      vertex 12.6547 -34.7686 32.48
      vertex 13.8604 -34.3058 30
      vertex 12.6547 -34.7686 30
    endloop
  endfacet
  facet normal -0.681976 0.731374 0
    outer loop
      vertex 25.7024 -26.6156 30
      vertex 24.7578 -27.4964 32.48
      vertex 25.7024 -26.6156 32.48
    endloop
  endfacet
  facet normal -0.681976 0.731374 0
    outer loop
      vertex 24.7578 -27.4964 32.48
      vertex 25.7024 -26.6156 30
      vertex 24.7578 -27.4964 30
    endloop
  endfacet
  facet normal -0.601807 0.798641 0
    outer loop
      vertex 22.7795 -29.1564 30
      vertex 21.7481 -29.9336 32.48
      vertex 22.7795 -29.1564 32.48
    endloop
  endfacet
  facet normal -0.601807 0.798641 0
    outer loop
      vertex 21.7481 -29.9336 32.48
      vertex 22.7795 -29.1564 30
      vertex 21.7481 -29.9336 30
    endloop
  endfacet
  facet normal -0.798641 0.601807 0
    outer loop
      vertex 29.1564 -22.7795 30
      vertex 29.9336 -21.7481 32.48
      vertex 29.9336 -21.7481 30
    endloop
  endfacet
  facet normal -0.798641 0.601807 0
    outer loop
      vertex 29.9336 -21.7481 32.48
      vertex 29.1564 -22.7795 30
      vertex 29.1564 -22.7795 32.48
    endloop
  endfacet
  facet normal -0.754746 0.656018 0
    outer loop
      vertex 27.4964 -24.7578 30
      vertex 28.3436 -23.7831 32.48
      vertex 28.3436 -23.7831 30
    endloop
  endfacet
  facet normal -0.754746 0.656018 0
    outer loop
      vertex 28.3436 -23.7831 32.48
      vertex 27.4964 -24.7578 30
      vertex 27.4964 -24.7578 32.48
    endloop
  endfacet
  facet normal -0.874602 0.484841 0
    outer loop
      vertex 32.0429 -18.5 30
      vertex 32.6691 -17.3704 32.48
      vertex 32.6691 -17.3704 30
    endloop
  endfacet
  facet normal -0.874602 0.484841 0
    outer loop
      vertex 32.6691 -17.3704 32.48
      vertex 32.0429 -18.5 30
      vertex 32.0429 -18.5 32.48
    endloop
  endfacet
  facet normal -0.999848 0.0174219 0
    outer loop
      vertex 36.9775 -1.29128 30
      vertex 37 0 32.48
      vertex 37 0 30
    endloop
  endfacet
  facet normal -0.999848 0.0174219 0
    outer loop
      vertex 37 0 32.48
      vertex 36.9775 -1.29128 30
      vertex 36.9775 -1.29128 32.48
    endloop
  endfacet
  facet normal -0.987692 0.15641 0
    outer loop
      vertex 36.4379 -6.42498 30
      vertex 36.6399 -5.1494 32.48
      vertex 36.6399 -5.1494 30
    endloop
  endfacet
  facet normal -0.987692 0.15641 0
    outer loop
      vertex 36.6399 -5.1494 32.48
      vertex 36.4379 -6.42498 30
      vertex 36.4379 -6.42498 32.48
    endloop
  endfacet
  facet normal 0.22501 -0.974356 0
    outer loop
      vertex -8.95111 35.9009 30
      vertex -7.69273 36.1915 32.48
      vertex -8.95111 35.9009 32.48
    endloop
  endfacet
  facet normal 0.22501 -0.974356 0
    outer loop
      vertex -7.69273 36.1915 32.48
      vertex -8.95111 35.9009 30
      vertex -7.69273 36.1915 30
    endloop
  endfacet
  facet normal 0.19079 -0.981631 0
    outer loop
      vertex -7.69273 36.1915 30
      vertex -6.42498 36.4379 32.48
      vertex -7.69273 36.1915 32.48
    endloop
  endfacet
  facet normal 0.19079 -0.981631 0
    outer loop
      vertex -6.42498 36.4379 32.48
      vertex -7.69273 36.1915 30
      vertex -6.42498 36.4379 30
    endloop
  endfacet
  facet normal 0.358351 -0.933587 0
    outer loop
      vertex -13.8604 34.3058 30
      vertex -12.6547 34.7686 32.48
      vertex -13.8604 34.3058 32.48
    endloop
  endfacet
  facet normal 0.358351 -0.933587 0
    outer loop
      vertex -12.6547 34.7686 32.48
      vertex -13.8604 34.3058 30
      vertex -12.6547 34.7686 30
    endloop
  endfacet
  facet normal 0.656018 -0.754746 0
    outer loop
      vertex -24.7578 27.4964 30
      vertex -23.7831 28.3436 32.48
      vertex -24.7578 27.4964 32.48
    endloop
  endfacet
  facet normal 0.656018 -0.754746 0
    outer loop
      vertex -23.7831 28.3436 32.48
      vertex -24.7578 27.4964 30
      vertex -23.7831 28.3436 30
    endloop
  endfacet
  facet normal 0.484841 -0.874602 0
    outer loop
      vertex -18.5 32.0429 30
      vertex -17.3704 32.6691 32.48
      vertex -18.5 32.0429 32.48
    endloop
  endfacet
  facet normal 0.484841 -0.874602 0
    outer loop
      vertex -17.3704 32.6691 32.48
      vertex -18.5 32.0429 30
      vertex -17.3704 32.6691 30
    endloop
  endfacet
  facet normal 0.0174219 -0.999848 0
    outer loop
      vertex -1.29128 36.9775 30
      vertex 0 37 32.48
      vertex -1.29128 36.9775 32.48
    endloop
  endfacet
  facet normal 0.0174219 -0.999848 0
    outer loop
      vertex 0 37 32.48
      vertex -1.29128 36.9775 30
      vertex 0 37 30
    endloop
  endfacet
  facet normal -0.515008 -0.857185 0
    outer loop
      vertex 18.5 32.0429 30
      vertex 19.607 31.3778 32.48
      vertex 18.5 32.0429 32.48
    endloop
  endfacet
  facet normal -0.515008 -0.857185 -0
    outer loop
      vertex 19.607 31.3778 32.48
      vertex 18.5 32.0429 30
      vertex 19.607 31.3778 30
    endloop
  endfacet
  facet normal -0.22501 -0.974356 0
    outer loop
      vertex 7.69273 36.1915 30
      vertex 8.95111 35.9009 32.48
      vertex 7.69273 36.1915 32.48
    endloop
  endfacet
  facet normal -0.22501 -0.974356 -0
    outer loop
      vertex 8.95111 35.9009 32.48
      vertex 7.69273 36.1915 30
      vertex 8.95111 35.9009 30
    endloop
  endfacet
  facet normal -0.681976 -0.731374 0
    outer loop
      vertex 24.7578 27.4964 30
      vertex 25.7024 26.6156 32.48
      vertex 24.7578 27.4964 32.48
    endloop
  endfacet
  facet normal -0.681976 -0.731374 -0
    outer loop
      vertex 25.7024 26.6156 32.48
      vertex 24.7578 27.4964 30
      vertex 25.7024 26.6156 30
    endloop
  endfacet
  facet normal -0.819159 -0.573566 0
    outer loop
      vertex 30.6744 20.6901 30
      vertex 29.9336 21.7481 32.48
      vertex 29.9336 21.7481 30
    endloop
  endfacet
  facet normal -0.819159 -0.573566 0
    outer loop
      vertex 29.9336 21.7481 32.48
      vertex 30.6744 20.6901 30
      vertex 30.6744 20.6901 32.48
    endloop
  endfacet
  facet normal -0.874602 -0.484841 0
    outer loop
      vertex 32.6691 17.3704 30
      vertex 32.0429 18.5 32.48
      vertex 32.0429 18.5 30
    endloop
  endfacet
  facet normal -0.874602 -0.484841 0
    outer loop
      vertex 32.0429 18.5 32.48
      vertex 32.6691 17.3704 30
      vertex 32.6691 17.3704 32.48
    endloop
  endfacet
  facet normal -0.981631 -0.19079 0
    outer loop
      vertex 36.4379 6.42498 30
      vertex 36.1915 7.69273 32.48
      vertex 36.1915 7.69273 30
    endloop
  endfacet
  facet normal -0.981631 -0.19079 0
    outer loop
      vertex 36.1915 7.69273 32.48
      vertex 36.4379 6.42498 30
      vertex 36.4379 6.42498 32.48
    endloop
  endfacet
  facet normal -0.819159 0.573566 0
    outer loop
      vertex 29.9336 -21.7481 30
      vertex 30.6744 -20.6901 32.48
      vertex 30.6744 -20.6901 30
    endloop
  endfacet
  facet normal -0.819159 0.573566 0
    outer loop
      vertex 30.6744 -20.6901 32.48
      vertex 29.9336 -21.7481 30
      vertex 29.9336 -21.7481 32.48
    endloop
  endfacet
  facet normal 1 -0 0
    outer loop
      vertex 39 -1 32.48
      vertex 39 1 30
      vertex 39 1 32.48
    endloop
  endfacet
  facet normal 1 0 0
    outer loop
      vertex 39 1 30
      vertex 39 -1 32.48
      vertex 39 -1 30
    endloop
  endfacet
  facet normal 0 1 -0
    outer loop
      vertex 39 1 30
      vertex 38.5825 1 32.48
      vertex 39 1 32.48
    endloop
  endfacet
  facet normal 0 1 0
    outer loop
      vertex 38.5825 1 32.48
      vertex 39 1 30
      vertex 38.5825 1 30
    endloop
  endfacet
  facet normal 0 -1 0
    outer loop
      vertex 38.5825 -1 30
      vertex 39 -1 32.48
      vertex 38.5825 -1 32.48
    endloop
  endfacet
  facet normal 0 -1 -0
    outer loop
      vertex 39 -1 32.48
      vertex 38.5825 -1 30
      vertex 39 -1 30
    endloop
  endfacet
  facet normal 0.999847 -0.0174761 0
    outer loop
      vertex 39.9756 -1.39598 30
      vertex 40 0 0
      vertex 40 0 30
    endloop
  endfacet
  facet normal 0.999847 -0.0174761 0
    outer loop
      vertex 40 0 0
      vertex 39.9756 -1.39598 30
      vertex 39.9756 -1.39598 0
    endloop
  endfacet
  facet normal 0.999847 0.0174761 0
    outer loop
      vertex 40 0 30
      vertex 39.9756 1.39598 0
      vertex 39.9756 1.39598 30
    endloop
  endfacet
  facet normal 0.999847 0.0174761 0
    outer loop
      vertex 39.9756 1.39598 0
      vertex 40 0 30
      vertex 40 0 0
    endloop
  endfacet
  facet normal -0.999847 0.0174761 0
    outer loop
      vertex -40 0 0
      vertex -39.9756 1.39598 30
      vertex -39.9756 1.39598 0
    endloop
  endfacet
  facet normal -0.999847 0.0174761 0
    outer loop
      vertex -39.9756 1.39598 30
      vertex -40 0 0
      vertex -40 0 30
    endloop
  endfacet
  facet normal -0.945507 -0.325602 0
    outer loop
      vertex -37.5877 -13.6808 0
      vertex -38.0423 -12.3607 30
      vertex -38.0423 -12.3607 0
    endloop
  endfacet
  facet normal -0.945507 -0.325602 0
    outer loop
      vertex -38.0423 -12.3607 30
      vertex -37.5877 -13.6808 0
      vertex -37.5877 -13.6808 30
    endloop
  endfacet
  facet normal 0.121903 -0.992542 0
    outer loop
      vertex 4.18114 -39.7809 0
      vertex 5.56692 -39.6107 30
      vertex 4.18114 -39.7809 30
    endloop
  endfacet
  facet normal 0.121903 -0.992542 0
    outer loop
      vertex 5.56692 -39.6107 30
      vertex 4.18114 -39.7809 0
      vertex 5.56692 -39.6107 0
    endloop
  endfacet
  facet normal -0.974366 -0.224968 0
    outer loop
      vertex -38.8118 -9.67688 0
      vertex -39.1259 -8.31647 30
      vertex -39.1259 -8.31647 0
    endloop
  endfacet
  facet normal -0.974366 -0.224968 0
    outer loop
      vertex -39.1259 -8.31647 30
      vertex -38.8118 -9.67688 0
      vertex -38.8118 -9.67688 30
    endloop
  endfacet
  facet normal -0.707107 -0.707107 0
    outer loop
      vertex -27.7863 -28.7736 0
      vertex -28.7736 -27.7863 30
      vertex -28.7736 -27.7863 0
    endloop
  endfacet
  facet normal -0.707107 -0.707107 0
    outer loop
      vertex -28.7736 -27.7863 30
      vertex -27.7863 -28.7736 0
      vertex -27.7863 -28.7736 30
    endloop
  endfacet
  facet normal 0.390771 -0.920488 0
    outer loop
      vertex 14.9843 -37.0874 0
      vertex 16.2695 -36.5418 30
      vertex 14.9843 -37.0874 30
    endloop
  endfacet
  facet normal 0.390771 -0.920488 0
    outer loop
      vertex 16.2695 -36.5418 30
      vertex 14.9843 -37.0874 0
      vertex 16.2695 -36.5418 0
    endloop
  endfacet
  facet normal 0.920488 -0.390771 0
    outer loop
      vertex 36.5418 -16.2695 30
      vertex 37.0874 -14.9843 0
      vertex 37.0874 -14.9843 30
    endloop
  endfacet
  facet normal 0.920488 -0.390771 0
    outer loop
      vertex 37.0874 -14.9843 0
      vertex 36.5418 -16.2695 30
      vertex 36.5418 -16.2695 0
    endloop
  endfacet
  facet normal -0.999847 -0.0174761 0
    outer loop
      vertex -39.9756 -1.39598 0
      vertex -40 0 30
      vertex -40 0 0
    endloop
  endfacet
  facet normal -0.999847 -0.0174761 0
    outer loop
      vertex -40 0 30
      vertex -39.9756 -1.39598 0
      vertex -39.9756 -1.39598 30
    endloop
  endfacet
  facet normal -0.0174761 -0.999847 0
    outer loop
      vertex -1.39598 -39.9756 1.18
      vertex 0 -40 30
      vertex -1.39598 -39.9756 30
    endloop
  endfacet
  facet normal -0.0174761 -0.999847 -0
    outer loop
      vertex 0 -40 30
      vertex -1.39598 -39.9756 1.18
      vertex 0 -40 1.18
    endloop
  endfacet
  facet normal 0.838668 -0.544643 0
    outer loop
      vertex 33.1615 -22.3677 30
      vertex 33.9219 -21.1968 0
      vertex 33.9219 -21.1968 30
    endloop
  endfacet
  facet normal 0.838668 -0.544643 0
    outer loop
      vertex 33.9219 -21.1968 0
      vertex 33.1615 -22.3677 30
      vertex 33.1615 -22.3677 0
    endloop
  endfacet
  facet normal 0.682002 0.731351 -0
    outer loop
      vertex 27.7863 28.7736 0
      vertex 26.7652 29.7258 30
      vertex 27.7863 28.7736 30
    endloop
  endfacet
  facet normal 0.682002 0.731351 0
    outer loop
      vertex 26.7652 29.7258 30
      vertex 27.7863 28.7736 0
      vertex 26.7652 29.7258 0
    endloop
  endfacet
  facet normal -0 0 1
    outer loop
      vertex 39 1 30
      vertex 40 0 30
      vertex 39.9756 1.39598 30
    endloop
  endfacet
  facet normal 0 0 1
    outer loop
      vertex 38.5765 1.34712 30
      vertex 39.9756 1.39598 30
      vertex 39.9026 2.79026 30
    endloop
  endfacet
  facet normal 0 0 1
    outer loop
      vertex 39 -1 30
      vertex 40 0 30
      vertex 39 1 30
    endloop
  endfacet
  facet normal 0 0 1
    outer loop
      vertex 38.506 2.6926 30
      vertex 39.9026 2.79026 30
      vertex 39.7809 4.18114 30
    endloop
  endfacet
  facet normal 0 0 1
    outer loop
      vertex 40 0 30
      vertex 39 -1 30
      vertex 39.9756 -1.39598 30
    endloop
  endfacet
  facet normal 0 0 1
    outer loop
      vertex 38.3885 4.0348 30
      vertex 39.7809 4.18114 30
      vertex 39.6107 5.56692 30
    endloop
  endfacet
  facet normal -0 0 1
    outer loop
      vertex 38.5765 -1.34712 30
      vertex 39.9756 -1.39598 30
      vertex 39 -1 30
    endloop
  endfacet
  facet normal 0 0 1
    outer loop
      vertex 38.2243 5.37208 30
      vertex 39.6107 5.56692 30
      vertex 39.3923 6.94593 30
    endloop
  endfacet
  facet normal 0 0 1
    outer loop
      vertex 39.9756 -1.39598 30
      vertex 38.5765 -1.34712 30
      vertex 39.9026 -2.79026 30
    endloop
  endfacet
  facet normal 0 0 1
    outer loop
      vertex 38.0136 6.70282 30
      vertex 39.3923 6.94593 30
      vertex 39.1259 8.31647 30
    endloop
  endfacet
  facet normal 0 0 1
    outer loop
      vertex 39.9026 -2.79026 30
      vertex 38.506 -2.6926 30
      vertex 39.7809 -4.18114 30
    endloop
  endfacet
  facet normal -0 0 1
    outer loop
      vertex 38.3885 -4.0348 30
      vertex 39.7809 -4.18114 30
      vertex 38.506 -2.6926 30
    endloop
  endfacet
  facet normal 0 0 1
    outer loop
      vertex 37.7565 8.02539 30
      vertex 39.1259 8.31647 30
      vertex 38.8118 9.67688 30
    endloop
  endfacet
  facet normal 0 0 1
    outer loop
      vertex 39.7809 4.18114 30
      vertex 38.3885 4.0348 30
      vertex 38.506 2.6926 30
    endloop
  endfacet
  facet normal 0 0 1
    outer loop
      vertex 39 1 30
      vertex 38.5765 1.34712 30
      vertex 38.5825 1 30
    endloop
  endfacet
  facet normal 0 0 1
    outer loop
      vertex 39.9756 1.39598 30
      vertex 38.5765 1.34712 30
      vertex 39 1 30
    endloop
  endfacet
  facet normal 0 0 1
    outer loop
      vertex 37.4534 9.33818 30
      vertex 38.8118 9.67688 30
      vertex 38.4505 11.0255 30
    endloop
  endfacet
  facet normal 0 -0 1
    outer loop
      vertex 38.5765 1.34712 30
      vertex 39.9026 2.79026 30
      vertex 38.506 2.6926 30
    endloop
  endfacet
  facet normal 0 0 1
    outer loop
      vertex 39.6107 5.56692 30
      vertex 38.2243 5.37208 30
      vertex 38.3885 4.0348 30
    endloop
  endfacet
  facet normal 0 0 1
    outer loop
      vertex 37.1047 10.6396 30
      vertex 38.4505 11.0255 30
      vertex 38.0423 12.3607 30
    endloop
  endfacet
  facet normal 0 0 1
    outer loop
      vertex 39.3923 6.94593 30
      vertex 38.0136 6.70282 30
      vertex 38.2243 5.37208 30
    endloop
  endfacet
  facet normal 0 0 1
    outer loop
      vertex 39.1259 8.31647 30
      vertex 37.7565 8.02539 30
      vertex 38.0136 6.70282 30
    endloop
  endfacet
  facet normal 0 0 1
    outer loop
      vertex 36.7108 11.9281 30
      vertex 38.0423 12.3607 30
      vertex 37.5877 13.6808 30
    endloop
  endfacet
  facet normal 0 0 1
    outer loop
      vertex 38.8118 9.67688 30
      vertex 37.4534 9.33818 30
      vertex 37.7565 8.02539 30
    endloop
  endfacet
  facet normal 0 0 1
    outer loop
      vertex 38.4505 11.0255 30
      vertex 37.1047 10.6396 30
      vertex 37.4534 9.33818 30
    endloop
  endfacet
  facet normal 0 0 1
    outer loop
      vertex 36.2721 13.202 30
      vertex 37.5877 13.6808 30
      vertex 37.0874 14.9843 30
    endloop
  endfacet
  facet normal 0 0 1
    outer loop
      vertex 38.0423 12.3607 30
      vertex 36.7108 11.9281 30
      vertex 37.1047 10.6396 30
    endloop
  endfacet
  facet normal 0 0 1
    outer loop
      vertex 35.7893 14.4598 30
      vertex 37.0874 14.9843 30
      vertex 36.5418 16.2695 30
    endloop
  endfacet
  facet normal 0 0 1
    outer loop
      vertex 37.5877 13.6808 30
      vertex 36.2721 13.202 30
      vertex 36.7108 11.9281 30
    endloop
  endfacet
  facet normal 0 0 1
    outer loop
      vertex 35.2629 15.7 30
      vertex 36.5418 16.2695 30
      vertex 35.9518 17.5348 30
    endloop
  endfacet
  facet normal 0 0 1
    outer loop
      vertex 37.0874 14.9843 30
      vertex 35.7893 14.4598 30
      vertex 36.2721 13.202 30
    endloop
  endfacet
  facet normal 0 0 1
    outer loop
      vertex 34.6935 16.9211 30
      vertex 35.9518 17.5348 30
      vertex 35.3179 18.7789 30
    endloop
  endfacet
  facet normal 0 0 1
    outer loop
      vertex 36.5418 16.2695 30
      vertex 35.2629 15.7 30
      vertex 35.7893 14.4598 30
    endloop
  endfacet
  facet normal 0 0 1
    outer loop
      vertex 35.9518 17.5348 30
      vertex 34.6935 16.9211 30
      vertex 35.2629 15.7 30
    endloop
  endfacet
  facet normal 0 0 1
    outer loop
      vertex 34.0818 18.1216 30
      vertex 35.3179 18.7789 30
      vertex 34.641 20 30
    endloop
  endfacet
  facet normal 0 0 1
    outer loop
      vertex 35.3179 18.7789 30
      vertex 34.0818 18.1216 30
      vertex 34.6935 16.9211 30
    endloop
  endfacet
  facet normal 0 0 1
    outer loop
      vertex 33.4286 19.3 30
      vertex 34.641 20 30
      vertex 33.9219 21.1968 30
    endloop
  endfacet
  facet normal 0 0 1
    outer loop
      vertex 34.641 20 30
      vertex 33.4286 19.3 30
      vertex 34.0818 18.1216 30
    endloop
  endfacet
  facet normal 0 0 1
    outer loop
      vertex 32.7347 20.4549 30
      vertex 33.9219 21.1968 30
      vertex 33.1615 22.3677 30
    endloop
  endfacet
  facet normal 0 0 1
    outer loop
      vertex 33.9219 21.1968 30
      vertex 32.7347 20.4549 30
      vertex 33.4286 19.3 30
    endloop
  endfacet
  facet normal 0 0 1
    outer loop
      vertex 32.0009 21.5848 30
      vertex 33.1615 22.3677 30
      vertex 32.3607 23.5114 30
    endloop
  endfacet
  facet normal 0 0 1
    outer loop
      vertex 33.1615 22.3677 30
      vertex 32.0009 21.5848 30
      vertex 32.7347 20.4549 30
    endloop
  endfacet
  facet normal 0 0 1
    outer loop
      vertex 31.2281 22.6885 30
      vertex 32.3607 23.5114 30
      vertex 31.5204 24.6265 30
    endloop
  endfacet
  facet normal 0 0 1
    outer loop
      vertex 32.3607 23.5114 30
      vertex 31.2281 22.6885 30
      vertex 32.0009 21.5848 30
    endloop
  endfacet
  facet normal 0 0 1
    outer loop
      vertex 30.4172 23.7645 30
      vertex 31.5204 24.6265 30
      vertex 30.6418 25.7115 30
    endloop
  endfacet
  facet normal 0 0 1
    outer loop
      vertex 31.5204 24.6265 30
      vertex 30.4172 23.7645 30
      vertex 31.2281 22.6885 30
    endloop
  endfacet
  facet normal 0 0 1
    outer loop
      vertex 29.5693 24.8116 30
      vertex 30.6418 25.7115 30
      vertex 29.7258 26.7652 30
    endloop
  endfacet
  facet normal 0 0 1
    outer loop
      vertex 30.6418 25.7115 30
      vertex 29.5693 24.8116 30
      vertex 30.4172 23.7645 30
    endloop
  endfacet
  facet normal 0 0 1
    outer loop
      vertex 28.6854 25.8284 30
      vertex 29.7258 26.7652 30
      vertex 28.7736 27.7863 30
    endloop
  endfacet
  facet normal 0 0 1
    outer loop
      vertex 29.7258 26.7652 30
      vertex 28.6854 25.8284 30
      vertex 29.5693 24.8116 30
    endloop
  endfacet
  facet normal 0 0 1
    outer loop
      vertex 27.7665 26.8138 30
      vertex 28.7736 27.7863 30
      vertex 27.7863 28.7736 30
    endloop
  endfacet
  facet normal 0 0 1
    outer loop
      vertex 28.7736 27.7863 30
      vertex 27.7665 26.8138 30
      vertex 28.6854 25.8284 30
    endloop
  endfacet
  facet normal 0 0 1
    outer loop
      vertex 27.7863 28.7736 30
      vertex 26.8138 27.7665 30
      vertex 27.7665 26.8138 30
    endloop
  endfacet
  facet normal 0 0 1
    outer loop
      vertex 26.7652 29.7258 30
      vertex 26.8138 27.7665 30
      vertex 27.7863 28.7736 30
    endloop
  endfacet
  facet normal 0 0 1
    outer loop
      vertex 26.7652 29.7258 30
      vertex 25.8284 28.6854 30
      vertex 26.8138 27.7665 30
    endloop
  endfacet
  facet normal 0 0 1
    outer loop
      vertex 25.7115 30.6418 30
      vertex 25.8284 28.6854 30
      vertex 26.7652 29.7258 30
    endloop
  endfacet
  facet normal 0 0 1
    outer loop
      vertex 25.7115 30.6418 30
      vertex 24.8116 29.5693 30
      vertex 25.8284 28.6854 30
    endloop
  endfacet
  facet normal 0 0 1
    outer loop
      vertex 24.6265 31.5204 30
      vertex 24.8116 29.5693 30
      vertex 25.7115 30.6418 30
    endloop
  endfacet
  facet normal 0 0 1
    outer loop
      vertex 24.6265 31.5204 30
      vertex 23.7645 30.4172 30
      vertex 24.8116 29.5693 30
    endloop
  endfacet
  facet normal 0 0 1
    outer loop
      vertex 23.5114 32.3607 30
      vertex 23.7645 30.4172 30
      vertex 24.6265 31.5204 30
    endloop
  endfacet
  facet normal 0 0 1
    outer loop
      vertex 23.5114 32.3607 30
      vertex 22.6885 31.2281 30
      vertex 23.7645 30.4172 30
    endloop
  endfacet
  facet normal 0 0 1
    outer loop
      vertex 22.3677 33.1615 30
      vertex 22.6885 31.2281 30
      vertex 23.5114 32.3607 30
    endloop
  endfacet
  facet normal 0 0 1
    outer loop
      vertex 22.3677 33.1615 30
      vertex 21.5848 32.0009 30
      vertex 22.6885 31.2281 30
    endloop
  endfacet
  facet normal 0 0 1
    outer loop
      vertex 21.1968 33.9219 30
      vertex 21.5848 32.0009 30
      vertex 22.3677 33.1615 30
    endloop
  endfacet
  facet normal 0 0 1
    outer loop
      vertex 21.1968 33.9219 30
      vertex 20.4549 32.7347 30
      vertex 21.5848 32.0009 30
    endloop
  endfacet
  facet normal 0 0 1
    outer loop
      vertex 20 34.641 30
      vertex 20.4549 32.7347 30
      vertex 21.1968 33.9219 30
    endloop
  endfacet
  facet normal 0 0 1
    outer loop
      vertex 20 34.641 30
      vertex 19.3 33.4286 30
      vertex 20.4549 32.7347 30
    endloop
  endfacet
  facet normal 0 0 1
    outer loop
      vertex 18.7789 35.3179 30
      vertex 19.3 33.4286 30
      vertex 20 34.641 30
    endloop
  endfacet
  facet normal 0 0 1
    outer loop
      vertex 18.7789 35.3179 30
      vertex 18.1216 34.0818 30
      vertex 19.3 33.4286 30
    endloop
  endfacet
  facet normal 0 0 1
    outer loop
      vertex 17.5348 35.9518 30
      vertex 18.1216 34.0818 30
      vertex 18.7789 35.3179 30
    endloop
  endfacet
  facet normal 0 0 1
    outer loop
      vertex 17.5348 35.9518 30
      vertex 16.9211 34.6935 30
      vertex 18.1216 34.0818 30
    endloop
  endfacet
  facet normal 0 0 1
    outer loop
      vertex 16.2695 36.5418 30
      vertex 16.9211 34.6935 30
      vertex 17.5348 35.9518 30
    endloop
  endfacet
  facet normal 0 0 1
    outer loop
      vertex 16.2695 36.5418 30
      vertex 15.7 35.2629 30
      vertex 16.9211 34.6935 30
    endloop
  endfacet
  facet normal 0 0 1
    outer loop
      vertex 14.9843 37.0874 30
      vertex 15.7 35.2629 30
      vertex 16.2695 36.5418 30
    endloop
  endfacet
  facet normal 0 0 1
    outer loop
      vertex 14.9843 37.0874 30
      vertex 14.4598 35.7893 30
      vertex 15.7 35.2629 30
    endloop
  endfacet
  facet normal 0 0 1
    outer loop
      vertex 13.6808 37.5877 30
      vertex 14.4598 35.7893 30
      vertex 14.9843 37.0874 30
    endloop
  endfacet
  facet normal 0 0 1
    outer loop
      vertex 13.6808 37.5877 30
      vertex 13.202 36.2721 30
      vertex 14.4598 35.7893 30
    endloop
  endfacet
  facet normal 0 0 1
    outer loop
      vertex 12.3607 38.0423 30
      vertex 13.202 36.2721 30
      vertex 13.6808 37.5877 30
    endloop
  endfacet
  facet normal 0 0 1
    outer loop
      vertex 12.3607 38.0423 30
      vertex 11.9281 36.7108 30
      vertex 13.202 36.2721 30
    endloop
  endfacet
  facet normal 0 0 1
    outer loop
      vertex 11.0255 38.4505 30
      vertex 11.9281 36.7108 30
      vertex 12.3607 38.0423 30
    endloop
  endfacet
  facet normal 0 0 1
    outer loop
      vertex 11.0255 38.4505 30
      vertex 10.6396 37.1047 30
      vertex 11.9281 36.7108 30
    endloop
  endfacet
  facet normal 0 0 1
    outer loop
      vertex 9.67688 38.8118 30
      vertex 10.6396 37.1047 30
      vertex 11.0255 38.4505 30
    endloop
  endfacet
  facet normal 0 0 1
    outer loop
      vertex 9.67688 38.8118 30
      vertex 9.33818 37.4534 30
      vertex 10.6396 37.1047 30
    endloop
  endfacet
  facet normal 0 0 1
    outer loop
      vertex 8.31647 39.1259 30
      vertex 9.33818 37.4534 30
      vertex 9.67688 38.8118 30
    endloop
  endfacet
  facet normal 0 0 1
    outer loop
      vertex 8.31647 39.1259 30
      vertex 8.02539 37.7565 30
      vertex 9.33818 37.4534 30
    endloop
  endfacet
  facet normal 0 0 1
    outer loop
      vertex 6.94593 39.3923 30
      vertex 8.02539 37.7565 30
      vertex 8.31647 39.1259 30
    endloop
  endfacet
  facet normal 0 0 1
    outer loop
      vertex 6.94593 39.3923 30
      vertex 6.70282 38.0136 30
      vertex 8.02539 37.7565 30
    endloop
  endfacet
  facet normal 0 0 1
    outer loop
      vertex 5.56692 39.6107 30
      vertex 6.70282 38.0136 30
      vertex 6.94593 39.3923 30
    endloop
  endfacet
  facet normal 0 0 1
    outer loop
      vertex 5.56692 39.6107 30
      vertex 5.37208 38.2243 30
      vertex 6.70282 38.0136 30
    endloop
  endfacet
  facet normal 0 0 1
    outer loop
      vertex 4.18114 39.7809 30
      vertex 5.37208 38.2243 30
      vertex 5.56692 39.6107 30
    endloop
  endfacet
  facet normal 0 0 1
    outer loop
      vertex 4.18114 39.7809 30
      vertex 4.0348 38.3885 30
      vertex 5.37208 38.2243 30
    endloop
  endfacet
  facet normal 0 0 1
    outer loop
      vertex 2.79026 39.9026 30
      vertex 4.0348 38.3885 30
      vertex 4.18114 39.7809 30
    endloop
  endfacet
  facet normal 0 0 1
    outer loop
      vertex 2.79026 39.9026 30
      vertex 2.6926 38.506 30
      vertex 4.0348 38.3885 30
    endloop
  endfacet
  facet normal 0 0 1
    outer loop
      vertex 1.39598 39.9756 30
      vertex 2.6926 38.506 30
      vertex 2.79026 39.9026 30
    endloop
  endfacet
  facet normal 0 0 1
    outer loop
      vertex 1.39598 39.9756 30
      vertex 1.34712 38.5765 30
      vertex 2.6926 38.506 30
    endloop
  endfacet
  facet normal 0 0 1
    outer loop
      vertex 0 40 30
      vertex 1.34712 38.5765 30
      vertex 1.39598 39.9756 30
    endloop
  endfacet
  facet normal 0 0 1
    outer loop
      vertex 0 40 30
      vertex 0 38.6 30
      vertex 1.34712 38.5765 30
    endloop
  endfacet
  facet normal 0 0 1
    outer loop
      vertex 0 40 30
      vertex -1.34712 38.5765 30
      vertex 0 38.6 30
    endloop
  endfacet
  facet normal -0 0 1
    outer loop
      vertex -1.39598 39.9756 30
      vertex -1.34712 38.5765 30
      vertex 0 40 30
    endloop
  endfacet
  facet normal 0 0 1
    outer loop
      vertex -1.39598 39.9756 30
      vertex -2.6926 38.506 30
      vertex -1.34712 38.5765 30
    endloop
  endfacet
  facet normal -0 0 1
    outer loop
      vertex -2.79026 39.9026 30
      vertex -2.6926 38.506 30
      vertex -1.39598 39.9756 30
    endloop
  endfacet
  facet normal 0 0 1
    outer loop
      vertex -2.79026 39.9026 30
      vertex -4.0348 38.3885 30
      vertex -2.6926 38.506 30
    endloop
  endfacet
  facet normal -0 0 1
    outer loop
      vertex -4.18114 39.7809 30
      vertex -4.0348 38.3885 30
      vertex -2.79026 39.9026 30
    endloop
  endfacet
  facet normal 0 0 1
    outer loop
      vertex -4.18114 39.7809 30
      vertex -5.37208 38.2243 30
      vertex -4.0348 38.3885 30
    endloop
  endfacet
  facet normal -0 0 1
    outer loop
      vertex -5.56692 39.6107 30
      vertex -5.37208 38.2243 30
      vertex -4.18114 39.7809 30
    endloop
  endfacet
  facet normal 0 0 1
    outer loop
      vertex -5.56692 39.6107 30
      vertex -6.70282 38.0136 30
      vertex -5.37208 38.2243 30
    endloop
  endfacet
  facet normal -0 0 1
    outer loop
      vertex -6.94593 39.3923 30
      vertex -6.70282 38.0136 30
      vertex -5.56692 39.6107 30
    endloop
  endfacet
  facet normal 0 0 1
    outer loop
      vertex -6.94593 39.3923 30
      vertex -8.02539 37.7565 30
      vertex -6.70282 38.0136 30
    endloop
  endfacet
  facet normal -0 0 1
    outer loop
      vertex -8.31647 39.1259 30
      vertex -8.02539 37.7565 30
      vertex -6.94593 39.3923 30
    endloop
  endfacet
  facet normal 0 0 1
    outer loop
      vertex -8.31647 39.1259 30
      vertex -9.33818 37.4534 30
      vertex -8.02539 37.7565 30
    endloop
  endfacet
  facet normal -0 0 1
    outer loop
      vertex -9.67688 38.8118 30
      vertex -9.33818 37.4534 30
      vertex -8.31647 39.1259 30
    endloop
  endfacet
  facet normal 0 0 1
    outer loop
      vertex -9.67688 38.8118 30
      vertex -10.6396 37.1047 30
      vertex -9.33818 37.4534 30
    endloop
  endfacet
  facet normal -0 0 1
    outer loop
      vertex -11.0255 38.4505 30
      vertex -10.6396 37.1047 30
      vertex -9.67688 38.8118 30
    endloop
  endfacet
  facet normal 0 0 1
    outer loop
      vertex -11.0255 38.4505 30
      vertex -11.9281 36.7108 30
      vertex -10.6396 37.1047 30
    endloop
  endfacet
  facet normal -0 0 1
    outer loop
      vertex -12.3607 38.0423 30
      vertex -11.9281 36.7108 30
      vertex -11.0255 38.4505 30
    endloop
  endfacet
  facet normal 0 0 1
    outer loop
      vertex -12.3607 38.0423 30
      vertex -13.202 36.2721 30
      vertex -11.9281 36.7108 30
    endloop
  endfacet
  facet normal -0 0 1
    outer loop
      vertex -13.6808 37.5877 30
      vertex -13.202 36.2721 30
      vertex -12.3607 38.0423 30
    endloop
  endfacet
  facet normal 0 0 1
    outer loop
      vertex -13.6808 37.5877 30
      vertex -14.4598 35.7893 30
      vertex -13.202 36.2721 30
    endloop
  endfacet
  facet normal -0 0 1
    outer loop
      vertex -14.9843 37.0874 30
      vertex -14.4598 35.7893 30
      vertex -13.6808 37.5877 30
    endloop
  endfacet
  facet normal 0 0 1
    outer loop
      vertex -14.9843 37.0874 30
      vertex -15.7 35.2629 30
      vertex -14.4598 35.7893 30
    endloop
  endfacet
  facet normal -0 0 1
    outer loop
      vertex -16.2695 36.5418 30
      vertex -15.7 35.2629 30
      vertex -14.9843 37.0874 30
    endloop
  endfacet
  facet normal 0 0 1
    outer loop
      vertex -16.2695 36.5418 30
      vertex -16.9211 34.6935 30
      vertex -15.7 35.2629 30
    endloop
  endfacet
  facet normal -0 0 1
    outer loop
      vertex -17.5348 35.9518 30
      vertex -16.9211 34.6935 30
      vertex -16.2695 36.5418 30
    endloop
  endfacet
  facet normal 0 0 1
    outer loop
      vertex -17.5348 35.9518 30
      vertex -18.1216 34.0818 30
      vertex -16.9211 34.6935 30
    endloop
  endfacet
  facet normal -0 0 1
    outer loop
      vertex -18.7789 35.3179 30
      vertex -18.1216 34.0818 30
      vertex -17.5348 35.9518 30
    endloop
  endfacet
  facet normal 0 0 1
    outer loop
      vertex -18.7789 35.3179 30
      vertex -19.3 33.4286 30
      vertex -18.1216 34.0818 30
    endloop
  endfacet
  facet normal -0 0 1
    outer loop
      vertex -20 34.641 30
      vertex -19.3 33.4286 30
      vertex -18.7789 35.3179 30
    endloop
  endfacet
  facet normal 0 0 1
    outer loop
      vertex -20 34.641 30
      vertex -20.4549 32.7347 30
      vertex -19.3 33.4286 30
    endloop
  endfacet
  facet normal -0 0 1
    outer loop
      vertex -21.1968 33.9219 30
      vertex -20.4549 32.7347 30
      vertex -20 34.641 30
    endloop
  endfacet
  facet normal 0 0 1
    outer loop
      vertex -21.1968 33.9219 30
      vertex -21.5848 32.0009 30
      vertex -20.4549 32.7347 30
    endloop
  endfacet
  facet normal -0 0 1
    outer loop
      vertex -22.3677 33.1615 30
      vertex -21.5848 32.0009 30
      vertex -21.1968 33.9219 30
    endloop
  endfacet
  facet normal 0 0 1
    outer loop
      vertex -22.3677 33.1615 30
      vertex -22.6885 31.2281 30
      vertex -21.5848 32.0009 30
    endloop
  endfacet
  facet normal -0 0 1
    outer loop
      vertex -23.5114 32.3607 30
      vertex -22.6885 31.2281 30
      vertex -22.3677 33.1615 30
    endloop
  endfacet
  facet normal 0 0 1
    outer loop
      vertex -23.5114 32.3607 30
      vertex -23.7645 30.4172 30
      vertex -22.6885 31.2281 30
    endloop
  endfacet
  facet normal -0 0 1
    outer loop
      vertex -24.6265 31.5204 30
      vertex -23.7645 30.4172 30
      vertex -23.5114 32.3607 30
    endloop
  endfacet
  facet normal 0 0 1
    outer loop
      vertex -24.6265 31.5204 30
      vertex -24.8116 29.5693 30
      vertex -23.7645 30.4172 30
    endloop
  endfacet
  facet normal -0 0 1
    outer loop
      vertex -25.7115 30.6418 30
      vertex -24.8116 29.5693 30
      vertex -24.6265 31.5204 30
    endloop
  endfacet
  facet normal 0 0 1
    outer loop
      vertex -25.7115 30.6418 30
      vertex -25.8284 28.6854 30
      vertex -24.8116 29.5693 30
    endloop
  endfacet
  facet normal -0 0 1
    outer loop
      vertex -26.7652 29.7258 30
      vertex -25.8284 28.6854 30
      vertex -25.7115 30.6418 30
    endloop
  endfacet
  facet normal 0 0 1
    outer loop
      vertex -26.7652 29.7258 30
      vertex -26.8138 27.7665 30
      vertex -25.8284 28.6854 30
    endloop
  endfacet
  facet normal -0 0 1
    outer loop
      vertex -27.7863 28.7736 30
      vertex -26.8138 27.7665 30
      vertex -26.7652 29.7258 30
    endloop
  endfacet
  facet normal 0 0 1
    outer loop
      vertex -26.8138 27.7665 30
      vertex -27.7863 28.7736 30
      vertex -27.7665 26.8138 30
    endloop
  endfacet
  facet normal -0 0 1
    outer loop
      vertex -28.7736 27.7863 30
      vertex -27.7665 26.8138 30
      vertex -27.7863 28.7736 30
    endloop
  endfacet
  facet normal 0 0 1
    outer loop
      vertex -27.7665 26.8138 30
      vertex -28.7736 27.7863 30
      vertex -28.6854 25.8284 30
    endloop
  endfacet
  facet normal -0 0 1
    outer loop
      vertex -29.7258 26.7652 30
      vertex -28.6854 25.8284 30
      vertex -28.7736 27.7863 30
    endloop
  endfacet
  facet normal 0 0 1
    outer loop
      vertex -28.6854 25.8284 30
      vertex -29.7258 26.7652 30
      vertex -29.5693 24.8116 30
    endloop
  endfacet
  facet normal -0 0 1
    outer loop
      vertex -30.6418 25.7115 30
      vertex -29.5693 24.8116 30
      vertex -29.7258 26.7652 30
    endloop
  endfacet
  facet normal 0 0 1
    outer loop
      vertex -29.5693 24.8116 30
      vertex -30.6418 25.7115 30
      vertex -30.4172 23.7645 30
    endloop
  endfacet
  facet normal -0 0 1
    outer loop
      vertex -31.5204 24.6265 30
      vertex -30.4172 23.7645 30
      vertex -30.6418 25.7115 30
    endloop
  endfacet
  facet normal 0 0 1
    outer loop
      vertex -30.4172 23.7645 30
      vertex -31.5204 24.6265 30
      vertex -31.2281 22.6885 30
    endloop
  endfacet
  facet normal -0 0 1
    outer loop
      vertex -32.3607 23.5114 30
      vertex -31.2281 22.6885 30
      vertex -31.5204 24.6265 30
    endloop
  endfacet
  facet normal 0 0 1
    outer loop
      vertex -31.2281 22.6885 30
      vertex -32.3607 23.5114 30
      vertex -32.0009 21.5848 30
    endloop
  endfacet
  facet normal -0 0 1
    outer loop
      vertex -33.1615 22.3677 30
      vertex -32.0009 21.5848 30
      vertex -32.3607 23.5114 30
    endloop
  endfacet
  facet normal 0 0 1
    outer loop
      vertex -32.0009 21.5848 30
      vertex -33.1615 22.3677 30
      vertex -32.7347 20.4549 30
    endloop
  endfacet
  facet normal -0 0 1
    outer loop
      vertex -33.9219 21.1968 30
      vertex -32.7347 20.4549 30
      vertex -33.1615 22.3677 30
    endloop
  endfacet
  facet normal 0 0 1
    outer loop
      vertex -32.7347 20.4549 30
      vertex -33.9219 21.1968 30
      vertex -33.4286 19.3 30
    endloop
  endfacet
  facet normal -0 0 1
    outer loop
      vertex -34.641 20 30
      vertex -33.4286 19.3 30
      vertex -33.9219 21.1968 30
    endloop
  endfacet
  facet normal 0 0 1
    outer loop
      vertex -33.4286 19.3 30
      vertex -34.641 20 30
      vertex -34.0818 18.1216 30
    endloop
  endfacet
  facet normal -0 0 1
    outer loop
      vertex -35.3179 18.7789 30
      vertex -34.0818 18.1216 30
      vertex -34.641 20 30
    endloop
  endfacet
  facet normal 0 0 1
    outer loop
      vertex -34.0818 18.1216 30
      vertex -35.3179 18.7789 30
      vertex -34.6935 16.9211 30
    endloop
  endfacet
  facet normal -0 0 1
    outer loop
      vertex -35.9518 17.5348 30
      vertex -34.6935 16.9211 30
      vertex -35.3179 18.7789 30
    endloop
  endfacet
  facet normal 0 0 1
    outer loop
      vertex -34.6935 16.9211 30
      vertex -35.9518 17.5348 30
      vertex -35.2629 15.7 30
    endloop
  endfacet
  facet normal -0 0 1
    outer loop
      vertex -36.5418 16.2695 30
      vertex -35.2629 15.7 30
      vertex -35.9518 17.5348 30
    endloop
  endfacet
  facet normal 0 0 1
    outer loop
      vertex -35.2629 15.7 30
      vertex -36.5418 16.2695 30
      vertex -35.7893 14.4598 30
    endloop
  endfacet
  facet normal -0 0 1
    outer loop
      vertex -37.0874 14.9843 30
      vertex -35.7893 14.4598 30
      vertex -36.5418 16.2695 30
    endloop
  endfacet
  facet normal 0 0 1
    outer loop
      vertex -35.7893 14.4598 30
      vertex -37.0874 14.9843 30
      vertex -36.2721 13.202 30
    endloop
  endfacet
  facet normal -0 0 1
    outer loop
      vertex -37.5877 13.6808 30
      vertex -36.2721 13.202 30
      vertex -37.0874 14.9843 30
    endloop
  endfacet
  facet normal 0 0 1
    outer loop
      vertex -36.2721 13.202 30
      vertex -37.5877 13.6808 30
      vertex -36.7108 11.9281 30
    endloop
  endfacet
  facet normal -0 0 1
    outer loop
      vertex -38.0423 12.3607 30
      vertex -36.7108 11.9281 30
      vertex -37.5877 13.6808 30
    endloop
  endfacet
  facet normal 0 0 1
    outer loop
      vertex -36.7108 11.9281 30
      vertex -38.0423 12.3607 30
      vertex -37.1047 10.6396 30
    endloop
  endfacet
  facet normal -0 0 1
    outer loop
      vertex -38.4505 11.0255 30
      vertex -37.1047 10.6396 30
      vertex -38.0423 12.3607 30
    endloop
  endfacet
  facet normal 0 0 1
    outer loop
      vertex -37.1047 10.6396 30
      vertex -38.4505 11.0255 30
      vertex -37.4534 9.33818 30
    endloop
  endfacet
  facet normal -0 0 1
    outer loop
      vertex -38.8118 9.67688 30
      vertex -37.4534 9.33818 30
      vertex -38.4505 11.0255 30
    endloop
  endfacet
  facet normal 0 0 1
    outer loop
      vertex -37.4534 9.33818 30
      vertex -38.8118 9.67688 30
      vertex -37.7565 8.02539 30
    endloop
  endfacet
  facet normal -0 0 1
    outer loop
      vertex -39.1259 8.31647 30
      vertex -37.7565 8.02539 30
      vertex -38.8118 9.67688 30
    endloop
  endfacet
  facet normal 0 0 1
    outer loop
      vertex -37.7565 8.02539 30
      vertex -39.1259 8.31647 30
      vertex -38.0136 6.70282 30
    endloop
  endfacet
  facet normal -0 0 1
    outer loop
      vertex -39.3923 6.94593 30
      vertex -38.0136 6.70282 30
      vertex -39.1259 8.31647 30
    endloop
  endfacet
  facet normal 0 0 1
    outer loop
      vertex -38.0136 6.70282 30
      vertex -39.3923 6.94593 30
      vertex -38.2243 5.37208 30
    endloop
  endfacet
  facet normal -0 0 1
    outer loop
      vertex -39.6107 5.56692 30
      vertex -38.2243 5.37208 30
      vertex -39.3923 6.94593 30
    endloop
  endfacet
  facet normal 0 0 1
    outer loop
      vertex -38.2243 5.37208 30
      vertex -39.6107 5.56692 30
      vertex -38.3885 4.0348 30
    endloop
  endfacet
  facet normal 0 0 1
    outer loop
      vertex 39.7809 -4.18114 30
      vertex 38.3885 -4.0348 30
      vertex 39.6107 -5.56692 30
    endloop
  endfacet
  facet normal 0 0 1
    outer loop
      vertex 39.6107 -5.56692 30
      vertex 38.2243 -5.37208 30
      vertex 39.3923 -6.94593 30
    endloop
  endfacet
  facet normal 0 0 1
    outer loop
      vertex 38.5765 -1.34712 30
      vertex 39 -1 30
      vertex 38.5825 -1 30
    endloop
  endfacet
  facet normal 0 0 1
    outer loop
      vertex 39.9026 -2.79026 30
      vertex 38.5765 -1.34712 30
      vertex 38.506 -2.6926 30
    endloop
  endfacet
  facet normal -0 0 1
    outer loop
      vertex 38.2243 -5.37208 30
      vertex 39.6107 -5.56692 30
      vertex 38.3885 -4.0348 30
    endloop
  endfacet
  facet normal -0 0 1
    outer loop
      vertex 38.0136 -6.70282 30
      vertex 39.3923 -6.94593 30
      vertex 38.2243 -5.37208 30
    endloop
  endfacet
  facet normal 0 0 1
    outer loop
      vertex 39.3923 -6.94593 30
      vertex 38.0136 -6.70282 30
      vertex 39.1259 -8.31647 30
    endloop
  endfacet
  facet normal -0 0 1
    outer loop
      vertex 37.7565 -8.02539 30
      vertex 39.1259 -8.31647 30
      vertex 38.0136 -6.70282 30
    endloop
  endfacet
  facet normal 0 0 1
    outer loop
      vertex 39.1259 -8.31647 30
      vertex 37.7565 -8.02539 30
      vertex 38.8118 -9.67688 30
    endloop
  endfacet
  facet normal -0 0 1
    outer loop
      vertex 37.4534 -9.33818 30
      vertex 38.8118 -9.67688 30
      vertex 37.7565 -8.02539 30
    endloop
  endfacet
  facet normal 0 0 1
    outer loop
      vertex 38.8118 -9.67688 30
      vertex 37.4534 -9.33818 30
      vertex 38.4505 -11.0255 30
    endloop
  endfacet
  facet normal -0 0 1
    outer loop
      vertex 37.1047 -10.6396 30
      vertex 38.4505 -11.0255 30
      vertex 37.4534 -9.33818 30
    endloop
  endfacet
  facet normal 0 0 1
    outer loop
      vertex 38.4505 -11.0255 30
      vertex 37.1047 -10.6396 30
      vertex 38.0423 -12.3607 30
    endloop
  endfacet
  facet normal -0 0 1
    outer loop
      vertex 36.7108 -11.9281 30
      vertex 38.0423 -12.3607 30
      vertex 37.1047 -10.6396 30
    endloop
  endfacet
  facet normal 0 0 1
    outer loop
      vertex 38.0423 -12.3607 30
      vertex 36.7108 -11.9281 30
      vertex 37.5877 -13.6808 30
    endloop
  endfacet
  facet normal -0 0 1
    outer loop
      vertex 36.2721 -13.202 30
      vertex 37.5877 -13.6808 30
      vertex 36.7108 -11.9281 30
    endloop
  endfacet
  facet normal 0 0 1
    outer loop
      vertex 37.5877 -13.6808 30
      vertex 36.2721 -13.202 30
      vertex 37.0874 -14.9843 30
    endloop
  endfacet
  facet normal -0 0 1
    outer loop
      vertex 35.7893 -14.4598 30
      vertex 37.0874 -14.9843 30
      vertex 36.2721 -13.202 30
    endloop
  endfacet
  facet normal 0 0 1
    outer loop
      vertex 37.0874 -14.9843 30
      vertex 35.7893 -14.4598 30
      vertex 36.5418 -16.2695 30
    endloop
  endfacet
  facet normal -0 0 1
    outer loop
      vertex 35.2629 -15.7 30
      vertex 36.5418 -16.2695 30
      vertex 35.7893 -14.4598 30
    endloop
  endfacet
  facet normal 0 0 1
    outer loop
      vertex 36.5418 -16.2695 30
      vertex 35.2629 -15.7 30
      vertex 35.9518 -17.5348 30
    endloop
  endfacet
  facet normal -0 0 1
    outer loop
      vertex 34.6935 -16.9211 30
      vertex 35.9518 -17.5348 30
      vertex 35.2629 -15.7 30
    endloop
  endfacet
  facet normal 0 0 1
    outer loop
      vertex 35.9518 -17.5348 30
      vertex 34.6935 -16.9211 30
      vertex 35.3179 -18.7789 30
    endloop
  endfacet
  facet normal -0 0 1
    outer loop
      vertex 34.0818 -18.1216 30
      vertex 35.3179 -18.7789 30
      vertex 34.6935 -16.9211 30
    endloop
  endfacet
  facet normal 0 0 1
    outer loop
      vertex 35.3179 -18.7789 30
      vertex 34.0818 -18.1216 30
      vertex 34.641 -20 30
    endloop
  endfacet
  facet normal -0 0 1
    outer loop
      vertex 33.4286 -19.3 30
      vertex 34.641 -20 30
      vertex 34.0818 -18.1216 30
    endloop
  endfacet
  facet normal 0 0 1
    outer loop
      vertex 34.641 -20 30
      vertex 33.4286 -19.3 30
      vertex 33.9219 -21.1968 30
    endloop
  endfacet
  facet normal -0 0 1
    outer loop
      vertex 32.7347 -20.4549 30
      vertex 33.9219 -21.1968 30
      vertex 33.4286 -19.3 30
    endloop
  endfacet
  facet normal 0 0 1
    outer loop
      vertex 33.9219 -21.1968 30
      vertex 32.7347 -20.4549 30
      vertex 33.1615 -22.3677 30
    endloop
  endfacet
  facet normal -0 0 1
    outer loop
      vertex 32.0009 -21.5848 30
      vertex 33.1615 -22.3677 30
      vertex 32.7347 -20.4549 30
    endloop
  endfacet
  facet normal 0 0 1
    outer loop
      vertex 33.1615 -22.3677 30
      vertex 32.0009 -21.5848 30
      vertex 32.3607 -23.5114 30
    endloop
  endfacet
  facet normal -0 0 1
    outer loop
      vertex 31.2281 -22.6885 30
      vertex 32.3607 -23.5114 30
      vertex 32.0009 -21.5848 30
    endloop
  endfacet
  facet normal 0 0 1
    outer loop
      vertex 32.3607 -23.5114 30
      vertex 31.2281 -22.6885 30
      vertex 31.5204 -24.6265 30
    endloop
  endfacet
  facet normal -0 0 1
    outer loop
      vertex 30.4172 -23.7645 30
      vertex 31.5204 -24.6265 30
      vertex 31.2281 -22.6885 30
    endloop
  endfacet
  facet normal 0 0 1
    outer loop
      vertex 31.5204 -24.6265 30
      vertex 30.4172 -23.7645 30
      vertex 30.6418 -25.7115 30
    endloop
  endfacet
  facet normal -0 0 1
    outer loop
      vertex 29.5693 -24.8116 30
      vertex 30.6418 -25.7115 30
      vertex 30.4172 -23.7645 30
    endloop
  endfacet
  facet normal 0 0 1
    outer loop
      vertex 30.6418 -25.7115 30
      vertex 29.5693 -24.8116 30
      vertex 29.7258 -26.7652 30
    endloop
  endfacet
  facet normal -0 0 1
    outer loop
      vertex 28.6854 -25.8284 30
      vertex 29.7258 -26.7652 30
      vertex 29.5693 -24.8116 30
    endloop
  endfacet
  facet normal 0 0 1
    outer loop
      vertex 29.7258 -26.7652 30
      vertex 28.6854 -25.8284 30
      vertex 28.7736 -27.7863 30
    endloop
  endfacet
  facet normal -0 0 1
    outer loop
      vertex 27.7665 -26.8138 30
      vertex 28.7736 -27.7863 30
      vertex 28.6854 -25.8284 30
    endloop
  endfacet
  facet normal 0 0 1
    outer loop
      vertex 28.7736 -27.7863 30
      vertex 27.7665 -26.8138 30
      vertex 27.7863 -28.7736 30
    endloop
  endfacet
  facet normal -0 0 1
    outer loop
      vertex 26.8138 -27.7665 30
      vertex 27.7863 -28.7736 30
      vertex 27.7665 -26.8138 30
    endloop
  endfacet
  facet normal 0 0 1
    outer loop
      vertex 26.8138 -27.7665 30
      vertex 26.7652 -29.7258 30
      vertex 27.7863 -28.7736 30
    endloop
  endfacet
  facet normal -0 0 1
    outer loop
      vertex 25.8284 -28.6854 30
      vertex 26.7652 -29.7258 30
      vertex 26.8138 -27.7665 30
    endloop
  endfacet
  facet normal 0 0 1
    outer loop
      vertex 25.8284 -28.6854 30
      vertex 25.7115 -30.6418 30
      vertex 26.7652 -29.7258 30
    endloop
  endfacet
  facet normal -0 0 1
    outer loop
      vertex 24.8116 -29.5693 30
      vertex 25.7115 -30.6418 30
      vertex 25.8284 -28.6854 30
    endloop
  endfacet
  facet normal 0 0 1
    outer loop
      vertex 24.8116 -29.5693 30
      vertex 24.6265 -31.5204 30
      vertex 25.7115 -30.6418 30
    endloop
  endfacet
  facet normal -0 0 1
    outer loop
      vertex 23.7645 -30.4172 30
      vertex 24.6265 -31.5204 30
      vertex 24.8116 -29.5693 30
    endloop
  endfacet
  facet normal 0 0 1
    outer loop
      vertex 23.7645 -30.4172 30
      vertex 23.5114 -32.3607 30
      vertex 24.6265 -31.5204 30
    endloop
  endfacet
  facet normal -0 0 1
    outer loop
      vertex 22.6885 -31.2281 30
      vertex 23.5114 -32.3607 30
      vertex 23.7645 -30.4172 30
    endloop
  endfacet
  facet normal 0 0 1
    outer loop
      vertex 22.6885 -31.2281 30
      vertex 22.3677 -33.1615 30
      vertex 23.5114 -32.3607 30
    endloop
  endfacet
  facet normal -0 0 1
    outer loop
      vertex 21.5848 -32.0009 30
      vertex 22.3677 -33.1615 30
      vertex 22.6885 -31.2281 30
    endloop
  endfacet
  facet normal 0 0 1
    outer loop
      vertex 21.5848 -32.0009 30
      vertex 21.1968 -33.9219 30
      vertex 22.3677 -33.1615 30
    endloop
  endfacet
  facet normal -0 0 1
    outer loop
      vertex 20.4549 -32.7347 30
      vertex 21.1968 -33.9219 30
      vertex 21.5848 -32.0009 30
    endloop
  endfacet
  facet normal 0 0 1
    outer loop
      vertex 20.4549 -32.7347 30
      vertex 20 -34.641 30
      vertex 21.1968 -33.9219 30
    endloop
  endfacet
  facet normal -0 0 1
    outer loop
      vertex 19.3 -33.4286 30
      vertex 20 -34.641 30
      vertex 20.4549 -32.7347 30
    endloop
  endfacet
  facet normal 0 0 1
    outer loop
      vertex 19.3 -33.4286 30
      vertex 18.7789 -35.3179 30
      vertex 20 -34.641 30
    endloop
  endfacet
  facet normal -0 0 1
    outer loop
      vertex 18.1216 -34.0818 30
      vertex 18.7789 -35.3179 30
      vertex 19.3 -33.4286 30
    endloop
  endfacet
  facet normal 0 0 1
    outer loop
      vertex 18.1216 -34.0818 30
      vertex 17.5348 -35.9518 30
      vertex 18.7789 -35.3179 30
    endloop
  endfacet
  facet normal -0 0 1
    outer loop
      vertex 16.9211 -34.6935 30
      vertex 17.5348 -35.9518 30
      vertex 18.1216 -34.0818 30
    endloop
  endfacet
  facet normal 0 0 1
    outer loop
      vertex 16.9211 -34.6935 30
      vertex 16.2695 -36.5418 30
      vertex 17.5348 -35.9518 30
    endloop
  endfacet
  facet normal -0 0 1
    outer loop
      vertex 15.7 -35.2629 30
      vertex 16.2695 -36.5418 30
      vertex 16.9211 -34.6935 30
    endloop
  endfacet
  facet normal 0 0 1
    outer loop
      vertex 15.7 -35.2629 30
      vertex 14.9843 -37.0874 30
      vertex 16.2695 -36.5418 30
    endloop
  endfacet
  facet normal -0 0 1
    outer loop
      vertex 14.4598 -35.7893 30
      vertex 14.9843 -37.0874 30
      vertex 15.7 -35.2629 30
    endloop
  endfacet
  facet normal 0 0 1
    outer loop
      vertex 14.4598 -35.7893 30
      vertex 13.6808 -37.5877 30
      vertex 14.9843 -37.0874 30
    endloop
  endfacet
  facet normal -0 0 1
    outer loop
      vertex 13.202 -36.2721 30
      vertex 13.6808 -37.5877 30
      vertex 14.4598 -35.7893 30
    endloop
  endfacet
  facet normal 0 0 1
    outer loop
      vertex 13.202 -36.2721 30
      vertex 12.3607 -38.0423 30
      vertex 13.6808 -37.5877 30
    endloop
  endfacet
  facet normal -0 0 1
    outer loop
      vertex 11.9281 -36.7108 30
      vertex 12.3607 -38.0423 30
      vertex 13.202 -36.2721 30
    endloop
  endfacet
  facet normal 0 0 1
    outer loop
      vertex 11.9281 -36.7108 30
      vertex 11.0255 -38.4505 30
      vertex 12.3607 -38.0423 30
    endloop
  endfacet
  facet normal -0 0 1
    outer loop
      vertex 10.6396 -37.1047 30
      vertex 11.0255 -38.4505 30
      vertex 11.9281 -36.7108 30
    endloop
  endfacet
  facet normal 0 0 1
    outer loop
      vertex 10.6396 -37.1047 30
      vertex 9.67688 -38.8118 30
      vertex 11.0255 -38.4505 30
    endloop
  endfacet
  facet normal -0 0 1
    outer loop
      vertex 9.33818 -37.4534 30
      vertex 9.67688 -38.8118 30
      vertex 10.6396 -37.1047 30
    endloop
  endfacet
  facet normal 0 0 1
    outer loop
      vertex 9.33818 -37.4534 30
      vertex 8.31647 -39.1259 30
      vertex 9.67688 -38.8118 30
    endloop
  endfacet
  facet normal -0 0 1
    outer loop
      vertex 8.02539 -37.7565 30
      vertex 8.31647 -39.1259 30
      vertex 9.33818 -37.4534 30
    endloop
  endfacet
  facet normal 0 0 1
    outer loop
      vertex 8.02539 -37.7565 30
      vertex 6.94593 -39.3923 30
      vertex 8.31647 -39.1259 30
    endloop
  endfacet
  facet normal -0 0 1
    outer loop
      vertex 6.70282 -38.0136 30
      vertex 6.94593 -39.3923 30
      vertex 8.02539 -37.7565 30
    endloop
  endfacet
  facet normal 0 0 1
    outer loop
      vertex 6.70282 -38.0136 30
      vertex 5.56692 -39.6107 30
      vertex 6.94593 -39.3923 30
    endloop
  endfacet
  facet normal -0 0 1
    outer loop
      vertex 5.37208 -38.2243 30
      vertex 5.56692 -39.6107 30
      vertex 6.70282 -38.0136 30
    endloop
  endfacet
  facet normal 0 0 1
    outer loop
      vertex 5.37208 -38.2243 30
      vertex 4.18114 -39.7809 30
      vertex 5.56692 -39.6107 30
    endloop
  endfacet
  facet normal -0 0 1
    outer loop
      vertex 4.0348 -38.3885 30
      vertex 4.18114 -39.7809 30
      vertex 5.37208 -38.2243 30
    endloop
  endfacet
  facet normal 0 0 1
    outer loop
      vertex 4.0348 -38.3885 30
      vertex 2.79026 -39.9026 30
      vertex 4.18114 -39.7809 30
    endloop
  endfacet
  facet normal -0 0 1
    outer loop
      vertex 2.6926 -38.506 30
      vertex 2.79026 -39.9026 30
      vertex 4.0348 -38.3885 30
    endloop
  endfacet
  facet normal 0 0 1
    outer loop
      vertex 2.6926 -38.506 30
      vertex 1.39598 -39.9756 30
      vertex 2.79026 -39.9026 30
    endloop
  endfacet
  facet normal -0 0 1
    outer loop
      vertex 1.34712 -38.5765 30
      vertex 1.39598 -39.9756 30
      vertex 2.6926 -38.506 30
    endloop
  endfacet
  facet normal -0 0 1
    outer loop
      vertex 0 -38.6 30
      vertex 1.39598 -39.9756 30
      vertex 1.34712 -38.5765 30
    endloop
  endfacet
  facet normal 0 0 1
    outer loop
      vertex 0 -38.6 30
      vertex 0 -40 30
      vertex 1.39598 -39.9756 30
    endloop
  endfacet
  facet normal 0 0 1
    outer loop
      vertex -1.34712 -38.5765 30
      vertex 0 -40 30
      vertex 0 -38.6 30
    endloop
  endfacet
  facet normal 0 0 1
    outer loop
      vertex -1.34712 -38.5765 30
      vertex -1.39598 -39.9756 30
      vertex 0 -40 30
    endloop
  endfacet
  facet normal 0 0 1
    outer loop
      vertex -2.6926 -38.506 30
      vertex -1.39598 -39.9756 30
      vertex -1.34712 -38.5765 30
    endloop
  endfacet
  facet normal 0 0 1
    outer loop
      vertex -2.6926 -38.506 30
      vertex -2.79026 -39.9026 30
      vertex -1.39598 -39.9756 30
    endloop
  endfacet
  facet normal 0 0 1
    outer loop
      vertex -4.0348 -38.3885 30
      vertex -2.79026 -39.9026 30
      vertex -2.6926 -38.506 30
    endloop
  endfacet
  facet normal 0 0 1
    outer loop
      vertex -4.0348 -38.3885 30
      vertex -4.18114 -39.7809 30
      vertex -2.79026 -39.9026 30
    endloop
  endfacet
  facet normal 0 0 1
    outer loop
      vertex -5.37208 -38.2243 30
      vertex -4.18114 -39.7809 30
      vertex -4.0348 -38.3885 30
    endloop
  endfacet
  facet normal 0 0 1
    outer loop
      vertex -5.37208 -38.2243 30
      vertex -5.56692 -39.6107 30
      vertex -4.18114 -39.7809 30
    endloop
  endfacet
  facet normal 0 0 1
    outer loop
      vertex -6.70282 -38.0136 30
      vertex -5.56692 -39.6107 30
      vertex -5.37208 -38.2243 30
    endloop
  endfacet
  facet normal 0 0 1
    outer loop
      vertex -6.70282 -38.0136 30
      vertex -6.94593 -39.3923 30
      vertex -5.56692 -39.6107 30
    endloop
  endfacet
  facet normal 0 0 1
    outer loop
      vertex -8.02539 -37.7565 30
      vertex -6.94593 -39.3923 30
      vertex -6.70282 -38.0136 30
    endloop
  endfacet
  facet normal 0 0 1
    outer loop
      vertex -8.02539 -37.7565 30
      vertex -8.31647 -39.1259 30
      vertex -6.94593 -39.3923 30
    endloop
  endfacet
  facet normal 0 0 1
    outer loop
      vertex -9.33818 -37.4534 30
      vertex -8.31647 -39.1259 30
      vertex -8.02539 -37.7565 30
    endloop
  endfacet
  facet normal 0 0 1
    outer loop
      vertex -9.33818 -37.4534 30
      vertex -9.67688 -38.8118 30
      vertex -8.31647 -39.1259 30
    endloop
  endfacet
  facet normal 0 0 1
    outer loop
      vertex -10.6396 -37.1047 30
      vertex -9.67688 -38.8118 30
      vertex -9.33818 -37.4534 30
    endloop
  endfacet
  facet normal 0 0 1
    outer loop
      vertex -10.6396 -37.1047 30
      vertex -11.0255 -38.4505 30
      vertex -9.67688 -38.8118 30
    endloop
  endfacet
  facet normal 0 0 1
    outer loop
      vertex -11.9281 -36.7108 30
      vertex -11.0255 -38.4505 30
      vertex -10.6396 -37.1047 30
    endloop
  endfacet
  facet normal 0 0 1
    outer loop
      vertex -11.9281 -36.7108 30
      vertex -12.3607 -38.0423 30
      vertex -11.0255 -38.4505 30
    endloop
  endfacet
  facet normal 0 0 1
    outer loop
      vertex -13.202 -36.2721 30
      vertex -12.3607 -38.0423 30
      vertex -11.9281 -36.7108 30
    endloop
  endfacet
  facet normal 0 0 1
    outer loop
      vertex -13.202 -36.2721 30
      vertex -13.6808 -37.5877 30
      vertex -12.3607 -38.0423 30
    endloop
  endfacet
  facet normal 0 0 1
    outer loop
      vertex -14.4598 -35.7893 30
      vertex -13.6808 -37.5877 30
      vertex -13.202 -36.2721 30
    endloop
  endfacet
  facet normal 0 0 1
    outer loop
      vertex -14.4598 -35.7893 30
      vertex -14.9843 -37.0874 30
      vertex -13.6808 -37.5877 30
    endloop
  endfacet
  facet normal 0 0 1
    outer loop
      vertex -15.7 -35.2629 30
      vertex -14.9843 -37.0874 30
      vertex -14.4598 -35.7893 30
    endloop
  endfacet
  facet normal 0 0 1
    outer loop
      vertex -15.7 -35.2629 30
      vertex -16.2695 -36.5418 30
      vertex -14.9843 -37.0874 30
    endloop
  endfacet
  facet normal 0 0 1
    outer loop
      vertex -16.9211 -34.6935 30
      vertex -16.2695 -36.5418 30
      vertex -15.7 -35.2629 30
    endloop
  endfacet
  facet normal 0 0 1
    outer loop
      vertex -16.9211 -34.6935 30
      vertex -17.5348 -35.9518 30
      vertex -16.2695 -36.5418 30
    endloop
  endfacet
  facet normal 0 0 1
    outer loop
      vertex -18.1216 -34.0818 30
      vertex -17.5348 -35.9518 30
      vertex -16.9211 -34.6935 30
    endloop
  endfacet
  facet normal 0 0 1
    outer loop
      vertex -18.1216 -34.0818 30
      vertex -18.7789 -35.3179 30
      vertex -17.5348 -35.9518 30
    endloop
  endfacet
  facet normal 0 0 1
    outer loop
      vertex -19.3 -33.4286 30
      vertex -18.7789 -35.3179 30
      vertex -18.1216 -34.0818 30
    endloop
  endfacet
  facet normal 0 0 1
    outer loop
      vertex -19.3 -33.4286 30
      vertex -20 -34.641 30
      vertex -18.7789 -35.3179 30
    endloop
  endfacet
  facet normal 0 0 1
    outer loop
      vertex -20.4549 -32.7347 30
      vertex -20 -34.641 30
      vertex -19.3 -33.4286 30
    endloop
  endfacet
  facet normal 0 0 1
    outer loop
      vertex -20.4549 -32.7347 30
      vertex -21.1968 -33.9219 30
      vertex -20 -34.641 30
    endloop
  endfacet
  facet normal 0 0 1
    outer loop
      vertex -21.5848 -32.0009 30
      vertex -21.1968 -33.9219 30
      vertex -20.4549 -32.7347 30
    endloop
  endfacet
  facet normal 0 0 1
    outer loop
      vertex -21.5848 -32.0009 30
      vertex -22.3677 -33.1615 30
      vertex -21.1968 -33.9219 30
    endloop
  endfacet
  facet normal 0 0 1
    outer loop
      vertex -22.6885 -31.2281 30
      vertex -22.3677 -33.1615 30
      vertex -21.5848 -32.0009 30
    endloop
  endfacet
  facet normal 0 0 1
    outer loop
      vertex -22.6885 -31.2281 30
      vertex -23.5114 -32.3607 30
      vertex -22.3677 -33.1615 30
    endloop
  endfacet
  facet normal 0 0 1
    outer loop
      vertex -23.7645 -30.4172 30
      vertex -23.5114 -32.3607 30
      vertex -22.6885 -31.2281 30
    endloop
  endfacet
  facet normal 0 0 1
    outer loop
      vertex -23.7645 -30.4172 30
      vertex -24.6265 -31.5204 30
      vertex -23.5114 -32.3607 30
    endloop
  endfacet
  facet normal 0 0 1
    outer loop
      vertex -24.8116 -29.5693 30
      vertex -24.6265 -31.5204 30
      vertex -23.7645 -30.4172 30
    endloop
  endfacet
  facet normal 0 0 1
    outer loop
      vertex -24.8116 -29.5693 30
      vertex -25.7115 -30.6418 30
      vertex -24.6265 -31.5204 30
    endloop
  endfacet
  facet normal 0 0 1
    outer loop
      vertex -25.8284 -28.6854 30
      vertex -25.7115 -30.6418 30
      vertex -24.8116 -29.5693 30
    endloop
  endfacet
  facet normal 0 0 1
    outer loop
      vertex -25.8284 -28.6854 30
      vertex -26.7652 -29.7258 30
      vertex -25.7115 -30.6418 30
    endloop
  endfacet
  facet normal 0 0 1
    outer loop
      vertex -26.8138 -27.7665 30
      vertex -26.7652 -29.7258 30
      vertex -25.8284 -28.6854 30
    endloop
  endfacet
  facet normal 0 0 1
    outer loop
      vertex -27.7863 -28.7736 30
      vertex -26.8138 -27.7665 30
      vertex -27.7665 -26.8138 30
    endloop
  endfacet
  facet normal 0 0 1
    outer loop
      vertex -26.8138 -27.7665 30
      vertex -27.7863 -28.7736 30
      vertex -26.7652 -29.7258 30
    endloop
  endfacet
  facet normal 0 0 1
    outer loop
      vertex -28.7736 -27.7863 30
      vertex -27.7665 -26.8138 30
      vertex -28.6854 -25.8284 30
    endloop
  endfacet
  facet normal 0 0 1
    outer loop
      vertex -27.7665 -26.8138 30
      vertex -28.7736 -27.7863 30
      vertex -27.7863 -28.7736 30
    endloop
  endfacet
  facet normal 0 0 1
    outer loop
      vertex -29.7258 -26.7652 30
      vertex -28.6854 -25.8284 30
      vertex -29.5693 -24.8116 30
    endloop
  endfacet
  facet normal 0 0 1
    outer loop
      vertex -28.6854 -25.8284 30
      vertex -29.7258 -26.7652 30
      vertex -28.7736 -27.7863 30
    endloop
  endfacet
  facet normal 0 0 1
    outer loop
      vertex -30.6418 -25.7115 30
      vertex -29.5693 -24.8116 30
      vertex -30.4172 -23.7645 30
    endloop
  endfacet
  facet normal 0 0 1
    outer loop
      vertex -29.5693 -24.8116 30
      vertex -30.6418 -25.7115 30
      vertex -29.7258 -26.7652 30
    endloop
  endfacet
  facet normal 0 0 1
    outer loop
      vertex -31.5204 -24.6265 30
      vertex -30.4172 -23.7645 30
      vertex -31.2281 -22.6885 30
    endloop
  endfacet
  facet normal 0 0 1
    outer loop
      vertex -30.4172 -23.7645 30
      vertex -31.5204 -24.6265 30
      vertex -30.6418 -25.7115 30
    endloop
  endfacet
  facet normal 0 0 1
    outer loop
      vertex -32.3607 -23.5114 30
      vertex -31.2281 -22.6885 30
      vertex -32.0009 -21.5848 30
    endloop
  endfacet
  facet normal 0 0 1
    outer loop
      vertex -31.2281 -22.6885 30
      vertex -32.3607 -23.5114 30
      vertex -31.5204 -24.6265 30
    endloop
  endfacet
  facet normal 0 0 1
    outer loop
      vertex -33.1615 -22.3677 30
      vertex -32.0009 -21.5848 30
      vertex -32.7347 -20.4549 30
    endloop
  endfacet
  facet normal 0 0 1
    outer loop
      vertex -32.0009 -21.5848 30
      vertex -33.1615 -22.3677 30
      vertex -32.3607 -23.5114 30
    endloop
  endfacet
  facet normal 0 0 1
    outer loop
      vertex -33.9219 -21.1968 30
      vertex -32.7347 -20.4549 30
      vertex -33.4286 -19.3 30
    endloop
  endfacet
  facet normal 0 0 1
    outer loop
      vertex -32.7347 -20.4549 30
      vertex -33.9219 -21.1968 30
      vertex -33.1615 -22.3677 30
    endloop
  endfacet
  facet normal 0 0 1
    outer loop
      vertex -34.641 -20 30
      vertex -33.4286 -19.3 30
      vertex -34.0818 -18.1216 30
    endloop
  endfacet
  facet normal 0 0 1
    outer loop
      vertex -33.4286 -19.3 30
      vertex -34.641 -20 30
      vertex -33.9219 -21.1968 30
    endloop
  endfacet
  facet normal 0 0 1
    outer loop
      vertex -35.3179 -18.7789 30
      vertex -34.0818 -18.1216 30
      vertex -34.6935 -16.9211 30
    endloop
  endfacet
  facet normal 0 0 1
    outer loop
      vertex -35.9518 -17.5348 30
      vertex -34.6935 -16.9211 30
      vertex -35.2629 -15.7 30
    endloop
  endfacet
  facet normal 0 0 1
    outer loop
      vertex -34.0818 -18.1216 30
      vertex -35.3179 -18.7789 30
      vertex -34.641 -20 30
    endloop
  endfacet
  facet normal 0 0 1
    outer loop
      vertex -36.5418 -16.2695 30
      vertex -35.2629 -15.7 30
      vertex -35.7893 -14.4598 30
    endloop
  endfacet
  facet normal 0 0 1
    outer loop
      vertex -34.6935 -16.9211 30
      vertex -35.9518 -17.5348 30
      vertex -35.3179 -18.7789 30
    endloop
  endfacet
  facet normal 0 0 1
    outer loop
      vertex -37.0874 -14.9843 30
      vertex -35.7893 -14.4598 30
      vertex -36.2721 -13.202 30
    endloop
  endfacet
  facet normal 0 0 1
    outer loop
      vertex -35.2629 -15.7 30
      vertex -36.5418 -16.2695 30
      vertex -35.9518 -17.5348 30
    endloop
  endfacet
  facet normal 0 0 1
    outer loop
      vertex -37.5877 -13.6808 30
      vertex -36.2721 -13.202 30
      vertex -36.7108 -11.9281 30
    endloop
  endfacet
  facet normal 0 0 1
    outer loop
      vertex -35.7893 -14.4598 30
      vertex -37.0874 -14.9843 30
      vertex -36.5418 -16.2695 30
    endloop
  endfacet
  facet normal 0 0 1
    outer loop
      vertex -38.0423 -12.3607 30
      vertex -36.7108 -11.9281 30
      vertex -37.1047 -10.6396 30
    endloop
  endfacet
  facet normal 0 0 1
    outer loop
      vertex -38.4505 -11.0255 30
      vertex -37.1047 -10.6396 30
      vertex -37.4534 -9.33818 30
    endloop
  endfacet
  facet normal 0 0 1
    outer loop
      vertex -36.2721 -13.202 30
      vertex -37.5877 -13.6808 30
      vertex -37.0874 -14.9843 30
    endloop
  endfacet
  facet normal 0 0 1
    outer loop
      vertex -38.8118 -9.67688 30
      vertex -37.4534 -9.33818 30
      vertex -37.7565 -8.02539 30
    endloop
  endfacet
  facet normal 0 0 1
    outer loop
      vertex -39.1259 -8.31647 30
      vertex -37.7565 -8.02539 30
      vertex -38.0136 -6.70282 30
    endloop
  endfacet
  facet normal 0 0 1
    outer loop
      vertex -36.7108 -11.9281 30
      vertex -38.0423 -12.3607 30
      vertex -37.5877 -13.6808 30
    endloop
  endfacet
  facet normal 0 0 1
    outer loop
      vertex -39.3923 -6.94593 30
      vertex -38.0136 -6.70282 30
      vertex -38.2243 -5.37208 30
    endloop
  endfacet
  facet normal 0 0 1
    outer loop
      vertex -39.6107 -5.56692 30
      vertex -38.2243 -5.37208 30
      vertex -38.3885 -4.0348 30
    endloop
  endfacet
  facet normal 0 0 1
    outer loop
      vertex -37.1047 -10.6396 30
      vertex -38.4505 -11.0255 30
      vertex -38.0423 -12.3607 30
    endloop
  endfacet
  facet normal 0 0 1
    outer loop
      vertex -39.7809 -4.18114 30
      vertex -38.3885 -4.0348 30
      vertex -38.506 -2.6926 30
    endloop
  endfacet
  facet normal 0 0 1
    outer loop
      vertex -39.9026 -2.79026 30
      vertex -38.506 -2.6926 30
      vertex -38.5765 -1.34712 30
    endloop
  endfacet
  facet normal 0 0 1
    outer loop
      vertex -39.9756 -1.39598 30
      vertex -38.5765 -1.34712 30
      vertex -38.6 0 30
    endloop
  endfacet
  facet normal -0 0 1
    outer loop
      vertex -39.7809 4.18114 30
      vertex -38.3885 4.0348 30
      vertex -39.6107 5.56692 30
    endloop
  endfacet
  facet normal 0 0 1
    outer loop
      vertex -37.4534 -9.33818 30
      vertex -38.8118 -9.67688 30
      vertex -38.4505 -11.0255 30
    endloop
  endfacet
  facet normal 0 0 1
    outer loop
      vertex -38.3885 4.0348 30
      vertex -39.7809 4.18114 30
      vertex -38.506 2.6926 30
    endloop
  endfacet
  facet normal 0 0 1
    outer loop
      vertex -37.7565 -8.02539 30
      vertex -39.1259 -8.31647 30
      vertex -38.8118 -9.67688 30
    endloop
  endfacet
  facet normal -0 0 1
    outer loop
      vertex -39.9026 2.79026 30
      vertex -38.506 2.6926 30
      vertex -39.7809 4.18114 30
    endloop
  endfacet
  facet normal 0 0 1
    outer loop
      vertex -38.0136 -6.70282 30
      vertex -39.3923 -6.94593 30
      vertex -39.1259 -8.31647 30
    endloop
  endfacet
  facet normal 0 0 1
    outer loop
      vertex -38.506 2.6926 30
      vertex -39.9026 2.79026 30
      vertex -38.5765 1.34712 30
    endloop
  endfacet
  facet normal 0 0 1
    outer loop
      vertex -38.2243 -5.37208 30
      vertex -39.6107 -5.56692 30
      vertex -39.3923 -6.94593 30
    endloop
  endfacet
  facet normal -0 0 1
    outer loop
      vertex -39.9756 1.39598 30
      vertex -38.5765 1.34712 30
      vertex -39.9026 2.79026 30
    endloop
  endfacet
  facet normal 0 0 1
    outer loop
      vertex -38.3885 -4.0348 30
      vertex -39.7809 -4.18114 30
      vertex -39.6107 -5.56692 30
    endloop
  endfacet
  facet normal 0 0 1
    outer loop
      vertex -38.5765 1.34712 30
      vertex -39.9756 1.39598 30
      vertex -38.6 0 30
    endloop
  endfacet
  facet normal 0 0 1
    outer loop
      vertex -38.506 -2.6926 30
      vertex -39.9026 -2.79026 30
      vertex -39.7809 -4.18114 30
    endloop
  endfacet
  facet normal 0 0 1
    outer loop
      vertex -40 0 30
      vertex -38.6 0 30
      vertex -39.9756 1.39598 30
    endloop
  endfacet
  facet normal 0 0 1
    outer loop
      vertex -38.5765 -1.34712 30
      vertex -39.9756 -1.39598 30
      vertex -39.9026 -2.79026 30
    endloop
  endfacet
  facet normal 0 0 1
    outer loop
      vertex -38.6 0 30
      vertex -40 0 30
      vertex -39.9756 -1.39598 30
    endloop
  endfacet
  facet normal 0 0 1
    outer loop
      vertex 36.2 0 30
      vertex 37 0 30
      vertex 36.9775 1.29128 30
    endloop
  endfacet
  facet normal 0 0 1
    outer loop
      vertex 36.1779 1.26336 30
      vertex 36.9775 1.29128 30
      vertex 36.9099 2.58099 30
    endloop
  endfacet
  facet normal 0 0 1
    outer loop
      vertex 37 0 30
      vertex 36.2 0 30
      vertex 36.9775 -1.29128 30
    endloop
  endfacet
  facet normal 0 0 1
    outer loop
      vertex 36.1118 2.52518 30
      vertex 36.9099 2.58099 30
      vertex 36.7973 3.86755 30
    endloop
  endfacet
  facet normal -0 0 1
    outer loop
      vertex 36.1779 -1.26336 30
      vertex 36.9775 -1.29128 30
      vertex 36.2 0 30
    endloop
  endfacet
  facet normal 0 0 1
    outer loop
      vertex 36.0017 3.78393 30
      vertex 36.7973 3.86755 30
      vertex 36.6399 5.1494 30
    endloop
  endfacet
  facet normal 0 0 1
    outer loop
      vertex 36.9775 -1.29128 30
      vertex 36.1779 -1.26336 30
      vertex 36.9099 -2.58099 30
    endloop
  endfacet
  facet normal 0 0 1
    outer loop
      vertex 35.8477 5.03807 30
      vertex 36.6399 5.1494 30
      vertex 36.4379 6.42498 30
    endloop
  endfacet
  facet normal -0 0 1
    outer loop
      vertex 36.1118 -2.52518 30
      vertex 36.9099 -2.58099 30
      vertex 36.1779 -1.26336 30
    endloop
  endfacet
  facet normal 0 0 1
    outer loop
      vertex 36.9099 -2.58099 30
      vertex 36.1118 -2.52518 30
      vertex 36.7973 -3.86755 30
    endloop
  endfacet
  facet normal 0 0 1
    outer loop
      vertex 35.65 6.28606 30
      vertex 36.4379 6.42498 30
      vertex 36.1915 7.69273 30
    endloop
  endfacet
  facet normal 0 0 1
    outer loop
      vertex 36.9775 1.29128 30
      vertex 36.1779 1.26336 30
      vertex 36.2 0 30
    endloop
  endfacet
  facet normal 0 0 1
    outer loop
      vertex 36.9099 2.58099 30
      vertex 36.1118 2.52518 30
      vertex 36.1779 1.26336 30
    endloop
  endfacet
  facet normal 0 0 1
    outer loop
      vertex 36.7973 3.86755 30
      vertex 36.0017 3.78393 30
      vertex 36.1118 2.52518 30
    endloop
  endfacet
  facet normal 0 0 1
    outer loop
      vertex 35.4089 7.5264 30
      vertex 36.1915 7.69273 30
      vertex 35.9009 8.95111 30
    endloop
  endfacet
  facet normal 0 0 1
    outer loop
      vertex 36.6399 5.1494 30
      vertex 35.8477 5.03807 30
      vertex 36.0017 3.78393 30
    endloop
  endfacet
  facet normal 0 0 1
    outer loop
      vertex 36.4379 6.42498 30
      vertex 35.65 6.28606 30
      vertex 35.8477 5.03807 30
    endloop
  endfacet
  facet normal 0 0 1
    outer loop
      vertex 35.1247 8.75757 30
      vertex 35.9009 8.95111 30
      vertex 35.5667 10.1986 30
    endloop
  endfacet
  facet normal 0 0 1
    outer loop
      vertex 36.1915 7.69273 30
      vertex 35.4089 7.5264 30
      vertex 35.65 6.28606 30
    endloop
  endfacet
  facet normal 0 0 1
    outer loop
      vertex 34.7977 9.97807 30
      vertex 35.5667 10.1986 30
      vertex 35.1891 11.4336 30
    endloop
  endfacet
  facet normal 0 0 1
    outer loop
      vertex 35.9009 8.95111 30
      vertex 35.1247 8.75757 30
      vertex 35.4089 7.5264 30
    endloop
  endfacet
  facet normal 0 0 1
    outer loop
      vertex 35.5667 10.1986 30
      vertex 34.7977 9.97807 30
      vertex 35.1247 8.75757 30
    endloop
  endfacet
  facet normal 0 0 1
    outer loop
      vertex 34.4282 11.1864 30
      vertex 35.1891 11.4336 30
      vertex 34.7686 12.6547 30
    endloop
  endfacet
  facet normal 0 0 1
    outer loop
      vertex 35.1891 11.4336 30
      vertex 34.4282 11.1864 30
      vertex 34.7977 9.97807 30
    endloop
  endfacet
  facet normal 0 0 1
    outer loop
      vertex 34.0169 12.3811 30
      vertex 34.7686 12.6547 30
      vertex 34.3058 13.8604 30
    endloop
  endfacet
  facet normal 0 0 1
    outer loop
      vertex 34.7686 12.6547 30
      vertex 34.0169 12.3811 30
      vertex 34.4282 11.1864 30
    endloop
  endfacet
  facet normal 0 0 1
    outer loop
      vertex 33.5641 13.5608 30
      vertex 34.3058 13.8604 30
      vertex 33.8012 15.0493 30
    endloop
  endfacet
  facet normal 0 0 1
    outer loop
      vertex 34.3058 13.8604 30
      vertex 33.5641 13.5608 30
      vertex 34.0169 12.3811 30
    endloop
  endfacet
  facet normal 0 0 1
    outer loop
      vertex 33.0703 14.7239 30
      vertex 33.8012 15.0493 30
      vertex 33.2554 16.2197 30
    endloop
  endfacet
  facet normal 0 0 1
    outer loop
      vertex 33.8012 15.0493 30
      vertex 33.0703 14.7239 30
      vertex 33.5641 13.5608 30
    endloop
  endfacet
  facet normal 0 0 1
    outer loop
      vertex 32.5363 15.869 30
      vertex 33.2554 16.2197 30
      vertex 32.6691 17.3704 30
    endloop
  endfacet
  facet normal 0 0 1
    outer loop
      vertex 33.2554 16.2197 30
      vertex 32.5363 15.869 30
      vertex 33.0703 14.7239 30
    endloop
  endfacet
  facet normal 0 0 1
    outer loop
      vertex 31.9627 16.9949 30
      vertex 32.6691 17.3704 30
      vertex 32.0429 18.5 30
    endloop
  endfacet
  facet normal 0 0 1
    outer loop
      vertex 32.6691 17.3704 30
      vertex 31.9627 16.9949 30
      vertex 32.5363 15.869 30
    endloop
  endfacet
  facet normal 0 0 1
    outer loop
      vertex 31.3501 18.1 30
      vertex 32.0429 18.5 30
      vertex 31.3778 19.607 30
    endloop
  endfacet
  facet normal 0 0 1
    outer loop
      vertex 32.0429 18.5 30
      vertex 31.3501 18.1 30
      vertex 31.9627 16.9949 30
    endloop
  endfacet
  facet normal 0 0 1
    outer loop
      vertex 31.3778 19.607 30
      vertex 30.6993 19.1831 30
      vertex 31.3501 18.1 30
    endloop
  endfacet
  facet normal 0 0 1
    outer loop
      vertex 30.6744 20.6901 30
      vertex 30.6993 19.1831 30
      vertex 31.3778 19.607 30
    endloop
  endfacet
  facet normal 0 0 1
    outer loop
      vertex 30.6744 20.6901 30
      vertex 30.0112 20.2428 30
      vertex 30.6993 19.1831 30
    endloop
  endfacet
  facet normal 0 0 1
    outer loop
      vertex 29.9336 21.7481 30
      vertex 30.0112 20.2428 30
      vertex 30.6744 20.6901 30
    endloop
  endfacet
  facet normal 0 0 1
    outer loop
      vertex 29.9336 21.7481 30
      vertex 29.2864 21.2778 30
      vertex 30.0112 20.2428 30
    endloop
  endfacet
  facet normal 0 0 1
    outer loop
      vertex 29.1564 22.7795 30
      vertex 29.2864 21.2778 30
      vertex 29.9336 21.7481 30
    endloop
  endfacet
  facet normal 0 0 1
    outer loop
      vertex 29.1564 22.7795 30
      vertex 28.526 22.2869 30
      vertex 29.2864 21.2778 30
    endloop
  endfacet
  facet normal 0 0 1
    outer loop
      vertex 28.3436 23.7831 30
      vertex 28.526 22.2869 30
      vertex 29.1564 22.7795 30
    endloop
  endfacet
  facet normal 0 0 1
    outer loop
      vertex 28.3436 23.7831 30
      vertex 27.7308 23.2689 30
      vertex 28.526 22.2869 30
    endloop
  endfacet
  facet normal 0 0 1
    outer loop
      vertex 27.4964 24.7578 30
      vertex 27.7308 23.2689 30
      vertex 28.3436 23.7831 30
    endloop
  endfacet
  facet normal 0 0 1
    outer loop
      vertex 27.4964 24.7578 30
      vertex 26.9018 24.2225 30
      vertex 27.7308 23.2689 30
    endloop
  endfacet
  facet normal 0 0 1
    outer loop
      vertex 26.6156 25.7024 30
      vertex 26.9018 24.2225 30
      vertex 27.4964 24.7578 30
    endloop
  endfacet
  facet normal 0 0 1
    outer loop
      vertex 26.6156 25.7024 30
      vertex 26.0401 25.1466 30
      vertex 26.9018 24.2225 30
    endloop
  endfacet
  facet normal 0 0 1
    outer loop
      vertex 25.7024 26.6156 30
      vertex 26.0401 25.1466 30
      vertex 26.6156 25.7024 30
    endloop
  endfacet
  facet normal 0 0 1
    outer loop
      vertex 25.7024 26.6156 30
      vertex 25.1466 26.0401 30
      vertex 26.0401 25.1466 30
    endloop
  endfacet
  facet normal 0 0 1
    outer loop
      vertex 24.7578 27.4964 30
      vertex 25.1466 26.0401 30
      vertex 25.7024 26.6156 30
    endloop
  endfacet
  facet normal 0 0 1
    outer loop
      vertex 24.7578 27.4964 30
      vertex 24.2225 26.9018 30
      vertex 25.1466 26.0401 30
    endloop
  endfacet
  facet normal 0 0 1
    outer loop
      vertex 23.7831 28.3436 30
      vertex 24.2225 26.9018 30
      vertex 24.7578 27.4964 30
    endloop
  endfacet
  facet normal 0 0 1
    outer loop
      vertex 23.7831 28.3436 30
      vertex 23.2689 27.7308 30
      vertex 24.2225 26.9018 30
    endloop
  endfacet
  facet normal 0 0 1
    outer loop
      vertex 22.7795 29.1564 30
      vertex 23.2689 27.7308 30
      vertex 23.7831 28.3436 30
    endloop
  endfacet
  facet normal 0 0 1
    outer loop
      vertex 22.7795 29.1564 30
      vertex 22.2869 28.526 30
      vertex 23.2689 27.7308 30
    endloop
  endfacet
  facet normal 0 0 1
    outer loop
      vertex 21.7481 29.9336 30
      vertex 22.2869 28.526 30
      vertex 22.7795 29.1564 30
    endloop
  endfacet
  facet normal 0 0 1
    outer loop
      vertex 21.7481 29.9336 30
      vertex 21.2778 29.2864 30
      vertex 22.2869 28.526 30
    endloop
  endfacet
  facet normal 0 0 1
    outer loop
      vertex 20.6901 30.6744 30
      vertex 21.2778 29.2864 30
      vertex 21.7481 29.9336 30
    endloop
  endfacet
  facet normal 0 0 1
    outer loop
      vertex 20.6901 30.6744 30
      vertex 20.2428 30.0112 30
      vertex 21.2778 29.2864 30
    endloop
  endfacet
  facet normal 0 0 1
    outer loop
      vertex 19.607 31.3778 30
      vertex 20.2428 30.0112 30
      vertex 20.6901 30.6744 30
    endloop
  endfacet
  facet normal 0 0 1
    outer loop
      vertex 19.607 31.3778 30
      vertex 19.1831 30.6993 30
      vertex 20.2428 30.0112 30
    endloop
  endfacet
  facet normal 0 0 1
    outer loop
      vertex 18.5 32.0429 30
      vertex 19.1831 30.6993 30
      vertex 19.607 31.3778 30
    endloop
  endfacet
  facet normal 0 0 1
    outer loop
      vertex 18.5 32.0429 30
      vertex 18.1 31.3501 30
      vertex 19.1831 30.6993 30
    endloop
  endfacet
  facet normal 0 0 1
    outer loop
      vertex 17.3704 32.6691 30
      vertex 18.1 31.3501 30
      vertex 18.5 32.0429 30
    endloop
  endfacet
  facet normal 0 0 1
    outer loop
      vertex 17.3704 32.6691 30
      vertex 16.9949 31.9627 30
      vertex 18.1 31.3501 30
    endloop
  endfacet
  facet normal 0 0 1
    outer loop
      vertex 16.2197 33.2554 30
      vertex 16.9949 31.9627 30
      vertex 17.3704 32.6691 30
    endloop
  endfacet
  facet normal 0 0 1
    outer loop
      vertex 16.2197 33.2554 30
      vertex 15.869 32.5363 30
      vertex 16.9949 31.9627 30
    endloop
  endfacet
  facet normal 0 0 1
    outer loop
      vertex 15.0493 33.8012 30
      vertex 15.869 32.5363 30
      vertex 16.2197 33.2554 30
    endloop
  endfacet
  facet normal 0 0 1
    outer loop
      vertex 15.0493 33.8012 30
      vertex 14.7239 33.0703 30
      vertex 15.869 32.5363 30
    endloop
  endfacet
  facet normal 0 0 1
    outer loop
      vertex 13.8604 34.3058 30
      vertex 14.7239 33.0703 30
      vertex 15.0493 33.8012 30
    endloop
  endfacet
  facet normal 0 0 1
    outer loop
      vertex 13.8604 34.3058 30
      vertex 13.5608 33.5641 30
      vertex 14.7239 33.0703 30
    endloop
  endfacet
  facet normal 0 0 1
    outer loop
      vertex 12.6547 34.7686 30
      vertex 13.5608 33.5641 30
      vertex 13.8604 34.3058 30
    endloop
  endfacet
  facet normal 0 0 1
    outer loop
      vertex 12.6547 34.7686 30
      vertex 12.3811 34.0169 30
      vertex 13.5608 33.5641 30
    endloop
  endfacet
  facet normal 0 0 1
    outer loop
      vertex 11.4336 35.1891 30
      vertex 12.3811 34.0169 30
      vertex 12.6547 34.7686 30
    endloop
  endfacet
  facet normal 0 0 1
    outer loop
      vertex 11.4336 35.1891 30
      vertex 11.1864 34.4282 30
      vertex 12.3811 34.0169 30
    endloop
  endfacet
  facet normal 0 0 1
    outer loop
      vertex 10.1986 35.5667 30
      vertex 11.1864 34.4282 30
      vertex 11.4336 35.1891 30
    endloop
  endfacet
  facet normal 0 0 1
    outer loop
      vertex 10.1986 35.5667 30
      vertex 9.97807 34.7977 30
      vertex 11.1864 34.4282 30
    endloop
  endfacet
  facet normal 0 0 1
    outer loop
      vertex 8.95111 35.9009 30
      vertex 9.97807 34.7977 30
      vertex 10.1986 35.5667 30
    endloop
  endfacet
  facet normal 0 0 1
    outer loop
      vertex 8.95111 35.9009 30
      vertex 8.75757 35.1247 30
      vertex 9.97807 34.7977 30
    endloop
  endfacet
  facet normal 0 0 1
    outer loop
      vertex 7.69273 36.1915 30
      vertex 8.75757 35.1247 30
      vertex 8.95111 35.9009 30
    endloop
  endfacet
  facet normal 0 0 1
    outer loop
      vertex 7.69273 36.1915 30
      vertex 7.5264 35.4089 30
      vertex 8.75757 35.1247 30
    endloop
  endfacet
  facet normal 0 0 1
    outer loop
      vertex 6.42498 36.4379 30
      vertex 7.5264 35.4089 30
      vertex 7.69273 36.1915 30
    endloop
  endfacet
  facet normal 0 0 1
    outer loop
      vertex 6.42498 36.4379 30
      vertex 6.28606 35.65 30
      vertex 7.5264 35.4089 30
    endloop
  endfacet
  facet normal 0 0 1
    outer loop
      vertex 5.1494 36.6399 30
      vertex 6.28606 35.65 30
      vertex 6.42498 36.4379 30
    endloop
  endfacet
  facet normal 0 0 1
    outer loop
      vertex 5.1494 36.6399 30
      vertex 5.03807 35.8477 30
      vertex 6.28606 35.65 30
    endloop
  endfacet
  facet normal 0 0 1
    outer loop
      vertex 3.86755 36.7973 30
      vertex 5.03807 35.8477 30
      vertex 5.1494 36.6399 30
    endloop
  endfacet
  facet normal 0 0 1
    outer loop
      vertex 3.86755 36.7973 30
      vertex 3.78393 36.0017 30
      vertex 5.03807 35.8477 30
    endloop
  endfacet
  facet normal 0 0 1
    outer loop
      vertex 2.58099 36.9099 30
      vertex 3.78393 36.0017 30
      vertex 3.86755 36.7973 30
    endloop
  endfacet
  facet normal 0 0 1
    outer loop
      vertex 2.58099 36.9099 30
      vertex 2.52518 36.1118 30
      vertex 3.78393 36.0017 30
    endloop
  endfacet
  facet normal 0 0 1
    outer loop
      vertex 1.29128 36.9775 30
      vertex 2.52518 36.1118 30
      vertex 2.58099 36.9099 30
    endloop
  endfacet
  facet normal 0 0 1
    outer loop
      vertex 1.29128 36.9775 30
      vertex 1.26336 36.1779 30
      vertex 2.52518 36.1118 30
    endloop
  endfacet
  facet normal 0 0 1
    outer loop
      vertex 0 37 30
      vertex 1.26336 36.1779 30
      vertex 1.29128 36.9775 30
    endloop
  endfacet
  facet normal 0 0 1
    outer loop
      vertex 0 37 30
      vertex 0 36.2 30
      vertex 1.26336 36.1779 30
    endloop
  endfacet
  facet normal 0 0 1
    outer loop
      vertex 0 37 30
      vertex -1.26336 36.1779 30
      vertex 0 36.2 30
    endloop
  endfacet
  facet normal -0 0 1
    outer loop
      vertex -1.29128 36.9775 30
      vertex -1.26336 36.1779 30
      vertex 0 37 30
    endloop
  endfacet
  facet normal 0 0 1
    outer loop
      vertex -1.29128 36.9775 30
      vertex -2.52518 36.1118 30
      vertex -1.26336 36.1779 30
    endloop
  endfacet
  facet normal -0 0 1
    outer loop
      vertex -2.58099 36.9099 30
      vertex -2.52518 36.1118 30
      vertex -1.29128 36.9775 30
    endloop
  endfacet
  facet normal 0 0 1
    outer loop
      vertex -2.58099 36.9099 30
      vertex -3.78393 36.0017 30
      vertex -2.52518 36.1118 30
    endloop
  endfacet
  facet normal -0 0 1
    outer loop
      vertex -3.86755 36.7973 30
      vertex -3.78393 36.0017 30
      vertex -2.58099 36.9099 30
    endloop
  endfacet
  facet normal 0 0 1
    outer loop
      vertex -3.86755 36.7973 30
      vertex -5.03807 35.8477 30
      vertex -3.78393 36.0017 30
    endloop
  endfacet
  facet normal -0 0 1
    outer loop
      vertex -5.1494 36.6399 30
      vertex -5.03807 35.8477 30
      vertex -3.86755 36.7973 30
    endloop
  endfacet
  facet normal 0 0 1
    outer loop
      vertex -5.1494 36.6399 30
      vertex -6.28606 35.65 30
      vertex -5.03807 35.8477 30
    endloop
  endfacet
  facet normal -0 0 1
    outer loop
      vertex -6.42498 36.4379 30
      vertex -6.28606 35.65 30
      vertex -5.1494 36.6399 30
    endloop
  endfacet
  facet normal 0 0 1
    outer loop
      vertex -6.42498 36.4379 30
      vertex -7.5264 35.4089 30
      vertex -6.28606 35.65 30
    endloop
  endfacet
  facet normal -0 0 1
    outer loop
      vertex -7.69273 36.1915 30
      vertex -7.5264 35.4089 30
      vertex -6.42498 36.4379 30
    endloop
  endfacet
  facet normal 0 0 1
    outer loop
      vertex -7.69273 36.1915 30
      vertex -8.75757 35.1247 30
      vertex -7.5264 35.4089 30
    endloop
  endfacet
  facet normal -0 0 1
    outer loop
      vertex -8.95111 35.9009 30
      vertex -8.75757 35.1247 30
      vertex -7.69273 36.1915 30
    endloop
  endfacet
  facet normal 0 0 1
    outer loop
      vertex -8.95111 35.9009 30
      vertex -9.97807 34.7977 30
      vertex -8.75757 35.1247 30
    endloop
  endfacet
  facet normal -0 0 1
    outer loop
      vertex -10.1986 35.5667 30
      vertex -9.97807 34.7977 30
      vertex -8.95111 35.9009 30
    endloop
  endfacet
  facet normal 0 0 1
    outer loop
      vertex -10.1986 35.5667 30
      vertex -11.1864 34.4282 30
      vertex -9.97807 34.7977 30
    endloop
  endfacet
  facet normal -0 0 1
    outer loop
      vertex -11.4336 35.1891 30
      vertex -11.1864 34.4282 30
      vertex -10.1986 35.5667 30
    endloop
  endfacet
  facet normal 0 0 1
    outer loop
      vertex -11.4336 35.1891 30
      vertex -12.3811 34.0169 30
      vertex -11.1864 34.4282 30
    endloop
  endfacet
  facet normal -0 0 1
    outer loop
      vertex -12.6547 34.7686 30
      vertex -12.3811 34.0169 30
      vertex -11.4336 35.1891 30
    endloop
  endfacet
  facet normal 0 0 1
    outer loop
      vertex -12.6547 34.7686 30
      vertex -13.5608 33.5641 30
      vertex -12.3811 34.0169 30
    endloop
  endfacet
  facet normal -0 0 1
    outer loop
      vertex -13.8604 34.3058 30
      vertex -13.5608 33.5641 30
      vertex -12.6547 34.7686 30
    endloop
  endfacet
  facet normal 0 0 1
    outer loop
      vertex -13.8604 34.3058 30
      vertex -14.7239 33.0703 30
      vertex -13.5608 33.5641 30
    endloop
  endfacet
  facet normal -0 0 1
    outer loop
      vertex -15.0493 33.8012 30
      vertex -14.7239 33.0703 30
      vertex -13.8604 34.3058 30
    endloop
  endfacet
  facet normal 0 0 1
    outer loop
      vertex -15.0493 33.8012 30
      vertex -15.869 32.5363 30
      vertex -14.7239 33.0703 30
    endloop
  endfacet
  facet normal -0 0 1
    outer loop
      vertex -16.2197 33.2554 30
      vertex -15.869 32.5363 30
      vertex -15.0493 33.8012 30
    endloop
  endfacet
  facet normal 0 0 1
    outer loop
      vertex -16.2197 33.2554 30
      vertex -16.9949 31.9627 30
      vertex -15.869 32.5363 30
    endloop
  endfacet
  facet normal -0 0 1
    outer loop
      vertex -17.3704 32.6691 30
      vertex -16.9949 31.9627 30
      vertex -16.2197 33.2554 30
    endloop
  endfacet
  facet normal 0 0 1
    outer loop
      vertex -17.3704 32.6691 30
      vertex -18.1 31.3501 30
      vertex -16.9949 31.9627 30
    endloop
  endfacet
  facet normal -0 0 1
    outer loop
      vertex -18.5 32.0429 30
      vertex -18.1 31.3501 30
      vertex -17.3704 32.6691 30
    endloop
  endfacet
  facet normal 0 0 1
    outer loop
      vertex -18.5 32.0429 30
      vertex -19.1831 30.6993 30
      vertex -18.1 31.3501 30
    endloop
  endfacet
  facet normal -0 0 1
    outer loop
      vertex -19.607 31.3778 30
      vertex -19.1831 30.6993 30
      vertex -18.5 32.0429 30
    endloop
  endfacet
  facet normal 0 0 1
    outer loop
      vertex -19.607 31.3778 30
      vertex -20.2428 30.0112 30
      vertex -19.1831 30.6993 30
    endloop
  endfacet
  facet normal -0 0 1
    outer loop
      vertex -20.6901 30.6744 30
      vertex -20.2428 30.0112 30
      vertex -19.607 31.3778 30
    endloop
  endfacet
  facet normal 0 0 1
    outer loop
      vertex -20.6901 30.6744 30
      vertex -21.2778 29.2864 30
      vertex -20.2428 30.0112 30
    endloop
  endfacet
  facet normal -0 0 1
    outer loop
      vertex -21.7481 29.9336 30
      vertex -21.2778 29.2864 30
      vertex -20.6901 30.6744 30
    endloop
  endfacet
  facet normal 0 0 1
    outer loop
      vertex -21.7481 29.9336 30
      vertex -22.2869 28.526 30
      vertex -21.2778 29.2864 30
    endloop
  endfacet
  facet normal -0 0 1
    outer loop
      vertex -22.7795 29.1564 30
      vertex -22.2869 28.526 30
      vertex -21.7481 29.9336 30
    endloop
  endfacet
  facet normal 0 0 1
    outer loop
      vertex -22.7795 29.1564 30
      vertex -23.2689 27.7308 30
      vertex -22.2869 28.526 30
    endloop
  endfacet
  facet normal -0 0 1
    outer loop
      vertex -23.7831 28.3436 30
      vertex -23.2689 27.7308 30
      vertex -22.7795 29.1564 30
    endloop
  endfacet
  facet normal 0 0 1
    outer loop
      vertex -23.7831 28.3436 30
      vertex -24.2225 26.9018 30
      vertex -23.2689 27.7308 30
    endloop
  endfacet
  facet normal -0 0 1
    outer loop
      vertex -24.7578 27.4964 30
      vertex -24.2225 26.9018 30
      vertex -23.7831 28.3436 30
    endloop
  endfacet
  facet normal 0 0 1
    outer loop
      vertex -24.7578 27.4964 30
      vertex -25.1466 26.0401 30
      vertex -24.2225 26.9018 30
    endloop
  endfacet
  facet normal -0 0 1
    outer loop
      vertex -25.7024 26.6156 30
      vertex -25.1466 26.0401 30
      vertex -24.7578 27.4964 30
    endloop
  endfacet
  facet normal 0 0 1
    outer loop
      vertex -25.7024 26.6156 30
      vertex -26.0401 25.1466 30
      vertex -25.1466 26.0401 30
    endloop
  endfacet
  facet normal -0 0 1
    outer loop
      vertex -26.6156 25.7024 30
      vertex -26.0401 25.1466 30
      vertex -25.7024 26.6156 30
    endloop
  endfacet
  facet normal 0 0 1
    outer loop
      vertex -26.6156 25.7024 30
      vertex -26.9018 24.2225 30
      vertex -26.0401 25.1466 30
    endloop
  endfacet
  facet normal -0 0 1
    outer loop
      vertex -27.4964 24.7578 30
      vertex -26.9018 24.2225 30
      vertex -26.6156 25.7024 30
    endloop
  endfacet
  facet normal 0 0 1
    outer loop
      vertex -27.4964 24.7578 30
      vertex -27.7308 23.2689 30
      vertex -26.9018 24.2225 30
    endloop
  endfacet
  facet normal -0 0 1
    outer loop
      vertex -28.3436 23.7831 30
      vertex -27.7308 23.2689 30
      vertex -27.4964 24.7578 30
    endloop
  endfacet
  facet normal 0 0 1
    outer loop
      vertex -28.3436 23.7831 30
      vertex -28.526 22.2869 30
      vertex -27.7308 23.2689 30
    endloop
  endfacet
  facet normal -0 0 1
    outer loop
      vertex -29.1564 22.7795 30
      vertex -28.526 22.2869 30
      vertex -28.3436 23.7831 30
    endloop
  endfacet
  facet normal 0 0 1
    outer loop
      vertex -29.1564 22.7795 30
      vertex -29.2864 21.2778 30
      vertex -28.526 22.2869 30
    endloop
  endfacet
  facet normal -0 0 1
    outer loop
      vertex -29.9336 21.7481 30
      vertex -29.2864 21.2778 30
      vertex -29.1564 22.7795 30
    endloop
  endfacet
  facet normal 0 0 1
    outer loop
      vertex -29.9336 21.7481 30
      vertex -30.0112 20.2428 30
      vertex -29.2864 21.2778 30
    endloop
  endfacet
  facet normal -0 0 1
    outer loop
      vertex -30.6744 20.6901 30
      vertex -30.0112 20.2428 30
      vertex -29.9336 21.7481 30
    endloop
  endfacet
  facet normal 0 0 1
    outer loop
      vertex -30.6744 20.6901 30
      vertex -30.6993 19.1831 30
      vertex -30.0112 20.2428 30
    endloop
  endfacet
  facet normal -0 0 1
    outer loop
      vertex -31.3778 19.607 30
      vertex -30.6993 19.1831 30
      vertex -30.6744 20.6901 30
    endloop
  endfacet
  facet normal 0 0 1
    outer loop
      vertex -30.6993 19.1831 30
      vertex -31.3778 19.607 30
      vertex -31.3501 18.1 30
    endloop
  endfacet
  facet normal -0 0 1
    outer loop
      vertex -32.0429 18.5 30
      vertex -31.3501 18.1 30
      vertex -31.3778 19.607 30
    endloop
  endfacet
  facet normal 0 0 1
    outer loop
      vertex -31.3501 18.1 30
      vertex -32.0429 18.5 30
      vertex -31.9627 16.9949 30
    endloop
  endfacet
  facet normal -0 0 1
    outer loop
      vertex -32.6691 17.3704 30
      vertex -31.9627 16.9949 30
      vertex -32.0429 18.5 30
    endloop
  endfacet
  facet normal 0 0 1
    outer loop
      vertex -31.9627 16.9949 30
      vertex -32.6691 17.3704 30
      vertex -32.5363 15.869 30
    endloop
  endfacet
  facet normal -0 0 1
    outer loop
      vertex -33.2554 16.2197 30
      vertex -32.5363 15.869 30
      vertex -32.6691 17.3704 30
    endloop
  endfacet
  facet normal 0 0 1
    outer loop
      vertex -32.5363 15.869 30
      vertex -33.2554 16.2197 30
      vertex -33.0703 14.7239 30
    endloop
  endfacet
  facet normal -0 0 1
    outer loop
      vertex -33.8012 15.0493 30
      vertex -33.0703 14.7239 30
      vertex -33.2554 16.2197 30
    endloop
  endfacet
  facet normal 0 0 1
    outer loop
      vertex -33.0703 14.7239 30
      vertex -33.8012 15.0493 30
      vertex -33.5641 13.5608 30
    endloop
  endfacet
  facet normal -0 0 1
    outer loop
      vertex -34.3058 13.8604 30
      vertex -33.5641 13.5608 30
      vertex -33.8012 15.0493 30
    endloop
  endfacet
  facet normal 0 0 1
    outer loop
      vertex -33.5641 13.5608 30
      vertex -34.3058 13.8604 30
      vertex -34.0169 12.3811 30
    endloop
  endfacet
  facet normal -0 0 1
    outer loop
      vertex -34.7686 12.6547 30
      vertex -34.0169 12.3811 30
      vertex -34.3058 13.8604 30
    endloop
  endfacet
  facet normal 0 0 1
    outer loop
      vertex -34.0169 12.3811 30
      vertex -34.7686 12.6547 30
      vertex -34.4282 11.1864 30
    endloop
  endfacet
  facet normal -0 0 1
    outer loop
      vertex -35.1891 11.4336 30
      vertex -34.4282 11.1864 30
      vertex -34.7686 12.6547 30
    endloop
  endfacet
  facet normal 0 0 1
    outer loop
      vertex -34.4282 11.1864 30
      vertex -35.1891 11.4336 30
      vertex -34.7977 9.97807 30
    endloop
  endfacet
  facet normal -0 0 1
    outer loop
      vertex -35.5667 10.1986 30
      vertex -34.7977 9.97807 30
      vertex -35.1891 11.4336 30
    endloop
  endfacet
  facet normal 0 0 1
    outer loop
      vertex -34.7977 9.97807 30
      vertex -35.5667 10.1986 30
      vertex -35.1247 8.75757 30
    endloop
  endfacet
  facet normal -0 0 1
    outer loop
      vertex -35.9009 8.95111 30
      vertex -35.1247 8.75757 30
      vertex -35.5667 10.1986 30
    endloop
  endfacet
  facet normal 0 0 1
    outer loop
      vertex -35.1247 8.75757 30
      vertex -35.9009 8.95111 30
      vertex -35.4089 7.5264 30
    endloop
  endfacet
  facet normal -0 0 1
    outer loop
      vertex -36.1915 7.69273 30
      vertex -35.4089 7.5264 30
      vertex -35.9009 8.95111 30
    endloop
  endfacet
  facet normal 0 0 1
    outer loop
      vertex -35.4089 7.5264 30
      vertex -36.1915 7.69273 30
      vertex -35.65 6.28606 30
    endloop
  endfacet
  facet normal -0 0 1
    outer loop
      vertex -36.4379 6.42498 30
      vertex -35.65 6.28606 30
      vertex -36.1915 7.69273 30
    endloop
  endfacet
  facet normal 0 0 1
    outer loop
      vertex -35.65 6.28606 30
      vertex -36.4379 6.42498 30
      vertex -35.8477 5.03807 30
    endloop
  endfacet
  facet normal -0 0 1
    outer loop
      vertex -36.6399 5.1494 30
      vertex -35.8477 5.03807 30
      vertex -36.4379 6.42498 30
    endloop
  endfacet
  facet normal 0 0 1
    outer loop
      vertex -35.8477 5.03807 30
      vertex -36.6399 5.1494 30
      vertex -36.0017 3.78393 30
    endloop
  endfacet
  facet normal -0 0 1
    outer loop
      vertex -36.7973 3.86755 30
      vertex -36.0017 3.78393 30
      vertex -36.6399 5.1494 30
    endloop
  endfacet
  facet normal 0 0 1
    outer loop
      vertex -36.0017 3.78393 30
      vertex -36.7973 3.86755 30
      vertex -36.1118 2.52518 30
    endloop
  endfacet
  facet normal -0 0 1
    outer loop
      vertex 36.0017 -3.78393 30
      vertex 36.7973 -3.86755 30
      vertex 36.1118 -2.52518 30
    endloop
  endfacet
  facet normal 0 0 1
    outer loop
      vertex 36.7973 -3.86755 30
      vertex 36.0017 -3.78393 30
      vertex 36.6399 -5.1494 30
    endloop
  endfacet
  facet normal -0 0 1
    outer loop
      vertex 35.8477 -5.03807 30
      vertex 36.6399 -5.1494 30
      vertex 36.0017 -3.78393 30
    endloop
  endfacet
  facet normal 0 0 1
    outer loop
      vertex 36.6399 -5.1494 30
      vertex 35.8477 -5.03807 30
      vertex 36.4379 -6.42498 30
    endloop
  endfacet
  facet normal -0 0 1
    outer loop
      vertex 35.65 -6.28606 30
      vertex 36.4379 -6.42498 30
      vertex 35.8477 -5.03807 30
    endloop
  endfacet
  facet normal 0 0 1
    outer loop
      vertex 36.4379 -6.42498 30
      vertex 35.65 -6.28606 30
      vertex 36.1915 -7.69273 30
    endloop
  endfacet
  facet normal -0 0 1
    outer loop
      vertex 35.4089 -7.5264 30
      vertex 36.1915 -7.69273 30
      vertex 35.65 -6.28606 30
    endloop
  endfacet
  facet normal 0 0 1
    outer loop
      vertex 36.1915 -7.69273 30
      vertex 35.4089 -7.5264 30
      vertex 35.9009 -8.95111 30
    endloop
  endfacet
  facet normal -0 0 1
    outer loop
      vertex 35.1247 -8.75757 30
      vertex 35.9009 -8.95111 30
      vertex 35.4089 -7.5264 30
    endloop
  endfacet
  facet normal 0 0 1
    outer loop
      vertex 35.9009 -8.95111 30
      vertex 35.1247 -8.75757 30
      vertex 35.5667 -10.1986 30
    endloop
  endfacet
  facet normal -0 0 1
    outer loop
      vertex 34.7977 -9.97807 30
      vertex 35.5667 -10.1986 30
      vertex 35.1247 -8.75757 30
    endloop
  endfacet
  facet normal 0 0 1
    outer loop
      vertex 35.5667 -10.1986 30
      vertex 34.7977 -9.97807 30
      vertex 35.1891 -11.4336 30
    endloop
  endfacet
  facet normal -0 0 1
    outer loop
      vertex 34.4282 -11.1864 30
      vertex 35.1891 -11.4336 30
      vertex 34.7977 -9.97807 30
    endloop
  endfacet
  facet normal 0 0 1
    outer loop
      vertex 35.1891 -11.4336 30
      vertex 34.4282 -11.1864 30
      vertex 34.7686 -12.6547 30
    endloop
  endfacet
  facet normal -0 0 1
    outer loop
      vertex 34.0169 -12.3811 30
      vertex 34.7686 -12.6547 30
      vertex 34.4282 -11.1864 30
    endloop
  endfacet
  facet normal 0 0 1
    outer loop
      vertex 34.7686 -12.6547 30
      vertex 34.0169 -12.3811 30
      vertex 34.3058 -13.8604 30
    endloop
  endfacet
  facet normal -0 0 1
    outer loop
      vertex 33.5641 -13.5608 30
      vertex 34.3058 -13.8604 30
      vertex 34.0169 -12.3811 30
    endloop
  endfacet
  facet normal 0 0 1
    outer loop
      vertex 34.3058 -13.8604 30
      vertex 33.5641 -13.5608 30
      vertex 33.8012 -15.0493 30
    endloop
  endfacet
  facet normal -0 0 1
    outer loop
      vertex 33.0703 -14.7239 30
      vertex 33.8012 -15.0493 30
      vertex 33.5641 -13.5608 30
    endloop
  endfacet
  facet normal 0 0 1
    outer loop
      vertex 33.8012 -15.0493 30
      vertex 33.0703 -14.7239 30
      vertex 33.2554 -16.2197 30
    endloop
  endfacet
  facet normal -0 0 1
    outer loop
      vertex 32.5363 -15.869 30
      vertex 33.2554 -16.2197 30
      vertex 33.0703 -14.7239 30
    endloop
  endfacet
  facet normal 0 0 1
    outer loop
      vertex 33.2554 -16.2197 30
      vertex 32.5363 -15.869 30
      vertex 32.6691 -17.3704 30
    endloop
  endfacet
  facet normal -0 0 1
    outer loop
      vertex 31.9627 -16.9949 30
      vertex 32.6691 -17.3704 30
      vertex 32.5363 -15.869 30
    endloop
  endfacet
  facet normal 0 0 1
    outer loop
      vertex 32.6691 -17.3704 30
      vertex 31.9627 -16.9949 30
      vertex 32.0429 -18.5 30
    endloop
  endfacet
  facet normal -0 0 1
    outer loop
      vertex 31.3501 -18.1 30
      vertex 32.0429 -18.5 30
      vertex 31.9627 -16.9949 30
    endloop
  endfacet
  facet normal 0 0 1
    outer loop
      vertex 32.0429 -18.5 30
      vertex 31.3501 -18.1 30
      vertex 31.3778 -19.607 30
    endloop
  endfacet
  facet normal -0 0 1
    outer loop
      vertex 30.6993 -19.1831 30
      vertex 31.3778 -19.607 30
      vertex 31.3501 -18.1 30
    endloop
  endfacet
  facet normal 0 0 1
    outer loop
      vertex 30.6993 -19.1831 30
      vertex 30.6744 -20.6901 30
      vertex 31.3778 -19.607 30
    endloop
  endfacet
  facet normal -0 0 1
    outer loop
      vertex 30.0112 -20.2428 30
      vertex 30.6744 -20.6901 30
      vertex 30.6993 -19.1831 30
    endloop
  endfacet
  facet normal 0 0 1
    outer loop
      vertex 30.0112 -20.2428 30
      vertex 29.9336 -21.7481 30
      vertex 30.6744 -20.6901 30
    endloop
  endfacet
  facet normal -0 0 1
    outer loop
      vertex 29.2864 -21.2778 30
      vertex 29.9336 -21.7481 30
      vertex 30.0112 -20.2428 30
    endloop
  endfacet
  facet normal 0 0 1
    outer loop
      vertex 29.2864 -21.2778 30
      vertex 29.1564 -22.7795 30
      vertex 29.9336 -21.7481 30
    endloop
  endfacet
  facet normal -0 0 1
    outer loop
      vertex 28.526 -22.2869 30
      vertex 29.1564 -22.7795 30
      vertex 29.2864 -21.2778 30
    endloop
  endfacet
  facet normal 0 0 1
    outer loop
      vertex 28.526 -22.2869 30
      vertex 28.3436 -23.7831 30
      vertex 29.1564 -22.7795 30
    endloop
  endfacet
  facet normal -0 0 1
    outer loop
      vertex 27.7308 -23.2689 30
      vertex 28.3436 -23.7831 30
      vertex 28.526 -22.2869 30
    endloop
  endfacet
  facet normal 0 0 1
    outer loop
      vertex 27.7308 -23.2689 30
      vertex 27.4964 -24.7578 30
      vertex 28.3436 -23.7831 30
    endloop
  endfacet
  facet normal -0 0 1
    outer loop
      vertex 26.9018 -24.2225 30
      vertex 27.4964 -24.7578 30
      vertex 27.7308 -23.2689 30
    endloop
  endfacet
  facet normal 0 0 1
    outer loop
      vertex 26.9018 -24.2225 30
      vertex 26.6156 -25.7024 30
      vertex 27.4964 -24.7578 30
    endloop
  endfacet
  facet normal -0 0 1
    outer loop
      vertex 26.0401 -25.1466 30
      vertex 26.6156 -25.7024 30
      vertex 26.9018 -24.2225 30
    endloop
  endfacet
  facet normal 0 0 1
    outer loop
      vertex 26.0401 -25.1466 30
      vertex 25.7024 -26.6156 30
      vertex 26.6156 -25.7024 30
    endloop
  endfacet
  facet normal -0 0 1
    outer loop
      vertex 25.1466 -26.0401 30
      vertex 25.7024 -26.6156 30
      vertex 26.0401 -25.1466 30
    endloop
  endfacet
  facet normal 0 0 1
    outer loop
      vertex 25.1466 -26.0401 30
      vertex 24.7578 -27.4964 30
      vertex 25.7024 -26.6156 30
    endloop
  endfacet
  facet normal -0 0 1
    outer loop
      vertex 24.2225 -26.9018 30
      vertex 24.7578 -27.4964 30
      vertex 25.1466 -26.0401 30
    endloop
  endfacet
  facet normal 0 0 1
    outer loop
      vertex 24.2225 -26.9018 30
      vertex 23.7831 -28.3436 30
      vertex 24.7578 -27.4964 30
    endloop
  endfacet
  facet normal -0 0 1
    outer loop
      vertex 23.2689 -27.7308 30
      vertex 23.7831 -28.3436 30
      vertex 24.2225 -26.9018 30
    endloop
  endfacet
  facet normal 0 0 1
    outer loop
      vertex 23.2689 -27.7308 30
      vertex 22.7795 -29.1564 30
      vertex 23.7831 -28.3436 30
    endloop
  endfacet
  facet normal -0 0 1
    outer loop
      vertex 22.2869 -28.526 30
      vertex 22.7795 -29.1564 30
      vertex 23.2689 -27.7308 30
    endloop
  endfacet
  facet normal 0 0 1
    outer loop
      vertex 22.2869 -28.526 30
      vertex 21.7481 -29.9336 30
      vertex 22.7795 -29.1564 30
    endloop
  endfacet
  facet normal -0 0 1
    outer loop
      vertex 21.2778 -29.2864 30
      vertex 21.7481 -29.9336 30
      vertex 22.2869 -28.526 30
    endloop
  endfacet
  facet normal 0 0 1
    outer loop
      vertex 21.2778 -29.2864 30
      vertex 20.6901 -30.6744 30
      vertex 21.7481 -29.9336 30
    endloop
  endfacet
  facet normal -0 0 1
    outer loop
      vertex 20.2428 -30.0112 30
      vertex 20.6901 -30.6744 30
      vertex 21.2778 -29.2864 30
    endloop
  endfacet
  facet normal 0 0 1
    outer loop
      vertex 20.2428 -30.0112 30
      vertex 19.607 -31.3778 30
      vertex 20.6901 -30.6744 30
    endloop
  endfacet
  facet normal -0 0 1
    outer loop
      vertex 19.1831 -30.6993 30
      vertex 19.607 -31.3778 30
      vertex 20.2428 -30.0112 30
    endloop
  endfacet
  facet normal 0 0 1
    outer loop
      vertex 19.1831 -30.6993 30
      vertex 18.5 -32.0429 30
      vertex 19.607 -31.3778 30
    endloop
  endfacet
  facet normal -0 0 1
    outer loop
      vertex 18.1 -31.3501 30
      vertex 18.5 -32.0429 30
      vertex 19.1831 -30.6993 30
    endloop
  endfacet
  facet normal 0 0 1
    outer loop
      vertex 18.1 -31.3501 30
      vertex 17.3704 -32.6691 30
      vertex 18.5 -32.0429 30
    endloop
  endfacet
  facet normal -0 0 1
    outer loop
      vertex 16.9949 -31.9627 30
      vertex 17.3704 -32.6691 30
      vertex 18.1 -31.3501 30
    endloop
  endfacet
  facet normal 0 0 1
    outer loop
      vertex 16.9949 -31.9627 30
      vertex 16.2197 -33.2554 30
      vertex 17.3704 -32.6691 30
    endloop
  endfacet
  facet normal -0 0 1
    outer loop
      vertex 15.869 -32.5363 30
      vertex 16.2197 -33.2554 30
      vertex 16.9949 -31.9627 30
    endloop
  endfacet
  facet normal 0 0 1
    outer loop
      vertex 15.869 -32.5363 30
      vertex 15.0493 -33.8012 30
      vertex 16.2197 -33.2554 30
    endloop
  endfacet
  facet normal -0 0 1
    outer loop
      vertex 14.7239 -33.0703 30
      vertex 15.0493 -33.8012 30
      vertex 15.869 -32.5363 30
    endloop
  endfacet
  facet normal 0 0 1
    outer loop
      vertex 14.7239 -33.0703 30
      vertex 13.8604 -34.3058 30
      vertex 15.0493 -33.8012 30
    endloop
  endfacet
  facet normal -0 0 1
    outer loop
      vertex 13.5608 -33.5641 30
      vertex 13.8604 -34.3058 30
      vertex 14.7239 -33.0703 30
    endloop
  endfacet
  facet normal 0 0 1
    outer loop
      vertex 13.5608 -33.5641 30
      vertex 12.6547 -34.7686 30
      vertex 13.8604 -34.3058 30
    endloop
  endfacet
  facet normal -0 0 1
    outer loop
      vertex 12.3811 -34.0169 30
      vertex 12.6547 -34.7686 30
      vertex 13.5608 -33.5641 30
    endloop
  endfacet
  facet normal 0 0 1
    outer loop
      vertex 12.3811 -34.0169 30
      vertex 11.4336 -35.1891 30
      vertex 12.6547 -34.7686 30
    endloop
  endfacet
  facet normal -0 0 1
    outer loop
      vertex 11.1864 -34.4282 30
      vertex 11.4336 -35.1891 30
      vertex 12.3811 -34.0169 30
    endloop
  endfacet
  facet normal 0 0 1
    outer loop
      vertex 11.1864 -34.4282 30
      vertex 10.1986 -35.5667 30
      vertex 11.4336 -35.1891 30
    endloop
  endfacet
  facet normal -0 0 1
    outer loop
      vertex 9.97807 -34.7977 30
      vertex 10.1986 -35.5667 30
      vertex 11.1864 -34.4282 30
    endloop
  endfacet
  facet normal 0 0 1
    outer loop
      vertex 9.97807 -34.7977 30
      vertex 8.95111 -35.9009 30
      vertex 10.1986 -35.5667 30
    endloop
  endfacet
  facet normal -0 0 1
    outer loop
      vertex 8.75757 -35.1247 30
      vertex 8.95111 -35.9009 30
      vertex 9.97807 -34.7977 30
    endloop
  endfacet
  facet normal 0 0 1
    outer loop
      vertex 8.75757 -35.1247 30
      vertex 7.69273 -36.1915 30
      vertex 8.95111 -35.9009 30
    endloop
  endfacet
  facet normal -0 0 1
    outer loop
      vertex 7.5264 -35.4089 30
      vertex 7.69273 -36.1915 30
      vertex 8.75757 -35.1247 30
    endloop
  endfacet
  facet normal 0 0 1
    outer loop
      vertex 7.5264 -35.4089 30
      vertex 6.42498 -36.4379 30
      vertex 7.69273 -36.1915 30
    endloop
  endfacet
  facet normal -0 0 1
    outer loop
      vertex 6.28606 -35.65 30
      vertex 6.42498 -36.4379 30
      vertex 7.5264 -35.4089 30
    endloop
  endfacet
  facet normal 0 0 1
    outer loop
      vertex 6.28606 -35.65 30
      vertex 5.1494 -36.6399 30
      vertex 6.42498 -36.4379 30
    endloop
  endfacet
  facet normal -0 0 1
    outer loop
      vertex 5.03807 -35.8477 30
      vertex 5.1494 -36.6399 30
      vertex 6.28606 -35.65 30
    endloop
  endfacet
  facet normal 0 0 1
    outer loop
      vertex 5.03807 -35.8477 30
      vertex 3.86755 -36.7973 30
      vertex 5.1494 -36.6399 30
    endloop
  endfacet
  facet normal -0 0 1
    outer loop
      vertex 3.78393 -36.0017 30
      vertex 3.86755 -36.7973 30
      vertex 5.03807 -35.8477 30
    endloop
  endfacet
  facet normal 0 0 1
    outer loop
      vertex 3.78393 -36.0017 30
      vertex 2.58099 -36.9099 30
      vertex 3.86755 -36.7973 30
    endloop
  endfacet
  facet normal -0 0 1
    outer loop
      vertex 2.52518 -36.1118 30
      vertex 2.58099 -36.9099 30
      vertex 3.78393 -36.0017 30
    endloop
  endfacet
  facet normal 0 0 1
    outer loop
      vertex 2.52518 -36.1118 30
      vertex 1.29128 -36.9775 30
      vertex 2.58099 -36.9099 30
    endloop
  endfacet
  facet normal -0 0 1
    outer loop
      vertex 1.26336 -36.1779 30
      vertex 1.29128 -36.9775 30
      vertex 2.52518 -36.1118 30
    endloop
  endfacet
  facet normal -0 0 1
    outer loop
      vertex 0 -36.2 30
      vertex 1.29128 -36.9775 30
      vertex 1.26336 -36.1779 30
    endloop
  endfacet
  facet normal 0 0 1
    outer loop
      vertex 0 -36.2 30
      vertex 0 -37 30
      vertex 1.29128 -36.9775 30
    endloop
  endfacet
  facet normal 0 0 1
    outer loop
      vertex -1.26336 -36.1779 30
      vertex 0 -37 30
      vertex 0 -36.2 30
    endloop
  endfacet
  facet normal 0 0 1
    outer loop
      vertex -1.26336 -36.1779 30
      vertex -1.29128 -36.9775 30
      vertex 0 -37 30
    endloop
  endfacet
  facet normal 0 0 1
    outer loop
      vertex -2.52518 -36.1118 30
      vertex -1.29128 -36.9775 30
      vertex -1.26336 -36.1779 30
    endloop
  endfacet
  facet normal 0 0 1
    outer loop
      vertex -2.52518 -36.1118 30
      vertex -2.58099 -36.9099 30
      vertex -1.29128 -36.9775 30
    endloop
  endfacet
  facet normal 0 0 1
    outer loop
      vertex -3.78393 -36.0017 30
      vertex -2.58099 -36.9099 30
      vertex -2.52518 -36.1118 30
    endloop
  endfacet
  facet normal 0 0 1
    outer loop
      vertex -3.78393 -36.0017 30
      vertex -3.86755 -36.7973 30
      vertex -2.58099 -36.9099 30
    endloop
  endfacet
  facet normal 0 0 1
    outer loop
      vertex -5.03807 -35.8477 30
      vertex -3.86755 -36.7973 30
      vertex -3.78393 -36.0017 30
    endloop
  endfacet
  facet normal 0 0 1
    outer loop
      vertex -5.03807 -35.8477 30
      vertex -5.1494 -36.6399 30
      vertex -3.86755 -36.7973 30
    endloop
  endfacet
  facet normal 0 0 1
    outer loop
      vertex -6.28606 -35.65 30
      vertex -5.1494 -36.6399 30
      vertex -5.03807 -35.8477 30
    endloop
  endfacet
  facet normal 0 0 1
    outer loop
      vertex -6.28606 -35.65 30
      vertex -6.42498 -36.4379 30
      vertex -5.1494 -36.6399 30
    endloop
  endfacet
  facet normal 0 0 1
    outer loop
      vertex -7.5264 -35.4089 30
      vertex -6.42498 -36.4379 30
      vertex -6.28606 -35.65 30
    endloop
  endfacet
  facet normal 0 0 1
    outer loop
      vertex -7.5264 -35.4089 30
      vertex -7.69273 -36.1915 30
      vertex -6.42498 -36.4379 30
    endloop
  endfacet
  facet normal 0 0 1
    outer loop
      vertex -8.75757 -35.1247 30
      vertex -7.69273 -36.1915 30
      vertex -7.5264 -35.4089 30
    endloop
  endfacet
  facet normal 0 0 1
    outer loop
      vertex -8.75757 -35.1247 30
      vertex -8.95111 -35.9009 30
      vertex -7.69273 -36.1915 30
    endloop
  endfacet
  facet normal 0 0 1
    outer loop
      vertex -9.97807 -34.7977 30
      vertex -8.95111 -35.9009 30
      vertex -8.75757 -35.1247 30
    endloop
  endfacet
  facet normal 0 0 1
    outer loop
      vertex -9.97807 -34.7977 30
      vertex -10.1986 -35.5667 30
      vertex -8.95111 -35.9009 30
    endloop
  endfacet
  facet normal 0 0 1
    outer loop
      vertex -11.1864 -34.4282 30
      vertex -10.1986 -35.5667 30
      vertex -9.97807 -34.7977 30
    endloop
  endfacet
  facet normal 0 0 1
    outer loop
      vertex -11.1864 -34.4282 30
      vertex -11.4336 -35.1891 30
      vertex -10.1986 -35.5667 30
    endloop
  endfacet
  facet normal 0 0 1
    outer loop
      vertex -12.3811 -34.0169 30
      vertex -11.4336 -35.1891 30
      vertex -11.1864 -34.4282 30
    endloop
  endfacet
  facet normal 0 0 1
    outer loop
      vertex -12.3811 -34.0169 30
      vertex -12.6547 -34.7686 30
      vertex -11.4336 -35.1891 30
    endloop
  endfacet
  facet normal 0 0 1
    outer loop
      vertex -13.5608 -33.5641 30
      vertex -12.6547 -34.7686 30
      vertex -12.3811 -34.0169 30
    endloop
  endfacet
  facet normal 0 0 1
    outer loop
      vertex -13.5608 -33.5641 30
      vertex -13.8604 -34.3058 30
      vertex -12.6547 -34.7686 30
    endloop
  endfacet
  facet normal 0 0 1
    outer loop
      vertex -14.7239 -33.0703 30
      vertex -13.8604 -34.3058 30
      vertex -13.5608 -33.5641 30
    endloop
  endfacet
  facet normal 0 0 1
    outer loop
      vertex -14.7239 -33.0703 30
      vertex -15.0493 -33.8012 30
      vertex -13.8604 -34.3058 30
    endloop
  endfacet
  facet normal 0 0 1
    outer loop
      vertex -15.869 -32.5363 30
      vertex -15.0493 -33.8012 30
      vertex -14.7239 -33.0703 30
    endloop
  endfacet
  facet normal 0 0 1
    outer loop
      vertex -15.869 -32.5363 30
      vertex -16.2197 -33.2554 30
      vertex -15.0493 -33.8012 30
    endloop
  endfacet
  facet normal 0 0 1
    outer loop
      vertex -16.9949 -31.9627 30
      vertex -16.2197 -33.2554 30
      vertex -15.869 -32.5363 30
    endloop
  endfacet
  facet normal 0 0 1
    outer loop
      vertex -16.9949 -31.9627 30
      vertex -17.3704 -32.6691 30
      vertex -16.2197 -33.2554 30
    endloop
  endfacet
  facet normal 0 0 1
    outer loop
      vertex -18.1 -31.3501 30
      vertex -17.3704 -32.6691 30
      vertex -16.9949 -31.9627 30
    endloop
  endfacet
  facet normal 0 0 1
    outer loop
      vertex -18.1 -31.3501 30
      vertex -18.5 -32.0429 30
      vertex -17.3704 -32.6691 30
    endloop
  endfacet
  facet normal 0 0 1
    outer loop
      vertex -19.1831 -30.6993 30
      vertex -18.5 -32.0429 30
      vertex -18.1 -31.3501 30
    endloop
  endfacet
  facet normal 0 0 1
    outer loop
      vertex -19.1831 -30.6993 30
      vertex -19.607 -31.3778 30
      vertex -18.5 -32.0429 30
    endloop
  endfacet
  facet normal 0 0 1
    outer loop
      vertex -20.2428 -30.0112 30
      vertex -19.607 -31.3778 30
      vertex -19.1831 -30.6993 30
    endloop
  endfacet
  facet normal 0 0 1
    outer loop
      vertex -20.2428 -30.0112 30
      vertex -20.6901 -30.6744 30
      vertex -19.607 -31.3778 30
    endloop
  endfacet
  facet normal 0 0 1
    outer loop
      vertex -21.2778 -29.2864 30
      vertex -20.6901 -30.6744 30
      vertex -20.2428 -30.0112 30
    endloop
  endfacet
  facet normal 0 0 1
    outer loop
      vertex -21.2778 -29.2864 30
      vertex -21.7481 -29.9336 30
      vertex -20.6901 -30.6744 30
    endloop
  endfacet
  facet normal 0 0 1
    outer loop
      vertex -22.2869 -28.526 30
      vertex -21.7481 -29.9336 30
      vertex -21.2778 -29.2864 30
    endloop
  endfacet
  facet normal 0 0 1
    outer loop
      vertex -22.2869 -28.526 30
      vertex -22.7795 -29.1564 30
      vertex -21.7481 -29.9336 30
    endloop
  endfacet
  facet normal 0 0 1
    outer loop
      vertex -23.2689 -27.7308 30
      vertex -22.7795 -29.1564 30
      vertex -22.2869 -28.526 30
    endloop
  endfacet
  facet normal 0 0 1
    outer loop
      vertex -23.2689 -27.7308 30
      vertex -23.7831 -28.3436 30
      vertex -22.7795 -29.1564 30
    endloop
  endfacet
  facet normal 0 0 1
    outer loop
      vertex -24.2225 -26.9018 30
      vertex -23.7831 -28.3436 30
      vertex -23.2689 -27.7308 30
    endloop
  endfacet
  facet normal 0 0 1
    outer loop
      vertex -24.2225 -26.9018 30
      vertex -24.7578 -27.4964 30
      vertex -23.7831 -28.3436 30
    endloop
  endfacet
  facet normal 0 0 1
    outer loop
      vertex -25.1466 -26.0401 30
      vertex -24.7578 -27.4964 30
      vertex -24.2225 -26.9018 30
    endloop
  endfacet
  facet normal 0 0 1
    outer loop
      vertex -25.1466 -26.0401 30
      vertex -25.7024 -26.6156 30
      vertex -24.7578 -27.4964 30
    endloop
  endfacet
  facet normal 0 0 1
    outer loop
      vertex -26.0401 -25.1466 30
      vertex -25.7024 -26.6156 30
      vertex -25.1466 -26.0401 30
    endloop
  endfacet
  facet normal 0 0 1
    outer loop
      vertex -26.0401 -25.1466 30
      vertex -26.6156 -25.7024 30
      vertex -25.7024 -26.6156 30
    endloop
  endfacet
  facet normal 0 0 1
    outer loop
      vertex -26.9018 -24.2225 30
      vertex -26.6156 -25.7024 30
      vertex -26.0401 -25.1466 30
    endloop
  endfacet
  facet normal 0 0 1
    outer loop
      vertex -26.9018 -24.2225 30
      vertex -27.4964 -24.7578 30
      vertex -26.6156 -25.7024 30
    endloop
  endfacet
  facet normal 0 0 1
    outer loop
      vertex -27.7308 -23.2689 30
      vertex -27.4964 -24.7578 30
      vertex -26.9018 -24.2225 30
    endloop
  endfacet
  facet normal 0 0 1
    outer loop
      vertex -27.7308 -23.2689 30
      vertex -28.3436 -23.7831 30
      vertex -27.4964 -24.7578 30
    endloop
  endfacet
  facet normal 0 0 1
    outer loop
      vertex -28.526 -22.2869 30
      vertex -28.3436 -23.7831 30
      vertex -27.7308 -23.2689 30
    endloop
  endfacet
  facet normal 0 0 1
    outer loop
      vertex -28.526 -22.2869 30
      vertex -29.1564 -22.7795 30
      vertex -28.3436 -23.7831 30
    endloop
  endfacet
  facet normal 0 0 1
    outer loop
      vertex -29.2864 -21.2778 30
      vertex -29.1564 -22.7795 30
      vertex -28.526 -22.2869 30
    endloop
  endfacet
  facet normal 0 0 1
    outer loop
      vertex -29.2864 -21.2778 30
      vertex -29.9336 -21.7481 30
      vertex -29.1564 -22.7795 30
    endloop
  endfacet
  facet normal 0 0 1
    outer loop
      vertex -30.0112 -20.2428 30
      vertex -29.9336 -21.7481 30
      vertex -29.2864 -21.2778 30
    endloop
  endfacet
  facet normal 0 0 1
    outer loop
      vertex -30.0112 -20.2428 30
      vertex -30.6744 -20.6901 30
      vertex -29.9336 -21.7481 30
    endloop
  endfacet
  facet normal 0 0 1
    outer loop
      vertex -30.6993 -19.1831 30
      vertex -30.6744 -20.6901 30
      vertex -30.0112 -20.2428 30
    endloop
  endfacet
  facet normal 0 0 1
    outer loop
      vertex -31.3778 -19.607 30
      vertex -30.6993 -19.1831 30
      vertex -31.3501 -18.1 30
    endloop
  endfacet
  facet normal 0 0 1
    outer loop
      vertex -30.6993 -19.1831 30
      vertex -31.3778 -19.607 30
      vertex -30.6744 -20.6901 30
    endloop
  endfacet
  facet normal 0 0 1
    outer loop
      vertex -32.0429 -18.5 30
      vertex -31.3501 -18.1 30
      vertex -31.9627 -16.9949 30
    endloop
  endfacet
  facet normal 0 0 1
    outer loop
      vertex -31.3501 -18.1 30
      vertex -32.0429 -18.5 30
      vertex -31.3778 -19.607 30
    endloop
  endfacet
  facet normal 0 0 1
    outer loop
      vertex -32.6691 -17.3704 30
      vertex -31.9627 -16.9949 30
      vertex -32.5363 -15.869 30
    endloop
  endfacet
  facet normal 0 0 1
    outer loop
      vertex -31.9627 -16.9949 30
      vertex -32.6691 -17.3704 30
      vertex -32.0429 -18.5 30
    endloop
  endfacet
  facet normal 0 0 1
    outer loop
      vertex -33.2554 -16.2197 30
      vertex -32.5363 -15.869 30
      vertex -33.0703 -14.7239 30
    endloop
  endfacet
  facet normal 0 0 1
    outer loop
      vertex -32.5363 -15.869 30
      vertex -33.2554 -16.2197 30
      vertex -32.6691 -17.3704 30
    endloop
  endfacet
  facet normal 0 0 1
    outer loop
      vertex -33.8012 -15.0493 30
      vertex -33.0703 -14.7239 30
      vertex -33.5641 -13.5608 30
    endloop
  endfacet
  facet normal 0 0 1
    outer loop
      vertex -33.0703 -14.7239 30
      vertex -33.8012 -15.0493 30
      vertex -33.2554 -16.2197 30
    endloop
  endfacet
  facet normal 0 0 1
    outer loop
      vertex -34.3058 -13.8604 30
      vertex -33.5641 -13.5608 30
      vertex -34.0169 -12.3811 30
    endloop
  endfacet
  facet normal 0 0 1
    outer loop
      vertex -33.5641 -13.5608 30
      vertex -34.3058 -13.8604 30
      vertex -33.8012 -15.0493 30
    endloop
  endfacet
  facet normal 0 0 1
    outer loop
      vertex -34.7686 -12.6547 30
      vertex -34.0169 -12.3811 30
      vertex -34.4282 -11.1864 30
    endloop
  endfacet
  facet normal 0 0 1
    outer loop
      vertex -34.0169 -12.3811 30
      vertex -34.7686 -12.6547 30
      vertex -34.3058 -13.8604 30
    endloop
  endfacet
  facet normal 0 0 1
    outer loop
      vertex -35.1891 -11.4336 30
      vertex -34.4282 -11.1864 30
      vertex -34.7977 -9.97807 30
    endloop
  endfacet
  facet normal 0 0 1
    outer loop
      vertex -35.5667 -10.1986 30
      vertex -34.7977 -9.97807 30
      vertex -35.1247 -8.75757 30
    endloop
  endfacet
  facet normal 0 0 1
    outer loop
      vertex -34.4282 -11.1864 30
      vertex -35.1891 -11.4336 30
      vertex -34.7686 -12.6547 30
    endloop
  endfacet
  facet normal 0 0 1
    outer loop
      vertex -35.9009 -8.95111 30
      vertex -35.1247 -8.75757 30
      vertex -35.4089 -7.5264 30
    endloop
  endfacet
  facet normal 0 0 1
    outer loop
      vertex -34.7977 -9.97807 30
      vertex -35.5667 -10.1986 30
      vertex -35.1891 -11.4336 30
    endloop
  endfacet
  facet normal 0 0 1
    outer loop
      vertex -36.1915 -7.69273 30
      vertex -35.4089 -7.5264 30
      vertex -35.65 -6.28606 30
    endloop
  endfacet
  facet normal 0 0 1
    outer loop
      vertex -36.4379 -6.42498 30
      vertex -35.65 -6.28606 30
      vertex -35.8477 -5.03807 30
    endloop
  endfacet
  facet normal 0 0 1
    outer loop
      vertex -35.1247 -8.75757 30
      vertex -35.9009 -8.95111 30
      vertex -35.5667 -10.1986 30
    endloop
  endfacet
  facet normal 0 0 1
    outer loop
      vertex -36.6399 -5.1494 30
      vertex -35.8477 -5.03807 30
      vertex -36.0017 -3.78393 30
    endloop
  endfacet
  facet normal 0 0 1
    outer loop
      vertex -36.7973 -3.86755 30
      vertex -36.0017 -3.78393 30
      vertex -36.1118 -2.52518 30
    endloop
  endfacet
  facet normal 0 0 1
    outer loop
      vertex -36.9099 -2.58099 30
      vertex -36.1118 -2.52518 30
      vertex -36.1779 -1.26336 30
    endloop
  endfacet
  facet normal 0 0 1
    outer loop
      vertex -35.4089 -7.5264 30
      vertex -36.1915 -7.69273 30
      vertex -35.9009 -8.95111 30
    endloop
  endfacet
  facet normal 0 0 1
    outer loop
      vertex -36.9775 -1.29128 30
      vertex -36.1779 -1.26336 30
      vertex -36.2 0 30
    endloop
  endfacet
  facet normal -0 0 1
    outer loop
      vertex -36.9099 2.58099 30
      vertex -36.1118 2.52518 30
      vertex -36.7973 3.86755 30
    endloop
  endfacet
  facet normal 0 0 1
    outer loop
      vertex -35.65 -6.28606 30
      vertex -36.4379 -6.42498 30
      vertex -36.1915 -7.69273 30
    endloop
  endfacet
  facet normal 0 0 1
    outer loop
      vertex -36.1118 2.52518 30
      vertex -36.9099 2.58099 30
      vertex -36.1779 1.26336 30
    endloop
  endfacet
  facet normal 0 0 1
    outer loop
      vertex -35.8477 -5.03807 30
      vertex -36.6399 -5.1494 30
      vertex -36.4379 -6.42498 30
    endloop
  endfacet
  facet normal -0 0 1
    outer loop
      vertex -36.9775 1.29128 30
      vertex -36.1779 1.26336 30
      vertex -36.9099 2.58099 30
    endloop
  endfacet
  facet normal 0 0 1
    outer loop
      vertex -36.0017 -3.78393 30
      vertex -36.7973 -3.86755 30
      vertex -36.6399 -5.1494 30
    endloop
  endfacet
  facet normal 0 0 1
    outer loop
      vertex -36.1779 1.26336 30
      vertex -36.9775 1.29128 30
      vertex -36.2 0 30
    endloop
  endfacet
  facet normal 0 0 1
    outer loop
      vertex -36.1118 -2.52518 30
      vertex -36.9099 -2.58099 30
      vertex -36.7973 -3.86755 30
    endloop
  endfacet
  facet normal 0 0 1
    outer loop
      vertex -37 0 30
      vertex -36.2 0 30
      vertex -36.9775 1.29128 30
    endloop
  endfacet
  facet normal 0 0 1
    outer loop
      vertex -36.1779 -1.26336 30
      vertex -36.9775 -1.29128 30
      vertex -36.9099 -2.58099 30
    endloop
  endfacet
  facet normal 0 0 1
    outer loop
      vertex -36.2 0 30
      vertex -37 0 30
      vertex -36.9775 -1.29128 30
    endloop
  endfacet
  facet normal -0.777151 -0.629314 0
    outer loop
      vertex -30.6418 -25.7115 0
      vertex -31.5204 -24.6265 30
      vertex -31.5204 -24.6265 0
    endloop
  endfacet
  facet normal -0.777151 -0.629314 0
    outer loop
      vertex -31.5204 -24.6265 30
      vertex -30.6418 -25.7115 0
      vertex -30.6418 -25.7115 30
    endloop
  endfacet
  facet normal 0.992542 -0.121903 0
    outer loop
      vertex 39.6107 -5.56692 30
      vertex 39.7809 -4.18114 0
      vertex 39.7809 -4.18114 30
    endloop
  endfacet
  facet normal 0.992542 -0.121903 0
    outer loop
      vertex 39.7809 -4.18114 0
      vertex 39.6107 -5.56692 30
      vertex 39.6107 -5.56692 0
    endloop
  endfacet
  facet normal 0.996194 -0.0871655 0
    outer loop
      vertex 39.7809 -4.18114 30
      vertex 39.9026 -2.79026 0
      vertex 39.9026 -2.79026 30
    endloop
  endfacet
  facet normal 0.996194 -0.0871655 0
    outer loop
      vertex 39.9026 -2.79026 0
      vertex 39.7809 -4.18114 30
      vertex 39.7809 -4.18114 0
    endloop
  endfacet
  facet normal 0.224968 -0.974366 0
    outer loop
      vertex 8.31647 -39.1259 0
      vertex 9.67688 -38.8118 30
      vertex 8.31647 -39.1259 30
    endloop
  endfacet
  facet normal 0.224968 -0.974366 0
    outer loop
      vertex 9.67688 -38.8118 30
      vertex 8.31647 -39.1259 0
      vertex 9.67688 -38.8118 0
    endloop
  endfacet
  facet normal 0.0174761 -0.999847 0
    outer loop
      vertex 0 -40 1.18
      vertex 1.39598 -39.9756 30
      vertex 0 -40 30
    endloop
  endfacet
  facet normal 0.0174761 -0.999847 0
    outer loop
      vertex 1.39598 -39.9756 30
      vertex 0 -40 1.18
      vertex 1.39598 -39.9756 1.18
    endloop
  endfacet
  facet normal -0.0522852 -0.998632 1.59918e-06
    outer loop
      vertex -2.79026 -39.9026 30
      vertex -1.5 -39.9702 1.18
      vertex -1.39598 -39.9756 30
    endloop
  endfacet
  facet normal -0.0523208 -0.99863 0
    outer loop
      vertex -2.79026 -39.9026 0
      vertex -1.5 -39.9702 1.18
      vertex -2.79026 -39.9026 30
    endloop
  endfacet
  facet normal -0.0523208 -0.99863 -0
    outer loop
      vertex -1.5 -39.9702 1.18
      vertex -2.79026 -39.9026 0
      vertex -1.5 -39.9702 0
    endloop
  endfacet
  facet normal -0.0518433 -0.998655 -0
    outer loop
      vertex -1.39598 -39.9756 30
      vertex -1.5 -39.9702 1.18
      vertex -1.39598 -39.9756 1.18
    endloop
  endfacet
  facet normal -0.484828 -0.87461 0
    outer loop
      vertex -20 -34.641 0
      vertex -18.7789 -35.3179 30
      vertex -20 -34.641 30
    endloop
  endfacet
  facet normal -0.484828 -0.87461 -0
    outer loop
      vertex -18.7789 -35.3179 30
      vertex -20 -34.641 0
      vertex -18.7789 -35.3179 0
    endloop
  endfacet
  facet normal 0.945507 -0.325602 0
    outer loop
      vertex 37.5877 -13.6808 30
      vertex 38.0423 -12.3607 0
      vertex 38.0423 -12.3607 30
    endloop
  endfacet
  facet normal 0.945507 -0.325602 0
    outer loop
      vertex 38.0423 -12.3607 0
      vertex 37.5877 -13.6808 30
      vertex 37.5877 -13.6808 0
    endloop
  endfacet
  facet normal 0.933596 -0.358326 0
    outer loop
      vertex 37.0874 -14.9843 30
      vertex 37.5877 -13.6808 0
      vertex 37.5877 -13.6808 30
    endloop
  endfacet
  facet normal 0.933596 -0.358326 0
    outer loop
      vertex 37.5877 -13.6808 0
      vertex 37.0874 -14.9843 30
      vertex 37.0874 -14.9843 0
    endloop
  endfacet
  facet normal 0.956307 -0.292364 0
    outer loop
      vertex 38.0423 -12.3607 30
      vertex 38.4505 -11.0255 0
      vertex 38.4505 -11.0255 30
    endloop
  endfacet
  facet normal 0.956307 -0.292364 0
    outer loop
      vertex 38.4505 -11.0255 0
      vertex 38.0423 -12.3607 30
      vertex 38.0423 -12.3607 0
    endloop
  endfacet
  facet normal -0.981628 0.190805 0
    outer loop
      vertex -39.3923 6.94593 0
      vertex -39.1259 8.31647 30
      vertex -39.1259 8.31647 0
    endloop
  endfacet
  facet normal -0.981628 0.190805 0
    outer loop
      vertex -39.1259 8.31647 30
      vertex -39.3923 6.94593 0
      vertex -39.3923 6.94593 30
    endloop
  endfacet
  facet normal -0.933596 0.358326 0
    outer loop
      vertex -37.5877 13.6808 0
      vertex -37.0874 14.9843 30
      vertex -37.0874 14.9843 0
    endloop
  endfacet
  facet normal -0.933596 0.358326 0
    outer loop
      vertex -37.0874 14.9843 30
      vertex -37.5877 13.6808 0
      vertex -37.5877 13.6808 30
    endloop
  endfacet
  facet normal 0.819161 0.573563 0
    outer loop
      vertex 33.1615 22.3677 30
      vertex 32.3607 23.5114 0
      vertex 32.3607 23.5114 30
    endloop
  endfacet
  facet normal 0.819161 0.573563 0
    outer loop
      vertex 32.3607 23.5114 0
      vertex 33.1615 22.3677 30
      vertex 33.1615 22.3677 0
    endloop
  endfacet
  facet normal -0.325602 0.945507 0
    outer loop
      vertex -12.3607 38.0423 0
      vertex -13.6808 37.5877 30
      vertex -12.3607 38.0423 30
    endloop
  endfacet
  facet normal -0.325602 0.945507 0
    outer loop
      vertex -13.6808 37.5877 30
      vertex -12.3607 38.0423 0
      vertex -13.6808 37.5877 0
    endloop
  endfacet
  facet normal -0.98769 -0.156425 0
    outer loop
      vertex -39.3923 -6.94593 0
      vertex -39.6107 -5.56692 30
      vertex -39.6107 -5.56692 0
    endloop
  endfacet
  facet normal -0.98769 -0.156425 0
    outer loop
      vertex -39.6107 -5.56692 30
      vertex -39.3923 -6.94593 0
      vertex -39.3923 -6.94593 30
    endloop
  endfacet
  facet normal -0.906313 -0.422607 0
    outer loop
      vertex -35.9518 -17.5348 0
      vertex -36.5418 -16.2695 30
      vertex -36.5418 -16.2695 0
    endloop
  endfacet
  facet normal -0.906313 -0.422607 0
    outer loop
      vertex -36.5418 -16.2695 30
      vertex -35.9518 -17.5348 0
      vertex -35.9518 -17.5348 30
    endloop
  endfacet
  facet normal -0.798631 -0.60182 0
    outer loop
      vertex -31.5204 -24.6265 0
      vertex -32.3607 -23.5114 30
      vertex -32.3607 -23.5114 0
    endloop
  endfacet
  facet normal -0.798631 -0.60182 0
    outer loop
      vertex -32.3607 -23.5114 30
      vertex -31.5204 -24.6265 0
      vertex -31.5204 -24.6265 30
    endloop
  endfacet
  facet normal -0.838668 -0.544643 0
    outer loop
      vertex -33.1615 -22.3677 0
      vertex -33.9219 -21.1968 30
      vertex -33.9219 -21.1968 0
    endloop
  endfacet
  facet normal -0.838668 -0.544643 0
    outer loop
      vertex -33.9219 -21.1968 30
      vertex -33.1615 -22.3677 0
      vertex -33.1615 -22.3677 30
    endloop
  endfacet
  facet normal -0.819161 -0.573563 0
    outer loop
      vertex -32.3607 -23.5114 0
      vertex -33.1615 -22.3677 30
      vertex -33.1615 -22.3677 0
    endloop
  endfacet
  facet normal -0.819161 -0.573563 0
    outer loop
      vertex -33.1615 -22.3677 30
      vertex -32.3607 -23.5114 0
      vertex -32.3607 -23.5114 30
    endloop
  endfacet
  facet normal 0.998632 -0.0522852 0
    outer loop
      vertex 39.9026 -2.79026 30
      vertex 39.9756 -1.39598 0
      vertex 39.9756 -1.39598 30
    endloop
  endfacet
  facet normal 0.998632 -0.0522852 0
    outer loop
      vertex 39.9756 -1.39598 0
      vertex 39.9026 -2.79026 30
      vertex 39.9026 -2.79026 0
    endloop
  endfacet
  facet normal 0.0518433 -0.998655 0
    outer loop
      vertex 1.5 -39.9702 1.18
      vertex 1.39598 -39.9756 30
      vertex 1.39598 -39.9756 1.18
    endloop
  endfacet
  facet normal 0.0522852 -0.998632 1.59918e-06
    outer loop
      vertex 1.39598 -39.9756 30
      vertex 1.5 -39.9702 1.18
      vertex 2.79026 -39.9026 30
    endloop
  endfacet
  facet normal 0.0523208 -0.99863 0
    outer loop
      vertex 2.79026 -39.9026 0
      vertex 1.5 -39.9702 1.18
      vertex 1.5 -39.9702 0
    endloop
  endfacet
  facet normal 0.0523208 -0.99863 0
    outer loop
      vertex 1.5 -39.9702 1.18
      vertex 2.79026 -39.9026 0
      vertex 2.79026 -39.9026 30
    endloop
  endfacet
  facet normal -0.156425 -0.98769 0
    outer loop
      vertex -6.94593 -39.3923 0
      vertex -5.56692 -39.6107 30
      vertex -6.94593 -39.3923 30
    endloop
  endfacet
  facet normal -0.156425 -0.98769 -0
    outer loop
      vertex -5.56692 -39.6107 30
      vertex -6.94593 -39.3923 0
      vertex -5.56692 -39.6107 0
    endloop
  endfacet
  facet normal -0.390771 -0.920488 0
    outer loop
      vertex -16.2695 -36.5418 0
      vertex -14.9843 -37.0874 30
      vertex -16.2695 -36.5418 30
    endloop
  endfacet
  facet normal -0.390771 -0.920488 -0
    outer loop
      vertex -14.9843 -37.0874 30
      vertex -16.2695 -36.5418 0
      vertex -14.9843 -37.0874 0
    endloop
  endfacet
  facet normal -0.629314 -0.777151 0
    outer loop
      vertex -25.7115 -30.6418 0
      vertex -24.6265 -31.5204 30
      vertex -25.7115 -30.6418 30
    endloop
  endfacet
  facet normal -0.629314 -0.777151 -0
    outer loop
      vertex -24.6265 -31.5204 30
      vertex -25.7115 -30.6418 0
      vertex -24.6265 -31.5204 0
    endloop
  endfacet
  facet normal 0.656072 -0.754698 0
    outer loop
      vertex 25.7115 -30.6418 0
      vertex 26.7652 -29.7258 30
      vertex 25.7115 -30.6418 30
    endloop
  endfacet
  facet normal 0.656072 -0.754698 0
    outer loop
      vertex 26.7652 -29.7258 30
      vertex 25.7115 -30.6418 0
      vertex 26.7652 -29.7258 0
    endloop
  endfacet
  facet normal 0.87461 -0.484828 0
    outer loop
      vertex 34.641 -20 30
      vertex 35.3179 -18.7789 0
      vertex 35.3179 -18.7789 30
    endloop
  endfacet
  facet normal 0.87461 -0.484828 0
    outer loop
      vertex 35.3179 -18.7789 0
      vertex 34.641 -20 30
      vertex 34.641 -20 0
    endloop
  endfacet
  facet normal 0.754698 -0.656072 0
    outer loop
      vertex 29.7258 -26.7652 30
      vertex 30.6418 -25.7115 0
      vertex 30.6418 -25.7115 30
    endloop
  endfacet
  facet normal 0.754698 -0.656072 0
    outer loop
      vertex 30.6418 -25.7115 0
      vertex 29.7258 -26.7652 30
      vertex 29.7258 -26.7652 0
    endloop
  endfacet
  facet normal 0.682002 -0.731351 0
    outer loop
      vertex 26.7652 -29.7258 0
      vertex 27.7863 -28.7736 30
      vertex 26.7652 -29.7258 30
    endloop
  endfacet
  facet normal 0.682002 -0.731351 0
    outer loop
      vertex 27.7863 -28.7736 30
      vertex 26.7652 -29.7258 0
      vertex 27.7863 -28.7736 0
    endloop
  endfacet
  facet normal 0.965937 -0.258778 0
    outer loop
      vertex 38.4505 -11.0255 30
      vertex 38.8118 -9.67688 0
      vertex 38.8118 -9.67688 30
    endloop
  endfacet
  facet normal 0.965937 -0.258778 0
    outer loop
      vertex 38.8118 -9.67688 0
      vertex 38.4505 -11.0255 30
      vertex 38.4505 -11.0255 0
    endloop
  endfacet
  facet normal 0.974366 -0.224968 0
    outer loop
      vertex 38.8118 -9.67688 30
      vertex 39.1259 -8.31647 0
      vertex 39.1259 -8.31647 30
    endloop
  endfacet
  facet normal 0.974366 -0.224968 0
    outer loop
      vertex 39.1259 -8.31647 0
      vertex 38.8118 -9.67688 30
      vertex 38.8118 -9.67688 0
    endloop
  endfacet
  facet normal 0.981628 -0.190805 0
    outer loop
      vertex 39.1259 -8.31647 30
      vertex 39.3923 -6.94593 0
      vertex 39.3923 -6.94593 30
    endloop
  endfacet
  facet normal 0.981628 -0.190805 0
    outer loop
      vertex 39.3923 -6.94593 0
      vertex 39.1259 -8.31647 30
      vertex 39.1259 -8.31647 0
    endloop
  endfacet
  facet normal -0.998632 0.0522852 0
    outer loop
      vertex -39.9756 1.39598 0
      vertex -39.9026 2.79026 30
      vertex -39.9026 2.79026 0
    endloop
  endfacet
  facet normal -0.998632 0.0522852 0
    outer loop
      vertex -39.9026 2.79026 30
      vertex -39.9756 1.39598 0
      vertex -39.9756 1.39598 30
    endloop
  endfacet
  facet normal -0.992542 0.121903 0
    outer loop
      vertex -39.7809 4.18114 0
      vertex -39.6107 5.56692 30
      vertex -39.6107 5.56692 0
    endloop
  endfacet
  facet normal -0.992542 0.121903 0
    outer loop
      vertex -39.6107 5.56692 30
      vertex -39.7809 4.18114 0
      vertex -39.7809 4.18114 30
    endloop
  endfacet
  facet normal -0.996194 0.0871655 0
    outer loop
      vertex -39.9026 2.79026 0
      vertex -39.7809 4.18114 30
      vertex -39.7809 4.18114 0
    endloop
  endfacet
  facet normal -0.996194 0.0871655 0
    outer loop
      vertex -39.7809 4.18114 30
      vertex -39.9026 2.79026 0
      vertex -39.9026 2.79026 30
    endloop
  endfacet
  facet normal -0.945507 0.325602 0
    outer loop
      vertex -38.0423 12.3607 0
      vertex -37.5877 13.6808 30
      vertex -37.5877 13.6808 0
    endloop
  endfacet
  facet normal -0.945507 0.325602 0
    outer loop
      vertex -37.5877 13.6808 30
      vertex -38.0423 12.3607 0
      vertex -38.0423 12.3607 30
    endloop
  endfacet
  facet normal -0.819161 0.573563 0
    outer loop
      vertex -33.1615 22.3677 0
      vertex -32.3607 23.5114 30
      vertex -32.3607 23.5114 0
    endloop
  endfacet
  facet normal -0.819161 0.573563 0
    outer loop
      vertex -32.3607 23.5114 30
      vertex -33.1615 22.3677 0
      vertex -33.1615 22.3677 30
    endloop
  endfacet
  facet normal -0.754698 0.656072 0
    outer loop
      vertex -30.6418 25.7115 0
      vertex -29.7258 26.7652 30
      vertex -29.7258 26.7652 0
    endloop
  endfacet
  facet normal -0.754698 0.656072 0
    outer loop
      vertex -29.7258 26.7652 30
      vertex -30.6418 25.7115 0
      vertex -30.6418 25.7115 30
    endloop
  endfacet
  facet normal -0.484828 0.87461 0
    outer loop
      vertex -18.7789 35.3179 0
      vertex -20 34.641 30
      vertex -18.7789 35.3179 30
    endloop
  endfacet
  facet normal -0.484828 0.87461 0
    outer loop
      vertex -20 34.641 30
      vertex -18.7789 35.3179 0
      vertex -20 34.641 0
    endloop
  endfacet
  facet normal 0.0871655 0.996194 -0
    outer loop
      vertex 4.18114 39.7809 0
      vertex 2.79026 39.9026 30
      vertex 4.18114 39.7809 30
    endloop
  endfacet
  facet normal 0.0871655 0.996194 0
    outer loop
      vertex 2.79026 39.9026 30
      vertex 4.18114 39.7809 0
      vertex 2.79026 39.9026 0
    endloop
  endfacet
  facet normal 0.190805 0.981628 -0
    outer loop
      vertex 8.31647 39.1259 0
      vertex 6.94593 39.3923 30
      vertex 8.31647 39.1259 30
    endloop
  endfacet
  facet normal 0.190805 0.981628 0
    outer loop
      vertex 6.94593 39.3923 30
      vertex 8.31647 39.1259 0
      vertex 6.94593 39.3923 0
    endloop
  endfacet
  facet normal 0.358326 0.933596 -0
    outer loop
      vertex 14.9843 37.0874 0
      vertex 13.6808 37.5877 30
      vertex 14.9843 37.0874 30
    endloop
  endfacet
  facet normal 0.358326 0.933596 0
    outer loop
      vertex 13.6808 37.5877 30
      vertex 14.9843 37.0874 0
      vertex 13.6808 37.5877 0
    endloop
  endfacet
  facet normal 0.292364 0.956307 -0
    outer loop
      vertex 12.3607 38.0423 0
      vertex 11.0255 38.4505 30
      vertex 12.3607 38.0423 30
    endloop
  endfacet
  facet normal 0.292364 0.956307 0
    outer loop
      vertex 11.0255 38.4505 30
      vertex 12.3607 38.0423 0
      vertex 11.0255 38.4505 0
    endloop
  endfacet
  facet normal 0.656072 0.754698 -0
    outer loop
      vertex 26.7652 29.7258 0
      vertex 25.7115 30.6418 30
      vertex 26.7652 29.7258 30
    endloop
  endfacet
  facet normal 0.656072 0.754698 0
    outer loop
      vertex 25.7115 30.6418 30
      vertex 26.7652 29.7258 0
      vertex 25.7115 30.6418 0
    endloop
  endfacet
  facet normal 0.45399 0.891007 -0
    outer loop
      vertex 18.7789 35.3179 0
      vertex 17.5348 35.9518 30
      vertex 18.7789 35.3179 30
    endloop
  endfacet
  facet normal 0.45399 0.891007 0
    outer loop
      vertex 17.5348 35.9518 30
      vertex 18.7789 35.3179 0
      vertex 17.5348 35.9518 0
    endloop
  endfacet
  facet normal 0.544643 0.838668 -0
    outer loop
      vertex 22.3677 33.1615 0
      vertex 21.1968 33.9219 30
      vertex 22.3677 33.1615 30
    endloop
  endfacet
  facet normal 0.544643 0.838668 0
    outer loop
      vertex 21.1968 33.9219 30
      vertex 22.3677 33.1615 0
      vertex 21.1968 33.9219 0
    endloop
  endfacet
  facet normal 0.992542 0.121903 0
    outer loop
      vertex 39.7809 4.18114 30
      vertex 39.6107 5.56692 0
      vertex 39.6107 5.56692 30
    endloop
  endfacet
  facet normal 0.992542 0.121903 0
    outer loop
      vertex 39.6107 5.56692 0
      vertex 39.7809 4.18114 30
      vertex 39.7809 4.18114 0
    endloop
  endfacet
  facet normal -0.358326 0.933596 0
    outer loop
      vertex -13.6808 37.5877 0
      vertex -14.9843 37.0874 30
      vertex -13.6808 37.5877 30
    endloop
  endfacet
  facet normal -0.358326 0.933596 0
    outer loop
      vertex -14.9843 37.0874 30
      vertex -13.6808 37.5877 0
      vertex -14.9843 37.0874 0
    endloop
  endfacet
  facet normal -0.224968 0.974366 0
    outer loop
      vertex -8.31647 39.1259 0
      vertex -9.67688 38.8118 30
      vertex -8.31647 39.1259 30
    endloop
  endfacet
  facet normal -0.224968 0.974366 0
    outer loop
      vertex -9.67688 38.8118 30
      vertex -8.31647 39.1259 0
      vertex -9.67688 38.8118 0
    endloop
  endfacet
  facet normal -0.258778 0.965937 0
    outer loop
      vertex -9.67688 38.8118 0
      vertex -11.0255 38.4505 30
      vertex -9.67688 38.8118 30
    endloop
  endfacet
  facet normal -0.258778 0.965937 0
    outer loop
      vertex -11.0255 38.4505 30
      vertex -9.67688 38.8118 0
      vertex -11.0255 38.4505 0
    endloop
  endfacet
  facet normal -0.190805 0.981628 0
    outer loop
      vertex -6.94593 39.3923 0
      vertex -8.31647 39.1259 30
      vertex -6.94593 39.3923 30
    endloop
  endfacet
  facet normal -0.190805 0.981628 0
    outer loop
      vertex -8.31647 39.1259 30
      vertex -6.94593 39.3923 0
      vertex -8.31647 39.1259 0
    endloop
  endfacet
  facet normal -0.0522852 0.998632 0
    outer loop
      vertex -1.39598 39.9756 0
      vertex -2.79026 39.9026 30
      vertex -1.39598 39.9756 30
    endloop
  endfacet
  facet normal -0.0522852 0.998632 0
    outer loop
      vertex -2.79026 39.9026 30
      vertex -1.39598 39.9756 0
      vertex -2.79026 39.9026 0
    endloop
  endfacet
  facet normal -0.956307 -0.292364 0
    outer loop
      vertex -38.0423 -12.3607 0
      vertex -38.4505 -11.0255 30
      vertex -38.4505 -11.0255 0
    endloop
  endfacet
  facet normal -0.956307 -0.292364 0
    outer loop
      vertex -38.4505 -11.0255 30
      vertex -38.0423 -12.3607 0
      vertex -38.0423 -12.3607 30
    endloop
  endfacet
  facet normal -0.965937 -0.258778 0
    outer loop
      vertex -38.4505 -11.0255 0
      vertex -38.8118 -9.67688 30
      vertex -38.8118 -9.67688 0
    endloop
  endfacet
  facet normal -0.965937 -0.258778 0
    outer loop
      vertex -38.8118 -9.67688 30
      vertex -38.4505 -11.0255 0
      vertex -38.4505 -11.0255 30
    endloop
  endfacet
  facet normal -0.996194 -0.0871655 0
    outer loop
      vertex -39.7809 -4.18114 0
      vertex -39.9026 -2.79026 30
      vertex -39.9026 -2.79026 0
    endloop
  endfacet
  facet normal -0.996194 -0.0871655 0
    outer loop
      vertex -39.9026 -2.79026 30
      vertex -39.7809 -4.18114 0
      vertex -39.7809 -4.18114 30
    endloop
  endfacet
  facet normal -0.933596 -0.358326 0
    outer loop
      vertex -37.0874 -14.9843 0
      vertex -37.5877 -13.6808 30
      vertex -37.5877 -13.6808 0
    endloop
  endfacet
  facet normal -0.933596 -0.358326 0
    outer loop
      vertex -37.5877 -13.6808 30
      vertex -37.0874 -14.9843 0
      vertex -37.0874 -14.9843 30
    endloop
  endfacet
  facet normal -0.87461 -0.484828 0
    outer loop
      vertex -34.641 -20 0
      vertex -35.3179 -18.7789 30
      vertex -35.3179 -18.7789 0
    endloop
  endfacet
  facet normal -0.87461 -0.484828 0
    outer loop
      vertex -35.3179 -18.7789 30
      vertex -34.641 -20 0
      vertex -34.641 -20 30
    endloop
  endfacet
  facet normal -0.754698 -0.656072 0
    outer loop
      vertex -29.7258 -26.7652 0
      vertex -30.6418 -25.7115 30
      vertex -30.6418 -25.7115 0
    endloop
  endfacet
  facet normal -0.754698 -0.656072 0
    outer loop
      vertex -30.6418 -25.7115 30
      vertex -29.7258 -26.7652 0
      vertex -29.7258 -26.7652 30
    endloop
  endfacet
  facet normal -0.731351 -0.682002 0
    outer loop
      vertex -28.7736 -27.7863 0
      vertex -29.7258 -26.7652 30
      vertex -29.7258 -26.7652 0
    endloop
  endfacet
  facet normal -0.731351 -0.682002 0
    outer loop
      vertex -29.7258 -26.7652 30
      vertex -28.7736 -27.7863 0
      vertex -28.7736 -27.7863 30
    endloop
  endfacet
  facet normal 0.156425 -0.98769 0
    outer loop
      vertex 5.56692 -39.6107 0
      vertex 6.94593 -39.3923 30
      vertex 5.56692 -39.6107 30
    endloop
  endfacet
  facet normal 0.156425 -0.98769 0
    outer loop
      vertex 6.94593 -39.3923 30
      vertex 5.56692 -39.6107 0
      vertex 6.94593 -39.3923 0
    endloop
  endfacet
  facet normal 0.325602 -0.945507 0
    outer loop
      vertex 12.3607 -38.0423 0
      vertex 13.6808 -37.5877 30
      vertex 12.3607 -38.0423 30
    endloop
  endfacet
  facet normal 0.325602 -0.945507 0
    outer loop
      vertex 13.6808 -37.5877 30
      vertex 12.3607 -38.0423 0
      vertex 13.6808 -37.5877 0
    endloop
  endfacet
  facet normal 0.0871655 -0.996194 0
    outer loop
      vertex 2.79026 -39.9026 0
      vertex 4.18114 -39.7809 30
      vertex 2.79026 -39.9026 30
    endloop
  endfacet
  facet normal 0.0871655 -0.996194 0
    outer loop
      vertex 4.18114 -39.7809 30
      vertex 2.79026 -39.9026 0
      vertex 4.18114 -39.7809 0
    endloop
  endfacet
  facet normal -0.224968 -0.974366 0
    outer loop
      vertex -9.67688 -38.8118 0
      vertex -8.31647 -39.1259 30
      vertex -9.67688 -38.8118 30
    endloop
  endfacet
  facet normal -0.224968 -0.974366 -0
    outer loop
      vertex -8.31647 -39.1259 30
      vertex -9.67688 -38.8118 0
      vertex -8.31647 -39.1259 0
    endloop
  endfacet
  facet normal -0.325602 -0.945507 0
    outer loop
      vertex -13.6808 -37.5877 0
      vertex -12.3607 -38.0423 30
      vertex -13.6808 -37.5877 30
    endloop
  endfacet
  facet normal -0.325602 -0.945507 -0
    outer loop
      vertex -12.3607 -38.0423 30
      vertex -13.6808 -37.5877 0
      vertex -12.3607 -38.0423 0
    endloop
  endfacet
  facet normal -0.258778 -0.965937 0
    outer loop
      vertex -11.0255 -38.4505 0
      vertex -9.67688 -38.8118 30
      vertex -11.0255 -38.4505 30
    endloop
  endfacet
  facet normal -0.258778 -0.965937 -0
    outer loop
      vertex -9.67688 -38.8118 30
      vertex -11.0255 -38.4505 0
      vertex -9.67688 -38.8118 0
    endloop
  endfacet
  facet normal -0.45399 -0.891007 0
    outer loop
      vertex -18.7789 -35.3179 0
      vertex -17.5348 -35.9518 30
      vertex -18.7789 -35.3179 30
    endloop
  endfacet
  facet normal -0.45399 -0.891007 -0
    outer loop
      vertex -17.5348 -35.9518 30
      vertex -18.7789 -35.3179 0
      vertex -17.5348 -35.9518 0
    endloop
  endfacet
  facet normal -0.544643 -0.838668 0
    outer loop
      vertex -22.3677 -33.1615 0
      vertex -21.1968 -33.9219 30
      vertex -22.3677 -33.1615 30
    endloop
  endfacet
  facet normal -0.544643 -0.838668 -0
    outer loop
      vertex -21.1968 -33.9219 30
      vertex -22.3677 -33.1615 0
      vertex -21.1968 -33.9219 0
    endloop
  endfacet
  facet normal -0.515033 -0.85717 0
    outer loop
      vertex -21.1968 -33.9219 0
      vertex -20 -34.641 30
      vertex -21.1968 -33.9219 30
    endloop
  endfacet
  facet normal -0.515033 -0.85717 -0
    outer loop
      vertex -20 -34.641 30
      vertex -21.1968 -33.9219 0
      vertex -20 -34.641 0
    endloop
  endfacet
  facet normal -0.682002 -0.731351 0
    outer loop
      vertex -27.7863 -28.7736 0
      vertex -26.7652 -29.7258 30
      vertex -27.7863 -28.7736 30
    endloop
  endfacet
  facet normal -0.682002 -0.731351 -0
    outer loop
      vertex -26.7652 -29.7258 30
      vertex -27.7863 -28.7736 0
      vertex -26.7652 -29.7258 0
    endloop
  endfacet
  facet normal 0.422607 -0.906313 0
    outer loop
      vertex 16.2695 -36.5418 0
      vertex 17.5348 -35.9518 30
      vertex 16.2695 -36.5418 30
    endloop
  endfacet
  facet normal 0.422607 -0.906313 0
    outer loop
      vertex 17.5348 -35.9518 30
      vertex 16.2695 -36.5418 0
      vertex 17.5348 -35.9518 0
    endloop
  endfacet
  facet normal 0.45399 -0.891007 0
    outer loop
      vertex 17.5348 -35.9518 0
      vertex 18.7789 -35.3179 30
      vertex 17.5348 -35.9518 30
    endloop
  endfacet
  facet normal 0.45399 -0.891007 0
    outer loop
      vertex 18.7789 -35.3179 30
      vertex 17.5348 -35.9518 0
      vertex 18.7789 -35.3179 0
    endloop
  endfacet
  facet normal 0.484828 -0.87461 0
    outer loop
      vertex 18.7789 -35.3179 0
      vertex 20 -34.641 30
      vertex 18.7789 -35.3179 30
    endloop
  endfacet
  facet normal 0.484828 -0.87461 0
    outer loop
      vertex 20 -34.641 30
      vertex 18.7789 -35.3179 0
      vertex 20 -34.641 0
    endloop
  endfacet
  facet normal 0.573563 -0.819161 0
    outer loop
      vertex 22.3677 -33.1615 0
      vertex 23.5114 -32.3607 30
      vertex 22.3677 -33.1615 30
    endloop
  endfacet
  facet normal 0.573563 -0.819161 0
    outer loop
      vertex 23.5114 -32.3607 30
      vertex 22.3677 -33.1615 0
      vertex 23.5114 -32.3607 0
    endloop
  endfacet
  facet normal 0.515033 -0.85717 0
    outer loop
      vertex 20 -34.641 0
      vertex 21.1968 -33.9219 30
      vertex 20 -34.641 30
    endloop
  endfacet
  facet normal 0.515033 -0.85717 0
    outer loop
      vertex 21.1968 -33.9219 30
      vertex 20 -34.641 0
      vertex 21.1968 -33.9219 0
    endloop
  endfacet
  facet normal 0.60182 -0.798631 0
    outer loop
      vertex 23.5114 -32.3607 0
      vertex 24.6265 -31.5204 30
      vertex 23.5114 -32.3607 30
    endloop
  endfacet
  facet normal 0.60182 -0.798631 0
    outer loop
      vertex 24.6265 -31.5204 30
      vertex 23.5114 -32.3607 0
      vertex 24.6265 -31.5204 0
    endloop
  endfacet
  facet normal 0.544643 -0.838668 0
    outer loop
      vertex 21.1968 -33.9219 0
      vertex 22.3677 -33.1615 30
      vertex 21.1968 -33.9219 30
    endloop
  endfacet
  facet normal 0.544643 -0.838668 0
    outer loop
      vertex 22.3677 -33.1615 30
      vertex 21.1968 -33.9219 0
      vertex 22.3677 -33.1615 0
    endloop
  endfacet
  facet normal 0.891007 -0.45399 0
    outer loop
      vertex 35.3179 -18.7789 30
      vertex 35.9518 -17.5348 0
      vertex 35.9518 -17.5348 30
    endloop
  endfacet
  facet normal 0.891007 -0.45399 0
    outer loop
      vertex 35.9518 -17.5348 0
      vertex 35.3179 -18.7789 30
      vertex 35.3179 -18.7789 0
    endloop
  endfacet
  facet normal 0.85717 -0.515033 0
    outer loop
      vertex 33.9219 -21.1968 30
      vertex 34.641 -20 0
      vertex 34.641 -20 30
    endloop
  endfacet
  facet normal 0.85717 -0.515033 0
    outer loop
      vertex 34.641 -20 0
      vertex 33.9219 -21.1968 30
      vertex 33.9219 -21.1968 0
    endloop
  endfacet
  facet normal 0.731351 -0.682002 0
    outer loop
      vertex 28.7736 -27.7863 30
      vertex 29.7258 -26.7652 0
      vertex 29.7258 -26.7652 30
    endloop
  endfacet
  facet normal 0.731351 -0.682002 0
    outer loop
      vertex 29.7258 -26.7652 0
      vertex 28.7736 -27.7863 30
      vertex 28.7736 -27.7863 0
    endloop
  endfacet
  facet normal 0.707107 -0.707107 0
    outer loop
      vertex 27.7863 -28.7736 30
      vertex 28.7736 -27.7863 0
      vertex 28.7736 -27.7863 30
    endloop
  endfacet
  facet normal 0.707107 -0.707107 0
    outer loop
      vertex 28.7736 -27.7863 0
      vertex 27.7863 -28.7736 30
      vertex 27.7863 -28.7736 0
    endloop
  endfacet
  facet normal 0.777151 -0.629314 0
    outer loop
      vertex 30.6418 -25.7115 30
      vertex 31.5204 -24.6265 0
      vertex 31.5204 -24.6265 30
    endloop
  endfacet
  facet normal 0.777151 -0.629314 0
    outer loop
      vertex 31.5204 -24.6265 0
      vertex 30.6418 -25.7115 30
      vertex 30.6418 -25.7115 0
    endloop
  endfacet
  facet normal 0.798631 -0.60182 0
    outer loop
      vertex 31.5204 -24.6265 30
      vertex 32.3607 -23.5114 0
      vertex 32.3607 -23.5114 30
    endloop
  endfacet
  facet normal 0.798631 -0.60182 0
    outer loop
      vertex 32.3607 -23.5114 0
      vertex 31.5204 -24.6265 30
      vertex 31.5204 -24.6265 0
    endloop
  endfacet
  facet normal 0.819161 -0.573563 0
    outer loop
      vertex 32.3607 -23.5114 30
      vertex 33.1615 -22.3677 0
      vertex 33.1615 -22.3677 30
    endloop
  endfacet
  facet normal 0.819161 -0.573563 0
    outer loop
      vertex 33.1615 -22.3677 0
      vertex 32.3607 -23.5114 30
      vertex 32.3607 -23.5114 0
    endloop
  endfacet
  facet normal 0.98769 -0.156425 0
    outer loop
      vertex 39.3923 -6.94593 30
      vertex 39.6107 -5.56692 0
      vertex 39.6107 -5.56692 30
    endloop
  endfacet
  facet normal 0.98769 -0.156425 0
    outer loop
      vertex 39.6107 -5.56692 0
      vertex 39.3923 -6.94593 30
      vertex 39.3923 -6.94593 0
    endloop
  endfacet
  facet normal -0.956307 0.292364 0
    outer loop
      vertex -38.4505 11.0255 0
      vertex -38.0423 12.3607 30
      vertex -38.0423 12.3607 0
    endloop
  endfacet
  facet normal -0.956307 0.292364 0
    outer loop
      vertex -38.0423 12.3607 30
      vertex -38.4505 11.0255 0
      vertex -38.4505 11.0255 30
    endloop
  endfacet
  facet normal -0.974366 0.224968 0
    outer loop
      vertex -39.1259 8.31647 0
      vertex -38.8118 9.67688 30
      vertex -38.8118 9.67688 0
    endloop
  endfacet
  facet normal -0.974366 0.224968 0
    outer loop
      vertex -38.8118 9.67688 30
      vertex -39.1259 8.31647 0
      vertex -39.1259 8.31647 30
    endloop
  endfacet
  facet normal -0.98769 0.156425 0
    outer loop
      vertex -39.6107 5.56692 0
      vertex -39.3923 6.94593 30
      vertex -39.3923 6.94593 0
    endloop
  endfacet
  facet normal -0.98769 0.156425 0
    outer loop
      vertex -39.3923 6.94593 30
      vertex -39.6107 5.56692 0
      vertex -39.6107 5.56692 30
    endloop
  endfacet
  facet normal -0.920488 0.390771 0
    outer loop
      vertex -37.0874 14.9843 0
      vertex -36.5418 16.2695 30
      vertex -36.5418 16.2695 0
    endloop
  endfacet
  facet normal -0.920488 0.390771 0
    outer loop
      vertex -36.5418 16.2695 30
      vertex -37.0874 14.9843 0
      vertex -37.0874 14.9843 30
    endloop
  endfacet
  facet normal -0.838668 0.544643 0
    outer loop
      vertex -33.9219 21.1968 0
      vertex -33.1615 22.3677 30
      vertex -33.1615 22.3677 0
    endloop
  endfacet
  facet normal -0.838668 0.544643 0
    outer loop
      vertex -33.1615 22.3677 30
      vertex -33.9219 21.1968 0
      vertex -33.9219 21.1968 30
    endloop
  endfacet
  facet normal -0.891007 0.45399 0
    outer loop
      vertex -35.9518 17.5348 0
      vertex -35.3179 18.7789 30
      vertex -35.3179 18.7789 0
    endloop
  endfacet
  facet normal -0.891007 0.45399 0
    outer loop
      vertex -35.3179 18.7789 30
      vertex -35.9518 17.5348 0
      vertex -35.9518 17.5348 30
    endloop
  endfacet
  facet normal -0.731351 0.682002 0
    outer loop
      vertex -29.7258 26.7652 0
      vertex -28.7736 27.7863 30
      vertex -28.7736 27.7863 0
    endloop
  endfacet
  facet normal -0.731351 0.682002 0
    outer loop
      vertex -28.7736 27.7863 30
      vertex -29.7258 26.7652 0
      vertex -29.7258 26.7652 30
    endloop
  endfacet
  facet normal -0.629314 0.777151 0
    outer loop
      vertex -24.6265 31.5204 0
      vertex -25.7115 30.6418 30
      vertex -24.6265 31.5204 30
    endloop
  endfacet
  facet normal -0.629314 0.777151 0
    outer loop
      vertex -25.7115 30.6418 30
      vertex -24.6265 31.5204 0
      vertex -25.7115 30.6418 0
    endloop
  endfacet
  facet normal -0.656072 0.754698 0
    outer loop
      vertex -25.7115 30.6418 0
      vertex -26.7652 29.7258 30
      vertex -25.7115 30.6418 30
    endloop
  endfacet
  facet normal -0.656072 0.754698 0
    outer loop
      vertex -26.7652 29.7258 30
      vertex -25.7115 30.6418 0
      vertex -26.7652 29.7258 0
    endloop
  endfacet
  facet normal -0.390771 0.920488 0
    outer loop
      vertex -14.9843 37.0874 0
      vertex -16.2695 36.5418 30
      vertex -14.9843 37.0874 30
    endloop
  endfacet
  facet normal -0.390771 0.920488 0
    outer loop
      vertex -16.2695 36.5418 30
      vertex -14.9843 37.0874 0
      vertex -16.2695 36.5418 0
    endloop
  endfacet
  facet normal 0.0174761 0.999847 -0
    outer loop
      vertex 1.39598 39.9756 0
      vertex 0 40 30
      vertex 1.39598 39.9756 30
    endloop
  endfacet
  facet normal 0.0174761 0.999847 0
    outer loop
      vertex 0 40 30
      vertex 1.39598 39.9756 0
      vertex 0 40 0
    endloop
  endfacet
  facet normal 0.121903 0.992542 -0
    outer loop
      vertex 5.56692 39.6107 0
      vertex 4.18114 39.7809 30
      vertex 5.56692 39.6107 30
    endloop
  endfacet
  facet normal 0.121903 0.992542 0
    outer loop
      vertex 4.18114 39.7809 30
      vertex 5.56692 39.6107 0
      vertex 4.18114 39.7809 0
    endloop
  endfacet
  facet normal 0.325602 0.945507 -0
    outer loop
      vertex 13.6808 37.5877 0
      vertex 12.3607 38.0423 30
      vertex 13.6808 37.5877 30
    endloop
  endfacet
  facet normal 0.325602 0.945507 0
    outer loop
      vertex 12.3607 38.0423 30
      vertex 13.6808 37.5877 0
      vertex 12.3607 38.0423 0
    endloop
  endfacet
  facet normal 0.224968 0.974366 -0
    outer loop
      vertex 9.67688 38.8118 0
      vertex 8.31647 39.1259 30
      vertex 9.67688 38.8118 30
    endloop
  endfacet
  facet normal 0.224968 0.974366 0
    outer loop
      vertex 8.31647 39.1259 30
      vertex 9.67688 38.8118 0
      vertex 8.31647 39.1259 0
    endloop
  endfacet
  facet normal 0.484828 0.87461 -0
    outer loop
      vertex 20 34.641 0
      vertex 18.7789 35.3179 30
      vertex 20 34.641 30
    endloop
  endfacet
  facet normal 0.484828 0.87461 0
    outer loop
      vertex 18.7789 35.3179 30
      vertex 20 34.641 0
      vertex 18.7789 35.3179 0
    endloop
  endfacet
  facet normal 0.573563 0.819161 -0
    outer loop
      vertex 23.5114 32.3607 0
      vertex 22.3677 33.1615 30
      vertex 23.5114 32.3607 30
    endloop
  endfacet
  facet normal 0.573563 0.819161 0
    outer loop
      vertex 22.3677 33.1615 30
      vertex 23.5114 32.3607 0
      vertex 22.3677 33.1615 0
    endloop
  endfacet
  facet normal 0.60182 0.798631 -0
    outer loop
      vertex 24.6265 31.5204 0
      vertex 23.5114 32.3607 30
      vertex 24.6265 31.5204 30
    endloop
  endfacet
  facet normal 0.60182 0.798631 0
    outer loop
      vertex 23.5114 32.3607 30
      vertex 24.6265 31.5204 0
      vertex 23.5114 32.3607 0
    endloop
  endfacet
  facet normal 0.891007 0.45399 0
    outer loop
      vertex 35.9518 17.5348 30
      vertex 35.3179 18.7789 0
      vertex 35.3179 18.7789 30
    endloop
  endfacet
  facet normal 0.891007 0.45399 0
    outer loop
      vertex 35.3179 18.7789 0
      vertex 35.9518 17.5348 30
      vertex 35.9518 17.5348 0
    endloop
  endfacet
  facet normal 0.754698 0.656072 0
    outer loop
      vertex 30.6418 25.7115 30
      vertex 29.7258 26.7652 0
      vertex 29.7258 26.7652 30
    endloop
  endfacet
  facet normal 0.754698 0.656072 0
    outer loop
      vertex 29.7258 26.7652 0
      vertex 30.6418 25.7115 30
      vertex 30.6418 25.7115 0
    endloop
  endfacet
  facet normal 0.798631 0.60182 0
    outer loop
      vertex 32.3607 23.5114 30
      vertex 31.5204 24.6265 0
      vertex 31.5204 24.6265 30
    endloop
  endfacet
  facet normal 0.798631 0.60182 0
    outer loop
      vertex 31.5204 24.6265 0
      vertex 32.3607 23.5114 30
      vertex 32.3607 23.5114 0
    endloop
  endfacet
  facet normal 0.920488 0.390771 0
    outer loop
      vertex 37.0874 14.9843 30
      vertex 36.5418 16.2695 0
      vertex 36.5418 16.2695 30
    endloop
  endfacet
  facet normal 0.920488 0.390771 0
    outer loop
      vertex 36.5418 16.2695 0
      vertex 37.0874 14.9843 30
      vertex 37.0874 14.9843 0
    endloop
  endfacet
  facet normal 0.933596 0.358326 0
    outer loop
      vertex 37.5877 13.6808 30
      vertex 37.0874 14.9843 0
      vertex 37.0874 14.9843 30
    endloop
  endfacet
  facet normal 0.933596 0.358326 0
    outer loop
      vertex 37.0874 14.9843 0
      vertex 37.5877 13.6808 30
      vertex 37.5877 13.6808 0
    endloop
  endfacet
  facet normal 0.974366 0.224968 0
    outer loop
      vertex 39.1259 8.31647 30
      vertex 38.8118 9.67688 0
      vertex 38.8118 9.67688 30
    endloop
  endfacet
  facet normal 0.974366 0.224968 0
    outer loop
      vertex 38.8118 9.67688 0
      vertex 39.1259 8.31647 30
      vertex 39.1259 8.31647 0
    endloop
  endfacet
  facet normal 0.981628 0.190805 0
    outer loop
      vertex 39.3923 6.94593 30
      vertex 39.1259 8.31647 0
      vertex 39.1259 8.31647 30
    endloop
  endfacet
  facet normal 0.981628 0.190805 0
    outer loop
      vertex 39.1259 8.31647 0
      vertex 39.3923 6.94593 30
      vertex 39.3923 6.94593 0
    endloop
  endfacet
  facet normal 0.996194 0.0871655 0
    outer loop
      vertex 39.9026 2.79026 30
      vertex 39.7809 4.18114 0
      vertex 39.7809 4.18114 30
    endloop
  endfacet
  facet normal 0.996194 0.0871655 0
    outer loop
      vertex 39.7809 4.18114 0
      vertex 39.9026 2.79026 30
      vertex 39.9026 2.79026 0
    endloop
  endfacet
  facet normal -0.292364 0.956307 0
    outer loop
      vertex -11.0255 38.4505 0
      vertex -12.3607 38.0423 30
      vertex -11.0255 38.4505 30
    endloop
  endfacet
  facet normal -0.292364 0.956307 0
    outer loop
      vertex -12.3607 38.0423 30
      vertex -11.0255 38.4505 0
      vertex -12.3607 38.0423 0
    endloop
  endfacet
  facet normal -0.156425 0.98769 0
    outer loop
      vertex -5.56692 39.6107 0
      vertex -6.94593 39.3923 30
      vertex -5.56692 39.6107 30
    endloop
  endfacet
  facet normal -0.156425 0.98769 0
    outer loop
      vertex -6.94593 39.3923 30
      vertex -5.56692 39.6107 0
      vertex -6.94593 39.3923 0
    endloop
  endfacet
  facet normal -0.121903 0.992542 0
    outer loop
      vertex -4.18114 39.7809 0
      vertex -5.56692 39.6107 30
      vertex -4.18114 39.7809 30
    endloop
  endfacet
  facet normal -0.121903 0.992542 0
    outer loop
      vertex -5.56692 39.6107 30
      vertex -4.18114 39.7809 0
      vertex -5.56692 39.6107 0
    endloop
  endfacet
  facet normal -0.0871655 0.996194 0
    outer loop
      vertex -2.79026 39.9026 0
      vertex -4.18114 39.7809 30
      vertex -2.79026 39.9026 30
    endloop
  endfacet
  facet normal -0.0871655 0.996194 0
    outer loop
      vertex -4.18114 39.7809 30
      vertex -2.79026 39.9026 0
      vertex -4.18114 39.7809 0
    endloop
  endfacet
  facet normal -0.0174761 0.999847 0
    outer loop
      vertex 0 40 0
      vertex -1.39598 39.9756 30
      vertex 0 40 30
    endloop
  endfacet
  facet normal -0.0174761 0.999847 0
    outer loop
      vertex -1.39598 39.9756 30
      vertex 0 40 0
      vertex -1.39598 39.9756 0
    endloop
  endfacet
  facet normal -0.998632 -0.0522852 0
    outer loop
      vertex -39.9026 -2.79026 0
      vertex -39.9756 -1.39598 30
      vertex -39.9756 -1.39598 0
    endloop
  endfacet
  facet normal -0.998632 -0.0522852 0
    outer loop
      vertex -39.9756 -1.39598 30
      vertex -39.9026 -2.79026 0
      vertex -39.9026 -2.79026 30
    endloop
  endfacet
  facet normal -0.85717 -0.515033 0
    outer loop
      vertex -33.9219 -21.1968 0
      vertex -34.641 -20 30
      vertex -34.641 -20 0
    endloop
  endfacet
  facet normal -0.85717 -0.515033 0
    outer loop
      vertex -34.641 -20 30
      vertex -33.9219 -21.1968 0
      vertex -33.9219 -21.1968 30
    endloop
  endfacet
  facet normal -0.920488 -0.390771 0
    outer loop
      vertex -36.5418 -16.2695 0
      vertex -37.0874 -14.9843 30
      vertex -37.0874 -14.9843 0
    endloop
  endfacet
  facet normal -0.920488 -0.390771 0
    outer loop
      vertex -37.0874 -14.9843 30
      vertex -36.5418 -16.2695 0
      vertex -36.5418 -16.2695 30
    endloop
  endfacet
  facet normal 0.190805 -0.981628 0
    outer loop
      vertex 6.94593 -39.3923 0
      vertex 8.31647 -39.1259 30
      vertex 6.94593 -39.3923 30
    endloop
  endfacet
  facet normal 0.190805 -0.981628 0
    outer loop
      vertex 8.31647 -39.1259 30
      vertex 6.94593 -39.3923 0
      vertex 8.31647 -39.1259 0
    endloop
  endfacet
  facet normal 0.292364 -0.956307 0
    outer loop
      vertex 11.0255 -38.4505 0
      vertex 12.3607 -38.0423 30
      vertex 11.0255 -38.4505 30
    endloop
  endfacet
  facet normal 0.292364 -0.956307 0
    outer loop
      vertex 12.3607 -38.0423 30
      vertex 11.0255 -38.4505 0
      vertex 12.3607 -38.0423 0
    endloop
  endfacet
  facet normal 0.258778 -0.965937 0
    outer loop
      vertex 9.67688 -38.8118 0
      vertex 11.0255 -38.4505 30
      vertex 9.67688 -38.8118 30
    endloop
  endfacet
  facet normal 0.258778 -0.965937 0
    outer loop
      vertex 11.0255 -38.4505 30
      vertex 9.67688 -38.8118 0
      vertex 11.0255 -38.4505 0
    endloop
  endfacet
  facet normal 0.358326 -0.933596 0
    outer loop
      vertex 13.6808 -37.5877 0
      vertex 14.9843 -37.0874 30
      vertex 13.6808 -37.5877 30
    endloop
  endfacet
  facet normal 0.358326 -0.933596 0
    outer loop
      vertex 14.9843 -37.0874 30
      vertex 13.6808 -37.5877 0
      vertex 14.9843 -37.0874 0
    endloop
  endfacet
  facet normal -0.0871655 -0.996194 0
    outer loop
      vertex -4.18114 -39.7809 0
      vertex -2.79026 -39.9026 30
      vertex -4.18114 -39.7809 30
    endloop
  endfacet
  facet normal -0.0871655 -0.996194 -0
    outer loop
      vertex -2.79026 -39.9026 30
      vertex -4.18114 -39.7809 0
      vertex -2.79026 -39.9026 0
    endloop
  endfacet
  facet normal -0.121903 -0.992542 0
    outer loop
      vertex -5.56692 -39.6107 0
      vertex -4.18114 -39.7809 30
      vertex -5.56692 -39.6107 30
    endloop
  endfacet
  facet normal -0.121903 -0.992542 -0
    outer loop
      vertex -4.18114 -39.7809 30
      vertex -5.56692 -39.6107 0
      vertex -4.18114 -39.7809 0
    endloop
  endfacet
  facet normal -0.292364 -0.956307 0
    outer loop
      vertex -12.3607 -38.0423 0
      vertex -11.0255 -38.4505 30
      vertex -12.3607 -38.0423 30
    endloop
  endfacet
  facet normal -0.292364 -0.956307 -0
    outer loop
      vertex -11.0255 -38.4505 30
      vertex -12.3607 -38.0423 0
      vertex -11.0255 -38.4505 0
    endloop
  endfacet
  facet normal -0.358326 -0.933596 0
    outer loop
      vertex -14.9843 -37.0874 0
      vertex -13.6808 -37.5877 30
      vertex -14.9843 -37.0874 30
    endloop
  endfacet
  facet normal -0.358326 -0.933596 -0
    outer loop
      vertex -13.6808 -37.5877 30
      vertex -14.9843 -37.0874 0
      vertex -13.6808 -37.5877 0
    endloop
  endfacet
  facet normal -0.656072 -0.754698 0
    outer loop
      vertex -26.7652 -29.7258 0
      vertex -25.7115 -30.6418 30
      vertex -26.7652 -29.7258 30
    endloop
  endfacet
  facet normal -0.656072 -0.754698 -0
    outer loop
      vertex -25.7115 -30.6418 30
      vertex -26.7652 -29.7258 0
      vertex -25.7115 -30.6418 0
    endloop
  endfacet
  facet normal 0.629314 -0.777151 0
    outer loop
      vertex 24.6265 -31.5204 0
      vertex 25.7115 -30.6418 30
      vertex 24.6265 -31.5204 30
    endloop
  endfacet
  facet normal 0.629314 -0.777151 0
    outer loop
      vertex 25.7115 -30.6418 30
      vertex 24.6265 -31.5204 0
      vertex 25.7115 -30.6418 0
    endloop
  endfacet
  facet normal 0.906313 -0.422607 0
    outer loop
      vertex 35.9518 -17.5348 30
      vertex 36.5418 -16.2695 0
      vertex 36.5418 -16.2695 30
    endloop
  endfacet
  facet normal 0.906313 -0.422607 0
    outer loop
      vertex 36.5418 -16.2695 0
      vertex 35.9518 -17.5348 30
      vertex 35.9518 -17.5348 0
    endloop
  endfacet
  facet normal -0.965937 0.258778 0
    outer loop
      vertex -38.8118 9.67688 0
      vertex -38.4505 11.0255 30
      vertex -38.4505 11.0255 0
    endloop
  endfacet
  facet normal -0.965937 0.258778 0
    outer loop
      vertex -38.4505 11.0255 30
      vertex -38.8118 9.67688 0
      vertex -38.8118 9.67688 30
    endloop
  endfacet
  facet normal -0.87461 0.484828 0
    outer loop
      vertex -35.3179 18.7789 0
      vertex -34.641 20 30
      vertex -34.641 20 0
    endloop
  endfacet
  facet normal -0.87461 0.484828 0
    outer loop
      vertex -34.641 20 30
      vertex -35.3179 18.7789 0
      vertex -35.3179 18.7789 30
    endloop
  endfacet
  facet normal -0.906313 0.422607 0
    outer loop
      vertex -36.5418 16.2695 0
      vertex -35.9518 17.5348 30
      vertex -35.9518 17.5348 0
    endloop
  endfacet
  facet normal -0.906313 0.422607 0
    outer loop
      vertex -35.9518 17.5348 30
      vertex -36.5418 16.2695 0
      vertex -36.5418 16.2695 30
    endloop
  endfacet
  facet normal -0.798631 0.60182 0
    outer loop
      vertex -32.3607 23.5114 0
      vertex -31.5204 24.6265 30
      vertex -31.5204 24.6265 0
    endloop
  endfacet
  facet normal -0.798631 0.60182 0
    outer loop
      vertex -31.5204 24.6265 30
      vertex -32.3607 23.5114 0
      vertex -32.3607 23.5114 30
    endloop
  endfacet
  facet normal -0.707107 0.707107 0
    outer loop
      vertex -28.7736 27.7863 0
      vertex -27.7863 28.7736 30
      vertex -27.7863 28.7736 0
    endloop
  endfacet
  facet normal -0.707107 0.707107 0
    outer loop
      vertex -27.7863 28.7736 30
      vertex -28.7736 27.7863 0
      vertex -28.7736 27.7863 30
    endloop
  endfacet
  facet normal -0.60182 0.798631 0
    outer loop
      vertex -23.5114 32.3607 0
      vertex -24.6265 31.5204 30
      vertex -23.5114 32.3607 30
    endloop
  endfacet
  facet normal -0.60182 0.798631 0
    outer loop
      vertex -24.6265 31.5204 30
      vertex -23.5114 32.3607 0
      vertex -24.6265 31.5204 0
    endloop
  endfacet
  facet normal -0.682002 0.731351 0
    outer loop
      vertex -26.7652 29.7258 0
      vertex -27.7863 28.7736 30
      vertex -26.7652 29.7258 30
    endloop
  endfacet
  facet normal -0.682002 0.731351 0
    outer loop
      vertex -27.7863 28.7736 30
      vertex -26.7652 29.7258 0
      vertex -27.7863 28.7736 0
    endloop
  endfacet
  facet normal -0.573563 0.819161 0
    outer loop
      vertex -22.3677 33.1615 0
      vertex -23.5114 32.3607 30
      vertex -22.3677 33.1615 30
    endloop
  endfacet
  facet normal -0.573563 0.819161 0
    outer loop
      vertex -23.5114 32.3607 30
      vertex -22.3677 33.1615 0
      vertex -23.5114 32.3607 0
    endloop
  endfacet
  facet normal 0.0522852 0.998632 -0
    outer loop
      vertex 2.79026 39.9026 0
      vertex 1.39598 39.9756 30
      vertex 2.79026 39.9026 30
    endloop
  endfacet
  facet normal 0.0522852 0.998632 0
    outer loop
      vertex 1.39598 39.9756 30
      vertex 2.79026 39.9026 0
      vertex 1.39598 39.9756 0
    endloop
  endfacet
  facet normal 0.156425 0.98769 -0
    outer loop
      vertex 6.94593 39.3923 0
      vertex 5.56692 39.6107 30
      vertex 6.94593 39.3923 30
    endloop
  endfacet
  facet normal 0.156425 0.98769 0
    outer loop
      vertex 5.56692 39.6107 30
      vertex 6.94593 39.3923 0
      vertex 5.56692 39.6107 0
    endloop
  endfacet
  facet normal 0.258778 0.965937 -0
    outer loop
      vertex 11.0255 38.4505 0
      vertex 9.67688 38.8118 30
      vertex 11.0255 38.4505 30
    endloop
  endfacet
  facet normal 0.258778 0.965937 0
    outer loop
      vertex 9.67688 38.8118 30
      vertex 11.0255 38.4505 0
      vertex 9.67688 38.8118 0
    endloop
  endfacet
  facet normal 0.390771 0.920488 -0
    outer loop
      vertex 16.2695 36.5418 0
      vertex 14.9843 37.0874 30
      vertex 16.2695 36.5418 30
    endloop
  endfacet
  facet normal 0.390771 0.920488 0
    outer loop
      vertex 14.9843 37.0874 30
      vertex 16.2695 36.5418 0
      vertex 14.9843 37.0874 0
    endloop
  endfacet
  facet normal 0.422607 0.906313 -0
    outer loop
      vertex 17.5348 35.9518 0
      vertex 16.2695 36.5418 30
      vertex 17.5348 35.9518 30
    endloop
  endfacet
  facet normal 0.422607 0.906313 0
    outer loop
      vertex 16.2695 36.5418 30
      vertex 17.5348 35.9518 0
      vertex 16.2695 36.5418 0
    endloop
  endfacet
  facet normal 0.515033 0.85717 -0
    outer loop
      vertex 21.1968 33.9219 0
      vertex 20 34.641 30
      vertex 21.1968 33.9219 30
    endloop
  endfacet
  facet normal 0.515033 0.85717 0
    outer loop
      vertex 20 34.641 30
      vertex 21.1968 33.9219 0
      vertex 20 34.641 0
    endloop
  endfacet
  facet normal 0.629314 0.777151 -0
    outer loop
      vertex 25.7115 30.6418 0
      vertex 24.6265 31.5204 30
      vertex 25.7115 30.6418 30
    endloop
  endfacet
  facet normal 0.629314 0.777151 0
    outer loop
      vertex 24.6265 31.5204 30
      vertex 25.7115 30.6418 0
      vertex 24.6265 31.5204 0
    endloop
  endfacet
  facet normal 0.707107 0.707107 0
    outer loop
      vertex 28.7736 27.7863 30
      vertex 27.7863 28.7736 0
      vertex 27.7863 28.7736 30
    endloop
  endfacet
  facet normal 0.707107 0.707107 0
    outer loop
      vertex 27.7863 28.7736 0
      vertex 28.7736 27.7863 30
      vertex 28.7736 27.7863 0
    endloop
  endfacet
  facet normal 0.777151 0.629314 0
    outer loop
      vertex 31.5204 24.6265 30
      vertex 30.6418 25.7115 0
      vertex 30.6418 25.7115 30
    endloop
  endfacet
  facet normal 0.777151 0.629314 0
    outer loop
      vertex 30.6418 25.7115 0
      vertex 31.5204 24.6265 30
      vertex 31.5204 24.6265 0
    endloop
  endfacet
  facet normal 0.945507 0.325602 0
    outer loop
      vertex 38.0423 12.3607 30
      vertex 37.5877 13.6808 0
      vertex 37.5877 13.6808 30
    endloop
  endfacet
  facet normal 0.945507 0.325602 0
    outer loop
      vertex 37.5877 13.6808 0
      vertex 38.0423 12.3607 30
      vertex 38.0423 12.3607 0
    endloop
  endfacet
  facet normal 0.98769 0.156425 0
    outer loop
      vertex 39.6107 5.56692 30
      vertex 39.3923 6.94593 0
      vertex 39.3923 6.94593 30
    endloop
  endfacet
  facet normal 0.98769 0.156425 0
    outer loop
      vertex 39.3923 6.94593 0
      vertex 39.6107 5.56692 30
      vertex 39.6107 5.56692 0
    endloop
  endfacet
  facet normal 0.998632 0.0522852 0
    outer loop
      vertex 39.9756 1.39598 30
      vertex 39.9026 2.79026 0
      vertex 39.9026 2.79026 30
    endloop
  endfacet
  facet normal 0.998632 0.0522852 0
    outer loop
      vertex 39.9026 2.79026 0
      vertex 39.9756 1.39598 30
      vertex 39.9756 1.39598 0
    endloop
  endfacet
  facet normal -0.981628 -0.190805 0
    outer loop
      vertex -39.1259 -8.31647 0
      vertex -39.3923 -6.94593 30
      vertex -39.3923 -6.94593 0
    endloop
  endfacet
  facet normal -0.981628 -0.190805 0
    outer loop
      vertex -39.3923 -6.94593 30
      vertex -39.1259 -8.31647 0
      vertex -39.1259 -8.31647 30
    endloop
  endfacet
  facet normal -0.992542 -0.121903 0
    outer loop
      vertex -39.6107 -5.56692 0
      vertex -39.7809 -4.18114 30
      vertex -39.7809 -4.18114 0
    endloop
  endfacet
  facet normal -0.992542 -0.121903 0
    outer loop
      vertex -39.7809 -4.18114 30
      vertex -39.6107 -5.56692 0
      vertex -39.6107 -5.56692 30
    endloop
  endfacet
  facet normal 0 0 -1
    outer loop
      vertex -1.5 -39.9702 0
      vertex -2.79026 -39.9026 0
      vertex -1.5 0 0
    endloop
  endfacet
  facet normal -0 0 -1
    outer loop
      vertex -21.75 3.0141 0
      vertex -21.9445 2.91014 0
      vertex -21.75 5 0
    endloop
  endfacet
  facet normal 0 0 -1
    outer loop
      vertex -1.2472 0.833355 0
      vertex -18.3096 5.45293 0
      vertex -1.06066 1.06066 0
    endloop
  endfacet
  facet normal 0 0 -1
    outer loop
      vertex -1.06066 1.06066 0
      vertex -18.3096 5.45293 0
      vertex -0.833355 1.2472 0
    endloop
  endfacet
  facet normal 0 0 -1
    outer loop
      vertex -18.4845 5.875 0
      vertex -0.833355 1.2472 0
      vertex -18.3096 5.45293 0
    endloop
  endfacet
  facet normal 0 0 -1
    outer loop
      vertex -18.25 5 0
      vertex -17.0899 1.94449 0
      vertex -17.5251 2.47487 0
    endloop
  endfacet
  facet normal 0 0 -1
    outer loop
      vertex -0.833355 1.2472 0
      vertex -18.4845 5.875 0
      vertex -0.574024 1.38582 0
    endloop
  endfacet
  facet normal 0 0 -1
    outer loop
      vertex -18.25 5 0
      vertex -17.5251 2.47487 0
      vertex -18.0555 2.91014 0
    endloop
  endfacet
  facet normal 0 0 -1
    outer loop
      vertex -18.25 5 0
      vertex -18.0555 2.91014 0
      vertex -18.25 3.0141 0
    endloop
  endfacet
  facet normal 0 0 -1
    outer loop
      vertex -17.0899 1.94449 0
      vertex -18.25 5 0
      vertex -18.3096 5.45293 0
    endloop
  endfacet
  facet normal 0 0 -1
    outer loop
      vertex -18.7626 6.23743 0
      vertex -0.574024 1.38582 0
      vertex -18.4845 5.875 0
    endloop
  endfacet
  facet normal 0 0 -1
    outer loop
      vertex -0.574024 1.38582 0
      vertex -18.7626 6.23743 0
      vertex -16.2695 36.5418 0
    endloop
  endfacet
  facet normal 0 0 -1
    outer loop
      vertex -19.125 6.51553 0
      vertex -16.2695 36.5418 0
      vertex -18.7626 6.23743 0
    endloop
  endfacet
  facet normal 0 0 -1
    outer loop
      vertex -16.2695 36.5418 0
      vertex -19.125 6.51553 0
      vertex -17.5348 35.9518 0
    endloop
  endfacet
  facet normal 0 0 -1
    outer loop
      vertex -17.5348 35.9518 0
      vertex -19.125 6.51553 0
      vertex -18.7789 35.3179 0
    endloop
  endfacet
  facet normal 0 0 -1
    outer loop
      vertex -21.1968 33.9219 0
      vertex -19.125 6.51553 0
      vertex -19.5471 6.69037 0
    endloop
  endfacet
  facet normal 0 0 -1
    outer loop
      vertex -26.7652 29.7258 0
      vertex -19.5471 6.69037 0
      vertex -20 6.75 0
    endloop
  endfacet
  facet normal 0 0 -1
    outer loop
      vertex -19.125 6.51553 0
      vertex -20 34.641 0
      vertex -18.7789 35.3179 0
    endloop
  endfacet
  facet normal 0 0 -1
    outer loop
      vertex -30.6418 25.7115 0
      vertex -20 6.75 0
      vertex -20.4529 6.69037 0
    endloop
  endfacet
  facet normal 0 0 -1
    outer loop
      vertex -33.1615 22.3677 0
      vertex -20.4529 6.69037 0
      vertex -20.875 6.51553 0
    endloop
  endfacet
  facet normal 0 0 -1
    outer loop
      vertex -19.125 6.51553 0
      vertex -21.1968 33.9219 0
      vertex -20 34.641 0
    endloop
  endfacet
  facet normal 0 0 -1
    outer loop
      vertex -35.3179 18.7789 0
      vertex -20.875 6.51553 0
      vertex -21.2374 6.23743 0
    endloop
  endfacet
  facet normal 0 0 -1
    outer loop
      vertex -37.0874 14.9843 0
      vertex -21.2374 6.23743 0
      vertex -21.5155 5.875 0
    endloop
  endfacet
  facet normal 0 0 -1
    outer loop
      vertex -38.0423 12.3607 0
      vertex -21.5155 5.875 0
      vertex -21.6904 5.45293 0
    endloop
  endfacet
  facet normal 0 0 -1
    outer loop
      vertex -22.9101 1.94449 0
      vertex -21.6904 5.45293 0
      vertex -21.75 5 0
    endloop
  endfacet
  facet normal 0 0 -1
    outer loop
      vertex -22.4749 2.47487 0
      vertex -21.75 5 0
      vertex -21.9445 2.91014 0
    endloop
  endfacet
  facet normal 0 0 -1
    outer loop
      vertex -19.5471 6.69037 0
      vertex -22.3677 33.1615 0
      vertex -21.1968 33.9219 0
    endloop
  endfacet
  facet normal 0 0 -1
    outer loop
      vertex -22.9101 1.94449 0
      vertex -21.75 5 0
      vertex -22.4749 2.47487 0
    endloop
  endfacet
  facet normal -0 0 -1
    outer loop
      vertex -21.6904 5.45293 0
      vertex -22.9101 1.94449 0
      vertex -39.1259 8.31647 0
    endloop
  endfacet
  facet normal 0 0 -1
    outer loop
      vertex -39.3923 6.94593 0
      vertex -22.9101 1.94449 0
      vertex -23.2336 1.33939 0
    endloop
  endfacet
  facet normal 0 0 -1
    outer loop
      vertex -39.7809 4.18114 0
      vertex -23.2336 1.33939 0
      vertex -23.4327 0.682816 0
    endloop
  endfacet
  facet normal 0 0 -1
    outer loop
      vertex -39.9756 1.39598 0
      vertex -23.4327 0.682816 0
      vertex -23.5 0 0
    endloop
  endfacet
  facet normal 0 0 -1
    outer loop
      vertex -19.5471 6.69037 0
      vertex -23.5114 32.3607 0
      vertex -22.3677 33.1615 0
    endloop
  endfacet
  facet normal -0 0 -1
    outer loop
      vertex -20 -3.5 0
      vertex -31.5204 -24.6265 0
      vertex -20.6828 -3.43274 0
    endloop
  endfacet
  facet normal 0 0 -1
    outer loop
      vertex -32.3607 -23.5114 0
      vertex -20.6828 -3.43274 0
      vertex -31.5204 -24.6265 0
    endloop
  endfacet
  facet normal 0 0 -1
    outer loop
      vertex -19.5471 6.69037 0
      vertex -24.6265 31.5204 0
      vertex -23.5114 32.3607 0
    endloop
  endfacet
  facet normal 0 0 -1
    outer loop
      vertex -33.1615 -22.3677 0
      vertex -20.6828 -3.43274 0
      vertex -32.3607 -23.5114 0
    endloop
  endfacet
  facet normal 0 0 -1
    outer loop
      vertex -19.5471 6.69037 0
      vertex -25.7115 30.6418 0
      vertex -24.6265 31.5204 0
    endloop
  endfacet
  facet normal 0 0 -1
    outer loop
      vertex -33.9219 -21.1968 0
      vertex -20.6828 -3.43274 0
      vertex -33.1615 -22.3677 0
    endloop
  endfacet
  facet normal 0 0 -1
    outer loop
      vertex -19.5471 6.69037 0
      vertex -26.7652 29.7258 0
      vertex -25.7115 30.6418 0
    endloop
  endfacet
  facet normal 0 0 -1
    outer loop
      vertex -34.641 -20 0
      vertex -20.6828 -3.43274 0
      vertex -33.9219 -21.1968 0
    endloop
  endfacet
  facet normal 0 0 -1
    outer loop
      vertex -20 6.75 0
      vertex -27.7863 28.7736 0
      vertex -26.7652 29.7258 0
    endloop
  endfacet
  facet normal -0 0 -1
    outer loop
      vertex -20.6828 -3.43274 0
      vertex -34.641 -20 0
      vertex -21.3394 -3.23357 0
    endloop
  endfacet
  facet normal 0 0 -1
    outer loop
      vertex -20 6.75 0
      vertex -28.7736 27.7863 0
      vertex -27.7863 28.7736 0
    endloop
  endfacet
  facet normal 0 0 -1
    outer loop
      vertex -35.3179 -18.7789 0
      vertex -21.3394 -3.23357 0
      vertex -34.641 -20 0
    endloop
  endfacet
  facet normal 0 0 -1
    outer loop
      vertex -20 6.75 0
      vertex -29.7258 26.7652 0
      vertex -28.7736 27.7863 0
    endloop
  endfacet
  facet normal 0 0 -1
    outer loop
      vertex -35.9518 -17.5348 0
      vertex -21.3394 -3.23357 0
      vertex -35.3179 -18.7789 0
    endloop
  endfacet
  facet normal 0 0 -1
    outer loop
      vertex -20 6.75 0
      vertex -30.6418 25.7115 0
      vertex -29.7258 26.7652 0
    endloop
  endfacet
  facet normal -0 0 -1
    outer loop
      vertex -21.3394 -3.23357 0
      vertex -35.9518 -17.5348 0
      vertex -21.9445 -2.91014 0
    endloop
  endfacet
  facet normal 0 0 -1
    outer loop
      vertex -20.4529 6.69037 0
      vertex -31.5204 24.6265 0
      vertex -30.6418 25.7115 0
    endloop
  endfacet
  facet normal 0 0 -1
    outer loop
      vertex -36.5418 -16.2695 0
      vertex -21.9445 -2.91014 0
      vertex -35.9518 -17.5348 0
    endloop
  endfacet
  facet normal 0 0 -1
    outer loop
      vertex -20.4529 6.69037 0
      vertex -32.3607 23.5114 0
      vertex -31.5204 24.6265 0
    endloop
  endfacet
  facet normal 0 0 -1
    outer loop
      vertex -37.0874 -14.9843 0
      vertex -21.9445 -2.91014 0
      vertex -36.5418 -16.2695 0
    endloop
  endfacet
  facet normal 0 0 -1
    outer loop
      vertex -20.4529 6.69037 0
      vertex -33.1615 22.3677 0
      vertex -32.3607 23.5114 0
    endloop
  endfacet
  facet normal 0 0 -1
    outer loop
      vertex -37.5877 -13.6808 0
      vertex -21.9445 -2.91014 0
      vertex -37.0874 -14.9843 0
    endloop
  endfacet
  facet normal 0 0 -1
    outer loop
      vertex -20.875 6.51553 0
      vertex -33.9219 21.1968 0
      vertex -33.1615 22.3677 0
    endloop
  endfacet
  facet normal -0 0 -1
    outer loop
      vertex -21.9445 -2.91014 0
      vertex -37.5877 -13.6808 0
      vertex -22.4749 -2.47487 0
    endloop
  endfacet
  facet normal 0 0 -1
    outer loop
      vertex -20.875 6.51553 0
      vertex -34.641 20 0
      vertex -33.9219 21.1968 0
    endloop
  endfacet
  facet normal 0 0 -1
    outer loop
      vertex -38.0423 -12.3607 0
      vertex -22.4749 -2.47487 0
      vertex -37.5877 -13.6808 0
    endloop
  endfacet
  facet normal 0 0 -1
    outer loop
      vertex -20.875 6.51553 0
      vertex -35.3179 18.7789 0
      vertex -34.641 20 0
    endloop
  endfacet
  facet normal 0 0 -1
    outer loop
      vertex -38.4505 -11.0255 0
      vertex -22.4749 -2.47487 0
      vertex -38.0423 -12.3607 0
    endloop
  endfacet
  facet normal 0 0 -1
    outer loop
      vertex -21.2374 6.23743 0
      vertex -35.9518 17.5348 0
      vertex -35.3179 18.7789 0
    endloop
  endfacet
  facet normal -0 0 -1
    outer loop
      vertex -22.4749 -2.47487 0
      vertex -38.4505 -11.0255 0
      vertex -22.9101 -1.94449 0
    endloop
  endfacet
  facet normal 0 0 -1
    outer loop
      vertex -21.2374 6.23743 0
      vertex -36.5418 16.2695 0
      vertex -35.9518 17.5348 0
    endloop
  endfacet
  facet normal 0 0 -1
    outer loop
      vertex -38.8118 -9.67688 0
      vertex -22.9101 -1.94449 0
      vertex -38.4505 -11.0255 0
    endloop
  endfacet
  facet normal 0 0 -1
    outer loop
      vertex -21.2374 6.23743 0
      vertex -37.0874 14.9843 0
      vertex -36.5418 16.2695 0
    endloop
  endfacet
  facet normal 0 0 -1
    outer loop
      vertex -39.1259 -8.31647 0
      vertex -22.9101 -1.94449 0
      vertex -38.8118 -9.67688 0
    endloop
  endfacet
  facet normal 0 0 -1
    outer loop
      vertex -21.5155 5.875 0
      vertex -37.5877 13.6808 0
      vertex -37.0874 14.9843 0
    endloop
  endfacet
  facet normal 0 0 -1
    outer loop
      vertex -39.3923 -6.94593 0
      vertex -22.9101 -1.94449 0
      vertex -39.1259 -8.31647 0
    endloop
  endfacet
  facet normal 0 0 -1
    outer loop
      vertex -21.5155 5.875 0
      vertex -38.0423 12.3607 0
      vertex -37.5877 13.6808 0
    endloop
  endfacet
  facet normal -0 0 -1
    outer loop
      vertex -22.9101 -1.94449 0
      vertex -39.3923 -6.94593 0
      vertex -23.2336 -1.33939 0
    endloop
  endfacet
  facet normal 0 0 -1
    outer loop
      vertex -21.6904 5.45293 0
      vertex -38.4505 11.0255 0
      vertex -38.0423 12.3607 0
    endloop
  endfacet
  facet normal 0 0 -1
    outer loop
      vertex -39.6107 -5.56692 0
      vertex -23.2336 -1.33939 0
      vertex -39.3923 -6.94593 0
    endloop
  endfacet
  facet normal 0 0 -1
    outer loop
      vertex -21.6904 5.45293 0
      vertex -38.8118 9.67688 0
      vertex -38.4505 11.0255 0
    endloop
  endfacet
  facet normal 0 0 -1
    outer loop
      vertex -39.7809 -4.18114 0
      vertex -23.2336 -1.33939 0
      vertex -39.6107 -5.56692 0
    endloop
  endfacet
  facet normal 0 0 -1
    outer loop
      vertex -21.6904 5.45293 0
      vertex -39.1259 8.31647 0
      vertex -38.8118 9.67688 0
    endloop
  endfacet
  facet normal -0 0 -1
    outer loop
      vertex -23.2336 -1.33939 0
      vertex -39.7809 -4.18114 0
      vertex -23.4327 -0.682816 0
    endloop
  endfacet
  facet normal 0 0 -1
    outer loop
      vertex -22.9101 1.94449 0
      vertex -39.3923 6.94593 0
      vertex -39.1259 8.31647 0
    endloop
  endfacet
  facet normal 0 0 -1
    outer loop
      vertex -39.9026 -2.79026 0
      vertex -23.4327 -0.682816 0
      vertex -39.7809 -4.18114 0
    endloop
  endfacet
  facet normal 0 0 -1
    outer loop
      vertex -23.2336 1.33939 0
      vertex -39.6107 5.56692 0
      vertex -39.3923 6.94593 0
    endloop
  endfacet
  facet normal 0 0 -1
    outer loop
      vertex -39.9756 -1.39598 0
      vertex -23.4327 -0.682816 0
      vertex -39.9026 -2.79026 0
    endloop
  endfacet
  facet normal 0 0 -1
    outer loop
      vertex -23.2336 1.33939 0
      vertex -39.7809 4.18114 0
      vertex -39.6107 5.56692 0
    endloop
  endfacet
  facet normal -0 0 -1
    outer loop
      vertex -23.4327 -0.682816 0
      vertex -39.9756 -1.39598 0
      vertex -23.5 0 0
    endloop
  endfacet
  facet normal 0 0 -1
    outer loop
      vertex -23.4327 0.682816 0
      vertex -39.9026 2.79026 0
      vertex -39.7809 4.18114 0
    endloop
  endfacet
  facet normal 0 0 -1
    outer loop
      vertex -40 0 0
      vertex -23.5 0 0
      vertex -39.9756 -1.39598 0
    endloop
  endfacet
  facet normal 0 0 -1
    outer loop
      vertex -23.4327 0.682816 0
      vertex -39.9756 1.39598 0
      vertex -39.9026 2.79026 0
    endloop
  endfacet
  facet normal 0 0 -1
    outer loop
      vertex -23.5 0 0
      vertex -40 0 0
      vertex -39.9756 1.39598 0
    endloop
  endfacet
  facet normal -0 0 -1
    outer loop
      vertex 18.25 3.0141 0
      vertex 18.0555 2.91014 0
      vertex 18.25 5 0
    endloop
  endfacet
  facet normal 0 0 -1
    outer loop
      vertex 23.5 0 0
      vertex 40 0 0
      vertex 39.9756 -1.39598 0
    endloop
  endfacet
  facet normal 0 0 -1
    outer loop
      vertex 23.4327 -0.682816 0
      vertex 39.9756 -1.39598 0
      vertex 39.9026 -2.79026 0
    endloop
  endfacet
  facet normal 0 0 -1
    outer loop
      vertex 40 0 0
      vertex 23.5 0 0
      vertex 39.9756 1.39598 0
    endloop
  endfacet
  facet normal 0 0 -1
    outer loop
      vertex 23.4327 -0.682816 0
      vertex 39.9026 -2.79026 0
      vertex 39.7809 -4.18114 0
    endloop
  endfacet
  facet normal 0 0 -1
    outer loop
      vertex 23.4327 0.682816 0
      vertex 39.9756 1.39598 0
      vertex 23.5 0 0
    endloop
  endfacet
  facet normal 0 0 -1
    outer loop
      vertex 23.2336 -1.33939 0
      vertex 39.7809 -4.18114 0
      vertex 39.6107 -5.56692 0
    endloop
  endfacet
  facet normal -0 0 -1
    outer loop
      vertex 39.9756 1.39598 0
      vertex 23.4327 0.682816 0
      vertex 39.9026 2.79026 0
    endloop
  endfacet
  facet normal 0 0 -1
    outer loop
      vertex 23.2336 -1.33939 0
      vertex 39.6107 -5.56692 0
      vertex 39.3923 -6.94593 0
    endloop
  endfacet
  facet normal -0 0 -1
    outer loop
      vertex 39.9026 2.79026 0
      vertex 23.4327 0.682816 0
      vertex 39.7809 4.18114 0
    endloop
  endfacet
  facet normal 0 0 -1
    outer loop
      vertex 22.9101 -1.94449 0
      vertex 39.3923 -6.94593 0
      vertex 39.1259 -8.31647 0
    endloop
  endfacet
  facet normal 0 0 -1
    outer loop
      vertex 23.2336 1.33939 0
      vertex 39.7809 4.18114 0
      vertex 23.4327 0.682816 0
    endloop
  endfacet
  facet normal 0 0 -1
    outer loop
      vertex 22.9101 -1.94449 0
      vertex 39.1259 -8.31647 0
      vertex 38.8118 -9.67688 0
    endloop
  endfacet
  facet normal -0 0 -1
    outer loop
      vertex 39.7809 4.18114 0
      vertex 23.2336 1.33939 0
      vertex 39.6107 5.56692 0
    endloop
  endfacet
  facet normal 0 0 -1
    outer loop
      vertex 22.9101 -1.94449 0
      vertex 38.8118 -9.67688 0
      vertex 38.4505 -11.0255 0
    endloop
  endfacet
  facet normal -0 0 -1
    outer loop
      vertex 39.6107 5.56692 0
      vertex 23.2336 1.33939 0
      vertex 39.3923 6.94593 0
    endloop
  endfacet
  facet normal 0 0 -1
    outer loop
      vertex 22.4749 -2.47487 0
      vertex 38.4505 -11.0255 0
      vertex 38.0423 -12.3607 0
    endloop
  endfacet
  facet normal 0 0 -1
    outer loop
      vertex 22.9101 1.94449 0
      vertex 39.3923 6.94593 0
      vertex 23.2336 1.33939 0
    endloop
  endfacet
  facet normal 0 0 -1
    outer loop
      vertex 22.4749 -2.47487 0
      vertex 38.0423 -12.3607 0
      vertex 37.5877 -13.6808 0
    endloop
  endfacet
  facet normal -0 0 -1
    outer loop
      vertex 39.3923 6.94593 0
      vertex 22.9101 1.94449 0
      vertex 39.1259 8.31647 0
    endloop
  endfacet
  facet normal 0 0 -1
    outer loop
      vertex 21.9445 -2.91014 0
      vertex 37.5877 -13.6808 0
      vertex 37.0874 -14.9843 0
    endloop
  endfacet
  facet normal 0 0 -1
    outer loop
      vertex 21.6904 5.45293 0
      vertex 39.1259 8.31647 0
      vertex 22.9101 1.94449 0
    endloop
  endfacet
  facet normal 0 0 -1
    outer loop
      vertex 21.9445 -2.91014 0
      vertex 37.0874 -14.9843 0
      vertex 36.5418 -16.2695 0
    endloop
  endfacet
  facet normal -0 0 -1
    outer loop
      vertex 39.1259 8.31647 0
      vertex 21.6904 5.45293 0
      vertex 38.8118 9.67688 0
    endloop
  endfacet
  facet normal 0 0 -1
    outer loop
      vertex 21.9445 -2.91014 0
      vertex 36.5418 -16.2695 0
      vertex 35.9518 -17.5348 0
    endloop
  endfacet
  facet normal -0 0 -1
    outer loop
      vertex 38.8118 9.67688 0
      vertex 21.6904 5.45293 0
      vertex 38.4505 11.0255 0
    endloop
  endfacet
  facet normal 0 0 -1
    outer loop
      vertex 21.3394 -3.23357 0
      vertex 35.9518 -17.5348 0
      vertex 35.3179 -18.7789 0
    endloop
  endfacet
  facet normal -0 0 -1
    outer loop
      vertex 38.4505 11.0255 0
      vertex 21.6904 5.45293 0
      vertex 38.0423 12.3607 0
    endloop
  endfacet
  facet normal 0 0 -1
    outer loop
      vertex 21.3394 -3.23357 0
      vertex 35.3179 -18.7789 0
      vertex 34.641 -20 0
    endloop
  endfacet
  facet normal 0 0 -1
    outer loop
      vertex 21.5155 5.875 0
      vertex 38.0423 12.3607 0
      vertex 21.6904 5.45293 0
    endloop
  endfacet
  facet normal 0 0 -1
    outer loop
      vertex 20.6828 -3.43274 0
      vertex 34.641 -20 0
      vertex 33.9219 -21.1968 0
    endloop
  endfacet
  facet normal -0 0 -1
    outer loop
      vertex 38.0423 12.3607 0
      vertex 21.5155 5.875 0
      vertex 37.5877 13.6808 0
    endloop
  endfacet
  facet normal 0 0 -1
    outer loop
      vertex 20.6828 -3.43274 0
      vertex 33.9219 -21.1968 0
      vertex 33.1615 -22.3677 0
    endloop
  endfacet
  facet normal -0 0 -1
    outer loop
      vertex 37.5877 13.6808 0
      vertex 21.5155 5.875 0
      vertex 37.0874 14.9843 0
    endloop
  endfacet
  facet normal 0 0 -1
    outer loop
      vertex 20.6828 -3.43274 0
      vertex 33.1615 -22.3677 0
      vertex 32.3607 -23.5114 0
    endloop
  endfacet
  facet normal 0 0 -1
    outer loop
      vertex 21.2374 6.23743 0
      vertex 37.0874 14.9843 0
      vertex 21.5155 5.875 0
    endloop
  endfacet
  facet normal 0 0 -1
    outer loop
      vertex 20.6828 -3.43274 0
      vertex 32.3607 -23.5114 0
      vertex 31.5204 -24.6265 0
    endloop
  endfacet
  facet normal -0 0 -1
    outer loop
      vertex 37.0874 14.9843 0
      vertex 21.2374 6.23743 0
      vertex 36.5418 16.2695 0
    endloop
  endfacet
  facet normal 0 0 -1
    outer loop
      vertex 20 -3.5 0
      vertex 31.5204 -24.6265 0
      vertex 30.6418 -25.7115 0
    endloop
  endfacet
  facet normal -0 0 -1
    outer loop
      vertex 36.5418 16.2695 0
      vertex 21.2374 6.23743 0
      vertex 35.9518 17.5348 0
    endloop
  endfacet
  facet normal 0 0 -1
    outer loop
      vertex 20 -3.5 0
      vertex 30.6418 -25.7115 0
      vertex 29.7258 -26.7652 0
    endloop
  endfacet
  facet normal 0 0 -1
    outer loop
      vertex 20.875 6.51553 0
      vertex 35.3179 18.7789 0
      vertex 21.2374 6.23743 0
    endloop
  endfacet
  facet normal 0 0 -1
    outer loop
      vertex 20 -3.5 0
      vertex 29.7258 -26.7652 0
      vertex 28.7736 -27.7863 0
    endloop
  endfacet
  facet normal -0 0 -1
    outer loop
      vertex 35.3179 18.7789 0
      vertex 20.875 6.51553 0
      vertex 34.641 20 0
    endloop
  endfacet
  facet normal 0 0 -1
    outer loop
      vertex 19.3172 -3.43274 0
      vertex 28.7736 -27.7863 0
      vertex 27.7863 -28.7736 0
    endloop
  endfacet
  facet normal -0 0 -1
    outer loop
      vertex 34.641 20 0
      vertex 20.875 6.51553 0
      vertex 33.9219 21.1968 0
    endloop
  endfacet
  facet normal 0 0 -1
    outer loop
      vertex 19.3172 -3.43274 0
      vertex 27.7863 -28.7736 0
      vertex 26.7652 -29.7258 0
    endloop
  endfacet
  facet normal -0 0 -1
    outer loop
      vertex 33.9219 21.1968 0
      vertex 20.875 6.51553 0
      vertex 33.1615 22.3677 0
    endloop
  endfacet
  facet normal 0 0 -1
    outer loop
      vertex 19.3172 -3.43274 0
      vertex 26.7652 -29.7258 0
      vertex 25.7115 -30.6418 0
    endloop
  endfacet
  facet normal 0 0 -1
    outer loop
      vertex 20.4529 6.69037 0
      vertex 33.1615 22.3677 0
      vertex 20.875 6.51553 0
    endloop
  endfacet
  facet normal 0 0 -1
    outer loop
      vertex 19.3172 -3.43274 0
      vertex 25.7115 -30.6418 0
      vertex 24.6265 -31.5204 0
    endloop
  endfacet
  facet normal -0 0 -1
    outer loop
      vertex 33.1615 22.3677 0
      vertex 20.4529 6.69037 0
      vertex 32.3607 23.5114 0
    endloop
  endfacet
  facet normal 0 0 -1
    outer loop
      vertex 19.3172 -3.43274 0
      vertex 24.6265 -31.5204 0
      vertex 23.5114 -32.3607 0
    endloop
  endfacet
  facet normal -0 0 -1
    outer loop
      vertex 32.3607 23.5114 0
      vertex 20.4529 6.69037 0
      vertex 31.5204 24.6265 0
    endloop
  endfacet
  facet normal -0 0 -1
    outer loop
      vertex 31.5204 24.6265 0
      vertex 20.4529 6.69037 0
      vertex 30.6418 25.7115 0
    endloop
  endfacet
  facet normal 0 0 -1
    outer loop
      vertex 39.9756 -1.39598 0
      vertex 23.4327 -0.682816 0
      vertex 23.5 0 0
    endloop
  endfacet
  facet normal 0 0 -1
    outer loop
      vertex 39.7809 -4.18114 0
      vertex 23.2336 -1.33939 0
      vertex 23.4327 -0.682816 0
    endloop
  endfacet
  facet normal 0 0 -1
    outer loop
      vertex 39.3923 -6.94593 0
      vertex 22.9101 -1.94449 0
      vertex 23.2336 -1.33939 0
    endloop
  endfacet
  facet normal 0 0 -1
    outer loop
      vertex 38.4505 -11.0255 0
      vertex 22.4749 -2.47487 0
      vertex 22.9101 -1.94449 0
    endloop
  endfacet
  facet normal 0 0 -1
    outer loop
      vertex 18.6606 -3.23357 0
      vertex 23.5114 -32.3607 0
      vertex 22.3677 -33.1615 0
    endloop
  endfacet
  facet normal 0 0 -1
    outer loop
      vertex 37.5877 -13.6808 0
      vertex 21.9445 -2.91014 0
      vertex 22.4749 -2.47487 0
    endloop
  endfacet
  facet normal 0 0 -1
    outer loop
      vertex 35.9518 -17.5348 0
      vertex 21.3394 -3.23357 0
      vertex 21.9445 -2.91014 0
    endloop
  endfacet
  facet normal 0 0 -1
    outer loop
      vertex 18.6606 -3.23357 0
      vertex 22.3677 -33.1615 0
      vertex 21.1968 -33.9219 0
    endloop
  endfacet
  facet normal 0 0 -1
    outer loop
      vertex 34.641 -20 0
      vertex 20.6828 -3.43274 0
      vertex 21.3394 -3.23357 0
    endloop
  endfacet
  facet normal 0 0 -1
    outer loop
      vertex 18.6606 -3.23357 0
      vertex 21.1968 -33.9219 0
      vertex 20 -34.641 0
    endloop
  endfacet
  facet normal 0 0 -1
    outer loop
      vertex 31.5204 -24.6265 0
      vertex 20 -3.5 0
      vertex 20.6828 -3.43274 0
    endloop
  endfacet
  facet normal 0 0 -1
    outer loop
      vertex 28.7736 -27.7863 0
      vertex 19.3172 -3.43274 0
      vertex 20 -3.5 0
    endloop
  endfacet
  facet normal 0 0 -1
    outer loop
      vertex 18.6606 -3.23357 0
      vertex 20 -34.641 0
      vertex 18.7789 -35.3179 0
    endloop
  endfacet
  facet normal 0 0 -1
    outer loop
      vertex 23.5114 -32.3607 0
      vertex 18.6606 -3.23357 0
      vertex 19.3172 -3.43274 0
    endloop
  endfacet
  facet normal 0 0 -1
    outer loop
      vertex 18.7789 -35.3179 0
      vertex 18.0555 -2.91014 0
      vertex 18.6606 -3.23357 0
    endloop
  endfacet
  facet normal 0 0 -1
    outer loop
      vertex 17.5348 -35.9518 0
      vertex 18.0555 -2.91014 0
      vertex 18.7789 -35.3179 0
    endloop
  endfacet
  facet normal 0 0 -1
    outer loop
      vertex 16.2695 -36.5418 0
      vertex 18.0555 -2.91014 0
      vertex 17.5348 -35.9518 0
    endloop
  endfacet
  facet normal 0 0 -1
    outer loop
      vertex 14.9843 -37.0874 0
      vertex 18.0555 -2.91014 0
      vertex 16.2695 -36.5418 0
    endloop
  endfacet
  facet normal 0 0 -1
    outer loop
      vertex 13.6808 -37.5877 0
      vertex 18.0555 -2.91014 0
      vertex 14.9843 -37.0874 0
    endloop
  endfacet
  facet normal 0 0 -1
    outer loop
      vertex 1.5 0 0
      vertex 18.0555 -2.91014 0
      vertex 13.6808 -37.5877 0
    endloop
  endfacet
  facet normal 0 0 -1
    outer loop
      vertex 18.0555 -2.91014 0
      vertex 1.5 0 0
      vertex 17.5251 -2.47487 0
    endloop
  endfacet
  facet normal 0 0 -1
    outer loop
      vertex 16.7664 -1.33939 0
      vertex 1.5 0 0
      vertex 16.5673 -0.682816 0
    endloop
  endfacet
  facet normal 0 0 -1
    outer loop
      vertex 20 6.75 0
      vertex 30.6418 25.7115 0
      vertex 20.4529 6.69037 0
    endloop
  endfacet
  facet normal -0 0 -1
    outer loop
      vertex 30.6418 25.7115 0
      vertex 20 6.75 0
      vertex 29.7258 26.7652 0
    endloop
  endfacet
  facet normal -0 0 -1
    outer loop
      vertex 35.9518 17.5348 0
      vertex 21.2374 6.23743 0
      vertex 35.3179 18.7789 0
    endloop
  endfacet
  facet normal 0 0 -1
    outer loop
      vertex 21.75 5 0
      vertex 22.9101 1.94449 0
      vertex 22.4749 2.47487 0
    endloop
  endfacet
  facet normal -0 0 -1
    outer loop
      vertex 29.7258 26.7652 0
      vertex 20 6.75 0
      vertex 28.7736 27.7863 0
    endloop
  endfacet
  facet normal 0 0 -1
    outer loop
      vertex 21.75 5 0
      vertex 22.4749 2.47487 0
      vertex 21.9445 2.91014 0
    endloop
  endfacet
  facet normal 0 0 -1
    outer loop
      vertex 21.75 5 0
      vertex 21.9445 2.91014 0
      vertex 21.75 3.0141 0
    endloop
  endfacet
  facet normal 0 0 -1
    outer loop
      vertex 22.9101 1.94449 0
      vertex 21.75 5 0
      vertex 21.6904 5.45293 0
    endloop
  endfacet
  facet normal -0 0 -1
    outer loop
      vertex 28.7736 27.7863 0
      vertex 20 6.75 0
      vertex 27.7863 28.7736 0
    endloop
  endfacet
  facet normal -0 0 -1
    outer loop
      vertex 27.7863 28.7736 0
      vertex 20 6.75 0
      vertex 26.7652 29.7258 0
    endloop
  endfacet
  facet normal 0 0 -1
    outer loop
      vertex 19.5471 6.69037 0
      vertex 26.7652 29.7258 0
      vertex 20 6.75 0
    endloop
  endfacet
  facet normal -0 0 -1
    outer loop
      vertex 26.7652 29.7258 0
      vertex 19.5471 6.69037 0
      vertex 25.7115 30.6418 0
    endloop
  endfacet
  facet normal -0 0 -1
    outer loop
      vertex 25.7115 30.6418 0
      vertex 19.5471 6.69037 0
      vertex 24.6265 31.5204 0
    endloop
  endfacet
  facet normal -0 0 -1
    outer loop
      vertex 24.6265 31.5204 0
      vertex 19.5471 6.69037 0
      vertex 23.5114 32.3607 0
    endloop
  endfacet
  facet normal -0 0 -1
    outer loop
      vertex 23.5114 32.3607 0
      vertex 19.5471 6.69037 0
      vertex 22.3677 33.1615 0
    endloop
  endfacet
  facet normal -0 0 -1
    outer loop
      vertex 22.3677 33.1615 0
      vertex 19.5471 6.69037 0
      vertex 21.1968 33.9219 0
    endloop
  endfacet
  facet normal 0 0 -1
    outer loop
      vertex 19.125 6.51553 0
      vertex 21.1968 33.9219 0
      vertex 19.5471 6.69037 0
    endloop
  endfacet
  facet normal -0 0 -1
    outer loop
      vertex 21.1968 33.9219 0
      vertex 19.125 6.51553 0
      vertex 20 34.641 0
    endloop
  endfacet
  facet normal 0 0 -1
    outer loop
      vertex 19.125 6.51553 0
      vertex 18.7789 35.3179 0
      vertex 20 34.641 0
    endloop
  endfacet
  facet normal 0 0 -1
    outer loop
      vertex 14.9843 37.0874 0
      vertex 19.125 6.51553 0
      vertex 18.7626 6.23743 0
    endloop
  endfacet
  facet normal 0 0 -1
    outer loop
      vertex 0.574024 1.38582 0
      vertex 18.7626 6.23743 0
      vertex 18.4845 5.875 0
    endloop
  endfacet
  facet normal 0 0 -1
    outer loop
      vertex 0.833355 1.2472 0
      vertex 18.4845 5.875 0
      vertex 18.3096 5.45293 0
    endloop
  endfacet
  facet normal 0 0 -1
    outer loop
      vertex 17.0899 1.94449 0
      vertex 18.3096 5.45293 0
      vertex 18.25 5 0
    endloop
  endfacet
  facet normal 0 0 -1
    outer loop
      vertex 17.5251 2.47487 0
      vertex 18.25 5 0
      vertex 18.0555 2.91014 0
    endloop
  endfacet
  facet normal 0 0 -1
    outer loop
      vertex 19.125 6.51553 0
      vertex 17.5348 35.9518 0
      vertex 18.7789 35.3179 0
    endloop
  endfacet
  facet normal 0 0 -1
    outer loop
      vertex 17.0899 1.94449 0
      vertex 18.25 5 0
      vertex 17.5251 2.47487 0
    endloop
  endfacet
  facet normal 0 0 -1
    outer loop
      vertex 18.3096 5.45293 0
      vertex 17.0899 1.94449 0
      vertex 1.2472 0.833355 0
    endloop
  endfacet
  facet normal 0 0 -1
    outer loop
      vertex 1.2472 0.833355 0
      vertex 17.0899 1.94449 0
      vertex 16.7664 1.33939 0
    endloop
  endfacet
  facet normal 0 0 -1
    outer loop
      vertex 1.38582 0.574024 0
      vertex 16.7664 1.33939 0
      vertex 16.5673 0.682816 0
    endloop
  endfacet
  facet normal 0 0 -1
    outer loop
      vertex 1.47118 0.292635 0
      vertex 16.5673 0.682816 0
      vertex 16.5 0 0
    endloop
  endfacet
  facet normal 0 0 -1
    outer loop
      vertex 18.4845 5.875 0
      vertex 0.833355 1.2472 0
      vertex 0.574024 1.38582 0
    endloop
  endfacet
  facet normal 0 0 -1
    outer loop
      vertex 16.5673 -0.682816 0
      vertex 1.5 0 0
      vertex 16.5 0 0
    endloop
  endfacet
  facet normal 0 0 -1
    outer loop
      vertex 17.0899 -1.94449 0
      vertex 1.5 0 0
      vertex 16.7664 -1.33939 0
    endloop
  endfacet
  facet normal 0 0 -1
    outer loop
      vertex 1.47118 0.292635 0
      vertex 16.5 0 0
      vertex 1.5 0 0
    endloop
  endfacet
  facet normal 0 0 -1
    outer loop
      vertex 17.5251 -2.47487 0
      vertex 1.5 0 0
      vertex 17.0899 -1.94449 0
    endloop
  endfacet
  facet normal 0 0 -1
    outer loop
      vertex 16.5673 0.682816 0
      vertex 1.47118 0.292635 0
      vertex 1.38582 0.574024 0
    endloop
  endfacet
  facet normal 0 0 -1
    outer loop
      vertex 1.5 0 0
      vertex 13.6808 -37.5877 0
      vertex 12.3607 -38.0423 0
    endloop
  endfacet
  facet normal 0 0 -1
    outer loop
      vertex 16.7664 1.33939 0
      vertex 1.38582 0.574024 0
      vertex 1.2472 0.833355 0
    endloop
  endfacet
  facet normal 0 0 -1
    outer loop
      vertex 1.5 0 0
      vertex 12.3607 -38.0423 0
      vertex 11.0255 -38.4505 0
    endloop
  endfacet
  facet normal 0 0 -1
    outer loop
      vertex 18.3096 5.45293 0
      vertex 1.2472 0.833355 0
      vertex 1.06066 1.06066 0
    endloop
  endfacet
  facet normal 0 0 -1
    outer loop
      vertex 1.5 0 0
      vertex 11.0255 -38.4505 0
      vertex 9.67688 -38.8118 0
    endloop
  endfacet
  facet normal 0 0 -1
    outer loop
      vertex 18.3096 5.45293 0
      vertex 1.06066 1.06066 0
      vertex 0.833355 1.2472 0
    endloop
  endfacet
  facet normal 0 0 -1
    outer loop
      vertex 1.5 0 0
      vertex 9.67688 -38.8118 0
      vertex 8.31647 -39.1259 0
    endloop
  endfacet
  facet normal 0 0 -1
    outer loop
      vertex 18.7626 6.23743 0
      vertex 0.574024 1.38582 0
      vertex 0.292635 1.47118 0
    endloop
  endfacet
  facet normal 0 0 -1
    outer loop
      vertex 1.5 0 0
      vertex 8.31647 -39.1259 0
      vertex 6.94593 -39.3923 0
    endloop
  endfacet
  facet normal 0 0 -1
    outer loop
      vertex 19.125 6.51553 0
      vertex 16.2695 36.5418 0
      vertex 17.5348 35.9518 0
    endloop
  endfacet
  facet normal 0 0 -1
    outer loop
      vertex 1.5 0 0
      vertex 6.94593 -39.3923 0
      vertex 5.56692 -39.6107 0
    endloop
  endfacet
  facet normal 0 0 -1
    outer loop
      vertex 19.125 6.51553 0
      vertex 14.9843 37.0874 0
      vertex 16.2695 36.5418 0
    endloop
  endfacet
  facet normal 0 0 -1
    outer loop
      vertex 1.5 0 0
      vertex 5.56692 -39.6107 0
      vertex 4.18114 -39.7809 0
    endloop
  endfacet
  facet normal 0 0 -1
    outer loop
      vertex 18.7626 6.23743 0
      vertex 13.6808 37.5877 0
      vertex 14.9843 37.0874 0
    endloop
  endfacet
  facet normal 0 0 -1
    outer loop
      vertex 1.5 0 0
      vertex 4.18114 -39.7809 0
      vertex 2.79026 -39.9026 0
    endloop
  endfacet
  facet normal 0 0 -1
    outer loop
      vertex 18.7626 6.23743 0
      vertex 12.3607 38.0423 0
      vertex 13.6808 37.5877 0
    endloop
  endfacet
  facet normal 0 0 -1
    outer loop
      vertex 1.5 0 0
      vertex 2.79026 -39.9026 0
      vertex 1.5 -39.9702 0
    endloop
  endfacet
  facet normal 0 0 -1
    outer loop
      vertex 18.7626 6.23743 0
      vertex 11.0255 38.4505 0
      vertex 12.3607 38.0423 0
    endloop
  endfacet
  facet normal -0 0 -1
    outer loop
      vertex 18.7626 6.23743 0
      vertex 0.292635 1.47118 0
      vertex 11.0255 38.4505 0
    endloop
  endfacet
  facet normal -0 0 -1
    outer loop
      vertex 11.0255 38.4505 0
      vertex 0.292635 1.47118 0
      vertex 9.67688 38.8118 0
    endloop
  endfacet
  facet normal -0 0 -1
    outer loop
      vertex 9.67688 38.8118 0
      vertex 0.292635 1.47118 0
      vertex 8.31647 39.1259 0
    endloop
  endfacet
  facet normal -0 0 -1
    outer loop
      vertex 8.31647 39.1259 0
      vertex 0.292635 1.47118 0
      vertex 6.94593 39.3923 0
    endloop
  endfacet
  facet normal -0 0 -1
    outer loop
      vertex 6.94593 39.3923 0
      vertex 0.292635 1.47118 0
      vertex 5.56692 39.6107 0
    endloop
  endfacet
  facet normal -0 0 -1
    outer loop
      vertex 5.56692 39.6107 0
      vertex 0.292635 1.47118 0
      vertex 4.18114 39.7809 0
    endloop
  endfacet
  facet normal 0 0 -1
    outer loop
      vertex 0 1.5 0
      vertex 4.18114 39.7809 0
      vertex 0.292635 1.47118 0
    endloop
  endfacet
  facet normal -0 0 -1
    outer loop
      vertex 4.18114 39.7809 0
      vertex 0 1.5 0
      vertex 2.79026 39.9026 0
    endloop
  endfacet
  facet normal -0 0 -1
    outer loop
      vertex 2.79026 39.9026 0
      vertex 0 1.5 0
      vertex 1.39598 39.9756 0
    endloop
  endfacet
  facet normal 0 0 -1
    outer loop
      vertex 0 1.5 0
      vertex 0 40 0
      vertex 1.39598 39.9756 0
    endloop
  endfacet
  facet normal 0 0 -1
    outer loop
      vertex -4.18114 39.7809 0
      vertex 0 1.5 0
      vertex -0.292635 1.47118 0
    endloop
  endfacet
  facet normal 0 0 -1
    outer loop
      vertex -11.0255 38.4505 0
      vertex -0.292635 1.47118 0
      vertex -0.574024 1.38582 0
    endloop
  endfacet
  facet normal 0 0 -1
    outer loop
      vertex -18.3096 5.45293 0
      vertex -1.2472 0.833355 0
      vertex -17.0899 1.94449 0
    endloop
  endfacet
  facet normal 0 0 -1
    outer loop
      vertex -1.38582 0.574024 0
      vertex -16.7664 1.33939 0
      vertex -1.2472 0.833355 0
    endloop
  endfacet
  facet normal 0 0 -1
    outer loop
      vertex -16.7664 1.33939 0
      vertex -1.38582 0.574024 0
      vertex -16.5673 0.682816 0
    endloop
  endfacet
  facet normal 0 0 -1
    outer loop
      vertex -1.47118 0.292635 0
      vertex -16.5673 0.682816 0
      vertex -1.38582 0.574024 0
    endloop
  endfacet
  facet normal 0 0 -1
    outer loop
      vertex 0 1.5 0
      vertex -1.39598 39.9756 0
      vertex 0 40 0
    endloop
  endfacet
  facet normal 0 0 -1
    outer loop
      vertex -16.5673 0.682816 0
      vertex -1.47118 0.292635 0
      vertex -16.5 0 0
    endloop
  endfacet
  facet normal 0 0 -1
    outer loop
      vertex -16.5 0 0
      vertex -1.47118 0.292635 0
      vertex -1.5 0 0
    endloop
  endfacet
  facet normal 0 0 -1
    outer loop
      vertex -4.18114 -39.7809 0
      vertex -1.5 0 0
      vertex -2.79026 -39.9026 0
    endloop
  endfacet
  facet normal 0 0 -1
    outer loop
      vertex -17.0899 1.94449 0
      vertex -1.2472 0.833355 0
      vertex -16.7664 1.33939 0
    endloop
  endfacet
  facet normal 0 0 -1
    outer loop
      vertex -5.56692 -39.6107 0
      vertex -1.5 0 0
      vertex -4.18114 -39.7809 0
    endloop
  endfacet
  facet normal 0 0 -1
    outer loop
      vertex 0 1.5 0
      vertex -2.79026 39.9026 0
      vertex -1.39598 39.9756 0
    endloop
  endfacet
  facet normal 0 0 -1
    outer loop
      vertex -6.94593 -39.3923 0
      vertex -1.5 0 0
      vertex -5.56692 -39.6107 0
    endloop
  endfacet
  facet normal 0 0 -1
    outer loop
      vertex 0 1.5 0
      vertex -4.18114 39.7809 0
      vertex -2.79026 39.9026 0
    endloop
  endfacet
  facet normal 0 0 -1
    outer loop
      vertex -8.31647 -39.1259 0
      vertex -1.5 0 0
      vertex -6.94593 -39.3923 0
    endloop
  endfacet
  facet normal 0 0 -1
    outer loop
      vertex -0.292635 1.47118 0
      vertex -5.56692 39.6107 0
      vertex -4.18114 39.7809 0
    endloop
  endfacet
  facet normal 0 0 -1
    outer loop
      vertex -9.67688 -38.8118 0
      vertex -1.5 0 0
      vertex -8.31647 -39.1259 0
    endloop
  endfacet
  facet normal 0 0 -1
    outer loop
      vertex -0.292635 1.47118 0
      vertex -6.94593 39.3923 0
      vertex -5.56692 39.6107 0
    endloop
  endfacet
  facet normal 0 0 -1
    outer loop
      vertex -11.0255 -38.4505 0
      vertex -1.5 0 0
      vertex -9.67688 -38.8118 0
    endloop
  endfacet
  facet normal 0 0 -1
    outer loop
      vertex -0.292635 1.47118 0
      vertex -8.31647 39.1259 0
      vertex -6.94593 39.3923 0
    endloop
  endfacet
  facet normal 0 0 -1
    outer loop
      vertex -12.3607 -38.0423 0
      vertex -1.5 0 0
      vertex -11.0255 -38.4505 0
    endloop
  endfacet
  facet normal 0 0 -1
    outer loop
      vertex -0.292635 1.47118 0
      vertex -9.67688 38.8118 0
      vertex -8.31647 39.1259 0
    endloop
  endfacet
  facet normal 0 0 -1
    outer loop
      vertex -1.5 0 0
      vertex -12.3607 -38.0423 0
      vertex -18.0555 -2.91014 0
    endloop
  endfacet
  facet normal 0 0 -1
    outer loop
      vertex -0.292635 1.47118 0
      vertex -11.0255 38.4505 0
      vertex -9.67688 38.8118 0
    endloop
  endfacet
  facet normal 0 0 -1
    outer loop
      vertex -18.0555 -2.91014 0
      vertex -12.3607 -38.0423 0
      vertex -13.6808 -37.5877 0
    endloop
  endfacet
  facet normal 0 0 -1
    outer loop
      vertex -0.574024 1.38582 0
      vertex -12.3607 38.0423 0
      vertex -11.0255 38.4505 0
    endloop
  endfacet
  facet normal 0 0 -1
    outer loop
      vertex -18.0555 -2.91014 0
      vertex -13.6808 -37.5877 0
      vertex -14.9843 -37.0874 0
    endloop
  endfacet
  facet normal 0 0 -1
    outer loop
      vertex -0.574024 1.38582 0
      vertex -13.6808 37.5877 0
      vertex -12.3607 38.0423 0
    endloop
  endfacet
  facet normal 0 0 -1
    outer loop
      vertex -18.0555 -2.91014 0
      vertex -14.9843 -37.0874 0
      vertex -16.2695 -36.5418 0
    endloop
  endfacet
  facet normal 0 0 -1
    outer loop
      vertex -0.574024 1.38582 0
      vertex -14.9843 37.0874 0
      vertex -13.6808 37.5877 0
    endloop
  endfacet
  facet normal 0 0 -1
    outer loop
      vertex -0.574024 1.38582 0
      vertex -16.2695 36.5418 0
      vertex -14.9843 37.0874 0
    endloop
  endfacet
  facet normal -0 0 -1
    outer loop
      vertex -1.5 0 0
      vertex -16.5673 -0.682816 0
      vertex -16.5 0 0
    endloop
  endfacet
  facet normal 0 0 -1
    outer loop
      vertex -1.5 0 0
      vertex -16.7664 -1.33939 0
      vertex -16.5673 -0.682816 0
    endloop
  endfacet
  facet normal 0 0 -1
    outer loop
      vertex -1.5 0 0
      vertex -17.0899 -1.94449 0
      vertex -16.7664 -1.33939 0
    endloop
  endfacet
  facet normal 0 0 -1
    outer loop
      vertex -1.5 0 0
      vertex -17.5251 -2.47487 0
      vertex -17.0899 -1.94449 0
    endloop
  endfacet
  facet normal 0 0 -1
    outer loop
      vertex -18.0555 -2.91014 0
      vertex -16.2695 -36.5418 0
      vertex -17.5348 -35.9518 0
    endloop
  endfacet
  facet normal 0 0 -1
    outer loop
      vertex -1.5 0 0
      vertex -18.0555 -2.91014 0
      vertex -17.5251 -2.47487 0
    endloop
  endfacet
  facet normal 0 0 -1
    outer loop
      vertex -17.5348 -35.9518 0
      vertex -18.6606 -3.23357 0
      vertex -18.0555 -2.91014 0
    endloop
  endfacet
  facet normal 0 0 -1
    outer loop
      vertex -18.7789 -35.3179 0
      vertex -18.6606 -3.23357 0
      vertex -17.5348 -35.9518 0
    endloop
  endfacet
  facet normal 0 0 -1
    outer loop
      vertex -20 -34.641 0
      vertex -18.6606 -3.23357 0
      vertex -18.7789 -35.3179 0
    endloop
  endfacet
  facet normal 0 0 -1
    outer loop
      vertex -21.1968 -33.9219 0
      vertex -18.6606 -3.23357 0
      vertex -20 -34.641 0
    endloop
  endfacet
  facet normal 0 0 -1
    outer loop
      vertex -22.3677 -33.1615 0
      vertex -18.6606 -3.23357 0
      vertex -21.1968 -33.9219 0
    endloop
  endfacet
  facet normal 0 0 -1
    outer loop
      vertex -23.5114 -32.3607 0
      vertex -18.6606 -3.23357 0
      vertex -22.3677 -33.1615 0
    endloop
  endfacet
  facet normal 0 0 -1
    outer loop
      vertex -18.6606 -3.23357 0
      vertex -23.5114 -32.3607 0
      vertex -19.3172 -3.43274 0
    endloop
  endfacet
  facet normal 0 0 -1
    outer loop
      vertex -24.6265 -31.5204 0
      vertex -19.3172 -3.43274 0
      vertex -23.5114 -32.3607 0
    endloop
  endfacet
  facet normal 0 0 -1
    outer loop
      vertex -25.7115 -30.6418 0
      vertex -19.3172 -3.43274 0
      vertex -24.6265 -31.5204 0
    endloop
  endfacet
  facet normal 0 0 -1
    outer loop
      vertex -26.7652 -29.7258 0
      vertex -19.3172 -3.43274 0
      vertex -25.7115 -30.6418 0
    endloop
  endfacet
  facet normal 0 0 -1
    outer loop
      vertex -27.7863 -28.7736 0
      vertex -19.3172 -3.43274 0
      vertex -26.7652 -29.7258 0
    endloop
  endfacet
  facet normal 0 0 -1
    outer loop
      vertex -28.7736 -27.7863 0
      vertex -19.3172 -3.43274 0
      vertex -27.7863 -28.7736 0
    endloop
  endfacet
  facet normal 0 0 -1
    outer loop
      vertex -19.3172 -3.43274 0
      vertex -28.7736 -27.7863 0
      vertex -20 -3.5 0
    endloop
  endfacet
  facet normal 0 0 -1
    outer loop
      vertex -29.7258 -26.7652 0
      vertex -20 -3.5 0
      vertex -28.7736 -27.7863 0
    endloop
  endfacet
  facet normal 0 0 -1
    outer loop
      vertex -30.6418 -25.7115 0
      vertex -20 -3.5 0
      vertex -29.7258 -26.7652 0
    endloop
  endfacet
  facet normal 0 0 -1
    outer loop
      vertex -31.5204 -24.6265 0
      vertex -20 -3.5 0
      vertex -30.6418 -25.7115 0
    endloop
  endfacet
  facet normal -0.891007 -0.45399 0
    outer loop
      vertex -35.3179 -18.7789 0
      vertex -35.9518 -17.5348 30
      vertex -35.9518 -17.5348 0
    endloop
  endfacet
  facet normal -0.891007 -0.45399 0
    outer loop
      vertex -35.9518 -17.5348 30
      vertex -35.3179 -18.7789 0
      vertex -35.3179 -18.7789 30
    endloop
  endfacet
  facet normal -0.190805 -0.981628 0
    outer loop
      vertex -8.31647 -39.1259 0
      vertex -6.94593 -39.3923 30
      vertex -8.31647 -39.1259 30
    endloop
  endfacet
  facet normal -0.190805 -0.981628 -0
    outer loop
      vertex -6.94593 -39.3923 30
      vertex -8.31647 -39.1259 0
      vertex -6.94593 -39.3923 0
    endloop
  endfacet
  facet normal -0.422607 -0.906313 0
    outer loop
      vertex -17.5348 -35.9518 0
      vertex -16.2695 -36.5418 30
      vertex -17.5348 -35.9518 30
    endloop
  endfacet
  facet normal -0.422607 -0.906313 -0
    outer loop
      vertex -16.2695 -36.5418 30
      vertex -17.5348 -35.9518 0
      vertex -16.2695 -36.5418 0
    endloop
  endfacet
  facet normal -0.573563 -0.819161 0
    outer loop
      vertex -23.5114 -32.3607 0
      vertex -22.3677 -33.1615 30
      vertex -23.5114 -32.3607 30
    endloop
  endfacet
  facet normal -0.573563 -0.819161 -0
    outer loop
      vertex -22.3677 -33.1615 30
      vertex -23.5114 -32.3607 0
      vertex -22.3677 -33.1615 0
    endloop
  endfacet
  facet normal -0.60182 -0.798631 0
    outer loop
      vertex -24.6265 -31.5204 0
      vertex -23.5114 -32.3607 30
      vertex -24.6265 -31.5204 30
    endloop
  endfacet
  facet normal -0.60182 -0.798631 -0
    outer loop
      vertex -23.5114 -32.3607 30
      vertex -24.6265 -31.5204 0
      vertex -23.5114 -32.3607 0
    endloop
  endfacet
  facet normal -0.85717 0.515033 0
    outer loop
      vertex -34.641 20 0
      vertex -33.9219 21.1968 30
      vertex -33.9219 21.1968 0
    endloop
  endfacet
  facet normal -0.85717 0.515033 0
    outer loop
      vertex -33.9219 21.1968 30
      vertex -34.641 20 0
      vertex -34.641 20 30
    endloop
  endfacet
  facet normal -0.777151 0.629314 0
    outer loop
      vertex -31.5204 24.6265 0
      vertex -30.6418 25.7115 30
      vertex -30.6418 25.7115 0
    endloop
  endfacet
  facet normal -0.777151 0.629314 0
    outer loop
      vertex -30.6418 25.7115 30
      vertex -31.5204 24.6265 0
      vertex -31.5204 24.6265 30
    endloop
  endfacet
  facet normal -0.45399 0.891007 0
    outer loop
      vertex -17.5348 35.9518 0
      vertex -18.7789 35.3179 30
      vertex -17.5348 35.9518 30
    endloop
  endfacet
  facet normal -0.45399 0.891007 0
    outer loop
      vertex -18.7789 35.3179 30
      vertex -17.5348 35.9518 0
      vertex -18.7789 35.3179 0
    endloop
  endfacet
  facet normal 0.906313 0.422607 0
    outer loop
      vertex 36.5418 16.2695 30
      vertex 35.9518 17.5348 0
      vertex 35.9518 17.5348 30
    endloop
  endfacet
  facet normal 0.906313 0.422607 0
    outer loop
      vertex 35.9518 17.5348 0
      vertex 36.5418 16.2695 30
      vertex 36.5418 16.2695 0
    endloop
  endfacet
  facet normal 0.87461 0.484828 0
    outer loop
      vertex 35.3179 18.7789 30
      vertex 34.641 20 0
      vertex 34.641 20 30
    endloop
  endfacet
  facet normal 0.87461 0.484828 0
    outer loop
      vertex 34.641 20 0
      vertex 35.3179 18.7789 30
      vertex 35.3179 18.7789 0
    endloop
  endfacet
  facet normal 0.838668 0.544643 0
    outer loop
      vertex 33.9219 21.1968 30
      vertex 33.1615 22.3677 0
      vertex 33.1615 22.3677 30
    endloop
  endfacet
  facet normal 0.838668 0.544643 0
    outer loop
      vertex 33.1615 22.3677 0
      vertex 33.9219 21.1968 30
      vertex 33.9219 21.1968 0
    endloop
  endfacet
  facet normal 0.85717 0.515033 0
    outer loop
      vertex 34.641 20 30
      vertex 33.9219 21.1968 0
      vertex 33.9219 21.1968 30
    endloop
  endfacet
  facet normal 0.85717 0.515033 0
    outer loop
      vertex 33.9219 21.1968 0
      vertex 34.641 20 30
      vertex 34.641 20 0
    endloop
  endfacet
  facet normal 0.731351 0.682002 0
    outer loop
      vertex 29.7258 26.7652 30
      vertex 28.7736 27.7863 0
      vertex 28.7736 27.7863 30
    endloop
  endfacet
  facet normal 0.731351 0.682002 0
    outer loop
      vertex 28.7736 27.7863 0
      vertex 29.7258 26.7652 30
      vertex 29.7258 26.7652 0
    endloop
  endfacet
  facet normal 0.956307 0.292364 0
    outer loop
      vertex 38.4505 11.0255 30
      vertex 38.0423 12.3607 0
      vertex 38.0423 12.3607 30
    endloop
  endfacet
  facet normal 0.956307 0.292364 0
    outer loop
      vertex 38.0423 12.3607 0
      vertex 38.4505 11.0255 30
      vertex 38.4505 11.0255 0
    endloop
  endfacet
  facet normal -0.544643 0.838668 0
    outer loop
      vertex -21.1968 33.9219 0
      vertex -22.3677 33.1615 30
      vertex -21.1968 33.9219 30
    endloop
  endfacet
  facet normal -0.544643 0.838668 0
    outer loop
      vertex -22.3677 33.1615 30
      vertex -21.1968 33.9219 0
      vertex -22.3677 33.1615 0
    endloop
  endfacet
  facet normal -0.515033 0.85717 0
    outer loop
      vertex -20 34.641 0
      vertex -21.1968 33.9219 30
      vertex -20 34.641 30
    endloop
  endfacet
  facet normal -0.515033 0.85717 0
    outer loop
      vertex -21.1968 33.9219 30
      vertex -20 34.641 0
      vertex -21.1968 33.9219 0
    endloop
  endfacet
  facet normal -0.422607 0.906313 0
    outer loop
      vertex -16.2695 36.5418 0
      vertex -17.5348 35.9518 30
      vertex -16.2695 36.5418 30
    endloop
  endfacet
  facet normal -0.422607 0.906313 0
    outer loop
      vertex -17.5348 35.9518 30
      vertex -16.2695 36.5418 0
      vertex -17.5348 35.9518 0
    endloop
  endfacet
  facet normal 0.965937 0.258778 0
    outer loop
      vertex 38.8118 9.67688 30
      vertex 38.4505 11.0255 0
      vertex 38.4505 11.0255 30
    endloop
  endfacet
  facet normal 0.965937 0.258778 0
    outer loop
      vertex 38.4505 11.0255 0
      vertex 38.8118 9.67688 30
      vertex 38.8118 9.67688 0
    endloop
  endfacet
  facet normal -0.290275 0.956943 0
    outer loop
      vertex -18.6606 -3.23357 0
      vertex -19.3172 -3.43274 3
      vertex -18.6606 -3.23357 3
    endloop
  endfacet
  facet normal -0.290275 0.956943 0
    outer loop
      vertex -19.3172 -3.43274 3
      vertex -18.6606 -3.23357 0
      vertex -19.3172 -3.43274 0
    endloop
  endfacet
  facet normal -0.471394 0.881923 0
    outer loop
      vertex -18.0555 -2.91014 0
      vertex -18.6606 -3.23357 3
      vertex -18.0555 -2.91014 3
    endloop
  endfacet
  facet normal -0.471394 0.881923 0
    outer loop
      vertex -18.6606 -3.23357 3
      vertex -18.0555 -2.91014 0
      vertex -18.6606 -3.23357 0
    endloop
  endfacet
  facet normal -0.634378 0.773023 0
    outer loop
      vertex -17.5251 -2.47487 0
      vertex -18.0555 -2.91014 3
      vertex -17.5251 -2.47487 3
    endloop
  endfacet
  facet normal -0.634378 0.773023 0
    outer loop
      vertex -18.0555 -2.91014 3
      vertex -17.5251 -2.47487 0
      vertex -18.0555 -2.91014 0
    endloop
  endfacet
  facet normal -0.773062 0.634331 0
    outer loop
      vertex -17.5251 -2.47487 0
      vertex -17.0899 -1.94449 3
      vertex -17.0899 -1.94449 0
    endloop
  endfacet
  facet normal -0.773062 0.634331 0
    outer loop
      vertex -17.0899 -1.94449 3
      vertex -17.5251 -2.47487 0
      vertex -17.5251 -2.47487 3
    endloop
  endfacet
  facet normal -0.88188 0.471473 0
    outer loop
      vertex -17.0899 -1.94449 0
      vertex -16.7664 -1.33939 3
      vertex -16.7664 -1.33939 0
    endloop
  endfacet
  facet normal -0.88188 0.471473 0
    outer loop
      vertex -16.7664 -1.33939 3
      vertex -17.0899 -1.94449 0
      vertex -17.0899 -1.94449 3
    endloop
  endfacet
  facet normal -0.956968 0.290192 0
    outer loop
      vertex -16.7664 -1.33939 0
      vertex -16.5673 -0.682816 3
      vertex -16.5673 -0.682816 0
    endloop
  endfacet
  facet normal -0.956968 0.290192 0
    outer loop
      vertex -16.5673 -0.682816 3
      vertex -16.7664 -1.33939 0
      vertex -16.7664 -1.33939 3
    endloop
  endfacet
  facet normal -0.995178 0.0980871 0
    outer loop
      vertex -16.5673 -0.682816 0
      vertex -16.5 0 3
      vertex -16.5 0 0
    endloop
  endfacet
  facet normal -0.995178 0.0980871 0
    outer loop
      vertex -16.5 0 3
      vertex -16.5673 -0.682816 0
      vertex -16.5673 -0.682816 3
    endloop
  endfacet
  facet normal -0.995178 -0.0980871 0
    outer loop
      vertex -16.5 0 0
      vertex -16.5673 0.682816 3
      vertex -16.5673 0.682816 0
    endloop
  endfacet
  facet normal -0.995178 -0.0980871 0
    outer loop
      vertex -16.5673 0.682816 3
      vertex -16.5 0 0
      vertex -16.5 0 3
    endloop
  endfacet
  facet normal -0.956968 -0.290192 0
    outer loop
      vertex -16.5673 0.682816 0
      vertex -16.7664 1.33939 3
      vertex -16.7664 1.33939 0
    endloop
  endfacet
  facet normal -0.956968 -0.290192 0
    outer loop
      vertex -16.7664 1.33939 3
      vertex -16.5673 0.682816 0
      vertex -16.5673 0.682816 3
    endloop
  endfacet
  facet normal -0.88188 -0.471473 0
    outer loop
      vertex -16.7664 1.33939 0
      vertex -17.0899 1.94449 3
      vertex -17.0899 1.94449 0
    endloop
  endfacet
  facet normal -0.88188 -0.471473 0
    outer loop
      vertex -17.0899 1.94449 3
      vertex -16.7664 1.33939 0
      vertex -16.7664 1.33939 3
    endloop
  endfacet
  facet normal -0.773062 -0.634331 0
    outer loop
      vertex -17.0899 1.94449 0
      vertex -17.5251 2.47487 3
      vertex -17.5251 2.47487 0
    endloop
  endfacet
  facet normal -0.773062 -0.634331 0
    outer loop
      vertex -17.5251 2.47487 3
      vertex -17.0899 1.94449 0
      vertex -17.0899 1.94449 3
    endloop
  endfacet
  facet normal -0.634378 -0.773023 0
    outer loop
      vertex -18.0555 2.91014 0
      vertex -17.5251 2.47487 3
      vertex -18.0555 2.91014 3
    endloop
  endfacet
  facet normal -0.634378 -0.773023 -0
    outer loop
      vertex -17.5251 2.47487 3
      vertex -18.0555 2.91014 0
      vertex -17.5251 2.47487 0
    endloop
  endfacet
  facet normal -0.471388 -0.881926 0
    outer loop
      vertex -18.25 3.0141 0
      vertex -18.0555 2.91014 3
      vertex -18.25 3.0141 3
    endloop
  endfacet
  facet normal -0.471388 -0.881926 -0
    outer loop
      vertex -18.0555 2.91014 3
      vertex -18.25 3.0141 0
      vertex -18.0555 2.91014 0
    endloop
  endfacet
  facet normal -1 0 0
    outer loop
      vertex -18.25 3.0141 0
      vertex -18.25 5 3
      vertex -18.25 5 0
    endloop
  endfacet
  facet normal -1 -0 0
    outer loop
      vertex -18.25 5 3
      vertex -18.25 3.0141 0
      vertex -18.25 3.0141 3
    endloop
  endfacet
  facet normal -0.991453 -0.130463 0
    outer loop
      vertex -18.25 5 0
      vertex -18.3096 5.45293 3
      vertex -18.3096 5.45293 0
    endloop
  endfacet
  facet normal -0.991453 -0.130463 0
    outer loop
      vertex -18.3096 5.45293 3
      vertex -18.25 5 0
      vertex -18.25 5 3
    endloop
  endfacet
  facet normal -0.923823 -0.38282 0
    outer loop
      vertex -18.3096 5.45293 0
      vertex -18.4845 5.875 3
      vertex -18.4845 5.875 0
    endloop
  endfacet
  facet normal -0.923823 -0.38282 0
    outer loop
      vertex -18.4845 5.875 3
      vertex -18.3096 5.45293 0
      vertex -18.3096 5.45293 3
    endloop
  endfacet
  facet normal -0.793356 -0.608758 0
    outer loop
      vertex -18.4845 5.875 0
      vertex -18.7626 6.23743 3
      vertex -18.7626 6.23743 0
    endloop
  endfacet
  facet normal -0.793356 -0.608758 0
    outer loop
      vertex -18.7626 6.23743 3
      vertex -18.4845 5.875 0
      vertex -18.4845 5.875 3
    endloop
  endfacet
  facet normal -0.60879 -0.793331 0
    outer loop
      vertex -19.125 6.51553 0
      vertex -18.7626 6.23743 3
      vertex -19.125 6.51553 3
    endloop
  endfacet
  facet normal -0.60879 -0.793331 -0
    outer loop
      vertex -18.7626 6.23743 3
      vertex -19.125 6.51553 0
      vertex -18.7626 6.23743 0
    endloop
  endfacet
  facet normal -0.382684 -0.923879 0
    outer loop
      vertex -19.5471 6.69037 0
      vertex -19.125 6.51553 3
      vertex -19.5471 6.69037 3
    endloop
  endfacet
  facet normal -0.382684 -0.923879 -0
    outer loop
      vertex -19.125 6.51553 3
      vertex -19.5471 6.69037 0
      vertex -19.125 6.51553 0
    endloop
  endfacet
  facet normal -0.130536 -0.991444 0
    outer loop
      vertex -20 6.75 0
      vertex -19.5471 6.69037 3
      vertex -20 6.75 3
    endloop
  endfacet
  facet normal -0.130536 -0.991444 -0
    outer loop
      vertex -19.5471 6.69037 3
      vertex -20 6.75 0
      vertex -19.5471 6.69037 0
    endloop
  endfacet
  facet normal 0.130536 -0.991444 0
    outer loop
      vertex -20.4529 6.69037 0
      vertex -20 6.75 3
      vertex -20.4529 6.69037 3
    endloop
  endfacet
  facet normal 0.130536 -0.991444 0
    outer loop
      vertex -20 6.75 3
      vertex -20.4529 6.69037 0
      vertex -20 6.75 0
    endloop
  endfacet
  facet normal 0.382684 -0.923879 0
    outer loop
      vertex -20.875 6.51553 0
      vertex -20.4529 6.69037 3
      vertex -20.875 6.51553 3
    endloop
  endfacet
  facet normal 0.382684 -0.923879 0
    outer loop
      vertex -20.4529 6.69037 3
      vertex -20.875 6.51553 0
      vertex -20.4529 6.69037 0
    endloop
  endfacet
  facet normal 0.60879 -0.793331 0
    outer loop
      vertex -21.2374 6.23743 0
      vertex -20.875 6.51553 3
      vertex -21.2374 6.23743 3
    endloop
  endfacet
  facet normal 0.60879 -0.793331 0
    outer loop
      vertex -20.875 6.51553 3
      vertex -21.2374 6.23743 0
      vertex -20.875 6.51553 0
    endloop
  endfacet
  facet normal 0.793356 -0.608758 0
    outer loop
      vertex -21.5155 5.875 3
      vertex -21.2374 6.23743 0
      vertex -21.2374 6.23743 3
    endloop
  endfacet
  facet normal 0.793356 -0.608758 0
    outer loop
      vertex -21.2374 6.23743 0
      vertex -21.5155 5.875 3
      vertex -21.5155 5.875 0
    endloop
  endfacet
  facet normal 0.923823 -0.38282 0
    outer loop
      vertex -21.6904 5.45293 3
      vertex -21.5155 5.875 0
      vertex -21.5155 5.875 3
    endloop
  endfacet
  facet normal 0.923823 -0.38282 0
    outer loop
      vertex -21.5155 5.875 0
      vertex -21.6904 5.45293 3
      vertex -21.6904 5.45293 0
    endloop
  endfacet
  facet normal 0.991453 -0.130463 0
    outer loop
      vertex -21.75 5 3
      vertex -21.6904 5.45293 0
      vertex -21.6904 5.45293 3
    endloop
  endfacet
  facet normal 0.991453 -0.130463 0
    outer loop
      vertex -21.6904 5.45293 0
      vertex -21.75 5 3
      vertex -21.75 5 0
    endloop
  endfacet
  facet normal 1 -0 0
    outer loop
      vertex -21.75 3.0141 3
      vertex -21.75 5 0
      vertex -21.75 5 3
    endloop
  endfacet
  facet normal 1 0 0
    outer loop
      vertex -21.75 5 0
      vertex -21.75 3.0141 3
      vertex -21.75 3.0141 0
    endloop
  endfacet
  facet normal 0.471388 -0.881926 0
    outer loop
      vertex -21.9445 2.91014 0
      vertex -21.75 3.0141 3
      vertex -21.9445 2.91014 3
    endloop
  endfacet
  facet normal 0.471388 -0.881926 0
    outer loop
      vertex -21.75 3.0141 3
      vertex -21.9445 2.91014 0
      vertex -21.75 3.0141 0
    endloop
  endfacet
  facet normal 0.634378 -0.773023 0
    outer loop
      vertex -22.4749 2.47487 0
      vertex -21.9445 2.91014 3
      vertex -22.4749 2.47487 3
    endloop
  endfacet
  facet normal 0.634378 -0.773023 0
    outer loop
      vertex -21.9445 2.91014 3
      vertex -22.4749 2.47487 0
      vertex -21.9445 2.91014 0
    endloop
  endfacet
  facet normal 0.773062 -0.634331 0
    outer loop
      vertex -22.9101 1.94449 3
      vertex -22.4749 2.47487 0
      vertex -22.4749 2.47487 3
    endloop
  endfacet
  facet normal 0.773062 -0.634331 0
    outer loop
      vertex -22.4749 2.47487 0
      vertex -22.9101 1.94449 3
      vertex -22.9101 1.94449 0
    endloop
  endfacet
  facet normal 0.88188 -0.471473 0
    outer loop
      vertex -23.2336 1.33939 3
      vertex -22.9101 1.94449 0
      vertex -22.9101 1.94449 3
    endloop
  endfacet
  facet normal 0.88188 -0.471473 0
    outer loop
      vertex -22.9101 1.94449 0
      vertex -23.2336 1.33939 3
      vertex -23.2336 1.33939 0
    endloop
  endfacet
  facet normal 0.956968 -0.290192 0
    outer loop
      vertex -23.4327 0.682816 3
      vertex -23.2336 1.33939 0
      vertex -23.2336 1.33939 3
    endloop
  endfacet
  facet normal 0.956968 -0.290192 0
    outer loop
      vertex -23.2336 1.33939 0
      vertex -23.4327 0.682816 3
      vertex -23.4327 0.682816 0
    endloop
  endfacet
  facet normal 0.995178 -0.0980871 0
    outer loop
      vertex -23.5 0 3
      vertex -23.4327 0.682816 0
      vertex -23.4327 0.682816 3
    endloop
  endfacet
  facet normal 0.995178 -0.0980871 0
    outer loop
      vertex -23.4327 0.682816 0
      vertex -23.5 0 3
      vertex -23.5 0 0
    endloop
  endfacet
  facet normal 0.995178 0.0980871 0
    outer loop
      vertex -23.4327 -0.682816 3
      vertex -23.5 0 0
      vertex -23.5 0 3
    endloop
  endfacet
  facet normal 0.995178 0.0980871 0
    outer loop
      vertex -23.5 0 0
      vertex -23.4327 -0.682816 3
      vertex -23.4327 -0.682816 0
    endloop
  endfacet
  facet normal 0.956968 0.290192 0
    outer loop
      vertex -23.2336 -1.33939 3
      vertex -23.4327 -0.682816 0
      vertex -23.4327 -0.682816 3
    endloop
  endfacet
  facet normal 0.956968 0.290192 0
    outer loop
      vertex -23.4327 -0.682816 0
      vertex -23.2336 -1.33939 3
      vertex -23.2336 -1.33939 0
    endloop
  endfacet
  facet normal 0.88188 0.471473 0
    outer loop
      vertex -22.9101 -1.94449 3
      vertex -23.2336 -1.33939 0
      vertex -23.2336 -1.33939 3
    endloop
  endfacet
  facet normal 0.88188 0.471473 0
    outer loop
      vertex -23.2336 -1.33939 0
      vertex -22.9101 -1.94449 3
      vertex -22.9101 -1.94449 0
    endloop
  endfacet
  facet normal 0.773062 0.634331 0
    outer loop
      vertex -22.4749 -2.47487 3
      vertex -22.9101 -1.94449 0
      vertex -22.9101 -1.94449 3
    endloop
  endfacet
  facet normal 0.773062 0.634331 0
    outer loop
      vertex -22.9101 -1.94449 0
      vertex -22.4749 -2.47487 3
      vertex -22.4749 -2.47487 0
    endloop
  endfacet
  facet normal 0.634378 0.773023 -0
    outer loop
      vertex -21.9445 -2.91014 0
      vertex -22.4749 -2.47487 3
      vertex -21.9445 -2.91014 3
    endloop
  endfacet
  facet normal 0.634378 0.773023 0
    outer loop
      vertex -22.4749 -2.47487 3
      vertex -21.9445 -2.91014 0
      vertex -22.4749 -2.47487 0
    endloop
  endfacet
  facet normal 0.471394 0.881923 -0
    outer loop
      vertex -21.3394 -3.23357 0
      vertex -21.9445 -2.91014 3
      vertex -21.3394 -3.23357 3
    endloop
  endfacet
  facet normal 0.471394 0.881923 0
    outer loop
      vertex -21.9445 -2.91014 3
      vertex -21.3394 -3.23357 0
      vertex -21.9445 -2.91014 0
    endloop
  endfacet
  facet normal 0.290275 0.956943 -0
    outer loop
      vertex -20.6828 -3.43274 0
      vertex -21.3394 -3.23357 3
      vertex -20.6828 -3.43274 3
    endloop
  endfacet
  facet normal 0.290275 0.956943 0
    outer loop
      vertex -21.3394 -3.23357 3
      vertex -20.6828 -3.43274 0
      vertex -21.3394 -3.23357 0
    endloop
  endfacet
  facet normal 0.0980317 0.995183 -0
    outer loop
      vertex -20 -3.5 0
      vertex -20.6828 -3.43274 3
      vertex -20 -3.5 3
    endloop
  endfacet
  facet normal 0.0980317 0.995183 0
    outer loop
      vertex -20.6828 -3.43274 3
      vertex -20 -3.5 0
      vertex -20.6828 -3.43274 0
    endloop
  endfacet
  facet normal -0.0980317 0.995183 0
    outer loop
      vertex -19.3172 -3.43274 0
      vertex -20 -3.5 3
      vertex -19.3172 -3.43274 3
    endloop
  endfacet
  facet normal -0.0980317 0.995183 0
    outer loop
      vertex -20 -3.5 3
      vertex -19.3172 -3.43274 0
      vertex -20 -3.5 0
    endloop
  endfacet
  facet normal -0.290275 0.956943 0
    outer loop
      vertex 21.3394 -3.23357 0
      vertex 20.6828 -3.43274 3
      vertex 21.3394 -3.23357 3
    endloop
  endfacet
  facet normal -0.290275 0.956943 0
    outer loop
      vertex 20.6828 -3.43274 3
      vertex 21.3394 -3.23357 0
      vertex 20.6828 -3.43274 0
    endloop
  endfacet
  facet normal -0.471394 0.881923 0
    outer loop
      vertex 21.9445 -2.91014 0
      vertex 21.3394 -3.23357 3
      vertex 21.9445 -2.91014 3
    endloop
  endfacet
  facet normal -0.471394 0.881923 0
    outer loop
      vertex 21.3394 -3.23357 3
      vertex 21.9445 -2.91014 0
      vertex 21.3394 -3.23357 0
    endloop
  endfacet
  facet normal -0.634378 0.773023 0
    outer loop
      vertex 22.4749 -2.47487 0
      vertex 21.9445 -2.91014 3
      vertex 22.4749 -2.47487 3
    endloop
  endfacet
  facet normal -0.634378 0.773023 0
    outer loop
      vertex 21.9445 -2.91014 3
      vertex 22.4749 -2.47487 0
      vertex 21.9445 -2.91014 0
    endloop
  endfacet
  facet normal -0.773062 0.634331 0
    outer loop
      vertex 22.4749 -2.47487 0
      vertex 22.9101 -1.94449 3
      vertex 22.9101 -1.94449 0
    endloop
  endfacet
  facet normal -0.773062 0.634331 0
    outer loop
      vertex 22.9101 -1.94449 3
      vertex 22.4749 -2.47487 0
      vertex 22.4749 -2.47487 3
    endloop
  endfacet
  facet normal -0.88188 0.471473 0
    outer loop
      vertex 22.9101 -1.94449 0
      vertex 23.2336 -1.33939 3
      vertex 23.2336 -1.33939 0
    endloop
  endfacet
  facet normal -0.88188 0.471473 0
    outer loop
      vertex 23.2336 -1.33939 3
      vertex 22.9101 -1.94449 0
      vertex 22.9101 -1.94449 3
    endloop
  endfacet
  facet normal -0.956968 0.290192 0
    outer loop
      vertex 23.2336 -1.33939 0
      vertex 23.4327 -0.682816 3
      vertex 23.4327 -0.682816 0
    endloop
  endfacet
  facet normal -0.956968 0.290192 0
    outer loop
      vertex 23.4327 -0.682816 3
      vertex 23.2336 -1.33939 0
      vertex 23.2336 -1.33939 3
    endloop
  endfacet
  facet normal -0.995178 0.0980871 0
    outer loop
      vertex 23.4327 -0.682816 0
      vertex 23.5 0 3
      vertex 23.5 0 0
    endloop
  endfacet
  facet normal -0.995178 0.0980871 0
    outer loop
      vertex 23.5 0 3
      vertex 23.4327 -0.682816 0
      vertex 23.4327 -0.682816 3
    endloop
  endfacet
  facet normal -0.995178 -0.0980871 0
    outer loop
      vertex 23.5 0 0
      vertex 23.4327 0.682816 3
      vertex 23.4327 0.682816 0
    endloop
  endfacet
  facet normal -0.995178 -0.0980871 0
    outer loop
      vertex 23.4327 0.682816 3
      vertex 23.5 0 0
      vertex 23.5 0 3
    endloop
  endfacet
  facet normal -0.956968 -0.290192 0
    outer loop
      vertex 23.4327 0.682816 0
      vertex 23.2336 1.33939 3
      vertex 23.2336 1.33939 0
    endloop
  endfacet
  facet normal -0.956968 -0.290192 0
    outer loop
      vertex 23.2336 1.33939 3
      vertex 23.4327 0.682816 0
      vertex 23.4327 0.682816 3
    endloop
  endfacet
  facet normal -0.88188 -0.471473 0
    outer loop
      vertex 23.2336 1.33939 0
      vertex 22.9101 1.94449 3
      vertex 22.9101 1.94449 0
    endloop
  endfacet
  facet normal -0.88188 -0.471473 0
    outer loop
      vertex 22.9101 1.94449 3
      vertex 23.2336 1.33939 0
      vertex 23.2336 1.33939 3
    endloop
  endfacet
  facet normal -0.773062 -0.634331 0
    outer loop
      vertex 22.9101 1.94449 0
      vertex 22.4749 2.47487 3
      vertex 22.4749 2.47487 0
    endloop
  endfacet
  facet normal -0.773062 -0.634331 0
    outer loop
      vertex 22.4749 2.47487 3
      vertex 22.9101 1.94449 0
      vertex 22.9101 1.94449 3
    endloop
  endfacet
  facet normal -0.634378 -0.773023 0
    outer loop
      vertex 21.9445 2.91014 0
      vertex 22.4749 2.47487 3
      vertex 21.9445 2.91014 3
    endloop
  endfacet
  facet normal -0.634378 -0.773023 -0
    outer loop
      vertex 22.4749 2.47487 3
      vertex 21.9445 2.91014 0
      vertex 22.4749 2.47487 0
    endloop
  endfacet
  facet normal -0.471388 -0.881926 0
    outer loop
      vertex 21.75 3.0141 0
      vertex 21.9445 2.91014 3
      vertex 21.75 3.0141 3
    endloop
  endfacet
  facet normal -0.471388 -0.881926 -0
    outer loop
      vertex 21.9445 2.91014 3
      vertex 21.75 3.0141 0
      vertex 21.9445 2.91014 0
    endloop
  endfacet
  facet normal -1 0 0
    outer loop
      vertex 21.75 3.0141 0
      vertex 21.75 5 3
      vertex 21.75 5 0
    endloop
  endfacet
  facet normal -1 -0 0
    outer loop
      vertex 21.75 5 3
      vertex 21.75 3.0141 0
      vertex 21.75 3.0141 3
    endloop
  endfacet
  facet normal -0.991453 -0.130463 0
    outer loop
      vertex 21.75 5 0
      vertex 21.6904 5.45293 3
      vertex 21.6904 5.45293 0
    endloop
  endfacet
  facet normal -0.991453 -0.130463 0
    outer loop
      vertex 21.6904 5.45293 3
      vertex 21.75 5 0
      vertex 21.75 5 3
    endloop
  endfacet
  facet normal -0.923823 -0.38282 0
    outer loop
      vertex 21.6904 5.45293 0
      vertex 21.5155 5.875 3
      vertex 21.5155 5.875 0
    endloop
  endfacet
  facet normal -0.923823 -0.38282 0
    outer loop
      vertex 21.5155 5.875 3
      vertex 21.6904 5.45293 0
      vertex 21.6904 5.45293 3
    endloop
  endfacet
  facet normal -0.793356 -0.608758 0
    outer loop
      vertex 21.5155 5.875 0
      vertex 21.2374 6.23743 3
      vertex 21.2374 6.23743 0
    endloop
  endfacet
  facet normal -0.793356 -0.608758 0
    outer loop
      vertex 21.2374 6.23743 3
      vertex 21.5155 5.875 0
      vertex 21.5155 5.875 3
    endloop
  endfacet
  facet normal -0.60879 -0.793331 0
    outer loop
      vertex 20.875 6.51553 0
      vertex 21.2374 6.23743 3
      vertex 20.875 6.51553 3
    endloop
  endfacet
  facet normal -0.60879 -0.793331 -0
    outer loop
      vertex 21.2374 6.23743 3
      vertex 20.875 6.51553 0
      vertex 21.2374 6.23743 0
    endloop
  endfacet
  facet normal -0.382684 -0.923879 0
    outer loop
      vertex 20.4529 6.69037 0
      vertex 20.875 6.51553 3
      vertex 20.4529 6.69037 3
    endloop
  endfacet
  facet normal -0.382684 -0.923879 -0
    outer loop
      vertex 20.875 6.51553 3
      vertex 20.4529 6.69037 0
      vertex 20.875 6.51553 0
    endloop
  endfacet
  facet normal -0.130536 -0.991444 0
    outer loop
      vertex 20 6.75 0
      vertex 20.4529 6.69037 3
      vertex 20 6.75 3
    endloop
  endfacet
  facet normal -0.130536 -0.991444 -0
    outer loop
      vertex 20.4529 6.69037 3
      vertex 20 6.75 0
      vertex 20.4529 6.69037 0
    endloop
  endfacet
  facet normal 0.130536 -0.991444 0
    outer loop
      vertex 19.5471 6.69037 0
      vertex 20 6.75 3
      vertex 19.5471 6.69037 3
    endloop
  endfacet
  facet normal 0.130536 -0.991444 0
    outer loop
      vertex 20 6.75 3
      vertex 19.5471 6.69037 0
      vertex 20 6.75 0
    endloop
  endfacet
  facet normal 0.382684 -0.923879 0
    outer loop
      vertex 19.125 6.51553 0
      vertex 19.5471 6.69037 3
      vertex 19.125 6.51553 3
    endloop
  endfacet
  facet normal 0.382684 -0.923879 0
    outer loop
      vertex 19.5471 6.69037 3
      vertex 19.125 6.51553 0
      vertex 19.5471 6.69037 0
    endloop
  endfacet
  facet normal 0.60879 -0.793331 0
    outer loop
      vertex 18.7626 6.23743 0
      vertex 19.125 6.51553 3
      vertex 18.7626 6.23743 3
    endloop
  endfacet
  facet normal 0.60879 -0.793331 0
    outer loop
      vertex 19.125 6.51553 3
      vertex 18.7626 6.23743 0
      vertex 19.125 6.51553 0
    endloop
  endfacet
  facet normal 0.793356 -0.608758 0
    outer loop
      vertex 18.4845 5.875 3
      vertex 18.7626 6.23743 0
      vertex 18.7626 6.23743 3
    endloop
  endfacet
  facet normal 0.793356 -0.608758 0
    outer loop
      vertex 18.7626 6.23743 0
      vertex 18.4845 5.875 3
      vertex 18.4845 5.875 0
    endloop
  endfacet
  facet normal 0.923823 -0.38282 0
    outer loop
      vertex 18.3096 5.45293 3
      vertex 18.4845 5.875 0
      vertex 18.4845 5.875 3
    endloop
  endfacet
  facet normal 0.923823 -0.38282 0
    outer loop
      vertex 18.4845 5.875 0
      vertex 18.3096 5.45293 3
      vertex 18.3096 5.45293 0
    endloop
  endfacet
  facet normal 0.991453 -0.130463 0
    outer loop
      vertex 18.25 5 3
      vertex 18.3096 5.45293 0
      vertex 18.3096 5.45293 3
    endloop
  endfacet
  facet normal 0.991453 -0.130463 0
    outer loop
      vertex 18.3096 5.45293 0
      vertex 18.25 5 3
      vertex 18.25 5 0
    endloop
  endfacet
  facet normal 1 -0 0
    outer loop
      vertex 18.25 3.0141 3
      vertex 18.25 5 0
      vertex 18.25 5 3
    endloop
  endfacet
  facet normal 1 0 0
    outer loop
      vertex 18.25 5 0
      vertex 18.25 3.0141 3
      vertex 18.25 3.0141 0
    endloop
  endfacet
  facet normal 0.471388 -0.881926 0
    outer loop
      vertex 18.0555 2.91014 0
      vertex 18.25 3.0141 3
      vertex 18.0555 2.91014 3
    endloop
  endfacet
  facet normal 0.471388 -0.881926 0
    outer loop
      vertex 18.25 3.0141 3
      vertex 18.0555 2.91014 0
      vertex 18.25 3.0141 0
    endloop
  endfacet
  facet normal 0.634378 -0.773023 0
    outer loop
      vertex 17.5251 2.47487 0
      vertex 18.0555 2.91014 3
      vertex 17.5251 2.47487 3
    endloop
  endfacet
  facet normal 0.634378 -0.773023 0
    outer loop
      vertex 18.0555 2.91014 3
      vertex 17.5251 2.47487 0
      vertex 18.0555 2.91014 0
    endloop
  endfacet
  facet normal 0.773062 -0.634331 0
    outer loop
      vertex 17.0899 1.94449 3
      vertex 17.5251 2.47487 0
      vertex 17.5251 2.47487 3
    endloop
  endfacet
  facet normal 0.773062 -0.634331 0
    outer loop
      vertex 17.5251 2.47487 0
      vertex 17.0899 1.94449 3
      vertex 17.0899 1.94449 0
    endloop
  endfacet
  facet normal 0.88188 -0.471473 0
    outer loop
      vertex 16.7664 1.33939 3
      vertex 17.0899 1.94449 0
      vertex 17.0899 1.94449 3
    endloop
  endfacet
  facet normal 0.88188 -0.471473 0
    outer loop
      vertex 17.0899 1.94449 0
      vertex 16.7664 1.33939 3
      vertex 16.7664 1.33939 0
    endloop
  endfacet
  facet normal 0.956968 -0.290192 0
    outer loop
      vertex 16.5673 0.682816 3
      vertex 16.7664 1.33939 0
      vertex 16.7664 1.33939 3
    endloop
  endfacet
  facet normal 0.956968 -0.290192 0
    outer loop
      vertex 16.7664 1.33939 0
      vertex 16.5673 0.682816 3
      vertex 16.5673 0.682816 0
    endloop
  endfacet
  facet normal 0.995178 -0.0980871 0
    outer loop
      vertex 16.5 0 3
      vertex 16.5673 0.682816 0
      vertex 16.5673 0.682816 3
    endloop
  endfacet
  facet normal 0.995178 -0.0980871 0
    outer loop
      vertex 16.5673 0.682816 0
      vertex 16.5 0 3
      vertex 16.5 0 0
    endloop
  endfacet
  facet normal 0.995178 0.0980871 0
    outer loop
      vertex 16.5673 -0.682816 3
      vertex 16.5 0 0
      vertex 16.5 0 3
    endloop
  endfacet
  facet normal 0.995178 0.0980871 0
    outer loop
      vertex 16.5 0 0
      vertex 16.5673 -0.682816 3
      vertex 16.5673 -0.682816 0
    endloop
  endfacet
  facet normal 0.956968 0.290192 0
    outer loop
      vertex 16.7664 -1.33939 3
      vertex 16.5673 -0.682816 0
      vertex 16.5673 -0.682816 3
    endloop
  endfacet
  facet normal 0.956968 0.290192 0
    outer loop
      vertex 16.5673 -0.682816 0
      vertex 16.7664 -1.33939 3
      vertex 16.7664 -1.33939 0
    endloop
  endfacet
  facet normal 0.88188 0.471473 0
    outer loop
      vertex 17.0899 -1.94449 3
      vertex 16.7664 -1.33939 0
      vertex 16.7664 -1.33939 3
    endloop
  endfacet
  facet normal 0.88188 0.471473 0
    outer loop
      vertex 16.7664 -1.33939 0
      vertex 17.0899 -1.94449 3
      vertex 17.0899 -1.94449 0
    endloop
  endfacet
  facet normal 0.773062 0.634331 0
    outer loop
      vertex 17.5251 -2.47487 3
      vertex 17.0899 -1.94449 0
      vertex 17.0899 -1.94449 3
    endloop
  endfacet
  facet normal 0.773062 0.634331 0
    outer loop
      vertex 17.0899 -1.94449 0
      vertex 17.5251 -2.47487 3
      vertex 17.5251 -2.47487 0
    endloop
  endfacet
  facet normal 0.634378 0.773023 -0
    outer loop
      vertex 18.0555 -2.91014 0
      vertex 17.5251 -2.47487 3
      vertex 18.0555 -2.91014 3
    endloop
  endfacet
  facet normal 0.634378 0.773023 0
    outer loop
      vertex 17.5251 -2.47487 3
      vertex 18.0555 -2.91014 0
      vertex 17.5251 -2.47487 0
    endloop
  endfacet
  facet normal 0.471394 0.881923 -0
    outer loop
      vertex 18.6606 -3.23357 0
      vertex 18.0555 -2.91014 3
      vertex 18.6606 -3.23357 3
    endloop
  endfacet
  facet normal 0.471394 0.881923 0
    outer loop
      vertex 18.0555 -2.91014 3
      vertex 18.6606 -3.23357 0
      vertex 18.0555 -2.91014 0
    endloop
  endfacet
  facet normal 0.290275 0.956943 -0
    outer loop
      vertex 19.3172 -3.43274 0
      vertex 18.6606 -3.23357 3
      vertex 19.3172 -3.43274 3
    endloop
  endfacet
  facet normal 0.290275 0.956943 0
    outer loop
      vertex 18.6606 -3.23357 3
      vertex 19.3172 -3.43274 0
      vertex 18.6606 -3.23357 0
    endloop
  endfacet
  facet normal 0.0980317 0.995183 -0
    outer loop
      vertex 20 -3.5 0
      vertex 19.3172 -3.43274 3
      vertex 20 -3.5 3
    endloop
  endfacet
  facet normal 0.0980317 0.995183 0
    outer loop
      vertex 19.3172 -3.43274 3
      vertex 20 -3.5 0
      vertex 19.3172 -3.43274 0
    endloop
  endfacet
  facet normal -0.0980317 0.995183 0
    outer loop
      vertex 20.6828 -3.43274 0
      vertex 20 -3.5 3
      vertex 20.6828 -3.43274 3
    endloop
  endfacet
  facet normal -0.0980317 0.995183 0
    outer loop
      vertex 20 -3.5 3
      vertex 20.6828 -3.43274 0
      vertex 20 -3.5 0
    endloop
  endfacet
  facet normal -0.998631 -0.0523129 0
    outer loop
      vertex 36.1779 1.26336 3
      vertex 36.1118 2.52518 30
      vertex 36.1118 2.52518 3
    endloop
  endfacet
  facet normal -0.998631 -0.0523129 0
    outer loop
      vertex 36.1118 2.52518 30
      vertex 36.1779 1.26336 3
      vertex 36.1779 1.26336 30
    endloop
  endfacet
  facet normal -0.999847 -0.0174904 0
    outer loop
      vertex 36.2 0 3
      vertex 36.1779 1.26336 30
      vertex 36.1779 1.26336 3
    endloop
  endfacet
  facet normal -0.999847 -0.0174904 0
    outer loop
      vertex 36.1779 1.26336 30
      vertex 36.2 0 3
      vertex 36.2 0 30
    endloop
  endfacet
  facet normal 0.0523129 -0.998631 0
    outer loop
      vertex -2.52518 36.1118 3
      vertex -1.26336 36.1779 30
      vertex -2.52518 36.1118 30
    endloop
  endfacet
  facet normal 0.0523129 -0.998631 0
    outer loop
      vertex -1.26336 36.1779 30
      vertex -2.52518 36.1118 3
      vertex -1.26336 36.1779 3
    endloop
  endfacet
  facet normal 0.731368 -0.681983 0
    outer loop
      vertex -26.9018 24.2225 30
      vertex -26.0401 25.1466 3
      vertex -26.0401 25.1466 30
    endloop
  endfacet
  facet normal 0.731368 -0.681983 0
    outer loop
      vertex -26.0401 25.1466 3
      vertex -26.9018 24.2225 30
      vertex -26.9018 24.2225 3
    endloop
  endfacet
  facet normal 0.224923 -0.974377 0
    outer loop
      vertex -8.75757 35.1247 3
      vertex -7.5264 35.4089 30
      vertex -8.75757 35.1247 30
    endloop
  endfacet
  facet normal 0.224923 -0.974377 0
    outer loop
      vertex -7.5264 35.4089 30
      vertex -8.75757 35.1247 3
      vertex -7.5264 35.4089 3
    endloop
  endfacet
  facet normal -0.874609 0.48483 0
    outer loop
      vertex 31.3501 -18.1 3
      vertex 31.9627 -16.9949 30
      vertex 31.9627 -16.9949 3
    endloop
  endfacet
  facet normal -0.874609 0.48483 0
    outer loop
      vertex 31.9627 -16.9949 30
      vertex 31.3501 -18.1 3
      vertex 31.3501 -18.1 30
    endloop
  endfacet
  facet normal 0.965932 0.258795 0
    outer loop
      vertex -34.7977 -9.97807 30
      vertex -35.1247 -8.75757 3
      vertex -35.1247 -8.75757 30
    endloop
  endfacet
  facet normal 0.965932 0.258795 0
    outer loop
      vertex -35.1247 -8.75757 3
      vertex -34.7977 -9.97807 30
      vertex -34.7977 -9.97807 3
    endloop
  endfacet
  facet normal 0.707107 0.707107 0
    outer loop
      vertex -25.1466 -26.0401 30
      vertex -26.0401 -25.1466 3
      vertex -26.0401 -25.1466 30
    endloop
  endfacet
  facet normal 0.707107 0.707107 0
    outer loop
      vertex -26.0401 -25.1466 3
      vertex -25.1466 -26.0401 30
      vertex -25.1466 -26.0401 3
    endloop
  endfacet
  facet normal 0.390794 0.920478 -0
    outer loop
      vertex -13.5608 -33.5641 3
      vertex -14.7239 -33.0703 30
      vertex -13.5608 -33.5641 30
    endloop
  endfacet
  facet normal 0.390794 0.920478 0
    outer loop
      vertex -14.7239 -33.0703 30
      vertex -13.5608 -33.5641 3
      vertex -14.7239 -33.0703 3
    endloop
  endfacet
  facet normal -0.258795 0.965932 0
    outer loop
      vertex 9.97807 -34.7977 3
      vertex 8.75757 -35.1247 30
      vertex 9.97807 -34.7977 30
    endloop
  endfacet
  facet normal -0.258795 0.965932 0
    outer loop
      vertex 8.75757 -35.1247 30
      vertex 9.97807 -34.7977 3
      vertex 8.75757 -35.1247 3
    endloop
  endfacet
  facet normal -0.707107 0.707107 0
    outer loop
      vertex 25.1466 -26.0401 3
      vertex 26.0401 -25.1466 30
      vertex 26.0401 -25.1466 3
    endloop
  endfacet
  facet normal -0.707107 0.707107 0
    outer loop
      vertex 26.0401 -25.1466 30
      vertex 25.1466 -26.0401 3
      vertex 25.1466 -26.0401 30
    endloop
  endfacet
  facet normal 0.292427 -0.956288 0
    outer loop
      vertex -11.1864 34.4282 3
      vertex -9.97807 34.7977 30
      vertex -11.1864 34.4282 30
    endloop
  endfacet
  facet normal 0.292427 -0.956288 0
    outer loop
      vertex -9.97807 34.7977 30
      vertex -11.1864 34.4282 3
      vertex -9.97807 34.7977 3
    endloop
  endfacet
  facet normal 0.707107 -0.707107 0
    outer loop
      vertex -26.0401 25.1466 30
      vertex -25.1466 26.0401 3
      vertex -25.1466 26.0401 30
    endloop
  endfacet
  facet normal 0.707107 -0.707107 0
    outer loop
      vertex -25.1466 26.0401 3
      vertex -26.0401 25.1466 30
      vertex -26.0401 25.1466 3
    endloop
  endfacet
  facet normal 0.945535 -0.32552 0
    outer loop
      vertex -34.4282 11.1864 30
      vertex -34.0169 12.3811 3
      vertex -34.0169 12.3811 30
    endloop
  endfacet
  facet normal 0.945535 -0.32552 0
    outer loop
      vertex -34.0169 12.3811 3
      vertex -34.4282 11.1864 30
      vertex -34.4282 11.1864 3
    endloop
  endfacet
  facet normal -0.965932 0.258795 0
    outer loop
      vertex 34.7977 -9.97807 3
      vertex 35.1247 -8.75757 30
      vertex 35.1247 -8.75757 3
    endloop
  endfacet
  facet normal -0.965932 0.258795 0
    outer loop
      vertex 35.1247 -8.75757 30
      vertex 34.7977 -9.97807 3
      vertex 34.7977 -9.97807 30
    endloop
  endfacet
  facet normal 0.987684 0.156464 0
    outer loop
      vertex -35.65 -6.28606 30
      vertex -35.8477 -5.03807 3
      vertex -35.8477 -5.03807 30
    endloop
  endfacet
  facet normal 0.987684 0.156464 0
    outer loop
      vertex -35.8477 -5.03807 3
      vertex -35.65 -6.28606 30
      vertex -35.65 -6.28606 3
    endloop
  endfacet
  facet normal 0.857165 0.515043 0
    outer loop
      vertex -30.6993 -19.1831 30
      vertex -31.3501 -18.1 3
      vertex -31.3501 -18.1 30
    endloop
  endfacet
  facet normal 0.857165 0.515043 0
    outer loop
      vertex -31.3501 -18.1 3
      vertex -30.6993 -19.1831 30
      vertex -30.6993 -19.1831 3
    endloop
  endfacet
  facet normal 0.258795 0.965932 -0
    outer loop
      vertex -8.75757 -35.1247 3
      vertex -9.97807 -34.7977 30
      vertex -8.75757 -35.1247 30
    endloop
  endfacet
  facet normal 0.258795 0.965932 0
    outer loop
      vertex -9.97807 -34.7977 30
      vertex -8.75757 -35.1247 3
      vertex -9.97807 -34.7977 3
    endloop
  endfacet
  facet normal 0.573622 0.81912 -0
    outer loop
      vertex -20.2428 -30.0112 3
      vertex -21.2778 -29.2864 30
      vertex -20.2428 -30.0112 30
    endloop
  endfacet
  facet normal 0.573622 0.81912 0
    outer loop
      vertex -21.2778 -29.2864 30
      vertex -20.2428 -30.0112 3
      vertex -21.2778 -29.2864 3
    endloop
  endfacet
  facet normal -0.087135 0.996197 0
    outer loop
      vertex 3.78393 -36.0017 3
      vertex 2.52518 -36.1118 30
      vertex 3.78393 -36.0017 30
    endloop
  endfacet
  facet normal -0.087135 0.996197 0
    outer loop
      vertex 2.52518 -36.1118 30
      vertex 3.78393 -36.0017 3
      vertex 2.52518 -36.1118 3
    endloop
  endfacet
  facet normal -0.48483 0.874609 0
    outer loop
      vertex 18.1 -31.3501 3
      vertex 16.9949 -31.9627 30
      vertex 18.1 -31.3501 30
    endloop
  endfacet
  facet normal -0.48483 0.874609 0
    outer loop
      vertex 16.9949 -31.9627 30
      vertex 18.1 -31.3501 3
      vertex 16.9949 -31.9627 3
    endloop
  endfacet
  facet normal 0.965932 -0.258795 0
    outer loop
      vertex -35.1247 8.75757 30
      vertex -34.7977 9.97807 3
      vertex -34.7977 9.97807 30
    endloop
  endfacet
  facet normal 0.965932 -0.258795 0
    outer loop
      vertex -34.7977 9.97807 3
      vertex -35.1247 8.75757 30
      vertex -35.1247 8.75757 3
    endloop
  endfacet
  facet normal 0.777149 -0.629317 0
    outer loop
      vertex -28.526 22.2869 30
      vertex -27.7308 23.2689 3
      vertex -27.7308 23.2689 30
    endloop
  endfacet
  facet normal 0.777149 -0.629317 0
    outer loop
      vertex -27.7308 23.2689 3
      vertex -28.526 22.2869 30
      vertex -28.526 22.2869 3
    endloop
  endfacet
  facet normal 0.81912 -0.573622 0
    outer loop
      vertex -30.0112 20.2428 30
      vertex -29.2864 21.2778 3
      vertex -29.2864 21.2778 30
    endloop
  endfacet
  facet normal 0.81912 -0.573622 0
    outer loop
      vertex -29.2864 21.2778 3
      vertex -30.0112 20.2428 30
      vertex -30.0112 20.2428 3
    endloop
  endfacet
  facet normal 0.956288 -0.292427 0
    outer loop
      vertex -34.7977 9.97807 30
      vertex -34.4282 11.1864 3
      vertex -34.4282 11.1864 30
    endloop
  endfacet
  facet normal 0.956288 -0.292427 0
    outer loop
      vertex -34.4282 11.1864 3
      vertex -34.7977 9.97807 30
      vertex -34.7977 9.97807 3
    endloop
  endfacet
  facet normal -0.573622 -0.81912 0
    outer loop
      vertex 20.2428 30.0112 3
      vertex 21.2778 29.2864 30
      vertex 20.2428 30.0112 30
    endloop
  endfacet
  facet normal -0.573622 -0.81912 -0
    outer loop
      vertex 21.2778 29.2864 30
      vertex 20.2428 30.0112 3
      vertex 21.2778 29.2864 3
    endloop
  endfacet
  facet normal -0.390794 -0.920478 0
    outer loop
      vertex 13.5608 33.5641 3
      vertex 14.7239 33.0703 30
      vertex 13.5608 33.5641 30
    endloop
  endfacet
  facet normal -0.390794 -0.920478 -0
    outer loop
      vertex 14.7239 33.0703 30
      vertex 13.5608 33.5641 3
      vertex 14.7239 33.0703 3
    endloop
  endfacet
  facet normal -0.857165 -0.515043 0
    outer loop
      vertex 31.3501 18.1 3
      vertex 30.6993 19.1831 30
      vertex 30.6993 19.1831 3
    endloop
  endfacet
  facet normal -0.857165 -0.515043 0
    outer loop
      vertex 30.6993 19.1831 30
      vertex 31.3501 18.1 3
      vertex 31.3501 18.1 30
    endloop
  endfacet
  facet normal -0.81912 -0.573622 0
    outer loop
      vertex 30.0112 20.2428 3
      vertex 29.2864 21.2778 30
      vertex 29.2864 21.2778 3
    endloop
  endfacet
  facet normal -0.81912 -0.573622 0
    outer loop
      vertex 29.2864 21.2778 30
      vertex 30.0112 20.2428 3
      vertex 30.0112 20.2428 30
    endloop
  endfacet
  facet normal -0.987684 -0.156464 0
    outer loop
      vertex 35.8477 5.03807 3
      vertex 35.65 6.28606 30
      vertex 35.65 6.28606 3
    endloop
  endfacet
  facet normal -0.987684 -0.156464 0
    outer loop
      vertex 35.65 6.28606 30
      vertex 35.8477 5.03807 3
      vertex 35.8477 5.03807 30
    endloop
  endfacet
  facet normal -0.992545 0.121878 0
    outer loop
      vertex 35.8477 -5.03807 3
      vertex 36.0017 -3.78393 30
      vertex 36.0017 -3.78393 3
    endloop
  endfacet
  facet normal -0.992545 0.121878 0
    outer loop
      vertex 36.0017 -3.78393 30
      vertex 35.8477 -5.03807 3
      vertex 35.8477 -5.03807 30
    endloop
  endfacet
  facet normal 0.996197 0.087135 0
    outer loop
      vertex -36.0017 -3.78393 30
      vertex -36.1118 -2.52518 3
      vertex -36.1118 -2.52518 30
    endloop
  endfacet
  facet normal 0.996197 0.087135 0
    outer loop
      vertex -36.1118 -2.52518 3
      vertex -36.0017 -3.78393 30
      vertex -36.0017 -3.78393 3
    endloop
  endfacet
  facet normal 0.998631 0.0523129 0
    outer loop
      vertex -36.1118 -2.52518 30
      vertex -36.1779 -1.26336 3
      vertex -36.1779 -1.26336 30
    endloop
  endfacet
  facet normal 0.998631 0.0523129 0
    outer loop
      vertex -36.1779 -1.26336 3
      vertex -36.1118 -2.52518 30
      vertex -36.1118 -2.52518 3
    endloop
  endfacet
  facet normal 0.974377 0.224923 0
    outer loop
      vertex -35.1247 -8.75757 30
      vertex -35.4089 -7.5264 3
      vertex -35.4089 -7.5264 30
    endloop
  endfacet
  facet normal 0.974377 0.224923 0
    outer loop
      vertex -35.4089 -7.5264 3
      vertex -35.1247 -8.75757 30
      vertex -35.1247 -8.75757 3
    endloop
  endfacet
  facet normal 0.920478 0.390794 0
    outer loop
      vertex -33.0703 -14.7239 30
      vertex -33.5641 -13.5608 3
      vertex -33.5641 -13.5608 30
    endloop
  endfacet
  facet normal 0.920478 0.390794 0
    outer loop
      vertex -33.5641 -13.5608 3
      vertex -33.0703 -14.7239 30
      vertex -33.0703 -14.7239 3
    endloop
  endfacet
  facet normal 0.956288 0.292427 0
    outer loop
      vertex -34.4282 -11.1864 30
      vertex -34.7977 -9.97807 3
      vertex -34.7977 -9.97807 30
    endloop
  endfacet
  facet normal 0.956288 0.292427 0
    outer loop
      vertex -34.7977 -9.97807 3
      vertex -34.4282 -11.1864 30
      vertex -34.4282 -11.1864 3
    endloop
  endfacet
  facet normal 0.79864 0.601809 0
    outer loop
      vertex -28.526 -22.2869 30
      vertex -29.2864 -21.2778 3
      vertex -29.2864 -21.2778 30
    endloop
  endfacet
  facet normal 0.79864 0.601809 0
    outer loop
      vertex -29.2864 -21.2778 3
      vertex -28.526 -22.2869 30
      vertex -28.526 -22.2869 3
    endloop
  endfacet
  facet normal 0.754691 0.656081 0
    outer loop
      vertex -26.9018 -24.2225 30
      vertex -27.7308 -23.2689 3
      vertex -27.7308 -23.2689 30
    endloop
  endfacet
  facet normal 0.754691 0.656081 0
    outer loop
      vertex -27.7308 -23.2689 3
      vertex -26.9018 -24.2225 30
      vertex -26.9018 -24.2225 3
    endloop
  endfacet
  facet normal 0.121878 0.992545 -0
    outer loop
      vertex -3.78393 -36.0017 3
      vertex -5.03807 -35.8477 30
      vertex -3.78393 -36.0017 30
    endloop
  endfacet
  facet normal 0.121878 0.992545 0
    outer loop
      vertex -5.03807 -35.8477 30
      vertex -3.78393 -36.0017 3
      vertex -5.03807 -35.8477 3
    endloop
  endfacet
  facet normal 0.292427 0.956288 -0
    outer loop
      vertex -9.97807 -34.7977 3
      vertex -11.1864 -34.4282 30
      vertex -9.97807 -34.7977 30
    endloop
  endfacet
  facet normal 0.292427 0.956288 0
    outer loop
      vertex -11.1864 -34.4282 30
      vertex -9.97807 -34.7977 3
      vertex -11.1864 -34.4282 3
    endloop
  endfacet
  facet normal 0.190811 0.981627 -0
    outer loop
      vertex -6.28606 -35.65 3
      vertex -7.5264 -35.4089 30
      vertex -6.28606 -35.65 30
    endloop
  endfacet
  facet normal 0.190811 0.981627 0
    outer loop
      vertex -7.5264 -35.4089 30
      vertex -6.28606 -35.65 3
      vertex -7.5264 -35.4089 3
    endloop
  endfacet
  facet normal 0.156464 0.987684 -0
    outer loop
      vertex -5.03807 -35.8477 3
      vertex -6.28606 -35.65 30
      vertex -5.03807 -35.8477 30
    endloop
  endfacet
  facet normal 0.156464 0.987684 0
    outer loop
      vertex -6.28606 -35.65 30
      vertex -5.03807 -35.8477 3
      vertex -6.28606 -35.65 3
    endloop
  endfacet
  facet normal 0.0523129 0.998631 -0
    outer loop
      vertex -1.26336 -36.1779 3
      vertex -2.52518 -36.1118 30
      vertex -1.26336 -36.1779 30
    endloop
  endfacet
  facet normal 0.0523129 0.998631 0
    outer loop
      vertex -2.52518 -36.1118 30
      vertex -1.26336 -36.1779 3
      vertex -2.52518 -36.1118 3
    endloop
  endfacet
  facet normal 0.681983 0.731368 -0
    outer loop
      vertex -24.2225 -26.9018 3
      vertex -25.1466 -26.0401 30
      vertex -24.2225 -26.9018 30
    endloop
  endfacet
  facet normal 0.681983 0.731368 0
    outer loop
      vertex -25.1466 -26.0401 30
      vertex -24.2225 -26.9018 3
      vertex -25.1466 -26.0401 3
    endloop
  endfacet
  facet normal -0.0174904 0.999847 0
    outer loop
      vertex 1.26336 -36.1779 3
      vertex 0 -36.2 30
      vertex 1.26336 -36.1779 30
    endloop
  endfacet
  facet normal -0.0174904 0.999847 0
    outer loop
      vertex 0 -36.2 30
      vertex 1.26336 -36.1779 3
      vertex 0 -36.2 3
    endloop
  endfacet
  facet normal -0.292427 0.956288 0
    outer loop
      vertex 11.1864 -34.4282 3
      vertex 9.97807 -34.7977 30
      vertex 11.1864 -34.4282 30
    endloop
  endfacet
  facet normal -0.292427 0.956288 0
    outer loop
      vertex 9.97807 -34.7977 30
      vertex 11.1864 -34.4282 3
      vertex 9.97807 -34.7977 3
    endloop
  endfacet
  facet normal -0.358337 0.933592 0
    outer loop
      vertex 13.5608 -33.5641 3
      vertex 12.3811 -34.0169 30
      vertex 13.5608 -33.5641 30
    endloop
  endfacet
  facet normal -0.358337 0.933592 0
    outer loop
      vertex 12.3811 -34.0169 30
      vertex 13.5608 -33.5641 3
      vertex 12.3811 -34.0169 3
    endloop
  endfacet
  facet normal -0.573622 0.81912 0
    outer loop
      vertex 21.2778 -29.2864 3
      vertex 20.2428 -30.0112 30
      vertex 21.2778 -29.2864 30
    endloop
  endfacet
  facet normal -0.573622 0.81912 0
    outer loop
      vertex 20.2428 -30.0112 30
      vertex 21.2778 -29.2864 3
      vertex 20.2428 -30.0112 3
    endloop
  endfacet
  facet normal -0.656081 0.754691 0
    outer loop
      vertex 24.2225 -26.9018 3
      vertex 23.2689 -27.7308 30
      vertex 24.2225 -26.9018 30
    endloop
  endfacet
  facet normal -0.656081 0.754691 0
    outer loop
      vertex 23.2689 -27.7308 30
      vertex 24.2225 -26.9018 3
      vertex 23.2689 -27.7308 3
    endloop
  endfacet
  facet normal -0.601809 0.79864 0
    outer loop
      vertex 22.2869 -28.526 3
      vertex 21.2778 -29.2864 30
      vertex 22.2869 -28.526 30
    endloop
  endfacet
  facet normal -0.601809 0.79864 0
    outer loop
      vertex 21.2778 -29.2864 30
      vertex 22.2869 -28.526 3
      vertex 21.2778 -29.2864 3
    endloop
  endfacet
  facet normal -0.390794 0.920478 0
    outer loop
      vertex 14.7239 -33.0703 3
      vertex 13.5608 -33.5641 30
      vertex 14.7239 -33.0703 30
    endloop
  endfacet
  facet normal -0.390794 0.920478 0
    outer loop
      vertex 13.5608 -33.5641 30
      vertex 14.7239 -33.0703 3
      vertex 13.5608 -33.5641 3
    endloop
  endfacet
  facet normal -0.422638 0.906298 0
    outer loop
      vertex 15.869 -32.5363 3
      vertex 14.7239 -33.0703 30
      vertex 15.869 -32.5363 30
    endloop
  endfacet
  facet normal -0.422638 0.906298 0
    outer loop
      vertex 14.7239 -33.0703 30
      vertex 15.869 -32.5363 3
      vertex 14.7239 -33.0703 3
    endloop
  endfacet
  facet normal -0.544596 0.838698 0
    outer loop
      vertex 20.2428 -30.0112 3
      vertex 19.1831 -30.6993 30
      vertex 20.2428 -30.0112 30
    endloop
  endfacet
  facet normal -0.544596 0.838698 0
    outer loop
      vertex 19.1831 -30.6993 30
      vertex 20.2428 -30.0112 3
      vertex 19.1831 -30.6993 3
    endloop
  endfacet
  facet normal -0.731368 0.681983 0
    outer loop
      vertex 26.0401 -25.1466 3
      vertex 26.9018 -24.2225 30
      vertex 26.9018 -24.2225 3
    endloop
  endfacet
  facet normal -0.731368 0.681983 0
    outer loop
      vertex 26.9018 -24.2225 30
      vertex 26.0401 -25.1466 3
      vertex 26.0401 -25.1466 30
    endloop
  endfacet
  facet normal -0.920478 0.390794 0
    outer loop
      vertex 33.0703 -14.7239 3
      vertex 33.5641 -13.5608 30
      vertex 33.5641 -13.5608 3
    endloop
  endfacet
  facet normal -0.920478 0.390794 0
    outer loop
      vertex 33.5641 -13.5608 30
      vertex 33.0703 -14.7239 3
      vertex 33.0703 -14.7239 30
    endloop
  endfacet
  facet normal -0.956288 0.292427 0
    outer loop
      vertex 34.4282 -11.1864 3
      vertex 34.7977 -9.97807 30
      vertex 34.7977 -9.97807 3
    endloop
  endfacet
  facet normal -0.956288 0.292427 0
    outer loop
      vertex 34.7977 -9.97807 30
      vertex 34.4282 -11.1864 3
      vertex 34.4282 -11.1864 30
    endloop
  endfacet
  facet normal -0.981627 0.190811 0
    outer loop
      vertex 35.4089 -7.5264 3
      vertex 35.65 -6.28606 30
      vertex 35.65 -6.28606 3
    endloop
  endfacet
  facet normal -0.981627 0.190811 0
    outer loop
      vertex 35.65 -6.28606 30
      vertex 35.4089 -7.5264 3
      vertex 35.4089 -7.5264 30
    endloop
  endfacet
  facet normal -0.987684 0.156464 0
    outer loop
      vertex 35.65 -6.28606 3
      vertex 35.8477 -5.03807 30
      vertex 35.8477 -5.03807 3
    endloop
  endfacet
  facet normal -0.987684 0.156464 0
    outer loop
      vertex 35.8477 -5.03807 30
      vertex 35.65 -6.28606 3
      vertex 35.65 -6.28606 30
    endloop
  endfacet
  facet normal -0.998631 0.0523129 0
    outer loop
      vertex 36.1118 -2.52518 3
      vertex 36.1779 -1.26336 30
      vertex 36.1779 -1.26336 3
    endloop
  endfacet
  facet normal -0.998631 0.0523129 0
    outer loop
      vertex 36.1779 -1.26336 30
      vertex 36.1118 -2.52518 3
      vertex 36.1118 -2.52518 30
    endloop
  endfacet
  facet normal 0.992545 -0.121878 0
    outer loop
      vertex -36.0017 3.78393 30
      vertex -35.8477 5.03807 3
      vertex -35.8477 5.03807 30
    endloop
  endfacet
  facet normal 0.992545 -0.121878 0
    outer loop
      vertex -35.8477 5.03807 3
      vertex -36.0017 3.78393 30
      vertex -36.0017 3.78393 3
    endloop
  endfacet
  facet normal 0 0 1
    outer loop
      vertex -17.0899 1.94449 3
      vertex -18.3096 5.45293 3
      vertex -18.25 5 3
    endloop
  endfacet
  facet normal 0 0 1
    outer loop
      vertex -16.9949 31.9627 3
      vertex -18.4845 5.875 3
      vertex -18.3096 5.45293 3
    endloop
  endfacet
  facet normal 0 0 1
    outer loop
      vertex -16.9949 31.9627 3
      vertex -18.7626 6.23743 3
      vertex -18.4845 5.875 3
    endloop
  endfacet
  facet normal 0 0 1
    outer loop
      vertex -16.9949 31.9627 3
      vertex -19.125 6.51553 3
      vertex -18.7626 6.23743 3
    endloop
  endfacet
  facet normal -0 0 1
    outer loop
      vertex -19.1831 30.6993 3
      vertex -19.125 6.51553 3
      vertex -18.1 31.3501 3
    endloop
  endfacet
  facet normal -0 0 1
    outer loop
      vertex -20.2428 30.0112 3
      vertex -19.125 6.51553 3
      vertex -19.1831 30.6993 3
    endloop
  endfacet
  facet normal -0 0 1
    outer loop
      vertex -21.2778 29.2864 3
      vertex -19.125 6.51553 3
      vertex -20.2428 30.0112 3
    endloop
  endfacet
  facet normal -0 0 1
    outer loop
      vertex -22.2869 28.526 3
      vertex -19.125 6.51553 3
      vertex -21.2778 29.2864 3
    endloop
  endfacet
  facet normal 0 0 1
    outer loop
      vertex -19.125 6.51553 3
      vertex -22.2869 28.526 3
      vertex -19.5471 6.69037 3
    endloop
  endfacet
  facet normal -0 0 1
    outer loop
      vertex -23.2689 27.7308 3
      vertex -19.5471 6.69037 3
      vertex -22.2869 28.526 3
    endloop
  endfacet
  facet normal -0 0 1
    outer loop
      vertex -24.2225 26.9018 3
      vertex -19.5471 6.69037 3
      vertex -23.2689 27.7308 3
    endloop
  endfacet
  facet normal -0 0 1
    outer loop
      vertex -25.1466 26.0401 3
      vertex -19.5471 6.69037 3
      vertex -24.2225 26.9018 3
    endloop
  endfacet
  facet normal -0 0 1
    outer loop
      vertex -26.0401 25.1466 3
      vertex -19.5471 6.69037 3
      vertex -25.1466 26.0401 3
    endloop
  endfacet
  facet normal 0 0 1
    outer loop
      vertex -19.5471 6.69037 3
      vertex -26.0401 25.1466 3
      vertex -20 6.75 3
    endloop
  endfacet
  facet normal -0 0 1
    outer loop
      vertex -26.9018 24.2225 3
      vertex -20 6.75 3
      vertex -26.0401 25.1466 3
    endloop
  endfacet
  facet normal 0 0 1
    outer loop
      vertex -21.75 5 3
      vertex -21.9445 2.91014 3
      vertex -21.75 3.0141 3
    endloop
  endfacet
  facet normal -0 0 1
    outer loop
      vertex -27.7308 23.2689 3
      vertex -20 6.75 3
      vertex -26.9018 24.2225 3
    endloop
  endfacet
  facet normal -0 0 1
    outer loop
      vertex -28.526 22.2869 3
      vertex -20 6.75 3
      vertex -27.7308 23.2689 3
    endloop
  endfacet
  facet normal 0 0 1
    outer loop
      vertex -20 6.75 3
      vertex -28.526 22.2869 3
      vertex -20.4529 6.69037 3
    endloop
  endfacet
  facet normal -0 0 1
    outer loop
      vertex -29.2864 21.2778 3
      vertex -20.4529 6.69037 3
      vertex -28.526 22.2869 3
    endloop
  endfacet
  facet normal -0 0 1
    outer loop
      vertex -30.0112 20.2428 3
      vertex -20.4529 6.69037 3
      vertex -29.2864 21.2778 3
    endloop
  endfacet
  facet normal -0 0 1
    outer loop
      vertex -30.6993 19.1831 3
      vertex -20.4529 6.69037 3
      vertex -30.0112 20.2428 3
    endloop
  endfacet
  facet normal 0 0 1
    outer loop
      vertex -20.4529 6.69037 3
      vertex -30.6993 19.1831 3
      vertex -20.875 6.51553 3
    endloop
  endfacet
  facet normal -0 0 1
    outer loop
      vertex -31.3501 18.1 3
      vertex -20.875 6.51553 3
      vertex -30.6993 19.1831 3
    endloop
  endfacet
  facet normal -0 0 1
    outer loop
      vertex -31.9627 16.9949 3
      vertex -20.875 6.51553 3
      vertex -31.3501 18.1 3
    endloop
  endfacet
  facet normal 0 0 1
    outer loop
      vertex -1.2472 -0.833355 3
      vertex -17.0899 -1.94449 3
      vertex -1.06066 -1.06066 3
    endloop
  endfacet
  facet normal 0 0 1
    outer loop
      vertex -17.5251 -2.47487 3
      vertex -1.06066 -1.06066 3
      vertex -17.0899 -1.94449 3
    endloop
  endfacet
  facet normal 0 0 1
    outer loop
      vertex -1.06066 -1.06066 3
      vertex -17.5251 -2.47487 3
      vertex -0.833355 -1.2472 3
    endloop
  endfacet
  facet normal 0 0 1
    outer loop
      vertex -18.0555 -2.91014 3
      vertex -0.833355 -1.2472 3
      vertex -17.5251 -2.47487 3
    endloop
  endfacet
  facet normal 0 0 1
    outer loop
      vertex -0.833355 -1.2472 3
      vertex -18.0555 -2.91014 3
      vertex -15.869 -32.5363 3
    endloop
  endfacet
  facet normal 0 0 1
    outer loop
      vertex -15.869 -32.5363 3
      vertex -18.0555 -2.91014 3
      vertex -16.9949 -31.9627 3
    endloop
  endfacet
  facet normal 0 0 1
    outer loop
      vertex -18.0555 -2.91014 3
      vertex -18.1 -31.3501 3
      vertex -16.9949 -31.9627 3
    endloop
  endfacet
  facet normal 0 0 1
    outer loop
      vertex -19.1831 -30.6993 3
      vertex -18.0555 -2.91014 3
      vertex -18.6606 -3.23357 3
    endloop
  endfacet
  facet normal 0 0 1
    outer loop
      vertex -18.0555 -2.91014 3
      vertex -19.1831 -30.6993 3
      vertex -18.1 -31.3501 3
    endloop
  endfacet
  facet normal 0 0 1
    outer loop
      vertex -24.2225 -26.9018 3
      vertex -18.6606 -3.23357 3
      vertex -19.3172 -3.43274 3
    endloop
  endfacet
  facet normal 0 0 1
    outer loop
      vertex -27.7308 -23.2689 3
      vertex -19.3172 -3.43274 3
      vertex -20 -3.5 3
    endloop
  endfacet
  facet normal 0 0 1
    outer loop
      vertex -18.6606 -3.23357 3
      vertex -20.2428 -30.0112 3
      vertex -19.1831 -30.6993 3
    endloop
  endfacet
  facet normal 0 0 1
    outer loop
      vertex -30.0112 -20.2428 3
      vertex -20 -3.5 3
      vertex -20.6828 -3.43274 3
    endloop
  endfacet
  facet normal 0 0 1
    outer loop
      vertex -18.6606 -3.23357 3
      vertex -21.2778 -29.2864 3
      vertex -20.2428 -30.0112 3
    endloop
  endfacet
  facet normal 0 0 1
    outer loop
      vertex -31.9627 -16.9949 3
      vertex -20.6828 -3.43274 3
      vertex -21.3394 -3.23357 3
    endloop
  endfacet
  facet normal 0 0 1
    outer loop
      vertex -33.5641 -13.5608 3
      vertex -21.3394 -3.23357 3
      vertex -21.9445 -2.91014 3
    endloop
  endfacet
  facet normal 0 0 1
    outer loop
      vertex -18.6606 -3.23357 3
      vertex -22.2869 -28.526 3
      vertex -21.2778 -29.2864 3
    endloop
  endfacet
  facet normal 0 0 1
    outer loop
      vertex -34.4282 -11.1864 3
      vertex -21.9445 -2.91014 3
      vertex -22.4749 -2.47487 3
    endloop
  endfacet
  facet normal 0 0 1
    outer loop
      vertex -35.1247 -8.75757 3
      vertex -22.4749 -2.47487 3
      vertex -22.9101 -1.94449 3
    endloop
  endfacet
  facet normal 0 0 1
    outer loop
      vertex -35.65 -6.28606 3
      vertex -22.9101 -1.94449 3
      vertex -23.2336 -1.33939 3
    endloop
  endfacet
  facet normal 0 0 1
    outer loop
      vertex -18.6606 -3.23357 3
      vertex -23.2689 -27.7308 3
      vertex -22.2869 -28.526 3
    endloop
  endfacet
  facet normal 0 0 1
    outer loop
      vertex -36.0017 -3.78393 3
      vertex -23.2336 -1.33939 3
      vertex -23.4327 -0.682816 3
    endloop
  endfacet
  facet normal 0 0 1
    outer loop
      vertex -36.1779 -1.26336 3
      vertex -23.4327 -0.682816 3
      vertex -23.5 0 3
    endloop
  endfacet
  facet normal -0 0 1
    outer loop
      vertex -32.5363 15.869 3
      vertex -20.875 6.51553 3
      vertex -31.9627 16.9949 3
    endloop
  endfacet
  facet normal 0 0 1
    outer loop
      vertex -18.6606 -3.23357 3
      vertex -24.2225 -26.9018 3
      vertex -23.2689 -27.7308 3
    endloop
  endfacet
  facet normal 0 0 1
    outer loop
      vertex -20.875 6.51553 3
      vertex -32.5363 15.869 3
      vertex -21.2374 6.23743 3
    endloop
  endfacet
  facet normal 0 0 1
    outer loop
      vertex -19.3172 -3.43274 3
      vertex -25.1466 -26.0401 3
      vertex -24.2225 -26.9018 3
    endloop
  endfacet
  facet normal -0 0 1
    outer loop
      vertex -33.0703 14.7239 3
      vertex -21.2374 6.23743 3
      vertex -32.5363 15.869 3
    endloop
  endfacet
  facet normal 0 0 1
    outer loop
      vertex -19.3172 -3.43274 3
      vertex -26.0401 -25.1466 3
      vertex -25.1466 -26.0401 3
    endloop
  endfacet
  facet normal -0 0 1
    outer loop
      vertex -33.5641 13.5608 3
      vertex -21.2374 6.23743 3
      vertex -33.0703 14.7239 3
    endloop
  endfacet
  facet normal 0 0 1
    outer loop
      vertex -19.3172 -3.43274 3
      vertex -26.9018 -24.2225 3
      vertex -26.0401 -25.1466 3
    endloop
  endfacet
  facet normal 0 0 1
    outer loop
      vertex -21.2374 6.23743 3
      vertex -33.5641 13.5608 3
      vertex -21.5155 5.875 3
    endloop
  endfacet
  facet normal 0 0 1
    outer loop
      vertex -19.3172 -3.43274 3
      vertex -27.7308 -23.2689 3
      vertex -26.9018 -24.2225 3
    endloop
  endfacet
  facet normal -0 0 1
    outer loop
      vertex -34.0169 12.3811 3
      vertex -21.5155 5.875 3
      vertex -33.5641 13.5608 3
    endloop
  endfacet
  facet normal 0 0 1
    outer loop
      vertex -20 -3.5 3
      vertex -28.526 -22.2869 3
      vertex -27.7308 -23.2689 3
    endloop
  endfacet
  facet normal -0 0 1
    outer loop
      vertex -34.4282 11.1864 3
      vertex -21.5155 5.875 3
      vertex -34.0169 12.3811 3
    endloop
  endfacet
  facet normal 0 0 1
    outer loop
      vertex -20 -3.5 3
      vertex -29.2864 -21.2778 3
      vertex -28.526 -22.2869 3
    endloop
  endfacet
  facet normal -0 0 1
    outer loop
      vertex -34.7977 9.97807 3
      vertex -21.5155 5.875 3
      vertex -34.4282 11.1864 3
    endloop
  endfacet
  facet normal 0 0 1
    outer loop
      vertex -20 -3.5 3
      vertex -30.0112 -20.2428 3
      vertex -29.2864 -21.2778 3
    endloop
  endfacet
  facet normal 0 0 1
    outer loop
      vertex -21.5155 5.875 3
      vertex -34.7977 9.97807 3
      vertex -21.6904 5.45293 3
    endloop
  endfacet
  facet normal 0 0 1
    outer loop
      vertex -20.6828 -3.43274 3
      vertex -30.6993 -19.1831 3
      vertex -30.0112 -20.2428 3
    endloop
  endfacet
  facet normal -0 0 1
    outer loop
      vertex -35.1247 8.75757 3
      vertex -21.6904 5.45293 3
      vertex -34.7977 9.97807 3
    endloop
  endfacet
  facet normal 0 0 1
    outer loop
      vertex -20.6828 -3.43274 3
      vertex -31.3501 -18.1 3
      vertex -30.6993 -19.1831 3
    endloop
  endfacet
  facet normal 0 0 1
    outer loop
      vertex -21.75 5 3
      vertex -22.4749 2.47487 3
      vertex -21.9445 2.91014 3
    endloop
  endfacet
  facet normal 0 0 1
    outer loop
      vertex -20.6828 -3.43274 3
      vertex -31.9627 -16.9949 3
      vertex -31.3501 -18.1 3
    endloop
  endfacet
  facet normal -0 0 1
    outer loop
      vertex -35.4089 7.5264 3
      vertex -21.6904 5.45293 3
      vertex -35.1247 8.75757 3
    endloop
  endfacet
  facet normal 0 0 1
    outer loop
      vertex -21.3394 -3.23357 3
      vertex -32.5363 -15.869 3
      vertex -31.9627 -16.9949 3
    endloop
  endfacet
  facet normal 0 0 1
    outer loop
      vertex -21.6904 5.45293 3
      vertex -35.4089 7.5264 3
      vertex -21.75 5 3
    endloop
  endfacet
  facet normal 0 0 1
    outer loop
      vertex -21.3394 -3.23357 3
      vertex -33.0703 -14.7239 3
      vertex -32.5363 -15.869 3
    endloop
  endfacet
  facet normal 0 0 1
    outer loop
      vertex -21.75 5 3
      vertex -22.9101 1.94449 3
      vertex -22.4749 2.47487 3
    endloop
  endfacet
  facet normal 0 0 1
    outer loop
      vertex -21.3394 -3.23357 3
      vertex -33.5641 -13.5608 3
      vertex -33.0703 -14.7239 3
    endloop
  endfacet
  facet normal 0 0 1
    outer loop
      vertex -21.75 5 3
      vertex -35.4089 7.5264 3
      vertex -22.9101 1.94449 3
    endloop
  endfacet
  facet normal 0 0 1
    outer loop
      vertex -21.9445 -2.91014 3
      vertex -34.0169 -12.3811 3
      vertex -33.5641 -13.5608 3
    endloop
  endfacet
  facet normal -0 0 1
    outer loop
      vertex -35.65 6.28606 3
      vertex -22.9101 1.94449 3
      vertex -35.4089 7.5264 3
    endloop
  endfacet
  facet normal 0 0 1
    outer loop
      vertex -21.9445 -2.91014 3
      vertex -34.4282 -11.1864 3
      vertex -34.0169 -12.3811 3
    endloop
  endfacet
  facet normal 0 0 1
    outer loop
      vertex -22.9101 1.94449 3
      vertex -35.65 6.28606 3
      vertex -23.2336 1.33939 3
    endloop
  endfacet
  facet normal 0 0 1
    outer loop
      vertex -22.4749 -2.47487 3
      vertex -34.7977 -9.97807 3
      vertex -34.4282 -11.1864 3
    endloop
  endfacet
  facet normal -0 0 1
    outer loop
      vertex -35.8477 5.03807 3
      vertex -23.2336 1.33939 3
      vertex -35.65 6.28606 3
    endloop
  endfacet
  facet normal 0 0 1
    outer loop
      vertex -22.4749 -2.47487 3
      vertex -35.1247 -8.75757 3
      vertex -34.7977 -9.97807 3
    endloop
  endfacet
  facet normal -0 0 1
    outer loop
      vertex -36.0017 3.78393 3
      vertex -23.2336 1.33939 3
      vertex -35.8477 5.03807 3
    endloop
  endfacet
  facet normal 0 0 1
    outer loop
      vertex -22.9101 -1.94449 3
      vertex -35.4089 -7.5264 3
      vertex -35.1247 -8.75757 3
    endloop
  endfacet
  facet normal 0 0 1
    outer loop
      vertex -23.2336 1.33939 3
      vertex -36.0017 3.78393 3
      vertex -23.4327 0.682816 3
    endloop
  endfacet
  facet normal 0 0 1
    outer loop
      vertex -22.9101 -1.94449 3
      vertex -35.65 -6.28606 3
      vertex -35.4089 -7.5264 3
    endloop
  endfacet
  facet normal -0 0 1
    outer loop
      vertex -36.1118 2.52518 3
      vertex -23.4327 0.682816 3
      vertex -36.0017 3.78393 3
    endloop
  endfacet
  facet normal 0 0 1
    outer loop
      vertex -23.2336 -1.33939 3
      vertex -35.8477 -5.03807 3
      vertex -35.65 -6.28606 3
    endloop
  endfacet
  facet normal -0 0 1
    outer loop
      vertex -36.1779 1.26336 3
      vertex -23.4327 0.682816 3
      vertex -36.1118 2.52518 3
    endloop
  endfacet
  facet normal 0 0 1
    outer loop
      vertex -23.2336 -1.33939 3
      vertex -36.0017 -3.78393 3
      vertex -35.8477 -5.03807 3
    endloop
  endfacet
  facet normal 0 0 1
    outer loop
      vertex -23.4327 0.682816 3
      vertex -36.1779 1.26336 3
      vertex -23.5 0 3
    endloop
  endfacet
  facet normal 0 0 1
    outer loop
      vertex -23.4327 -0.682816 3
      vertex -36.1118 -2.52518 3
      vertex -36.0017 -3.78393 3
    endloop
  endfacet
  facet normal 0 0 1
    outer loop
      vertex -36.2 0 3
      vertex -23.5 0 3
      vertex -36.1779 1.26336 3
    endloop
  endfacet
  facet normal 0 0 1
    outer loop
      vertex -23.4327 -0.682816 3
      vertex -36.1779 -1.26336 3
      vertex -36.1118 -2.52518 3
    endloop
  endfacet
  facet normal 0 0 1
    outer loop
      vertex -23.5 0 3
      vertex -36.2 0 3
      vertex -36.1779 -1.26336 3
    endloop
  endfacet
  facet normal -0 0 1
    outer loop
      vertex 0.292635 -1.47118 3
      vertex 9.97807 -34.7977 3
      vertex 0.574024 -1.38582 3
    endloop
  endfacet
  facet normal 0 0 1
    outer loop
      vertex 9.97807 -34.7977 3
      vertex 0.292635 -1.47118 3
      vertex 8.75757 -35.1247 3
    endloop
  endfacet
  facet normal 0 0 1
    outer loop
      vertex 8.75757 -35.1247 3
      vertex 0.292635 -1.47118 3
      vertex 7.5264 -35.4089 3
    endloop
  endfacet
  facet normal 0 0 1
    outer loop
      vertex 7.5264 -35.4089 3
      vertex 0.292635 -1.47118 3
      vertex 6.28606 -35.65 3
    endloop
  endfacet
  facet normal 0 0 1
    outer loop
      vertex 6.28606 -35.65 3
      vertex 0.292635 -1.47118 3
      vertex 5.03807 -35.8477 3
    endloop
  endfacet
  facet normal 0 0 1
    outer loop
      vertex 5.03807 -35.8477 3
      vertex 0.292635 -1.47118 3
      vertex 3.78393 -36.0017 3
    endloop
  endfacet
  facet normal -0 0 1
    outer loop
      vertex 0 -1.5 3
      vertex 3.78393 -36.0017 3
      vertex 0.292635 -1.47118 3
    endloop
  endfacet
  facet normal 0 0 1
    outer loop
      vertex 3.78393 -36.0017 3
      vertex 0 -1.5 3
      vertex 2.52518 -36.1118 3
    endloop
  endfacet
  facet normal 0 0 1
    outer loop
      vertex 2.52518 -36.1118 3
      vertex 0 -1.5 3
      vertex 1.26336 -36.1779 3
    endloop
  endfacet
  facet normal 0 0 1
    outer loop
      vertex 0 -1.5 3
      vertex 0 -36.2 3
      vertex 1.26336 -36.1779 3
    endloop
  endfacet
  facet normal 0 0 1
    outer loop
      vertex -3.78393 -36.0017 3
      vertex 0 -1.5 3
      vertex -0.292635 -1.47118 3
    endloop
  endfacet
  facet normal 0 0 1
    outer loop
      vertex -9.97807 -34.7977 3
      vertex -0.292635 -1.47118 3
      vertex -0.574024 -1.38582 3
    endloop
  endfacet
  facet normal 0 0 1
    outer loop
      vertex -15.869 -32.5363 3
      vertex -0.574024 -1.38582 3
      vertex -0.833355 -1.2472 3
    endloop
  endfacet
  facet normal 0 0 1
    outer loop
      vertex -1.38582 -0.574024 3
      vertex -16.7664 -1.33939 3
      vertex -1.2472 -0.833355 3
    endloop
  endfacet
  facet normal 0 0 1
    outer loop
      vertex -16.7664 -1.33939 3
      vertex -1.38582 -0.574024 3
      vertex -16.5673 -0.682816 3
    endloop
  endfacet
  facet normal 0 0 1
    outer loop
      vertex 0 -1.5 3
      vertex -1.26336 -36.1779 3
      vertex 0 -36.2 3
    endloop
  endfacet
  facet normal 0 0 1
    outer loop
      vertex -1.47118 -0.292635 3
      vertex -16.5673 -0.682816 3
      vertex -1.38582 -0.574024 3
    endloop
  endfacet
  facet normal 0 0 1
    outer loop
      vertex -16.5673 -0.682816 3
      vertex -1.47118 -0.292635 3
      vertex -16.5 0 3
    endloop
  endfacet
  facet normal -0 0 1
    outer loop
      vertex -16.5 0 3
      vertex -1.47118 -0.292635 3
      vertex -1.5 0 3
    endloop
  endfacet
  facet normal -0 0 1
    outer loop
      vertex -11.1864 34.4282 3
      vertex -0.574024 1.38582 3
      vertex -9.97807 34.7977 3
    endloop
  endfacet
  facet normal 0 0 1
    outer loop
      vertex -17.0899 -1.94449 3
      vertex -1.2472 -0.833355 3
      vertex -16.7664 -1.33939 3
    endloop
  endfacet
  facet normal -0 0 1
    outer loop
      vertex -12.3811 34.0169 3
      vertex -0.574024 1.38582 3
      vertex -11.1864 34.4282 3
    endloop
  endfacet
  facet normal 0 0 1
    outer loop
      vertex 0 -1.5 3
      vertex -2.52518 -36.1118 3
      vertex -1.26336 -36.1779 3
    endloop
  endfacet
  facet normal -0 0 1
    outer loop
      vertex -18.3096 5.45293 3
      vertex -0.574024 1.38582 3
      vertex -12.3811 34.0169 3
    endloop
  endfacet
  facet normal 0 0 1
    outer loop
      vertex 0 -1.5 3
      vertex -3.78393 -36.0017 3
      vertex -2.52518 -36.1118 3
    endloop
  endfacet
  facet normal 0 0 1
    outer loop
      vertex -18.3096 5.45293 3
      vertex -0.833355 1.2472 3
      vertex -0.574024 1.38582 3
    endloop
  endfacet
  facet normal 0 0 1
    outer loop
      vertex -0.292635 -1.47118 3
      vertex -5.03807 -35.8477 3
      vertex -3.78393 -36.0017 3
    endloop
  endfacet
  facet normal 0 0 1
    outer loop
      vertex -18.3096 5.45293 3
      vertex -1.2472 0.833355 3
      vertex -1.06066 1.06066 3
    endloop
  endfacet
  facet normal 0 0 1
    outer loop
      vertex -0.292635 -1.47118 3
      vertex -6.28606 -35.65 3
      vertex -5.03807 -35.8477 3
    endloop
  endfacet
  facet normal 0 0 1
    outer loop
      vertex -18.3096 5.45293 3
      vertex -17.0899 1.94449 3
      vertex -1.2472 0.833355 3
    endloop
  endfacet
  facet normal 0 0 1
    outer loop
      vertex -0.292635 -1.47118 3
      vertex -7.5264 -35.4089 3
      vertex -6.28606 -35.65 3
    endloop
  endfacet
  facet normal 0 0 1
    outer loop
      vertex -1.2472 0.833355 3
      vertex -16.7664 1.33939 3
      vertex -1.38582 0.574024 3
    endloop
  endfacet
  facet normal 0 0 1
    outer loop
      vertex -0.292635 -1.47118 3
      vertex -8.75757 -35.1247 3
      vertex -7.5264 -35.4089 3
    endloop
  endfacet
  facet normal -0 -0 1
    outer loop
      vertex -16.7664 1.33939 3
      vertex -1.2472 0.833355 3
      vertex -17.0899 1.94449 3
    endloop
  endfacet
  facet normal 0 0 1
    outer loop
      vertex -0.292635 -1.47118 3
      vertex -9.97807 -34.7977 3
      vertex -8.75757 -35.1247 3
    endloop
  endfacet
  facet normal 0 0 1
    outer loop
      vertex -18.3096 5.45293 3
      vertex -1.06066 1.06066 3
      vertex -0.833355 1.2472 3
    endloop
  endfacet
  facet normal 0 0 1
    outer loop
      vertex -0.574024 -1.38582 3
      vertex -11.1864 -34.4282 3
      vertex -9.97807 -34.7977 3
    endloop
  endfacet
  facet normal 0 0 1
    outer loop
      vertex -18.3096 5.45293 3
      vertex -12.3811 34.0169 3
      vertex -13.5608 33.5641 3
    endloop
  endfacet
  facet normal 0 0 1
    outer loop
      vertex -0.574024 -1.38582 3
      vertex -12.3811 -34.0169 3
      vertex -11.1864 -34.4282 3
    endloop
  endfacet
  facet normal 0 0 1
    outer loop
      vertex -18.3096 5.45293 3
      vertex -13.5608 33.5641 3
      vertex -14.7239 33.0703 3
    endloop
  endfacet
  facet normal 0 0 1
    outer loop
      vertex -0.574024 -1.38582 3
      vertex -13.5608 -33.5641 3
      vertex -12.3811 -34.0169 3
    endloop
  endfacet
  facet normal 0 0 1
    outer loop
      vertex -18.3096 5.45293 3
      vertex -14.7239 33.0703 3
      vertex -15.869 32.5363 3
    endloop
  endfacet
  facet normal 0 0 1
    outer loop
      vertex -0.574024 -1.38582 3
      vertex -14.7239 -33.0703 3
      vertex -13.5608 -33.5641 3
    endloop
  endfacet
  facet normal 0 0 1
    outer loop
      vertex -0.574024 -1.38582 3
      vertex -15.869 -32.5363 3
      vertex -14.7239 -33.0703 3
    endloop
  endfacet
  facet normal 0 0 1
    outer loop
      vertex -1.47118 0.292635 3
      vertex -16.5 0 3
      vertex -1.5 0 3
    endloop
  endfacet
  facet normal 0 -0 1
    outer loop
      vertex -16.5 0 3
      vertex -1.47118 0.292635 3
      vertex -16.5673 0.682816 3
    endloop
  endfacet
  facet normal 0 0 1
    outer loop
      vertex -18.3096 5.45293 3
      vertex -15.869 32.5363 3
      vertex -16.9949 31.9627 3
    endloop
  endfacet
  facet normal -0 -0 1
    outer loop
      vertex -16.5673 0.682816 3
      vertex -1.38582 0.574024 3
      vertex -16.7664 1.33939 3
    endloop
  endfacet
  facet normal 0 0 1
    outer loop
      vertex -1.38582 0.574024 3
      vertex -16.5673 0.682816 3
      vertex -1.47118 0.292635 3
    endloop
  endfacet
  facet normal 0 0 1
    outer loop
      vertex -17.0899 1.94449 3
      vertex -18.25 5 3
      vertex -17.5251 2.47487 3
    endloop
  endfacet
  facet normal 0 0 1
    outer loop
      vertex -19.125 6.51553 3
      vertex -16.9949 31.9627 3
      vertex -18.1 31.3501 3
    endloop
  endfacet
  facet normal 0 0 1
    outer loop
      vertex -17.5251 2.47487 3
      vertex -18.25 5 3
      vertex -18.0555 2.91014 3
    endloop
  endfacet
  facet normal 0 0 1
    outer loop
      vertex -18.0555 2.91014 3
      vertex -18.25 5 3
      vertex -18.25 3.0141 3
    endloop
  endfacet
  facet normal 0 0 1
    outer loop
      vertex 23.5 0 3
      vertex 36.2 0 3
      vertex 36.1779 1.26336 3
    endloop
  endfacet
  facet normal 0 0 1
    outer loop
      vertex 23.4327 0.682816 3
      vertex 36.1779 1.26336 3
      vertex 36.1118 2.52518 3
    endloop
  endfacet
  facet normal 0 0 1
    outer loop
      vertex 36.2 0 3
      vertex 23.5 0 3
      vertex 36.1779 -1.26336 3
    endloop
  endfacet
  facet normal 0 0 1
    outer loop
      vertex 23.4327 0.682816 3
      vertex 36.1118 2.52518 3
      vertex 36.0017 3.78393 3
    endloop
  endfacet
  facet normal -0 0 1
    outer loop
      vertex 23.4327 -0.682816 3
      vertex 36.1779 -1.26336 3
      vertex 23.5 0 3
    endloop
  endfacet
  facet normal 0 0 1
    outer loop
      vertex 23.2336 1.33939 3
      vertex 36.0017 3.78393 3
      vertex 35.8477 5.03807 3
    endloop
  endfacet
  facet normal 0 0 1
    outer loop
      vertex 36.1779 -1.26336 3
      vertex 23.4327 -0.682816 3
      vertex 36.1118 -2.52518 3
    endloop
  endfacet
  facet normal 0 0 1
    outer loop
      vertex 23.2336 1.33939 3
      vertex 35.8477 5.03807 3
      vertex 35.65 6.28606 3
    endloop
  endfacet
  facet normal 0 0 1
    outer loop
      vertex 36.1118 -2.52518 3
      vertex 23.4327 -0.682816 3
      vertex 36.0017 -3.78393 3
    endloop
  endfacet
  facet normal 0 0 1
    outer loop
      vertex 22.9101 1.94449 3
      vertex 35.65 6.28606 3
      vertex 35.4089 7.5264 3
    endloop
  endfacet
  facet normal -0 0 1
    outer loop
      vertex 23.2336 -1.33939 3
      vertex 36.0017 -3.78393 3
      vertex 23.4327 -0.682816 3
    endloop
  endfacet
  facet normal 0 0 1
    outer loop
      vertex 21.6904 5.45293 3
      vertex 35.4089 7.5264 3
      vertex 35.1247 8.75757 3
    endloop
  endfacet
  facet normal 0 0 1
    outer loop
      vertex 36.0017 -3.78393 3
      vertex 23.2336 -1.33939 3
      vertex 35.8477 -5.03807 3
    endloop
  endfacet
  facet normal 0 0 1
    outer loop
      vertex 21.6904 5.45293 3
      vertex 35.1247 8.75757 3
      vertex 34.7977 9.97807 3
    endloop
  endfacet
  facet normal 0 0 1
    outer loop
      vertex 35.8477 -5.03807 3
      vertex 23.2336 -1.33939 3
      vertex 35.65 -6.28606 3
    endloop
  endfacet
  facet normal 0 0 1
    outer loop
      vertex 21.5155 5.875 3
      vertex 34.7977 9.97807 3
      vertex 34.4282 11.1864 3
    endloop
  endfacet
  facet normal -0 0 1
    outer loop
      vertex 22.9101 -1.94449 3
      vertex 35.65 -6.28606 3
      vertex 23.2336 -1.33939 3
    endloop
  endfacet
  facet normal 0 0 1
    outer loop
      vertex 21.5155 5.875 3
      vertex 34.4282 11.1864 3
      vertex 34.0169 12.3811 3
    endloop
  endfacet
  facet normal 0 0 1
    outer loop
      vertex 35.65 -6.28606 3
      vertex 22.9101 -1.94449 3
      vertex 35.4089 -7.5264 3
    endloop
  endfacet
  facet normal 0 0 1
    outer loop
      vertex 21.5155 5.875 3
      vertex 34.0169 12.3811 3
      vertex 33.5641 13.5608 3
    endloop
  endfacet
  facet normal 0 0 1
    outer loop
      vertex 35.4089 -7.5264 3
      vertex 22.9101 -1.94449 3
      vertex 35.1247 -8.75757 3
    endloop
  endfacet
  facet normal 0 0 1
    outer loop
      vertex 21.2374 6.23743 3
      vertex 33.5641 13.5608 3
      vertex 33.0703 14.7239 3
    endloop
  endfacet
  facet normal -0 0 1
    outer loop
      vertex 22.4749 -2.47487 3
      vertex 35.1247 -8.75757 3
      vertex 22.9101 -1.94449 3
    endloop
  endfacet
  facet normal 0 0 1
    outer loop
      vertex 21.2374 6.23743 3
      vertex 33.0703 14.7239 3
      vertex 32.5363 15.869 3
    endloop
  endfacet
  facet normal 0 0 1
    outer loop
      vertex 35.1247 -8.75757 3
      vertex 22.4749 -2.47487 3
      vertex 34.7977 -9.97807 3
    endloop
  endfacet
  facet normal 0 0 1
    outer loop
      vertex 20.875 6.51553 3
      vertex 32.5363 15.869 3
      vertex 31.9627 16.9949 3
    endloop
  endfacet
  facet normal 0 0 1
    outer loop
      vertex 34.7977 -9.97807 3
      vertex 22.4749 -2.47487 3
      vertex 34.4282 -11.1864 3
    endloop
  endfacet
  facet normal 0 0 1
    outer loop
      vertex 20.875 6.51553 3
      vertex 31.9627 16.9949 3
      vertex 31.3501 18.1 3
    endloop
  endfacet
  facet normal -0 0 1
    outer loop
      vertex 21.9445 -2.91014 3
      vertex 34.4282 -11.1864 3
      vertex 22.4749 -2.47487 3
    endloop
  endfacet
  facet normal 0 0 1
    outer loop
      vertex 20.875 6.51553 3
      vertex 31.3501 18.1 3
      vertex 30.6993 19.1831 3
    endloop
  endfacet
  facet normal 0 0 1
    outer loop
      vertex 34.4282 -11.1864 3
      vertex 21.9445 -2.91014 3
      vertex 34.0169 -12.3811 3
    endloop
  endfacet
  facet normal 0 0 1
    outer loop
      vertex 20.4529 6.69037 3
      vertex 30.6993 19.1831 3
      vertex 30.0112 20.2428 3
    endloop
  endfacet
  facet normal 0 0 1
    outer loop
      vertex 34.0169 -12.3811 3
      vertex 21.9445 -2.91014 3
      vertex 33.5641 -13.5608 3
    endloop
  endfacet
  facet normal 0 0 1
    outer loop
      vertex 20.4529 6.69037 3
      vertex 30.0112 20.2428 3
      vertex 29.2864 21.2778 3
    endloop
  endfacet
  facet normal -0 0 1
    outer loop
      vertex 21.3394 -3.23357 3
      vertex 33.5641 -13.5608 3
      vertex 21.9445 -2.91014 3
    endloop
  endfacet
  facet normal 0 0 1
    outer loop
      vertex 20.4529 6.69037 3
      vertex 29.2864 21.2778 3
      vertex 28.526 22.2869 3
    endloop
  endfacet
  facet normal 0 0 1
    outer loop
      vertex 33.5641 -13.5608 3
      vertex 21.3394 -3.23357 3
      vertex 33.0703 -14.7239 3
    endloop
  endfacet
  facet normal 0 0 1
    outer loop
      vertex 20 6.75 3
      vertex 28.526 22.2869 3
      vertex 27.7308 23.2689 3
    endloop
  endfacet
  facet normal 0 0 1
    outer loop
      vertex 33.0703 -14.7239 3
      vertex 21.3394 -3.23357 3
      vertex 32.5363 -15.869 3
    endloop
  endfacet
  facet normal 0 0 1
    outer loop
      vertex 20 6.75 3
      vertex 27.7308 23.2689 3
      vertex 26.9018 24.2225 3
    endloop
  endfacet
  facet normal 0 0 1
    outer loop
      vertex 32.5363 -15.869 3
      vertex 21.3394 -3.23357 3
      vertex 31.9627 -16.9949 3
    endloop
  endfacet
  facet normal 0 0 1
    outer loop
      vertex 20 6.75 3
      vertex 26.9018 24.2225 3
      vertex 26.0401 25.1466 3
    endloop
  endfacet
  facet normal -0 0 1
    outer loop
      vertex 20.6828 -3.43274 3
      vertex 31.9627 -16.9949 3
      vertex 21.3394 -3.23357 3
    endloop
  endfacet
  facet normal 0 0 1
    outer loop
      vertex 19.5471 6.69037 3
      vertex 26.0401 25.1466 3
      vertex 25.1466 26.0401 3
    endloop
  endfacet
  facet normal 0 0 1
    outer loop
      vertex 31.9627 -16.9949 3
      vertex 20.6828 -3.43274 3
      vertex 31.3501 -18.1 3
    endloop
  endfacet
  facet normal 0 0 1
    outer loop
      vertex 19.5471 6.69037 3
      vertex 25.1466 26.0401 3
      vertex 24.2225 26.9018 3
    endloop
  endfacet
  facet normal 0 0 1
    outer loop
      vertex 31.3501 -18.1 3
      vertex 20.6828 -3.43274 3
      vertex 30.6993 -19.1831 3
    endloop
  endfacet
  facet normal 0 0 1
    outer loop
      vertex 30.6993 -19.1831 3
      vertex 20.6828 -3.43274 3
      vertex 30.0112 -20.2428 3
    endloop
  endfacet
  facet normal 0 0 1
    outer loop
      vertex 36.1779 1.26336 3
      vertex 23.4327 0.682816 3
      vertex 23.5 0 3
    endloop
  endfacet
  facet normal 0 0 1
    outer loop
      vertex 19.5471 6.69037 3
      vertex 24.2225 26.9018 3
      vertex 23.2689 27.7308 3
    endloop
  endfacet
  facet normal 0 0 1
    outer loop
      vertex 36.0017 3.78393 3
      vertex 23.2336 1.33939 3
      vertex 23.4327 0.682816 3
    endloop
  endfacet
  facet normal 0 0 1
    outer loop
      vertex 35.4089 7.5264 3
      vertex 21.6904 5.45293 3
      vertex 21.75 5 3
    endloop
  endfacet
  facet normal 0 0 1
    outer loop
      vertex 35.65 6.28606 3
      vertex 22.9101 1.94449 3
      vertex 23.2336 1.33939 3
    endloop
  endfacet
  facet normal 0 0 1
    outer loop
      vertex 19.5471 6.69037 3
      vertex 23.2689 27.7308 3
      vertex 22.2869 28.526 3
    endloop
  endfacet
  facet normal 0 0 1
    outer loop
      vertex 35.4089 7.5264 3
      vertex 21.75 5 3
      vertex 22.9101 1.94449 3
    endloop
  endfacet
  facet normal 0 0 1
    outer loop
      vertex 22.4749 2.47487 3
      vertex 21.75 5 3
      vertex 21.9445 2.91014 3
    endloop
  endfacet
  facet normal 0 0 1
    outer loop
      vertex 22.9101 1.94449 3
      vertex 21.75 5 3
      vertex 22.4749 2.47487 3
    endloop
  endfacet
  facet normal 0 0 1
    outer loop
      vertex 34.7977 9.97807 3
      vertex 21.5155 5.875 3
      vertex 21.6904 5.45293 3
    endloop
  endfacet
  facet normal 0 0 1
    outer loop
      vertex 19.125 6.51553 3
      vertex 22.2869 28.526 3
      vertex 21.2778 29.2864 3
    endloop
  endfacet
  facet normal 0 0 1
    outer loop
      vertex 33.5641 13.5608 3
      vertex 21.2374 6.23743 3
      vertex 21.5155 5.875 3
    endloop
  endfacet
  facet normal 0 0 1
    outer loop
      vertex 32.5363 15.869 3
      vertex 20.875 6.51553 3
      vertex 21.2374 6.23743 3
    endloop
  endfacet
  facet normal 0 0 1
    outer loop
      vertex 30.6993 19.1831 3
      vertex 20.4529 6.69037 3
      vertex 20.875 6.51553 3
    endloop
  endfacet
  facet normal 0 0 1
    outer loop
      vertex 19.125 6.51553 3
      vertex 21.2778 29.2864 3
      vertex 20.2428 30.0112 3
    endloop
  endfacet
  facet normal 0 0 1
    outer loop
      vertex 28.526 22.2869 3
      vertex 20 6.75 3
      vertex 20.4529 6.69037 3
    endloop
  endfacet
  facet normal 0 0 1
    outer loop
      vertex 26.0401 25.1466 3
      vertex 19.5471 6.69037 3
      vertex 20 6.75 3
    endloop
  endfacet
  facet normal 0 0 1
    outer loop
      vertex 19.125 6.51553 3
      vertex 20.2428 30.0112 3
      vertex 19.1831 30.6993 3
    endloop
  endfacet
  facet normal 0 0 1
    outer loop
      vertex 22.2869 28.526 3
      vertex 19.125 6.51553 3
      vertex 19.5471 6.69037 3
    endloop
  endfacet
  facet normal 0 0 1
    outer loop
      vertex 18.1 31.3501 3
      vertex 19.125 6.51553 3
      vertex 19.1831 30.6993 3
    endloop
  endfacet
  facet normal 0 0 1
    outer loop
      vertex 16.9949 31.9627 3
      vertex 19.125 6.51553 3
      vertex 18.1 31.3501 3
    endloop
  endfacet
  facet normal 0 0 1
    outer loop
      vertex 19.125 6.51553 3
      vertex 16.9949 31.9627 3
      vertex 18.7626 6.23743 3
    endloop
  endfacet
  facet normal 0 0 1
    outer loop
      vertex 15.869 32.5363 3
      vertex 18.7626 6.23743 3
      vertex 16.9949 31.9627 3
    endloop
  endfacet
  facet normal 0 0 1
    outer loop
      vertex 14.7239 33.0703 3
      vertex 18.7626 6.23743 3
      vertex 15.869 32.5363 3
    endloop
  endfacet
  facet normal 0 0 1
    outer loop
      vertex 13.5608 33.5641 3
      vertex 18.7626 6.23743 3
      vertex 14.7239 33.0703 3
    endloop
  endfacet
  facet normal 0 0 1
    outer loop
      vertex 18.25 5 3
      vertex 18.0555 2.91014 3
      vertex 18.25 3.0141 3
    endloop
  endfacet
  facet normal 0 0 1
    outer loop
      vertex 12.3811 34.0169 3
      vertex 18.7626 6.23743 3
      vertex 13.5608 33.5641 3
    endloop
  endfacet
  facet normal 0 0 1
    outer loop
      vertex 11.1864 34.4282 3
      vertex 18.7626 6.23743 3
      vertex 12.3811 34.0169 3
    endloop
  endfacet
  facet normal 0 -0 1
    outer loop
      vertex 1.06066 1.06066 3
      vertex 18.3096 5.45293 3
      vertex 0.833355 1.2472 3
    endloop
  endfacet
  facet normal 0 -0 1
    outer loop
      vertex 1.2472 0.833355 3
      vertex 18.3096 5.45293 3
      vertex 1.06066 1.06066 3
    endloop
  endfacet
  facet normal 0 -0 1
    outer loop
      vertex 17.0899 1.94449 3
      vertex 18.3096 5.45293 3
      vertex 1.2472 0.833355 3
    endloop
  endfacet
  facet normal 0 0 1
    outer loop
      vertex 18.3096 5.45293 3
      vertex 17.0899 1.94449 3
      vertex 18.25 5 3
    endloop
  endfacet
  facet normal 0 0 1
    outer loop
      vertex 18.25 5 3
      vertex 17.5251 2.47487 3
      vertex 18.0555 2.91014 3
    endloop
  endfacet
  facet normal -0 0 1
    outer loop
      vertex 20 -3.5 3
      vertex 30.0112 -20.2428 3
      vertex 20.6828 -3.43274 3
    endloop
  endfacet
  facet normal 0 0 1
    outer loop
      vertex 30.0112 -20.2428 3
      vertex 20 -3.5 3
      vertex 29.2864 -21.2778 3
    endloop
  endfacet
  facet normal 0 0 1
    outer loop
      vertex 29.2864 -21.2778 3
      vertex 20 -3.5 3
      vertex 28.526 -22.2869 3
    endloop
  endfacet
  facet normal 0 0 1
    outer loop
      vertex 28.526 -22.2869 3
      vertex 20 -3.5 3
      vertex 27.7308 -23.2689 3
    endloop
  endfacet
  facet normal 0 0 1
    outer loop
      vertex 19.3172 -3.43274 3
      vertex 27.7308 -23.2689 3
      vertex 20 -3.5 3
    endloop
  endfacet
  facet normal 0 0 1
    outer loop
      vertex 27.7308 -23.2689 3
      vertex 19.3172 -3.43274 3
      vertex 26.9018 -24.2225 3
    endloop
  endfacet
  facet normal 0 0 1
    outer loop
      vertex 26.9018 -24.2225 3
      vertex 19.3172 -3.43274 3
      vertex 26.0401 -25.1466 3
    endloop
  endfacet
  facet normal 0 0 1
    outer loop
      vertex 26.0401 -25.1466 3
      vertex 19.3172 -3.43274 3
      vertex 25.1466 -26.0401 3
    endloop
  endfacet
  facet normal 0 0 1
    outer loop
      vertex 25.1466 -26.0401 3
      vertex 19.3172 -3.43274 3
      vertex 24.2225 -26.9018 3
    endloop
  endfacet
  facet normal 0 0 1
    outer loop
      vertex 18.6606 -3.23357 3
      vertex 24.2225 -26.9018 3
      vertex 19.3172 -3.43274 3
    endloop
  endfacet
  facet normal 0 0 1
    outer loop
      vertex 24.2225 -26.9018 3
      vertex 18.6606 -3.23357 3
      vertex 23.2689 -27.7308 3
    endloop
  endfacet
  facet normal 0 0 1
    outer loop
      vertex 23.2689 -27.7308 3
      vertex 18.6606 -3.23357 3
      vertex 22.2869 -28.526 3
    endloop
  endfacet
  facet normal 0 0 1
    outer loop
      vertex 22.2869 -28.526 3
      vertex 18.6606 -3.23357 3
      vertex 21.2778 -29.2864 3
    endloop
  endfacet
  facet normal 0 0 1
    outer loop
      vertex 21.2778 -29.2864 3
      vertex 18.6606 -3.23357 3
      vertex 20.2428 -30.0112 3
    endloop
  endfacet
  facet normal 0 0 1
    outer loop
      vertex 20.2428 -30.0112 3
      vertex 18.6606 -3.23357 3
      vertex 19.1831 -30.6993 3
    endloop
  endfacet
  facet normal 0 0 1
    outer loop
      vertex 18.0555 -2.91014 3
      vertex 19.1831 -30.6993 3
      vertex 18.6606 -3.23357 3
    endloop
  endfacet
  facet normal 0 0 1
    outer loop
      vertex 19.1831 -30.6993 3
      vertex 18.0555 -2.91014 3
      vertex 18.1 -31.3501 3
    endloop
  endfacet
  facet normal -0 0 1
    outer loop
      vertex 1.2472 -0.833355 3
      vertex 16.7664 -1.33939 3
      vertex 1.38582 -0.574024 3
    endloop
  endfacet
  facet normal 0 0 1
    outer loop
      vertex 16.5673 -0.682816 3
      vertex 1.38582 -0.574024 3
      vertex 16.7664 -1.33939 3
    endloop
  endfacet
  facet normal 0 0 1
    outer loop
      vertex 18.0555 -2.91014 3
      vertex 16.9949 -31.9627 3
      vertex 18.1 -31.3501 3
    endloop
  endfacet
  facet normal -0 0 1
    outer loop
      vertex 1.38582 -0.574024 3
      vertex 16.5673 -0.682816 3
      vertex 1.47118 -0.292635 3
    endloop
  endfacet
  facet normal 0 0 1
    outer loop
      vertex 16.5 0 3
      vertex 1.47118 -0.292635 3
      vertex 16.5673 -0.682816 3
    endloop
  endfacet
  facet normal 0 0 1
    outer loop
      vertex 1.47118 -0.292635 3
      vertex 16.5 0 3
      vertex 1.5 0 3
    endloop
  endfacet
  facet normal 0 0 1
    outer loop
      vertex 17.0899 1.94449 3
      vertex 1.2472 0.833355 3
      vertex 16.7664 1.33939 3
    endloop
  endfacet
  facet normal 0 0 1
    outer loop
      vertex 16.7664 -1.33939 3
      vertex 1.2472 -0.833355 3
      vertex 17.0899 -1.94449 3
    endloop
  endfacet
  facet normal 0 0 1
    outer loop
      vertex 0.574024 1.38582 3
      vertex 18.7626 6.23743 3
      vertex 11.1864 34.4282 3
    endloop
  endfacet
  facet normal 0 0 1
    outer loop
      vertex 18.0555 -2.91014 3
      vertex 15.869 -32.5363 3
      vertex 16.9949 -31.9627 3
    endloop
  endfacet
  facet normal 0 -0 1
    outer loop
      vertex 0.833355 1.2472 3
      vertex 18.4845 5.875 3
      vertex 0.574024 1.38582 3
    endloop
  endfacet
  facet normal 0 0 1
    outer loop
      vertex 18.0555 -2.91014 3
      vertex 14.7239 -33.0703 3
      vertex 15.869 -32.5363 3
    endloop
  endfacet
  facet normal 0 0 1
    outer loop
      vertex 18.4845 5.875 3
      vertex 0.833355 1.2472 3
      vertex 18.3096 5.45293 3
    endloop
  endfacet
  facet normal -0 0 1
    outer loop
      vertex 1.06066 -1.06066 3
      vertex 17.0899 -1.94449 3
      vertex 1.2472 -0.833355 3
    endloop
  endfacet
  facet normal 0 0 1
    outer loop
      vertex 18.7626 6.23743 3
      vertex 0.574024 1.38582 3
      vertex 18.4845 5.875 3
    endloop
  endfacet
  facet normal 0 0 1
    outer loop
      vertex 17.0899 -1.94449 3
      vertex 1.06066 -1.06066 3
      vertex 17.5251 -2.47487 3
    endloop
  endfacet
  facet normal 0 0 1
    outer loop
      vertex 0.574024 1.38582 3
      vertex 11.1864 34.4282 3
      vertex 9.97807 34.7977 3
    endloop
  endfacet
  facet normal -0 0 1
    outer loop
      vertex 0.833355 -1.2472 3
      vertex 17.5251 -2.47487 3
      vertex 1.06066 -1.06066 3
    endloop
  endfacet
  facet normal 0 0 1
    outer loop
      vertex 0.292635 1.47118 3
      vertex 9.97807 34.7977 3
      vertex 8.75757 35.1247 3
    endloop
  endfacet
  facet normal 0 0 1
    outer loop
      vertex 17.5251 -2.47487 3
      vertex 0.833355 -1.2472 3
      vertex 18.0555 -2.91014 3
    endloop
  endfacet
  facet normal 0 0 1
    outer loop
      vertex 0.292635 1.47118 3
      vertex 8.75757 35.1247 3
      vertex 7.5264 35.4089 3
    endloop
  endfacet
  facet normal -0 0 1
    outer loop
      vertex 0.574024 -1.38582 3
      vertex 18.0555 -2.91014 3
      vertex 0.833355 -1.2472 3
    endloop
  endfacet
  facet normal 0 0 1
    outer loop
      vertex 0.292635 1.47118 3
      vertex 7.5264 35.4089 3
      vertex 6.28606 35.65 3
    endloop
  endfacet
  facet normal 0 0 1
    outer loop
      vertex 18.0555 -2.91014 3
      vertex 0.574024 -1.38582 3
      vertex 14.7239 -33.0703 3
    endloop
  endfacet
  facet normal 0 0 1
    outer loop
      vertex 0.292635 1.47118 3
      vertex 6.28606 35.65 3
      vertex 5.03807 35.8477 3
    endloop
  endfacet
  facet normal 0 0 1
    outer loop
      vertex 14.7239 -33.0703 3
      vertex 0.574024 -1.38582 3
      vertex 13.5608 -33.5641 3
    endloop
  endfacet
  facet normal 0 0 1
    outer loop
      vertex 0.292635 1.47118 3
      vertex 5.03807 35.8477 3
      vertex 3.78393 36.0017 3
    endloop
  endfacet
  facet normal 0 0 1
    outer loop
      vertex 13.5608 -33.5641 3
      vertex 0.574024 -1.38582 3
      vertex 12.3811 -34.0169 3
    endloop
  endfacet
  facet normal 0 0 1
    outer loop
      vertex 0 1.5 3
      vertex 3.78393 36.0017 3
      vertex 2.52518 36.1118 3
    endloop
  endfacet
  facet normal 0 0 1
    outer loop
      vertex 12.3811 -34.0169 3
      vertex 0.574024 -1.38582 3
      vertex 11.1864 -34.4282 3
    endloop
  endfacet
  facet normal 0 0 1
    outer loop
      vertex 11.1864 -34.4282 3
      vertex 0.574024 -1.38582 3
      vertex 9.97807 -34.7977 3
    endloop
  endfacet
  facet normal 0 0 1
    outer loop
      vertex 16.5 0 3
      vertex 1.47118 0.292635 3
      vertex 1.5 0 3
    endloop
  endfacet
  facet normal 0 0 1
    outer loop
      vertex 16.5673 0.682816 3
      vertex 1.47118 0.292635 3
      vertex 16.5 0 3
    endloop
  endfacet
  facet normal 0 0 1
    outer loop
      vertex 0 1.5 3
      vertex 2.52518 36.1118 3
      vertex 1.26336 36.1779 3
    endloop
  endfacet
  facet normal 0 -0 1
    outer loop
      vertex 1.47118 0.292635 3
      vertex 16.5673 0.682816 3
      vertex 1.38582 0.574024 3
    endloop
  endfacet
  facet normal 0 0 1
    outer loop
      vertex 16.7664 1.33939 3
      vertex 1.38582 0.574024 3
      vertex 16.5673 0.682816 3
    endloop
  endfacet
  facet normal 0 -0 1
    outer loop
      vertex 1.38582 0.574024 3
      vertex 16.7664 1.33939 3
      vertex 1.2472 0.833355 3
    endloop
  endfacet
  facet normal 0 0 1
    outer loop
      vertex 18.25 5 3
      vertex 17.0899 1.94449 3
      vertex 17.5251 2.47487 3
    endloop
  endfacet
  facet normal 0 0 1
    outer loop
      vertex 9.97807 34.7977 3
      vertex 0.292635 1.47118 3
      vertex 0.574024 1.38582 3
    endloop
  endfacet
  facet normal 0 0 1
    outer loop
      vertex 0 1.5 3
      vertex 1.26336 36.1779 3
      vertex 0 36.2 3
    endloop
  endfacet
  facet normal 0 0 1
    outer loop
      vertex 3.78393 36.0017 3
      vertex 0 1.5 3
      vertex 0.292635 1.47118 3
    endloop
  endfacet
  facet normal -0 0 1
    outer loop
      vertex -1.26336 36.1779 3
      vertex 0 1.5 3
      vertex 0 36.2 3
    endloop
  endfacet
  facet normal -0 0 1
    outer loop
      vertex -2.52518 36.1118 3
      vertex 0 1.5 3
      vertex -1.26336 36.1779 3
    endloop
  endfacet
  facet normal -0 0 1
    outer loop
      vertex -3.78393 36.0017 3
      vertex 0 1.5 3
      vertex -2.52518 36.1118 3
    endloop
  endfacet
  facet normal 0 0 1
    outer loop
      vertex 0 1.5 3
      vertex -3.78393 36.0017 3
      vertex -0.292635 1.47118 3
    endloop
  endfacet
  facet normal -0 0 1
    outer loop
      vertex -5.03807 35.8477 3
      vertex -0.292635 1.47118 3
      vertex -3.78393 36.0017 3
    endloop
  endfacet
  facet normal -0 0 1
    outer loop
      vertex -6.28606 35.65 3
      vertex -0.292635 1.47118 3
      vertex -5.03807 35.8477 3
    endloop
  endfacet
  facet normal -0 0 1
    outer loop
      vertex -7.5264 35.4089 3
      vertex -0.292635 1.47118 3
      vertex -6.28606 35.65 3
    endloop
  endfacet
  facet normal -0 0 1
    outer loop
      vertex -8.75757 35.1247 3
      vertex -0.292635 1.47118 3
      vertex -7.5264 35.4089 3
    endloop
  endfacet
  facet normal -0 0 1
    outer loop
      vertex -9.97807 34.7977 3
      vertex -0.292635 1.47118 3
      vertex -8.75757 35.1247 3
    endloop
  endfacet
  facet normal 0 0 1
    outer loop
      vertex -0.292635 1.47118 3
      vertex -9.97807 34.7977 3
      vertex -0.574024 1.38582 3
    endloop
  endfacet
  facet normal 0 0 1
    outer loop
      vertex 21.9445 2.91014 3
      vertex 21.75 5 3
      vertex 21.75 3.0141 3
    endloop
  endfacet
  facet normal 0.156464 -0.987684 0
    outer loop
      vertex -6.28606 35.65 3
      vertex -5.03807 35.8477 30
      vertex -6.28606 35.65 30
    endloop
  endfacet
  facet normal 0.156464 -0.987684 0
    outer loop
      vertex -5.03807 35.8477 30
      vertex -6.28606 35.65 3
      vertex -5.03807 35.8477 3
    endloop
  endfacet
  facet normal 0.390794 -0.920478 0
    outer loop
      vertex -14.7239 33.0703 3
      vertex -13.5608 33.5641 30
      vertex -14.7239 33.0703 30
    endloop
  endfacet
  facet normal 0.390794 -0.920478 0
    outer loop
      vertex -13.5608 33.5641 30
      vertex -14.7239 33.0703 3
      vertex -13.5608 33.5641 3
    endloop
  endfacet
  facet normal 0.422638 -0.906298 0
    outer loop
      vertex -15.869 32.5363 3
      vertex -14.7239 33.0703 30
      vertex -15.869 32.5363 30
    endloop
  endfacet
  facet normal 0.422638 -0.906298 0
    outer loop
      vertex -14.7239 33.0703 30
      vertex -15.869 32.5363 3
      vertex -14.7239 33.0703 3
    endloop
  endfacet
  facet normal 0.656081 -0.754691 0
    outer loop
      vertex -24.2225 26.9018 3
      vertex -23.2689 27.7308 30
      vertex -24.2225 26.9018 30
    endloop
  endfacet
  facet normal 0.656081 -0.754691 0
    outer loop
      vertex -23.2689 27.7308 30
      vertex -24.2225 26.9018 3
      vertex -23.2689 27.7308 3
    endloop
  endfacet
  facet normal 0.453944 -0.89103 0
    outer loop
      vertex -16.9949 31.9627 3
      vertex -15.869 32.5363 30
      vertex -16.9949 31.9627 30
    endloop
  endfacet
  facet normal 0.453944 -0.89103 0
    outer loop
      vertex -15.869 32.5363 30
      vertex -16.9949 31.9627 3
      vertex -15.869 32.5363 3
    endloop
  endfacet
  facet normal 0.48483 -0.874609 0
    outer loop
      vertex -18.1 31.3501 3
      vertex -16.9949 31.9627 30
      vertex -18.1 31.3501 30
    endloop
  endfacet
  facet normal 0.48483 -0.874609 0
    outer loop
      vertex -16.9949 31.9627 30
      vertex -18.1 31.3501 3
      vertex -16.9949 31.9627 3
    endloop
  endfacet
  facet normal 0.573622 -0.81912 0
    outer loop
      vertex -21.2778 29.2864 3
      vertex -20.2428 30.0112 30
      vertex -21.2778 29.2864 30
    endloop
  endfacet
  facet normal 0.573622 -0.81912 0
    outer loop
      vertex -20.2428 30.0112 30
      vertex -21.2778 29.2864 3
      vertex -20.2428 30.0112 3
    endloop
  endfacet
  facet normal 0.544596 -0.838698 0
    outer loop
      vertex -20.2428 30.0112 3
      vertex -19.1831 30.6993 30
      vertex -20.2428 30.0112 30
    endloop
  endfacet
  facet normal 0.544596 -0.838698 0
    outer loop
      vertex -19.1831 30.6993 30
      vertex -20.2428 30.0112 3
      vertex -19.1831 30.6993 3
    endloop
  endfacet
  facet normal 0.754691 -0.656081 0
    outer loop
      vertex -27.7308 23.2689 30
      vertex -26.9018 24.2225 3
      vertex -26.9018 24.2225 30
    endloop
  endfacet
  facet normal 0.754691 -0.656081 0
    outer loop
      vertex -26.9018 24.2225 3
      vertex -27.7308 23.2689 30
      vertex -27.7308 23.2689 3
    endloop
  endfacet
  facet normal 0.933592 -0.358337 0
    outer loop
      vertex -34.0169 12.3811 30
      vertex -33.5641 13.5608 3
      vertex -33.5641 13.5608 30
    endloop
  endfacet
  facet normal 0.933592 -0.358337 0
    outer loop
      vertex -33.5641 13.5608 3
      vertex -34.0169 12.3811 30
      vertex -34.0169 12.3811 3
    endloop
  endfacet
  facet normal 0.874609 -0.48483 0
    outer loop
      vertex -31.9627 16.9949 30
      vertex -31.3501 18.1 3
      vertex -31.3501 18.1 30
    endloop
  endfacet
  facet normal 0.874609 -0.48483 0
    outer loop
      vertex -31.3501 18.1 3
      vertex -31.9627 16.9949 30
      vertex -31.9627 16.9949 3
    endloop
  endfacet
  facet normal 0.89103 -0.453944 0
    outer loop
      vertex -32.5363 15.869 30
      vertex -31.9627 16.9949 3
      vertex -31.9627 16.9949 30
    endloop
  endfacet
  facet normal 0.89103 -0.453944 0
    outer loop
      vertex -31.9627 16.9949 3
      vertex -32.5363 15.869 30
      vertex -32.5363 15.869 3
    endloop
  endfacet
  facet normal 0.999847 -0.0174904 0
    outer loop
      vertex -36.2 0 30
      vertex -36.1779 1.26336 3
      vertex -36.1779 1.26336 30
    endloop
  endfacet
  facet normal 0.999847 -0.0174904 0
    outer loop
      vertex -36.1779 1.26336 3
      vertex -36.2 0 30
      vertex -36.2 0 3
    endloop
  endfacet
  facet normal -0.087135 -0.996197 0
    outer loop
      vertex 2.52518 36.1118 3
      vertex 3.78393 36.0017 30
      vertex 2.52518 36.1118 30
    endloop
  endfacet
  facet normal -0.087135 -0.996197 -0
    outer loop
      vertex 3.78393 36.0017 30
      vertex 2.52518 36.1118 3
      vertex 3.78393 36.0017 3
    endloop
  endfacet
  facet normal -0.0523129 -0.998631 0
    outer loop
      vertex 1.26336 36.1779 3
      vertex 2.52518 36.1118 30
      vertex 1.26336 36.1779 30
    endloop
  endfacet
  facet normal -0.0523129 -0.998631 -0
    outer loop
      vertex 2.52518 36.1118 30
      vertex 1.26336 36.1779 3
      vertex 2.52518 36.1118 3
    endloop
  endfacet
  facet normal -0.0174904 -0.999847 0
    outer loop
      vertex 0 36.2 3
      vertex 1.26336 36.1779 30
      vertex 0 36.2 30
    endloop
  endfacet
  facet normal -0.0174904 -0.999847 -0
    outer loop
      vertex 1.26336 36.1779 30
      vertex 0 36.2 3
      vertex 1.26336 36.1779 3
    endloop
  endfacet
  facet normal -0.601809 -0.79864 0
    outer loop
      vertex 21.2778 29.2864 3
      vertex 22.2869 28.526 30
      vertex 21.2778 29.2864 30
    endloop
  endfacet
  facet normal -0.601809 -0.79864 -0
    outer loop
      vertex 22.2869 28.526 30
      vertex 21.2778 29.2864 3
      vertex 22.2869 28.526 3
    endloop
  endfacet
  facet normal -0.48483 -0.874609 0
    outer loop
      vertex 16.9949 31.9627 3
      vertex 18.1 31.3501 30
      vertex 16.9949 31.9627 30
    endloop
  endfacet
  facet normal -0.48483 -0.874609 -0
    outer loop
      vertex 18.1 31.3501 30
      vertex 16.9949 31.9627 3
      vertex 18.1 31.3501 3
    endloop
  endfacet
  facet normal -0.515043 -0.857165 0
    outer loop
      vertex 18.1 31.3501 3
      vertex 19.1831 30.6993 30
      vertex 18.1 31.3501 30
    endloop
  endfacet
  facet normal -0.515043 -0.857165 -0
    outer loop
      vertex 19.1831 30.6993 30
      vertex 18.1 31.3501 3
      vertex 19.1831 30.6993 3
    endloop
  endfacet
  facet normal -0.32552 -0.945535 0
    outer loop
      vertex 11.1864 34.4282 3
      vertex 12.3811 34.0169 30
      vertex 11.1864 34.4282 30
    endloop
  endfacet
  facet normal -0.32552 -0.945535 -0
    outer loop
      vertex 12.3811 34.0169 30
      vertex 11.1864 34.4282 3
      vertex 12.3811 34.0169 3
    endloop
  endfacet
  facet normal -0.422638 -0.906298 0
    outer loop
      vertex 14.7239 33.0703 3
      vertex 15.869 32.5363 30
      vertex 14.7239 33.0703 30
    endloop
  endfacet
  facet normal -0.422638 -0.906298 -0
    outer loop
      vertex 15.869 32.5363 30
      vertex 14.7239 33.0703 3
      vertex 15.869 32.5363 3
    endloop
  endfacet
  facet normal -0.292427 -0.956288 0
    outer loop
      vertex 9.97807 34.7977 3
      vertex 11.1864 34.4282 30
      vertex 9.97807 34.7977 30
    endloop
  endfacet
  facet normal -0.292427 -0.956288 -0
    outer loop
      vertex 11.1864 34.4282 30
      vertex 9.97807 34.7977 3
      vertex 11.1864 34.4282 3
    endloop
  endfacet
  facet normal -0.258795 -0.965932 0
    outer loop
      vertex 8.75757 35.1247 3
      vertex 9.97807 34.7977 30
      vertex 8.75757 35.1247 30
    endloop
  endfacet
  facet normal -0.258795 -0.965932 -0
    outer loop
      vertex 9.97807 34.7977 30
      vertex 8.75757 35.1247 3
      vertex 9.97807 34.7977 3
    endloop
  endfacet
  facet normal -0.156464 -0.987684 0
    outer loop
      vertex 5.03807 35.8477 3
      vertex 6.28606 35.65 30
      vertex 5.03807 35.8477 30
    endloop
  endfacet
  facet normal -0.156464 -0.987684 -0
    outer loop
      vertex 6.28606 35.65 30
      vertex 5.03807 35.8477 3
      vertex 6.28606 35.65 3
    endloop
  endfacet
  facet normal -0.190811 -0.981627 0
    outer loop
      vertex 6.28606 35.65 3
      vertex 7.5264 35.4089 30
      vertex 6.28606 35.65 30
    endloop
  endfacet
  facet normal -0.190811 -0.981627 -0
    outer loop
      vertex 7.5264 35.4089 30
      vertex 6.28606 35.65 3
      vertex 7.5264 35.4089 3
    endloop
  endfacet
  facet normal -0.656081 -0.754691 0
    outer loop
      vertex 23.2689 27.7308 3
      vertex 24.2225 26.9018 30
      vertex 23.2689 27.7308 30
    endloop
  endfacet
  facet normal -0.656081 -0.754691 -0
    outer loop
      vertex 24.2225 26.9018 30
      vertex 23.2689 27.7308 3
      vertex 24.2225 26.9018 3
    endloop
  endfacet
  facet normal -0.874609 -0.48483 0
    outer loop
      vertex 31.9627 16.9949 3
      vertex 31.3501 18.1 30
      vertex 31.3501 18.1 3
    endloop
  endfacet
  facet normal -0.874609 -0.48483 0
    outer loop
      vertex 31.3501 18.1 30
      vertex 31.9627 16.9949 3
      vertex 31.9627 16.9949 30
    endloop
  endfacet
  facet normal -0.945535 -0.32552 0
    outer loop
      vertex 34.4282 11.1864 3
      vertex 34.0169 12.3811 30
      vertex 34.0169 12.3811 3
    endloop
  endfacet
  facet normal -0.945535 -0.32552 0
    outer loop
      vertex 34.0169 12.3811 30
      vertex 34.4282 11.1864 3
      vertex 34.4282 11.1864 30
    endloop
  endfacet
  facet normal -0.920478 -0.390794 0
    outer loop
      vertex 33.5641 13.5608 3
      vertex 33.0703 14.7239 30
      vertex 33.0703 14.7239 3
    endloop
  endfacet
  facet normal -0.920478 -0.390794 0
    outer loop
      vertex 33.0703 14.7239 30
      vertex 33.5641 13.5608 3
      vertex 33.5641 13.5608 30
    endloop
  endfacet
  facet normal -0.965932 -0.258795 0
    outer loop
      vertex 35.1247 8.75757 3
      vertex 34.7977 9.97807 30
      vertex 34.7977 9.97807 3
    endloop
  endfacet
  facet normal -0.965932 -0.258795 0
    outer loop
      vertex 34.7977 9.97807 30
      vertex 35.1247 8.75757 3
      vertex 35.1247 8.75757 30
    endloop
  endfacet
  facet normal -0.974377 -0.224923 0
    outer loop
      vertex 35.4089 7.5264 3
      vertex 35.1247 8.75757 30
      vertex 35.1247 8.75757 3
    endloop
  endfacet
  facet normal -0.974377 -0.224923 0
    outer loop
      vertex 35.1247 8.75757 30
      vertex 35.4089 7.5264 3
      vertex 35.4089 7.5264 30
    endloop
  endfacet
  facet normal -0.996197 -0.087135 0
    outer loop
      vertex 36.1118 2.52518 3
      vertex 36.0017 3.78393 30
      vertex 36.0017 3.78393 3
    endloop
  endfacet
  facet normal -0.996197 -0.087135 0
    outer loop
      vertex 36.0017 3.78393 30
      vertex 36.1118 2.52518 3
      vertex 36.1118 2.52518 30
    endloop
  endfacet
  facet normal 0.981627 0.190811 0
    outer loop
      vertex -35.4089 -7.5264 30
      vertex -35.65 -6.28606 3
      vertex -35.65 -6.28606 30
    endloop
  endfacet
  facet normal 0.981627 0.190811 0
    outer loop
      vertex -35.65 -6.28606 3
      vertex -35.4089 -7.5264 30
      vertex -35.4089 -7.5264 3
    endloop
  endfacet
  facet normal 0.945535 0.32552 0
    outer loop
      vertex -34.0169 -12.3811 30
      vertex -34.4282 -11.1864 3
      vertex -34.4282 -11.1864 30
    endloop
  endfacet
  facet normal 0.945535 0.32552 0
    outer loop
      vertex -34.4282 -11.1864 3
      vertex -34.0169 -12.3811 30
      vertex -34.0169 -12.3811 3
    endloop
  endfacet
  facet normal 0.933592 0.358337 0
    outer loop
      vertex -33.5641 -13.5608 30
      vertex -34.0169 -12.3811 3
      vertex -34.0169 -12.3811 30
    endloop
  endfacet
  facet normal 0.933592 0.358337 0
    outer loop
      vertex -34.0169 -12.3811 3
      vertex -33.5641 -13.5608 30
      vertex -33.5641 -13.5608 3
    endloop
  endfacet
  facet normal 0.731368 0.681983 0
    outer loop
      vertex -26.0401 -25.1466 30
      vertex -26.9018 -24.2225 3
      vertex -26.9018 -24.2225 30
    endloop
  endfacet
  facet normal 0.731368 0.681983 0
    outer loop
      vertex -26.9018 -24.2225 3
      vertex -26.0401 -25.1466 30
      vertex -26.0401 -25.1466 3
    endloop
  endfacet
  facet normal 0.777149 0.629317 0
    outer loop
      vertex -27.7308 -23.2689 30
      vertex -28.526 -22.2869 3
      vertex -28.526 -22.2869 30
    endloop
  endfacet
  facet normal 0.777149 0.629317 0
    outer loop
      vertex -28.526 -22.2869 3
      vertex -27.7308 -23.2689 30
      vertex -27.7308 -23.2689 3
    endloop
  endfacet
  facet normal 0.906298 0.422638 0
    outer loop
      vertex -32.5363 -15.869 30
      vertex -33.0703 -14.7239 3
      vertex -33.0703 -14.7239 30
    endloop
  endfacet
  facet normal 0.906298 0.422638 0
    outer loop
      vertex -33.0703 -14.7239 3
      vertex -32.5363 -15.869 30
      vertex -32.5363 -15.869 3
    endloop
  endfacet
  facet normal 0.874609 0.48483 0
    outer loop
      vertex -31.3501 -18.1 30
      vertex -31.9627 -16.9949 3
      vertex -31.9627 -16.9949 30
    endloop
  endfacet
  facet normal 0.874609 0.48483 0
    outer loop
      vertex -31.9627 -16.9949 3
      vertex -31.3501 -18.1 30
      vertex -31.3501 -18.1 3
    endloop
  endfacet
  facet normal 0.81912 0.573622 0
    outer loop
      vertex -29.2864 -21.2778 30
      vertex -30.0112 -20.2428 3
      vertex -30.0112 -20.2428 30
    endloop
  endfacet
  facet normal 0.81912 0.573622 0
    outer loop
      vertex -30.0112 -20.2428 3
      vertex -29.2864 -21.2778 30
      vertex -29.2864 -21.2778 3
    endloop
  endfacet
  facet normal 0.838698 0.544596 0
    outer loop
      vertex -30.0112 -20.2428 30
      vertex -30.6993 -19.1831 3
      vertex -30.6993 -19.1831 30
    endloop
  endfacet
  facet normal 0.838698 0.544596 0
    outer loop
      vertex -30.6993 -19.1831 3
      vertex -30.0112 -20.2428 30
      vertex -30.0112 -20.2428 3
    endloop
  endfacet
  facet normal 0.358337 0.933592 -0
    outer loop
      vertex -12.3811 -34.0169 3
      vertex -13.5608 -33.5641 30
      vertex -12.3811 -34.0169 30
    endloop
  endfacet
  facet normal 0.358337 0.933592 0
    outer loop
      vertex -13.5608 -33.5641 30
      vertex -12.3811 -34.0169 3
      vertex -13.5608 -33.5641 3
    endloop
  endfacet
  facet normal 0.32552 0.945535 -0
    outer loop
      vertex -11.1864 -34.4282 3
      vertex -12.3811 -34.0169 30
      vertex -11.1864 -34.4282 30
    endloop
  endfacet
  facet normal 0.32552 0.945535 0
    outer loop
      vertex -12.3811 -34.0169 30
      vertex -11.1864 -34.4282 3
      vertex -12.3811 -34.0169 3
    endloop
  endfacet
  facet normal 0.224923 0.974377 -0
    outer loop
      vertex -7.5264 -35.4089 3
      vertex -8.75757 -35.1247 30
      vertex -7.5264 -35.4089 30
    endloop
  endfacet
  facet normal 0.224923 0.974377 0
    outer loop
      vertex -8.75757 -35.1247 30
      vertex -7.5264 -35.4089 3
      vertex -8.75757 -35.1247 3
    endloop
  endfacet
  facet normal 0.0174904 0.999847 -0
    outer loop
      vertex 0 -36.2 3
      vertex -1.26336 -36.1779 30
      vertex 0 -36.2 30
    endloop
  endfacet
  facet normal 0.0174904 0.999847 0
    outer loop
      vertex -1.26336 -36.1779 30
      vertex 0 -36.2 3
      vertex -1.26336 -36.1779 3
    endloop
  endfacet
  facet normal 0.453944 0.89103 -0
    outer loop
      vertex -15.869 -32.5363 3
      vertex -16.9949 -31.9627 30
      vertex -15.869 -32.5363 30
    endloop
  endfacet
  facet normal 0.453944 0.89103 0
    outer loop
      vertex -16.9949 -31.9627 30
      vertex -15.869 -32.5363 3
      vertex -16.9949 -31.9627 3
    endloop
  endfacet
  facet normal 0.544596 0.838698 -0
    outer loop
      vertex -19.1831 -30.6993 3
      vertex -20.2428 -30.0112 30
      vertex -19.1831 -30.6993 30
    endloop
  endfacet
  facet normal 0.544596 0.838698 0
    outer loop
      vertex -20.2428 -30.0112 30
      vertex -19.1831 -30.6993 3
      vertex -20.2428 -30.0112 3
    endloop
  endfacet
  facet normal 0.48483 0.874609 -0
    outer loop
      vertex -16.9949 -31.9627 3
      vertex -18.1 -31.3501 30
      vertex -16.9949 -31.9627 30
    endloop
  endfacet
  facet normal 0.48483 0.874609 0
    outer loop
      vertex -18.1 -31.3501 30
      vertex -16.9949 -31.9627 3
      vertex -18.1 -31.3501 3
    endloop
  endfacet
  facet normal 0.629317 0.777149 -0
    outer loop
      vertex -22.2869 -28.526 3
      vertex -23.2689 -27.7308 30
      vertex -22.2869 -28.526 30
    endloop
  endfacet
  facet normal 0.629317 0.777149 0
    outer loop
      vertex -23.2689 -27.7308 30
      vertex -22.2869 -28.526 3
      vertex -23.2689 -27.7308 3
    endloop
  endfacet
  facet normal 0.656081 0.754691 -0
    outer loop
      vertex -23.2689 -27.7308 3
      vertex -24.2225 -26.9018 30
      vertex -23.2689 -27.7308 30
    endloop
  endfacet
  facet normal 0.656081 0.754691 0
    outer loop
      vertex -24.2225 -26.9018 30
      vertex -23.2689 -27.7308 3
      vertex -24.2225 -26.9018 3
    endloop
  endfacet
  facet normal -0.0523129 0.998631 0
    outer loop
      vertex 2.52518 -36.1118 3
      vertex 1.26336 -36.1779 30
      vertex 2.52518 -36.1118 30
    endloop
  endfacet
  facet normal -0.0523129 0.998631 0
    outer loop
      vertex 1.26336 -36.1779 30
      vertex 2.52518 -36.1118 3
      vertex 1.26336 -36.1779 3
    endloop
  endfacet
  facet normal -0.156464 0.987684 0
    outer loop
      vertex 6.28606 -35.65 3
      vertex 5.03807 -35.8477 30
      vertex 6.28606 -35.65 30
    endloop
  endfacet
  facet normal -0.156464 0.987684 0
    outer loop
      vertex 5.03807 -35.8477 30
      vertex 6.28606 -35.65 3
      vertex 5.03807 -35.8477 3
    endloop
  endfacet
  facet normal -0.121878 0.992545 0
    outer loop
      vertex 5.03807 -35.8477 3
      vertex 3.78393 -36.0017 30
      vertex 5.03807 -35.8477 30
    endloop
  endfacet
  facet normal -0.121878 0.992545 0
    outer loop
      vertex 3.78393 -36.0017 30
      vertex 5.03807 -35.8477 3
      vertex 3.78393 -36.0017 3
    endloop
  endfacet
  facet normal -0.190811 0.981627 0
    outer loop
      vertex 7.5264 -35.4089 3
      vertex 6.28606 -35.65 30
      vertex 7.5264 -35.4089 30
    endloop
  endfacet
  facet normal -0.190811 0.981627 0
    outer loop
      vertex 6.28606 -35.65 30
      vertex 7.5264 -35.4089 3
      vertex 6.28606 -35.65 3
    endloop
  endfacet
  facet normal -0.32552 0.945535 0
    outer loop
      vertex 12.3811 -34.0169 3
      vertex 11.1864 -34.4282 30
      vertex 12.3811 -34.0169 30
    endloop
  endfacet
  facet normal -0.32552 0.945535 0
    outer loop
      vertex 11.1864 -34.4282 30
      vertex 12.3811 -34.0169 3
      vertex 11.1864 -34.4282 3
    endloop
  endfacet
  facet normal -0.224923 0.974377 0
    outer loop
      vertex 8.75757 -35.1247 3
      vertex 7.5264 -35.4089 30
      vertex 8.75757 -35.1247 30
    endloop
  endfacet
  facet normal -0.224923 0.974377 0
    outer loop
      vertex 7.5264 -35.4089 30
      vertex 8.75757 -35.1247 3
      vertex 7.5264 -35.4089 3
    endloop
  endfacet
  facet normal -0.681983 0.731368 0
    outer loop
      vertex 25.1466 -26.0401 3
      vertex 24.2225 -26.9018 30
      vertex 25.1466 -26.0401 30
    endloop
  endfacet
  facet normal -0.681983 0.731368 0
    outer loop
      vertex 24.2225 -26.9018 30
      vertex 25.1466 -26.0401 3
      vertex 24.2225 -26.9018 3
    endloop
  endfacet
  facet normal -0.515043 0.857165 0
    outer loop
      vertex 19.1831 -30.6993 3
      vertex 18.1 -31.3501 30
      vertex 19.1831 -30.6993 30
    endloop
  endfacet
  facet normal -0.515043 0.857165 0
    outer loop
      vertex 18.1 -31.3501 30
      vertex 19.1831 -30.6993 3
      vertex 18.1 -31.3501 3
    endloop
  endfacet
  facet normal -0.81912 0.573622 0
    outer loop
      vertex 29.2864 -21.2778 3
      vertex 30.0112 -20.2428 30
      vertex 30.0112 -20.2428 3
    endloop
  endfacet
  facet normal -0.81912 0.573622 0
    outer loop
      vertex 30.0112 -20.2428 30
      vertex 29.2864 -21.2778 3
      vertex 29.2864 -21.2778 30
    endloop
  endfacet
  facet normal -0.838698 0.544596 0
    outer loop
      vertex 30.0112 -20.2428 3
      vertex 30.6993 -19.1831 30
      vertex 30.6993 -19.1831 3
    endloop
  endfacet
  facet normal -0.838698 0.544596 0
    outer loop
      vertex 30.6993 -19.1831 30
      vertex 30.0112 -20.2428 3
      vertex 30.0112 -20.2428 30
    endloop
  endfacet
  facet normal -0.89103 0.453944 0
    outer loop
      vertex 31.9627 -16.9949 3
      vertex 32.5363 -15.869 30
      vertex 32.5363 -15.869 3
    endloop
  endfacet
  facet normal -0.89103 0.453944 0
    outer loop
      vertex 32.5363 -15.869 30
      vertex 31.9627 -16.9949 3
      vertex 31.9627 -16.9949 30
    endloop
  endfacet
  facet normal -0.906298 0.422638 0
    outer loop
      vertex 32.5363 -15.869 3
      vertex 33.0703 -14.7239 30
      vertex 33.0703 -14.7239 3
    endloop
  endfacet
  facet normal -0.906298 0.422638 0
    outer loop
      vertex 33.0703 -14.7239 30
      vertex 32.5363 -15.869 3
      vertex 32.5363 -15.869 30
    endloop
  endfacet
  facet normal -0.857165 0.515043 0
    outer loop
      vertex 30.6993 -19.1831 3
      vertex 31.3501 -18.1 30
      vertex 31.3501 -18.1 3
    endloop
  endfacet
  facet normal -0.857165 0.515043 0
    outer loop
      vertex 31.3501 -18.1 30
      vertex 30.6993 -19.1831 3
      vertex 30.6993 -19.1831 30
    endloop
  endfacet
  facet normal -0.933592 0.358337 0
    outer loop
      vertex 33.5641 -13.5608 3
      vertex 34.0169 -12.3811 30
      vertex 34.0169 -12.3811 3
    endloop
  endfacet
  facet normal -0.933592 0.358337 0
    outer loop
      vertex 34.0169 -12.3811 30
      vertex 33.5641 -13.5608 3
      vertex 33.5641 -13.5608 30
    endloop
  endfacet
  facet normal -0.945535 0.32552 0
    outer loop
      vertex 34.0169 -12.3811 3
      vertex 34.4282 -11.1864 30
      vertex 34.4282 -11.1864 3
    endloop
  endfacet
  facet normal -0.945535 0.32552 0
    outer loop
      vertex 34.4282 -11.1864 30
      vertex 34.0169 -12.3811 3
      vertex 34.0169 -12.3811 30
    endloop
  endfacet
  facet normal -0.974377 0.224923 0
    outer loop
      vertex 35.1247 -8.75757 3
      vertex 35.4089 -7.5264 30
      vertex 35.4089 -7.5264 3
    endloop
  endfacet
  facet normal -0.974377 0.224923 0
    outer loop
      vertex 35.4089 -7.5264 30
      vertex 35.1247 -8.75757 3
      vertex 35.1247 -8.75757 30
    endloop
  endfacet
  facet normal -0.999847 0.0174904 0
    outer loop
      vertex 36.1779 -1.26336 3
      vertex 36.2 0 30
      vertex 36.2 0 3
    endloop
  endfacet
  facet normal -0.999847 0.0174904 0
    outer loop
      vertex 36.2 0 30
      vertex 36.1779 -1.26336 3
      vertex 36.1779 -1.26336 30
    endloop
  endfacet
  facet normal 0.258795 -0.965932 0
    outer loop
      vertex -9.97807 34.7977 3
      vertex -8.75757 35.1247 30
      vertex -9.97807 34.7977 30
    endloop
  endfacet
  facet normal 0.258795 -0.965932 0
    outer loop
      vertex -8.75757 35.1247 30
      vertex -9.97807 34.7977 3
      vertex -8.75757 35.1247 3
    endloop
  endfacet
  facet normal 0.121878 -0.992545 0
    outer loop
      vertex -5.03807 35.8477 3
      vertex -3.78393 36.0017 30
      vertex -5.03807 35.8477 30
    endloop
  endfacet
  facet normal 0.121878 -0.992545 0
    outer loop
      vertex -3.78393 36.0017 30
      vertex -5.03807 35.8477 3
      vertex -3.78393 36.0017 3
    endloop
  endfacet
  facet normal 0.358337 -0.933592 0
    outer loop
      vertex -13.5608 33.5641 3
      vertex -12.3811 34.0169 30
      vertex -13.5608 33.5641 30
    endloop
  endfacet
  facet normal 0.358337 -0.933592 0
    outer loop
      vertex -12.3811 34.0169 30
      vertex -13.5608 33.5641 3
      vertex -12.3811 34.0169 3
    endloop
  endfacet
  facet normal 0.681983 -0.731368 0
    outer loop
      vertex -25.1466 26.0401 3
      vertex -24.2225 26.9018 30
      vertex -25.1466 26.0401 30
    endloop
  endfacet
  facet normal 0.681983 -0.731368 0
    outer loop
      vertex -24.2225 26.9018 30
      vertex -25.1466 26.0401 3
      vertex -24.2225 26.9018 3
    endloop
  endfacet
  facet normal 0.601809 -0.79864 0
    outer loop
      vertex -22.2869 28.526 3
      vertex -21.2778 29.2864 30
      vertex -22.2869 28.526 30
    endloop
  endfacet
  facet normal 0.601809 -0.79864 0
    outer loop
      vertex -21.2778 29.2864 30
      vertex -22.2869 28.526 3
      vertex -21.2778 29.2864 3
    endloop
  endfacet
  facet normal 0.629317 -0.777149 0
    outer loop
      vertex -23.2689 27.7308 3
      vertex -22.2869 28.526 30
      vertex -23.2689 27.7308 30
    endloop
  endfacet
  facet normal 0.629317 -0.777149 0
    outer loop
      vertex -22.2869 28.526 30
      vertex -23.2689 27.7308 3
      vertex -22.2869 28.526 3
    endloop
  endfacet
  facet normal 0.857165 -0.515043 0
    outer loop
      vertex -31.3501 18.1 30
      vertex -30.6993 19.1831 3
      vertex -30.6993 19.1831 30
    endloop
  endfacet
  facet normal 0.857165 -0.515043 0
    outer loop
      vertex -30.6993 19.1831 3
      vertex -31.3501 18.1 30
      vertex -31.3501 18.1 3
    endloop
  endfacet
  facet normal 0.920478 -0.390794 0
    outer loop
      vertex -33.5641 13.5608 30
      vertex -33.0703 14.7239 3
      vertex -33.0703 14.7239 30
    endloop
  endfacet
  facet normal 0.920478 -0.390794 0
    outer loop
      vertex -33.0703 14.7239 3
      vertex -33.5641 13.5608 30
      vertex -33.5641 13.5608 3
    endloop
  endfacet
  facet normal 0.906298 -0.422638 0
    outer loop
      vertex -33.0703 14.7239 30
      vertex -32.5363 15.869 3
      vertex -32.5363 15.869 30
    endloop
  endfacet
  facet normal 0.906298 -0.422638 0
    outer loop
      vertex -32.5363 15.869 3
      vertex -33.0703 14.7239 30
      vertex -33.0703 14.7239 3
    endloop
  endfacet
  facet normal 0.981627 -0.190811 0
    outer loop
      vertex -35.65 6.28606 30
      vertex -35.4089 7.5264 3
      vertex -35.4089 7.5264 30
    endloop
  endfacet
  facet normal 0.981627 -0.190811 0
    outer loop
      vertex -35.4089 7.5264 3
      vertex -35.65 6.28606 30
      vertex -35.65 6.28606 3
    endloop
  endfacet
  facet normal 0.987684 -0.156464 0
    outer loop
      vertex -35.8477 5.03807 30
      vertex -35.65 6.28606 3
      vertex -35.65 6.28606 30
    endloop
  endfacet
  facet normal 0.987684 -0.156464 0
    outer loop
      vertex -35.65 6.28606 3
      vertex -35.8477 5.03807 30
      vertex -35.8477 5.03807 3
    endloop
  endfacet
  facet normal 0.996197 -0.087135 0
    outer loop
      vertex -36.1118 2.52518 30
      vertex -36.0017 3.78393 3
      vertex -36.0017 3.78393 30
    endloop
  endfacet
  facet normal 0.996197 -0.087135 0
    outer loop
      vertex -36.0017 3.78393 3
      vertex -36.1118 2.52518 30
      vertex -36.1118 2.52518 3
    endloop
  endfacet
  facet normal 0.999847 0.0174904 0
    outer loop
      vertex -36.1779 -1.26336 30
      vertex -36.2 0 3
      vertex -36.2 0 30
    endloop
  endfacet
  facet normal 0.999847 0.0174904 0
    outer loop
      vertex -36.2 0 3
      vertex -36.1779 -1.26336 30
      vertex -36.1779 -1.26336 3
    endloop
  endfacet
  facet normal -0.453944 -0.89103 0
    outer loop
      vertex 15.869 32.5363 3
      vertex 16.9949 31.9627 30
      vertex 15.869 32.5363 30
    endloop
  endfacet
  facet normal -0.453944 -0.89103 -0
    outer loop
      vertex 16.9949 31.9627 30
      vertex 15.869 32.5363 3
      vertex 16.9949 31.9627 3
    endloop
  endfacet
  facet normal -0.358337 -0.933592 0
    outer loop
      vertex 12.3811 34.0169 3
      vertex 13.5608 33.5641 30
      vertex 12.3811 34.0169 30
    endloop
  endfacet
  facet normal -0.358337 -0.933592 -0
    outer loop
      vertex 13.5608 33.5641 30
      vertex 12.3811 34.0169 3
      vertex 13.5608 33.5641 3
    endloop
  endfacet
  facet normal -0.681983 -0.731368 0
    outer loop
      vertex 24.2225 26.9018 3
      vertex 25.1466 26.0401 30
      vertex 24.2225 26.9018 30
    endloop
  endfacet
  facet normal -0.681983 -0.731368 -0
    outer loop
      vertex 25.1466 26.0401 30
      vertex 24.2225 26.9018 3
      vertex 25.1466 26.0401 3
    endloop
  endfacet
  facet normal -0.754691 -0.656081 0
    outer loop
      vertex 27.7308 23.2689 3
      vertex 26.9018 24.2225 30
      vertex 26.9018 24.2225 3
    endloop
  endfacet
  facet normal -0.754691 -0.656081 0
    outer loop
      vertex 26.9018 24.2225 30
      vertex 27.7308 23.2689 3
      vertex 27.7308 23.2689 30
    endloop
  endfacet
  facet normal -0.777149 -0.629317 0
    outer loop
      vertex 28.526 22.2869 3
      vertex 27.7308 23.2689 30
      vertex 27.7308 23.2689 3
    endloop
  endfacet
  facet normal -0.777149 -0.629317 0
    outer loop
      vertex 27.7308 23.2689 30
      vertex 28.526 22.2869 3
      vertex 28.526 22.2869 30
    endloop
  endfacet
  facet normal -0.89103 -0.453944 0
    outer loop
      vertex 32.5363 15.869 3
      vertex 31.9627 16.9949 30
      vertex 31.9627 16.9949 3
    endloop
  endfacet
  facet normal -0.89103 -0.453944 0
    outer loop
      vertex 31.9627 16.9949 30
      vertex 32.5363 15.869 3
      vertex 32.5363 15.869 30
    endloop
  endfacet
  facet normal -0.956288 -0.292427 0
    outer loop
      vertex 34.7977 9.97807 3
      vertex 34.4282 11.1864 30
      vertex 34.4282 11.1864 3
    endloop
  endfacet
  facet normal -0.956288 -0.292427 0
    outer loop
      vertex 34.4282 11.1864 30
      vertex 34.7977 9.97807 3
      vertex 34.7977 9.97807 30
    endloop
  endfacet
  facet normal -0.933592 -0.358337 0
    outer loop
      vertex 34.0169 12.3811 3
      vertex 33.5641 13.5608 30
      vertex 33.5641 13.5608 3
    endloop
  endfacet
  facet normal -0.933592 -0.358337 0
    outer loop
      vertex 33.5641 13.5608 30
      vertex 34.0169 12.3811 3
      vertex 34.0169 12.3811 30
    endloop
  endfacet
  facet normal -0.981627 -0.190811 0
    outer loop
      vertex 35.65 6.28606 3
      vertex 35.4089 7.5264 30
      vertex 35.4089 7.5264 3
    endloop
  endfacet
  facet normal -0.981627 -0.190811 0
    outer loop
      vertex 35.4089 7.5264 30
      vertex 35.65 6.28606 3
      vertex 35.65 6.28606 30
    endloop
  endfacet
  facet normal -0.992545 -0.121878 0
    outer loop
      vertex 36.0017 3.78393 3
      vertex 35.8477 5.03807 30
      vertex 35.8477 5.03807 3
    endloop
  endfacet
  facet normal -0.992545 -0.121878 0
    outer loop
      vertex 35.8477 5.03807 30
      vertex 36.0017 3.78393 3
      vertex 36.0017 3.78393 30
    endloop
  endfacet
  facet normal 0.992545 0.121878 0
    outer loop
      vertex -35.8477 -5.03807 30
      vertex -36.0017 -3.78393 3
      vertex -36.0017 -3.78393 30
    endloop
  endfacet
  facet normal 0.992545 0.121878 0
    outer loop
      vertex -36.0017 -3.78393 3
      vertex -35.8477 -5.03807 30
      vertex -35.8477 -5.03807 3
    endloop
  endfacet
  facet normal 0.89103 0.453944 0
    outer loop
      vertex -31.9627 -16.9949 30
      vertex -32.5363 -15.869 3
      vertex -32.5363 -15.869 30
    endloop
  endfacet
  facet normal 0.89103 0.453944 0
    outer loop
      vertex -32.5363 -15.869 3
      vertex -31.9627 -16.9949 30
      vertex -31.9627 -16.9949 3
    endloop
  endfacet
  facet normal 0.087135 0.996197 -0
    outer loop
      vertex -2.52518 -36.1118 3
      vertex -3.78393 -36.0017 30
      vertex -2.52518 -36.1118 30
    endloop
  endfacet
  facet normal 0.087135 0.996197 0
    outer loop
      vertex -3.78393 -36.0017 30
      vertex -2.52518 -36.1118 3
      vertex -3.78393 -36.0017 3
    endloop
  endfacet
  facet normal 0.422638 0.906298 -0
    outer loop
      vertex -14.7239 -33.0703 3
      vertex -15.869 -32.5363 30
      vertex -14.7239 -33.0703 30
    endloop
  endfacet
  facet normal 0.422638 0.906298 0
    outer loop
      vertex -15.869 -32.5363 30
      vertex -14.7239 -33.0703 3
      vertex -15.869 -32.5363 3
    endloop
  endfacet
  facet normal 0.515043 0.857165 -0
    outer loop
      vertex -18.1 -31.3501 3
      vertex -19.1831 -30.6993 30
      vertex -18.1 -31.3501 30
    endloop
  endfacet
  facet normal 0.515043 0.857165 0
    outer loop
      vertex -19.1831 -30.6993 30
      vertex -18.1 -31.3501 3
      vertex -19.1831 -30.6993 3
    endloop
  endfacet
  facet normal 0.601809 0.79864 -0
    outer loop
      vertex -21.2778 -29.2864 3
      vertex -22.2869 -28.526 30
      vertex -21.2778 -29.2864 30
    endloop
  endfacet
  facet normal 0.601809 0.79864 0
    outer loop
      vertex -22.2869 -28.526 30
      vertex -21.2778 -29.2864 3
      vertex -22.2869 -28.526 3
    endloop
  endfacet
  facet normal -0.629317 0.777149 0
    outer loop
      vertex 23.2689 -27.7308 3
      vertex 22.2869 -28.526 30
      vertex 23.2689 -27.7308 30
    endloop
  endfacet
  facet normal -0.629317 0.777149 0
    outer loop
      vertex 22.2869 -28.526 30
      vertex 23.2689 -27.7308 3
      vertex 22.2869 -28.526 3
    endloop
  endfacet
  facet normal -0.453944 0.89103 0
    outer loop
      vertex 16.9949 -31.9627 3
      vertex 15.869 -32.5363 30
      vertex 16.9949 -31.9627 30
    endloop
  endfacet
  facet normal -0.453944 0.89103 0
    outer loop
      vertex 15.869 -32.5363 30
      vertex 16.9949 -31.9627 3
      vertex 15.869 -32.5363 3
    endloop
  endfacet
  facet normal -0.777149 0.629317 0
    outer loop
      vertex 27.7308 -23.2689 3
      vertex 28.526 -22.2869 30
      vertex 28.526 -22.2869 3
    endloop
  endfacet
  facet normal -0.777149 0.629317 0
    outer loop
      vertex 28.526 -22.2869 30
      vertex 27.7308 -23.2689 3
      vertex 27.7308 -23.2689 30
    endloop
  endfacet
  facet normal -0.754691 0.656081 0
    outer loop
      vertex 26.9018 -24.2225 3
      vertex 27.7308 -23.2689 30
      vertex 27.7308 -23.2689 3
    endloop
  endfacet
  facet normal -0.754691 0.656081 0
    outer loop
      vertex 27.7308 -23.2689 30
      vertex 26.9018 -24.2225 3
      vertex 26.9018 -24.2225 30
    endloop
  endfacet
  facet normal -0.996197 0.087135 0
    outer loop
      vertex 36.0017 -3.78393 3
      vertex 36.1118 -2.52518 30
      vertex 36.1118 -2.52518 3
    endloop
  endfacet
  facet normal -0.996197 0.087135 0
    outer loop
      vertex 36.1118 -2.52518 30
      vertex 36.0017 -3.78393 3
      vertex 36.0017 -3.78393 30
    endloop
  endfacet
  facet normal 0.190811 -0.981627 0
    outer loop
      vertex -7.5264 35.4089 3
      vertex -6.28606 35.65 30
      vertex -7.5264 35.4089 30
    endloop
  endfacet
  facet normal 0.190811 -0.981627 0
    outer loop
      vertex -6.28606 35.65 30
      vertex -7.5264 35.4089 3
      vertex -6.28606 35.65 3
    endloop
  endfacet
  facet normal 0.32552 -0.945535 0
    outer loop
      vertex -12.3811 34.0169 3
      vertex -11.1864 34.4282 30
      vertex -12.3811 34.0169 30
    endloop
  endfacet
  facet normal 0.32552 -0.945535 0
    outer loop
      vertex -11.1864 34.4282 30
      vertex -12.3811 34.0169 3
      vertex -11.1864 34.4282 3
    endloop
  endfacet
  facet normal 0.515043 -0.857165 0
    outer loop
      vertex -19.1831 30.6993 3
      vertex -18.1 31.3501 30
      vertex -19.1831 30.6993 30
    endloop
  endfacet
  facet normal 0.515043 -0.857165 0
    outer loop
      vertex -18.1 31.3501 30
      vertex -19.1831 30.6993 3
      vertex -18.1 31.3501 3
    endloop
  endfacet
  facet normal 0.79864 -0.601809 0
    outer loop
      vertex -29.2864 21.2778 30
      vertex -28.526 22.2869 3
      vertex -28.526 22.2869 30
    endloop
  endfacet
  facet normal 0.79864 -0.601809 0
    outer loop
      vertex -28.526 22.2869 3
      vertex -29.2864 21.2778 30
      vertex -29.2864 21.2778 3
    endloop
  endfacet
  facet normal 0.838698 -0.544596 0
    outer loop
      vertex -30.6993 19.1831 30
      vertex -30.0112 20.2428 3
      vertex -30.0112 20.2428 30
    endloop
  endfacet
  facet normal 0.838698 -0.544596 0
    outer loop
      vertex -30.0112 20.2428 3
      vertex -30.6993 19.1831 30
      vertex -30.6993 19.1831 3
    endloop
  endfacet
  facet normal 0.974377 -0.224923 0
    outer loop
      vertex -35.4089 7.5264 30
      vertex -35.1247 8.75757 3
      vertex -35.1247 8.75757 30
    endloop
  endfacet
  facet normal 0.974377 -0.224923 0
    outer loop
      vertex -35.1247 8.75757 3
      vertex -35.4089 7.5264 30
      vertex -35.4089 7.5264 3
    endloop
  endfacet
  facet normal 0.998631 -0.0523129 0
    outer loop
      vertex -36.1779 1.26336 30
      vertex -36.1118 2.52518 3
      vertex -36.1118 2.52518 30
    endloop
  endfacet
  facet normal 0.998631 -0.0523129 0
    outer loop
      vertex -36.1118 2.52518 3
      vertex -36.1779 1.26336 30
      vertex -36.1779 1.26336 3
    endloop
  endfacet
  facet normal 0.0174904 -0.999847 0
    outer loop
      vertex -1.26336 36.1779 3
      vertex 0 36.2 30
      vertex -1.26336 36.1779 30
    endloop
  endfacet
  facet normal 0.0174904 -0.999847 0
    outer loop
      vertex 0 36.2 30
      vertex -1.26336 36.1779 3
      vertex 0 36.2 3
    endloop
  endfacet
  facet normal -0.121878 -0.992545 0
    outer loop
      vertex 3.78393 36.0017 3
      vertex 5.03807 35.8477 30
      vertex 3.78393 36.0017 30
    endloop
  endfacet
  facet normal -0.121878 -0.992545 -0
    outer loop
      vertex 5.03807 35.8477 30
      vertex 3.78393 36.0017 3
      vertex 5.03807 35.8477 3
    endloop
  endfacet
  facet normal -0.629317 -0.777149 0
    outer loop
      vertex 22.2869 28.526 3
      vertex 23.2689 27.7308 30
      vertex 22.2869 28.526 30
    endloop
  endfacet
  facet normal -0.629317 -0.777149 -0
    outer loop
      vertex 23.2689 27.7308 30
      vertex 22.2869 28.526 3
      vertex 23.2689 27.7308 3
    endloop
  endfacet
  facet normal -0.544596 -0.838698 0
    outer loop
      vertex 19.1831 30.6993 3
      vertex 20.2428 30.0112 30
      vertex 19.1831 30.6993 30
    endloop
  endfacet
  facet normal -0.544596 -0.838698 -0
    outer loop
      vertex 20.2428 30.0112 30
      vertex 19.1831 30.6993 3
      vertex 20.2428 30.0112 3
    endloop
  endfacet
  facet normal -0.224923 -0.974377 0
    outer loop
      vertex 7.5264 35.4089 3
      vertex 8.75757 35.1247 30
      vertex 7.5264 35.4089 30
    endloop
  endfacet
  facet normal -0.224923 -0.974377 -0
    outer loop
      vertex 8.75757 35.1247 30
      vertex 7.5264 35.4089 3
      vertex 8.75757 35.1247 3
    endloop
  endfacet
  facet normal -0.707107 -0.707107 0
    outer loop
      vertex 26.0401 25.1466 3
      vertex 25.1466 26.0401 30
      vertex 25.1466 26.0401 3
    endloop
  endfacet
  facet normal -0.707107 -0.707107 0
    outer loop
      vertex 25.1466 26.0401 30
      vertex 26.0401 25.1466 3
      vertex 26.0401 25.1466 30
    endloop
  endfacet
  facet normal -0.731368 -0.681983 0
    outer loop
      vertex 26.9018 24.2225 3
      vertex 26.0401 25.1466 30
      vertex 26.0401 25.1466 3
    endloop
  endfacet
  facet normal -0.731368 -0.681983 0
    outer loop
      vertex 26.0401 25.1466 30
      vertex 26.9018 24.2225 3
      vertex 26.9018 24.2225 30
    endloop
  endfacet
  facet normal -0.838698 -0.544596 0
    outer loop
      vertex 30.6993 19.1831 3
      vertex 30.0112 20.2428 30
      vertex 30.0112 20.2428 3
    endloop
  endfacet
  facet normal -0.838698 -0.544596 0
    outer loop
      vertex 30.0112 20.2428 30
      vertex 30.6993 19.1831 3
      vertex 30.6993 19.1831 30
    endloop
  endfacet
  facet normal -0.79864 -0.601809 0
    outer loop
      vertex 29.2864 21.2778 3
      vertex 28.526 22.2869 30
      vertex 28.526 22.2869 3
    endloop
  endfacet
  facet normal -0.79864 -0.601809 0
    outer loop
      vertex 28.526 22.2869 30
      vertex 29.2864 21.2778 3
      vertex 29.2864 21.2778 30
    endloop
  endfacet
  facet normal -0.906298 -0.422638 0
    outer loop
      vertex 33.0703 14.7239 3
      vertex 32.5363 15.869 30
      vertex 32.5363 15.869 3
    endloop
  endfacet
  facet normal -0.906298 -0.422638 0
    outer loop
      vertex 32.5363 15.869 30
      vertex 33.0703 14.7239 3
      vertex 33.0703 14.7239 30
    endloop
  endfacet
  facet normal -0.79864 0.601809 0
    outer loop
      vertex 28.526 -22.2869 3
      vertex 29.2864 -21.2778 30
      vertex 29.2864 -21.2778 3
    endloop
  endfacet
  facet normal -0.79864 0.601809 0
    outer loop
      vertex 29.2864 -21.2778 30
      vertex 28.526 -22.2869 3
      vertex 28.526 -22.2869 30
    endloop
  endfacet
  facet normal 0.087135 -0.996197 0
    outer loop
      vertex -3.78393 36.0017 3
      vertex -2.52518 36.1118 30
      vertex -3.78393 36.0017 30
    endloop
  endfacet
  facet normal 0.087135 -0.996197 0
    outer loop
      vertex -2.52518 36.1118 30
      vertex -3.78393 36.0017 3
      vertex -2.52518 36.1118 3
    endloop
  endfacet
  facet normal -0.995185 -0.0980103 -0
    outer loop
      vertex 1.5 0 1.18
      vertex 1.47118 0.292635 0
      vertex 1.5 0 0
    endloop
  endfacet
  facet normal -0.995185 -0.0980103 0
    outer loop
      vertex 1.47118 0.292635 0
      vertex 1.5 0 1.18
      vertex 1.47118 0.292635 3
    endloop
  endfacet
  facet normal -0.995185 -0.0980103 0
    outer loop
      vertex 1.47118 0.292635 3
      vertex 1.5 0 1.18
      vertex 1.5 0 3
    endloop
  endfacet
  facet normal 0.995185 -0.0980103 0
    outer loop
      vertex -1.5 0 1.18
      vertex -1.47118 0.292635 3
      vertex -1.5 0 3
    endloop
  endfacet
  facet normal 0.995185 -0.0980103 0
    outer loop
      vertex -1.47118 0.292635 3
      vertex -1.5 0 1.18
      vertex -1.47118 0.292635 0
    endloop
  endfacet
  facet normal 0.995185 -0.0980103 0
    outer loop
      vertex -1.47118 0.292635 0
      vertex -1.5 0 1.18
      vertex -1.5 0 0
    endloop
  endfacet
  facet normal -0.0980103 -0.995185 0
    outer loop
      vertex 0 1.5 0
      vertex 0.292635 1.47118 3
      vertex 0 1.5 3
    endloop
  endfacet
  facet normal -0.0980103 -0.995185 -0
    outer loop
      vertex 0.292635 1.47118 3
      vertex 0 1.5 0
      vertex 0.292635 1.47118 0
    endloop
  endfacet
  facet normal 0.773018 0.634384 0
    outer loop
      vertex -1.06066 -1.06066 3
      vertex -1.2472 -0.833355 1.18
      vertex -1.2472 -0.833355 3
    endloop
  endfacet
  facet normal 0.773018 0.634384 0
    outer loop
      vertex -1.2472 -0.833355 1.18
      vertex -1.06066 -1.06066 3
      vertex -1.06066 -1.06066 1.18
    endloop
  endfacet
  facet normal -0.634384 -0.773018 0
    outer loop
      vertex 0.833355 1.2472 0
      vertex 1.06066 1.06066 3
      vertex 0.833355 1.2472 3
    endloop
  endfacet
  facet normal -0.634384 -0.773018 -0
    outer loop
      vertex 1.06066 1.06066 3
      vertex 0.833355 1.2472 0
      vertex 1.06066 1.06066 0
    endloop
  endfacet
  facet normal -0.471409 -0.881915 0
    outer loop
      vertex 0.574024 1.38582 0
      vertex 0.833355 1.2472 3
      vertex 0.574024 1.38582 3
    endloop
  endfacet
  facet normal -0.471409 -0.881915 -0
    outer loop
      vertex 0.833355 1.2472 3
      vertex 0.574024 1.38582 0
      vertex 0.833355 1.2472 0
    endloop
  endfacet
  facet normal 0.634384 -0.773018 0
    outer loop
      vertex -1.06066 1.06066 0
      vertex -0.833355 1.2472 3
      vertex -1.06066 1.06066 3
    endloop
  endfacet
  facet normal 0.634384 -0.773018 0
    outer loop
      vertex -0.833355 1.2472 3
      vertex -1.06066 1.06066 0
      vertex -0.833355 1.2472 0
    endloop
  endfacet
  facet normal 0.29029 -0.956939 0
    outer loop
      vertex -0.574024 1.38582 0
      vertex -0.292635 1.47118 3
      vertex -0.574024 1.38582 3
    endloop
  endfacet
  facet normal 0.29029 -0.956939 0
    outer loop
      vertex -0.292635 1.47118 3
      vertex -0.574024 1.38582 0
      vertex -0.292635 1.47118 0
    endloop
  endfacet
  facet normal -0.773018 0.634384 0
    outer loop
      vertex 1.06066 -1.06066 1.18
      vertex 1.2472 -0.833355 3
      vertex 1.2472 -0.833355 1.18
    endloop
  endfacet
  facet normal -0.773018 0.634384 0
    outer loop
      vertex 1.2472 -0.833355 3
      vertex 1.06066 -1.06066 1.18
      vertex 1.06066 -1.06066 3
    endloop
  endfacet
  facet normal -0.881915 -0.471409 0
    outer loop
      vertex 1.38582 0.574024 0
      vertex 1.2472 0.833355 3
      vertex 1.2472 0.833355 0
    endloop
  endfacet
  facet normal -0.881915 -0.471409 0
    outer loop
      vertex 1.2472 0.833355 3
      vertex 1.38582 0.574024 0
      vertex 1.38582 0.574024 3
    endloop
  endfacet
  facet normal -0.956939 -0.29029 0
    outer loop
      vertex 1.47118 0.292635 0
      vertex 1.38582 0.574024 3
      vertex 1.38582 0.574024 0
    endloop
  endfacet
  facet normal -0.956939 -0.29029 0
    outer loop
      vertex 1.38582 0.574024 3
      vertex 1.47118 0.292635 0
      vertex 1.47118 0.292635 3
    endloop
  endfacet
  facet normal -0.773018 -0.634384 0
    outer loop
      vertex 1.2472 0.833355 0
      vertex 1.06066 1.06066 3
      vertex 1.06066 1.06066 0
    endloop
  endfacet
  facet normal -0.773018 -0.634384 0
    outer loop
      vertex 1.06066 1.06066 3
      vertex 1.2472 0.833355 0
      vertex 1.2472 0.833355 3
    endloop
  endfacet
  facet normal -0.29029 -0.956939 0
    outer loop
      vertex 0.292635 1.47118 0
      vertex 0.574024 1.38582 3
      vertex 0.292635 1.47118 3
    endloop
  endfacet
  facet normal -0.29029 -0.956939 -0
    outer loop
      vertex 0.574024 1.38582 3
      vertex 0.292635 1.47118 0
      vertex 0.574024 1.38582 0
    endloop
  endfacet
  facet normal 0.881915 -0.471409 0
    outer loop
      vertex -1.38582 0.574024 3
      vertex -1.2472 0.833355 0
      vertex -1.2472 0.833355 3
    endloop
  endfacet
  facet normal 0.881915 -0.471409 0
    outer loop
      vertex -1.2472 0.833355 0
      vertex -1.38582 0.574024 3
      vertex -1.38582 0.574024 0
    endloop
  endfacet
  facet normal 0.773018 -0.634384 0
    outer loop
      vertex -1.2472 0.833355 3
      vertex -1.06066 1.06066 0
      vertex -1.06066 1.06066 3
    endloop
  endfacet
  facet normal 0.773018 -0.634384 0
    outer loop
      vertex -1.06066 1.06066 0
      vertex -1.2472 0.833355 3
      vertex -1.2472 0.833355 0
    endloop
  endfacet
  facet normal 0.956939 -0.29029 0
    outer loop
      vertex -1.47118 0.292635 3
      vertex -1.38582 0.574024 0
      vertex -1.38582 0.574024 3
    endloop
  endfacet
  facet normal 0.956939 -0.29029 0
    outer loop
      vertex -1.38582 0.574024 0
      vertex -1.47118 0.292635 3
      vertex -1.47118 0.292635 0
    endloop
  endfacet
  facet normal 0.471409 -0.881915 0
    outer loop
      vertex -0.833355 1.2472 0
      vertex -0.574024 1.38582 3
      vertex -0.833355 1.2472 3
    endloop
  endfacet
  facet normal 0.471409 -0.881915 0
    outer loop
      vertex -0.574024 1.38582 3
      vertex -0.833355 1.2472 0
      vertex -0.574024 1.38582 0
    endloop
  endfacet
  facet normal 0.0980103 -0.995185 0
    outer loop
      vertex -0.292635 1.47118 0
      vertex 0 1.5 3
      vertex -0.292635 1.47118 3
    endloop
  endfacet
  facet normal 0.0980103 -0.995185 0
    outer loop
      vertex 0 1.5 3
      vertex -0.292635 1.47118 0
      vertex 0 1.5 0
    endloop
  endfacet
  facet normal -0.634384 0.773018 0
    outer loop
      vertex 1.06066 -1.06066 1.18
      vertex 0.833355 -1.2472 3
      vertex 1.06066 -1.06066 3
    endloop
  endfacet
  facet normal -0.634384 0.773018 0
    outer loop
      vertex 0.833355 -1.2472 3
      vertex 1.06066 -1.06066 1.18
      vertex 0.833355 -1.2472 1.18
    endloop
  endfacet
  facet normal 0.634384 0.773018 -0
    outer loop
      vertex -0.833355 -1.2472 1.18
      vertex -1.06066 -1.06066 3
      vertex -0.833355 -1.2472 3
    endloop
  endfacet
  facet normal 0.634384 0.773018 0
    outer loop
      vertex -1.06066 -1.06066 3
      vertex -0.833355 -1.2472 1.18
      vertex -1.06066 -1.06066 1.18
    endloop
  endfacet
  facet normal 0.29029 0.956939 -0
    outer loop
      vertex -0.292635 -1.47118 1.18
      vertex -0.574024 -1.38582 3
      vertex -0.292635 -1.47118 3
    endloop
  endfacet
  facet normal 0.29029 0.956939 0
    outer loop
      vertex -0.574024 -1.38582 3
      vertex -0.292635 -1.47118 1.18
      vertex -0.574024 -1.38582 1.18
    endloop
  endfacet
  facet normal 0.881915 0.471409 0
    outer loop
      vertex -1.2472 -0.833355 3
      vertex -1.38582 -0.574024 1.18
      vertex -1.38582 -0.574024 3
    endloop
  endfacet
  facet normal 0.881915 0.471409 0
    outer loop
      vertex -1.38582 -0.574024 1.18
      vertex -1.2472 -0.833355 3
      vertex -1.2472 -0.833355 1.18
    endloop
  endfacet
  facet normal 0.995185 0.0980103 0
    outer loop
      vertex -1.47118 -0.292635 3
      vertex -1.5 0 1.18
      vertex -1.5 0 3
    endloop
  endfacet
  facet normal 0.995185 0.0980103 0
    outer loop
      vertex -1.5 0 1.18
      vertex -1.47118 -0.292635 3
      vertex -1.47118 -0.292635 1.18
    endloop
  endfacet
  facet normal -0.0980103 0.995185 0
    outer loop
      vertex 0.292635 -1.47118 1.18
      vertex 0 -1.5 3
      vertex 0.292635 -1.47118 3
    endloop
  endfacet
  facet normal -0.0980103 0.995185 0
    outer loop
      vertex 0 -1.5 3
      vertex 0.292635 -1.47118 1.18
      vertex 0 -1.5 1.18
    endloop
  endfacet
  facet normal -0.471409 0.881915 0
    outer loop
      vertex 0.833355 -1.2472 1.18
      vertex 0.574024 -1.38582 3
      vertex 0.833355 -1.2472 3
    endloop
  endfacet
  facet normal -0.471409 0.881915 0
    outer loop
      vertex 0.574024 -1.38582 3
      vertex 0.833355 -1.2472 1.18
      vertex 0.574024 -1.38582 1.18
    endloop
  endfacet
  facet normal -0.956939 0.29029 0
    outer loop
      vertex 1.38582 -0.574024 1.18
      vertex 1.47118 -0.292635 3
      vertex 1.47118 -0.292635 1.18
    endloop
  endfacet
  facet normal -0.956939 0.29029 0
    outer loop
      vertex 1.47118 -0.292635 3
      vertex 1.38582 -0.574024 1.18
      vertex 1.38582 -0.574024 3
    endloop
  endfacet
  facet normal -0.881915 0.471409 0
    outer loop
      vertex 1.2472 -0.833355 1.18
      vertex 1.38582 -0.574024 3
      vertex 1.38582 -0.574024 1.18
    endloop
  endfacet
  facet normal -0.881915 0.471409 0
    outer loop
      vertex 1.38582 -0.574024 3
      vertex 1.2472 -0.833355 1.18
      vertex 1.2472 -0.833355 3
    endloop
  endfacet
  facet normal -0.995185 0.0980103 0
    outer loop
      vertex 1.47118 -0.292635 1.18
      vertex 1.5 0 3
      vertex 1.5 0 1.18
    endloop
  endfacet
  facet normal -0.995185 0.0980103 0
    outer loop
      vertex 1.5 0 3
      vertex 1.47118 -0.292635 1.18
      vertex 1.47118 -0.292635 3
    endloop
  endfacet
  facet normal 0.471409 0.881915 -0
    outer loop
      vertex -0.574024 -1.38582 1.18
      vertex -0.833355 -1.2472 3
      vertex -0.574024 -1.38582 3
    endloop
  endfacet
  facet normal 0.471409 0.881915 0
    outer loop
      vertex -0.833355 -1.2472 3
      vertex -0.574024 -1.38582 1.18
      vertex -0.833355 -1.2472 1.18
    endloop
  endfacet
  facet normal 0.0980103 0.995185 -0
    outer loop
      vertex 0 -1.5 1.18
      vertex -0.292635 -1.47118 3
      vertex 0 -1.5 3
    endloop
  endfacet
  facet normal 0.0980103 0.995185 0
    outer loop
      vertex -0.292635 -1.47118 3
      vertex 0 -1.5 1.18
      vertex -0.292635 -1.47118 1.18
    endloop
  endfacet
  facet normal 0.956939 0.29029 0
    outer loop
      vertex -1.38582 -0.574024 3
      vertex -1.47118 -0.292635 1.18
      vertex -1.47118 -0.292635 3
    endloop
  endfacet
  facet normal 0.956939 0.29029 0
    outer loop
      vertex -1.47118 -0.292635 1.18
      vertex -1.38582 -0.574024 3
      vertex -1.38582 -0.574024 1.18
    endloop
  endfacet
  facet normal -0.29029 0.956939 0
    outer loop
      vertex 0.574024 -1.38582 1.18
      vertex 0.292635 -1.47118 3
      vertex 0.574024 -1.38582 3
    endloop
  endfacet
  facet normal -0.29029 0.956939 0
    outer loop
      vertex 0.292635 -1.47118 3
      vertex 0.574024 -1.38582 1.18
      vertex 0.292635 -1.47118 1.18
    endloop
  endfacet
  facet normal 1 -0 0
    outer loop
      vertex -1.5 -39.9702 1.18
      vertex -1.5 0 0
      vertex -1.5 0 1.18
    endloop
  endfacet
  facet normal 1 0 0
    outer loop
      vertex -1.5 0 0
      vertex -1.5 -39.9702 1.18
      vertex -1.5 -39.9702 0
    endloop
  endfacet
  facet normal 0 0 -1
    outer loop
      vertex 1.5 -39.9702 1.18
      vertex 1.47118 -0.292635 1.18
      vertex 1.5 0 1.18
    endloop
  endfacet
  facet normal 0 0 -1
    outer loop
      vertex 0 -1.5 1.18
      vertex 1.5 -39.9702 1.18
      vertex 1.39598 -39.9756 1.18
    endloop
  endfacet
  facet normal 0 0 -1
    outer loop
      vertex 1.5 -39.9702 1.18
      vertex 1.38582 -0.574024 1.18
      vertex 1.47118 -0.292635 1.18
    endloop
  endfacet
  facet normal 0 0 -1
    outer loop
      vertex 1.5 -39.9702 1.18
      vertex 1.2472 -0.833355 1.18
      vertex 1.38582 -0.574024 1.18
    endloop
  endfacet
  facet normal 0 0 -1
    outer loop
      vertex 1.5 -39.9702 1.18
      vertex 1.06066 -1.06066 1.18
      vertex 1.2472 -0.833355 1.18
    endloop
  endfacet
  facet normal 0 0 -1
    outer loop
      vertex 1.5 -39.9702 1.18
      vertex 0.833355 -1.2472 1.18
      vertex 1.06066 -1.06066 1.18
    endloop
  endfacet
  facet normal 0 0 -1
    outer loop
      vertex 1.5 -39.9702 1.18
      vertex 0.574024 -1.38582 1.18
      vertex 0.833355 -1.2472 1.18
    endloop
  endfacet
  facet normal 0 0 -1
    outer loop
      vertex 1.5 -39.9702 1.18
      vertex 0.292635 -1.47118 1.18
      vertex 0.574024 -1.38582 1.18
    endloop
  endfacet
  facet normal 0 0 -1
    outer loop
      vertex 0 -1.5 1.18
      vertex 1.39598 -39.9756 1.18
      vertex 0 -40 1.18
    endloop
  endfacet
  facet normal 0 0 -1
    outer loop
      vertex 1.5 -39.9702 1.18
      vertex 0 -1.5 1.18
      vertex 0.292635 -1.47118 1.18
    endloop
  endfacet
  facet normal 0 0 -1
    outer loop
      vertex -1.39598 -39.9756 1.18
      vertex 0 -1.5 1.18
      vertex 0 -40 1.18
    endloop
  endfacet
  facet normal 0 0 -1
    outer loop
      vertex -1.5 -39.9702 1.18
      vertex 0 -1.5 1.18
      vertex -1.39598 -39.9756 1.18
    endloop
  endfacet
  facet normal -0 0 -1
    outer loop
      vertex 0 -1.5 1.18
      vertex -1.5 -39.9702 1.18
      vertex -0.292635 -1.47118 1.18
    endloop
  endfacet
  facet normal -0 0 -1
    outer loop
      vertex -0.292635 -1.47118 1.18
      vertex -1.5 -39.9702 1.18
      vertex -0.574024 -1.38582 1.18
    endloop
  endfacet
  facet normal -0 0 -1
    outer loop
      vertex -0.574024 -1.38582 1.18
      vertex -1.5 -39.9702 1.18
      vertex -0.833355 -1.2472 1.18
    endloop
  endfacet
  facet normal -0 0 -1
    outer loop
      vertex -0.833355 -1.2472 1.18
      vertex -1.5 -39.9702 1.18
      vertex -1.06066 -1.06066 1.18
    endloop
  endfacet
  facet normal -0 0 -1
    outer loop
      vertex -1.06066 -1.06066 1.18
      vertex -1.5 -39.9702 1.18
      vertex -1.2472 -0.833355 1.18
    endloop
  endfacet
  facet normal -0 0 -1
    outer loop
      vertex -1.2472 -0.833355 1.18
      vertex -1.5 -39.9702 1.18
      vertex -1.38582 -0.574024 1.18
    endloop
  endfacet
  facet normal -0 0 -1
    outer loop
      vertex -1.38582 -0.574024 1.18
      vertex -1.5 -39.9702 1.18
      vertex -1.47118 -0.292635 1.18
    endloop
  endfacet
  facet normal -0 0 -1
    outer loop
      vertex -1.47118 -0.292635 1.18
      vertex -1.5 -39.9702 1.18
      vertex -1.5 0 1.18
    endloop
  endfacet
  facet normal -1 0 0
    outer loop
      vertex 1.5 -39.9702 0
      vertex 1.5 0 1.18
      vertex 1.5 0 0
    endloop
  endfacet
  facet normal -1 -0 0
    outer loop
      vertex 1.5 0 1.18
      vertex 1.5 -39.9702 0
      vertex 1.5 -39.9702 1.18
    endloop
  endfacet
endsolid OpenSCAD_Model
