solid OpenSCAD_Model
  facet normal 0.26593 -0.397404 -0.878266
    outer loop
      vertex 6.37521 50.5924 5.53057
      vertex 3.45851 48.7082 5.5
      vertex 6.28994 50.6029 5.5
    endloop
  endfacet
  facet normal 0.265999 -0.397512 -0.878197
    outer loop
      vertex 1.2161 9.65069 22.5
      vertex 3.45851 48.7082 5.5
      vertex 6.37521 50.5924 5.53057
    endloop
  endfacet
  facet normal 0.265989 -0.397512 -0.878199
    outer loop
      vertex 3.45851 48.7082 5.5
      vertex 1.2161 9.65069 22.5
      vertex 0.664417 9.28154 22.5
    endloop
  endfacet
  facet normal 0.248938 -0.3983 -0.882829
    outer loop
      vertex 0.664417 9.28154 22.5
      vertex 3.45707 48.7073 5.5
      vertex 3.45851 48.7082 5.5
    endloop
  endfacet
  facet normal 0.266164 -0.397503 -0.87815
    outer loop
      vertex 3.45707 48.7073 5.5
      vertex 0.664417 9.28154 22.5
      vertex 0.658488 9.27757 22.5
    endloop
  endfacet
  facet normal 0.562725 -0.375901 -0.736233
    outer loop
      vertex 7.84344 50.3856 6.75836
      vertex 6.37599 50.5923 5.53121
      vertex 7.09783 50.5037 6.12817
    endloop
  endfacet
  facet normal 0.562676 -0.376042 -0.736199
    outer loop
      vertex 1.58922 10.209 22.5
      vertex 6.37599 50.5923 5.53121
      vertex 7.84344 50.3856 6.75836
    endloop
  endfacet
  facet normal 0.562669 -0.376043 -0.736204
    outer loop
      vertex 6.37599 50.5923 5.53121
      vertex 1.58922 10.209 22.5
      vertex 1.22006 9.65663 22.5
    endloop
  endfacet
  facet normal 0.558238 -0.376734 -0.739217
    outer loop
      vertex 1.22006 9.65663 22.5
      vertex 6.37521 50.5924 5.53057
      vertex 6.37599 50.5923 5.53121
    endloop
  endfacet
  facet normal 0.563797 -0.375865 -0.735431
    outer loop
      vertex 6.37521 50.5924 5.53057
      vertex 1.22006 9.65663 22.5
      vertex 1.2161 9.65069 22.5
    endloop
  endfacet
  facet normal 0.974884 -0.194364 -0.108739
    outer loop
      vertex 1.7205 10.8675 22.5
      vertex 7.84353 50.3856 6.75919
      vertex 7.9736 50.365 7.96214
    endloop
  endfacet
  facet normal 0.974884 -0.194363 -0.108738
    outer loop
      vertex 7.84353 50.3856 6.75919
      vertex 1.7205 10.8675 22.5
      vertex 1.59061 10.216 22.5
    endloop
  endfacet
  facet normal 0.975425 -0.193284 -0.105769
    outer loop
      vertex 1.59061 10.216 22.5
      vertex 7.84344 50.3856 6.75836
      vertex 7.84353 50.3856 6.75919
    endloop
  endfacet
  facet normal 0.97524 -0.193655 -0.106789
    outer loop
      vertex 7.84344 50.3856 6.75836
      vertex 1.59061 10.216 22.5
      vertex 1.58922 10.209 22.5
    endloop
  endfacet
  facet normal 0.926692 -0.0084175 0.375727
    outer loop
      vertex 1.81102 20.8298 22.5
      vertex 5.33095 50.7206 14.4881
      vertex 4.41678 50.8006 16.7446
    endloop
  endfacet
  facet normal 0.926695 -0.00842004 0.375719
    outer loop
      vertex 5.33095 50.7206 14.4881
      vertex 1.81102 20.8298 22.5
      vertex 7.09783 50.5037 10.1253
    endloop
  endfacet
  facet normal 0.926696 -0.0084207 0.375717
    outer loop
      vertex 7.09783 50.5037 10.1253
      vertex 1.81102 20.8298 22.5
      vertex 7.96813 50.3658 7.97564
    endloop
  endfacet
  facet normal 0.926696 -0.0084204 0.375718
    outer loop
      vertex 7.96813 50.3658 7.97564
      vertex 1.81102 20.8298 22.5
      vertex 1.72146 10.9734 22.5
    endloop
  endfacet
  facet normal 0.926606 -0.00832419 0.37594
    outer loop
      vertex 1.72146 10.9734 22.5
      vertex 7.9736 50.365 7.96214
      vertex 7.96813 50.3658 7.97564
    endloop
  endfacet
  facet normal 0.926677 -0.00840047 0.375764
    outer loop
      vertex 7.9736 50.365 7.96214
      vertex 1.72146 10.9734 22.5
      vertex 1.7205 10.8675 22.5
    endloop
  endfacet
  facet normal 0.553538 0.110391 0.825475
    outer loop
      vertex 1.67282 21.5228 22.5
      vertex 4.41523 50.8007 16.7457
      vertex 3.95155 50.8413 17.0512
    endloop
  endfacet
  facet normal 0.553533 0.110392 0.825479
    outer loop
      vertex 4.41523 50.8007 16.7457
      vertex 1.67282 21.5228 22.5
      vertex 1.80955 20.8372 22.5
    endloop
  endfacet
  facet normal 0.58005 0.104695 0.807825
    outer loop
      vertex 1.80955 20.8372 22.5
      vertex 4.41678 50.8006 16.7446
      vertex 4.41523 50.8007 16.7457
    endloop
  endfacet
  facet normal 0.554596 0.11017 0.824794
    outer loop
      vertex 4.41678 50.8006 16.7446
      vertex 1.80955 20.8372 22.5
      vertex 1.81102 20.8298 22.5
    endloop
  endfacet
  facet normal 0.238978 0.160714 0.957633
    outer loop
      vertex 2.94787 50.9077 17.2905
      vertex 3.94804 50.8416 17.052
      vertex 3.55758 50.8758 17.1437
    endloop
  endfacet
  facet normal 0.238947 0.159444 0.957853
    outer loop
      vertex 1.28036 22.1108 22.5
      vertex 3.94804 50.8416 17.052
      vertex 2.94787 50.9077 17.2905
    endloop
  endfacet
  facet normal 0.238878 0.159453 0.957868
    outer loop
      vertex 3.94804 50.8416 17.052
      vertex 1.28036 22.1108 22.5
      vertex 1.66865 21.5291 22.5
    endloop
  endfacet
  facet normal 0.232349 0.160235 0.959343
    outer loop
      vertex 1.66865 21.5291 22.5
      vertex 3.95155 50.8413 17.0512
      vertex 3.94804 50.8416 17.052
    endloop
  endfacet
  facet normal 0.240588 0.159246 0.957475
    outer loop
      vertex 3.95155 50.8413 17.0512
      vertex 1.66865 21.5291 22.5
      vertex 1.67282 21.5228 22.5
    endloop
  endfacet
  facet normal 0.113897 0.170469 0.978758
    outer loop
      vertex 0.693036 22.5033 22.5
      vertex 1.77987 50.9689 17.4157
      vertex 1.56981 50.9726 17.4395
    endloop
  endfacet
  facet normal 0.113869 0.170471 0.978761
    outer loop
      vertex 1.77987 50.9689 17.4157
      vertex 0.693036 22.5033 22.5
      vertex 2.9429 50.908 17.291
    endloop
  endfacet
  facet normal 0.113914 0.170467 0.978757
    outer loop
      vertex 2.9429 50.908 17.291
      vertex 0.693036 22.5033 22.5
      vertex 1.27411 22.115 22.5
    endloop
  endfacet
  facet normal 0.108831 0.170854 0.979268
    outer loop
      vertex 1.27411 22.115 22.5
      vertex 2.94787 50.9077 17.2905
      vertex 2.9429 50.908 17.291
    endloop
  endfacet
  facet normal 0.114522 0.170419 0.978694
    outer loop
      vertex 2.94787 50.9077 17.2905
      vertex 1.27411 22.115 22.5
      vertex 1.28036 22.1108 22.5
    endloop
  endfacet
  facet normal 0.0346589 0.173869 0.984159
    outer loop
      vertex 0.188367 22.6039 22.5
      vertex 1.56406 50.9727 17.4397
      vertex 0.424952 50.9926 17.4763
    endloop
  endfacet
  facet normal 0.034648 0.17387 0.984159
    outer loop
      vertex 1.56406 50.9727 17.4397
      vertex 0.188367 22.6039 22.5
      vertex 0.685668 22.5048 22.5
    endloop
  endfacet
  facet normal 0.0372511 0.173775 0.984081
    outer loop
      vertex 0.685668 22.5048 22.5
      vertex 1.56981 50.9726 17.4395
      vertex 1.56406 50.9727 17.4397
    endloop
  endfacet
  facet normal 0.0353915 0.173843 0.984137
    outer loop
      vertex 1.56981 50.9726 17.4395
      vertex 0.685668 22.5048 22.5
      vertex 0.693036 22.5033 22.5
    endloop
  endfacet
  facet normal -0.0346589 0.173869 0.984159
    outer loop
      vertex -1.56406 50.9727 17.4397
      vertex -0.188367 22.6039 22.5
      vertex -0.424952 50.9926 17.4763
    endloop
  endfacet
  facet normal -0.034648 0.17387 0.984159
    outer loop
      vertex -0.188367 22.6039 22.5
      vertex -1.56406 50.9727 17.4397
      vertex -0.685668 22.5048 22.5
    endloop
  endfacet
  facet normal -0.0372511 0.173775 0.984081
    outer loop
      vertex -1.56981 50.9726 17.4395
      vertex -0.685668 22.5048 22.5
      vertex -1.56406 50.9727 17.4397
    endloop
  endfacet
  facet normal -0.0353915 0.173843 0.984137
    outer loop
      vertex -0.685668 22.5048 22.5
      vertex -1.56981 50.9726 17.4395
      vertex -0.693036 22.5033 22.5
    endloop
  endfacet
  facet normal -0.113897 0.170469 0.978758
    outer loop
      vertex -1.77987 50.9689 17.4157
      vertex -0.693036 22.5033 22.5
      vertex -1.56981 50.9726 17.4395
    endloop
  endfacet
  facet normal -0.113869 0.170471 0.978761
    outer loop
      vertex -2.9429 50.908 17.291
      vertex -0.693036 22.5033 22.5
      vertex -1.77987 50.9689 17.4157
    endloop
  endfacet
  facet normal -0.113914 0.170467 0.978757
    outer loop
      vertex -0.693036 22.5033 22.5
      vertex -2.9429 50.908 17.291
      vertex -1.27411 22.115 22.5
    endloop
  endfacet
  facet normal -0.108831 0.170854 0.979268
    outer loop
      vertex -2.94787 50.9077 17.2905
      vertex -1.27411 22.115 22.5
      vertex -2.9429 50.908 17.291
    endloop
  endfacet
  facet normal -0.114522 0.170419 0.978694
    outer loop
      vertex -1.27411 22.115 22.5
      vertex -2.94787 50.9077 17.2905
      vertex -1.28036 22.1108 22.5
    endloop
  endfacet
  facet normal -0.238963 0.159442 0.957849
    outer loop
      vertex -3.55758 50.8758 17.1437
      vertex -1.28036 22.1108 22.5
      vertex -2.94787 50.9077 17.2905
    endloop
  endfacet
  facet normal -0.23892 0.159447 0.957859
    outer loop
      vertex -3.94804 50.8416 17.052
      vertex -1.28036 22.1108 22.5
      vertex -3.55758 50.8758 17.1437
    endloop
  endfacet
  facet normal -0.238878 0.159453 0.957868
    outer loop
      vertex -1.28036 22.1108 22.5
      vertex -3.94804 50.8416 17.052
      vertex -1.66865 21.5291 22.5
    endloop
  endfacet
  facet normal -0.232349 0.160235 0.959343
    outer loop
      vertex -3.95155 50.8413 17.0512
      vertex -1.66865 21.5291 22.5
      vertex -3.94804 50.8416 17.052
    endloop
  endfacet
  facet normal -0.240588 0.159246 0.957475
    outer loop
      vertex -1.66865 21.5291 22.5
      vertex -3.95155 50.8413 17.0512
      vertex -1.67282 21.5228 22.5
    endloop
  endfacet
  facet normal -0.553538 0.110391 0.825475
    outer loop
      vertex -4.41523 50.8007 16.7457
      vertex -1.67282 21.5228 22.5
      vertex -3.95155 50.8413 17.0512
    endloop
  endfacet
  facet normal -0.553533 0.110392 0.825479
    outer loop
      vertex -1.67282 21.5228 22.5
      vertex -4.41523 50.8007 16.7457
      vertex -1.80955 20.8372 22.5
    endloop
  endfacet
  facet normal -0.58005 0.104695 0.807825
    outer loop
      vertex -4.41678 50.8006 16.7446
      vertex -1.80955 20.8372 22.5
      vertex -4.41523 50.8007 16.7457
    endloop
  endfacet
  facet normal -0.554596 0.11017 0.824794
    outer loop
      vertex -1.80955 20.8372 22.5
      vertex -4.41678 50.8006 16.7446
      vertex -1.81102 20.8298 22.5
    endloop
  endfacet
  facet normal -0.926695 -0.00842004 0.375719
    outer loop
      vertex -1.81102 20.8298 22.5
      vertex -5.33095 50.7206 14.4881
      vertex -7.09783 50.5037 10.1253
    endloop
  endfacet
  facet normal -0.926696 -0.0084207 0.375717
    outer loop
      vertex -1.81102 20.8298 22.5
      vertex -7.09783 50.5037 10.1253
      vertex -7.96813 50.3658 7.97564
    endloop
  endfacet
  facet normal -0.926692 -0.0084175 0.375727
    outer loop
      vertex -5.33095 50.7206 14.4881
      vertex -1.81102 20.8298 22.5
      vertex -4.41678 50.8006 16.7446
    endloop
  endfacet
  facet normal -0.926696 -0.0084204 0.375718
    outer loop
      vertex -1.81102 20.8298 22.5
      vertex -7.96813 50.3658 7.97564
      vertex -1.72146 10.9734 22.5
    endloop
  endfacet
  facet normal -0.926606 -0.00832419 0.37594
    outer loop
      vertex -7.9736 50.365 7.96214
      vertex -1.72146 10.9734 22.5
      vertex -7.96813 50.3658 7.97564
    endloop
  endfacet
  facet normal -0.926677 -0.00840047 0.375764
    outer loop
      vertex -1.72146 10.9734 22.5
      vertex -7.9736 50.365 7.96214
      vertex -1.7205 10.8675 22.5
    endloop
  endfacet
  facet normal -0.974884 -0.194364 -0.108739
    outer loop
      vertex -7.84353 50.3856 6.75919
      vertex -1.7205 10.8675 22.5
      vertex -7.9736 50.365 7.96214
    endloop
  endfacet
  facet normal -0.974884 -0.194363 -0.108738
    outer loop
      vertex -1.7205 10.8675 22.5
      vertex -7.84353 50.3856 6.75919
      vertex -1.59061 10.216 22.5
    endloop
  endfacet
  facet normal -0.975425 -0.193284 -0.105769
    outer loop
      vertex -7.84344 50.3856 6.75836
      vertex -1.59061 10.216 22.5
      vertex -7.84353 50.3856 6.75919
    endloop
  endfacet
  facet normal -0.97524 -0.193655 -0.106789
    outer loop
      vertex -1.59061 10.216 22.5
      vertex -7.84344 50.3856 6.75836
      vertex -1.58922 10.209 22.5
    endloop
  endfacet
  facet normal -0.562669 -0.376043 -0.736204
    outer loop
      vertex -1.58922 10.209 22.5
      vertex -6.37599 50.5923 5.53121
      vertex -1.22006 9.65663 22.5
    endloop
  endfacet
  facet normal -0.562678 -0.376041 -0.736198
    outer loop
      vertex -1.58922 10.209 22.5
      vertex -7.09783 50.5037 6.12817
      vertex -6.37599 50.5923 5.53121
    endloop
  endfacet
  facet normal -0.562674 -0.376042 -0.7362
    outer loop
      vertex -7.09783 50.5037 6.12817
      vertex -1.58922 10.209 22.5
      vertex -7.84344 50.3856 6.75836
    endloop
  endfacet
  facet normal -0.563797 -0.375865 -0.735431
    outer loop
      vertex -1.22006 9.65663 22.5
      vertex -6.37521 50.5924 5.53057
      vertex -1.2161 9.65069 22.5
    endloop
  endfacet
  facet normal -0.558238 -0.376734 -0.739217
    outer loop
      vertex -6.37521 50.5924 5.53057
      vertex -1.22006 9.65663 22.5
      vertex -6.37599 50.5923 5.53121
    endloop
  endfacet
  facet normal -0.265989 -0.397512 -0.878199
    outer loop
      vertex -1.2161 9.65069 22.5
      vertex -3.45851 48.7082 5.5
      vertex -0.664417 9.28154 22.5
    endloop
  endfacet
  facet normal -0.265999 -0.397512 -0.878197
    outer loop
      vertex -6.37521 50.5924 5.53057
      vertex -3.45851 48.7082 5.5
      vertex -1.2161 9.65069 22.5
    endloop
  endfacet
  facet normal -0.26593 -0.397404 -0.878266
    outer loop
      vertex -3.45851 48.7082 5.5
      vertex -6.37521 50.5924 5.53057
      vertex -6.28994 50.6029 5.5
    endloop
  endfacet
  facet normal -0.266164 -0.397503 -0.87815
    outer loop
      vertex -0.664417 9.28154 22.5
      vertex -3.45707 48.7073 5.5
      vertex -0.658488 9.27757 22.5
    endloop
  endfacet
  facet normal -0.248938 -0.3983 -0.882829
    outer loop
      vertex -3.45707 48.7073 5.5
      vertex -0.664417 9.28154 22.5
      vertex -3.45851 48.7082 5.5
    endloop
  endfacet
  facet normal -0.0792102 -0.399408 -0.913345
    outer loop
      vertex -0.658488 9.27757 22.5
      vertex -0.400855 48.1012 5.5
      vertex -0.0763458 9.16212 22.5
    endloop
  endfacet
  facet normal -0.0792094 -0.399408 -0.913345
    outer loop
      vertex -0.400855 48.1012 5.5
      vertex -0.658488 9.27757 22.5
      vertex -3.45707 48.7073 5.5
    endloop
  endfacet
  facet normal 0.0792094 -0.399408 -0.913345
    outer loop
      vertex 0.658488 9.27757 22.5
      vertex 0.400855 48.1012 5.5
      vertex 3.45707 48.7073 5.5
    endloop
  endfacet
  facet normal 0.0792102 -0.399408 -0.913345
    outer loop
      vertex 0.400855 48.1012 5.5
      vertex 0.658488 9.27757 22.5
      vertex 0.0763458 9.16212 22.5
    endloop
  endfacet
  facet normal 0.298378 -0.60792 -0.735802
    outer loop
      vertex 31.9876 39.7117 6.75835
      vertex 30.82 40.6247 5.53055
      vertex 31.3987 40.1885 6.12561
    endloop
  endfacet
  facet normal 0.299361 -0.60707 -0.736104
    outer loop
      vertex 6.48124 8.04628 22.5
      vertex 30.82 40.6247 5.53055
      vertex 31.9876 39.7117 6.75835
    endloop
  endfacet
  facet normal 0.299365 -0.607071 -0.736101
    outer loop
      vertex 30.82 40.6247 5.53055
      vertex 6.48124 8.04628 22.5
      vertex 5.88513 7.75232 22.5
    endloop
  endfacet
  facet normal 0.268182 -0.594678 -0.757916
    outer loop
      vertex 5.88513 7.75232 22.5
      vertex 30.8193 40.6252 5.52991
      vertex 30.82 40.6247 5.53055
    endloop
  endfacet
  facet normal 0.299252 -0.607026 -0.736184
    outer loop
      vertex 30.8193 40.6252 5.52991
      vertex 5.88513 7.75232 22.5
      vertex 5.87872 7.74916 22.5
    endloop
  endfacet
  facet normal 0.74755 -0.655483 -0.107284
    outer loop
      vertex 6.92415 8.55137 22.5
      vertex 31.9877 39.7116 6.75918
      vertex 32.0887 39.6298 7.96272
    endloop
  endfacet
  facet normal 0.747526 -0.655499 -0.107354
    outer loop
      vertex 31.9877 39.7116 6.75918
      vertex 6.92415 8.55137 22.5
      vertex 6.48595 8.05165 22.5
    endloop
  endfacet
  facet normal 0.7253 -0.667663 -0.167827
    outer loop
      vertex 6.48595 8.05165 22.5
      vertex 31.9876 39.7117 6.75835
      vertex 31.9877 39.7116 6.75918
    endloop
  endfacet
  facet normal 0.747427 -0.655564 -0.10765
    outer loop
      vertex 31.9876 39.7117 6.75835
      vertex 6.48595 8.05165 22.5
      vertex 6.48124 8.04628 22.5
    endloop
  endfacet
  facet normal 0.798319 -0.470644 0.375742
    outer loop
      vertex 11.9834 17.1331 22.5
      vertex 29.977 41.2599 14.4905
      vertex 29.2261 41.7857 16.7445
    endloop
  endfacet
  facet normal 0.798311 -0.470626 0.37578
    outer loop
      vertex 29.977 41.2599 14.4905
      vertex 11.9834 17.1331 22.5
      vertex 31.3987 40.1885 10.1284
    endloop
  endfacet
  facet normal 0.798314 -0.470638 0.375759
    outer loop
      vertex 31.3987 40.1885 10.1284
      vertex 11.9834 17.1331 22.5
      vertex 32.0844 39.6333 7.97622
    endloop
  endfacet
  facet normal 0.798313 -0.470635 0.375764
    outer loop
      vertex 32.0844 39.6333 7.97622
      vertex 11.9834 17.1331 22.5
      vertex 6.97795 8.64262 22.5
    endloop
  endfacet
  facet normal 0.798255 -0.470379 0.376209
    outer loop
      vertex 6.97795 8.64262 22.5
      vertex 32.0887 39.6298 7.96272
      vertex 32.0844 39.6333 7.97622
    endloop
  endfacet
  facet normal 0.798324 -0.470683 0.375681
    outer loop
      vertex 32.0887 39.6298 7.96272
      vertex 6.97795 8.64262 22.5
      vertex 6.92415 8.55137 22.5
    endloop
  endfacet
  facet normal 0.535214 -0.181751 0.824932
    outer loop
      vertex 12.2107 17.8027 22.5
      vertex 29.2248 41.7866 16.7455
      vertex 28.844 42.0532 17.0513
    endloop
  endfacet
  facet normal 0.535154 -0.181697 0.824982
    outer loop
      vertex 29.2248 41.7866 16.7455
      vertex 12.2107 17.8027 22.5
      vertex 11.9858 17.1403 22.5
    endloop
  endfacet
  facet normal 0.523471 -0.171267 0.834653
    outer loop
      vertex 11.9858 17.1403 22.5
      vertex 29.2261 41.7857 16.7445
      vertex 29.2248 41.7866 16.7455
    endloop
  endfacet
  facet normal 0.529254 -0.176418 0.82992
    outer loop
      vertex 29.2261 41.7857 16.7445
      vertex 11.9858 17.1403 22.5
      vertex 11.9834 17.1331 22.5
    endloop
  endfacet
  facet normal 0.287368 0.0204566 0.957602
    outer loop
      vertex 28.0073 42.6131 17.2904
      vertex 28.8411 42.0553 17.0521
      vertex 28.5188 42.2809 17.144
    endloop
  endfacet
  facet normal 0.286366 0.0188172 0.957935
    outer loop
      vertex 12.1644 18.5082 22.5
      vertex 28.8411 42.0553 17.0521
      vertex 28.0073 42.6131 17.2904
    endloop
  endfacet
  facet normal 0.286398 0.0187923 0.957926
    outer loop
      vertex 28.8411 42.0553 17.0521
      vertex 12.1644 18.5082 22.5
      vertex 12.2102 17.8102 22.5
    endloop
  endfacet
  facet normal 0.281128 0.0227387 0.959401
    outer loop
      vertex 12.2102 17.8102 22.5
      vertex 28.844 42.0532 17.0513
      vertex 28.8411 42.0553 17.0521
    endloop
  endfacet
  facet normal 0.286029 0.0190686 0.958031
    outer loop
      vertex 28.844 42.0532 17.0513
      vertex 12.2102 17.8102 22.5
      vertex 12.2107 17.8027 22.5
    endloop
  endfacet
  facet normal 0.183741 0.0907656 0.978775
    outer loop
      vertex 11.8521 19.1418 22.5
      vertex 27.0259 43.2505 17.4158
      vertex 26.8464 43.3583 17.4395
    endloop
  endfacet
  facet normal 0.183889 0.0906686 0.978756
    outer loop
      vertex 27.0259 43.2505 17.4158
      vertex 11.8521 19.1418 22.5
      vertex 28.0031 42.6158 17.291
    endloop
  endfacet
  facet normal 0.183913 0.0906511 0.978753
    outer loop
      vertex 28.0031 42.6158 17.291
      vertex 11.8521 19.1418 22.5
      vertex 12.1611 18.5149 22.5
    endloop
  endfacet
  facet normal 0.193631 0.0839869 0.977473
    outer loop
      vertex 12.1611 18.5149 22.5
      vertex 28.0073 42.6131 17.2904
      vertex 28.0031 42.6158 17.291
    endloop
  endfacet
  facet normal 0.183972 0.0906132 0.978746
    outer loop
      vertex 28.0073 42.6131 17.2904
      vertex 12.1611 18.5149 22.5
      vertex 12.1644 18.5082 22.5
    endloop
  endfacet
  facet normal 0.116859 0.133302 0.984162
    outer loop
      vertex 11.4649 19.4811 22.5
      vertex 26.8414 43.3613 17.4397
      vertex 25.8643 43.9484 17.4762
    endloop
  endfacet
  facet normal 0.11683 0.133321 0.984163
    outer loop
      vertex 26.8414 43.3613 17.4397
      vertex 11.4649 19.4811 22.5
      vertex 11.8465 19.1467 22.5
    endloop
  endfacet
  facet normal 0.118666 0.13217 0.984098
    outer loop
      vertex 11.8465 19.1467 22.5
      vertex 26.8464 43.3583 17.4395
      vertex 26.8414 43.3613 17.4397
    endloop
  endfacet
  facet normal 0.116718 0.133392 0.984167
    outer loop
      vertex 26.8464 43.3583 17.4395
      vertex 11.8465 19.1467 22.5
      vertex 11.8521 19.1418 22.5
    endloop
  endfacet
  facet normal 0.057017 0.167855 0.984162
    outer loop
      vertex 24.1315 44.9259 17.4396
      vertex 11.1386 19.6693 22.5
      vertex 25.1283 44.3733 17.4761
    endloop
  endfacet
  facet normal 0.0570025 0.167862 0.984161
    outer loop
      vertex 11.1386 19.6693 22.5
      vertex 24.1315 44.9259 17.4396
      vertex 10.6583 19.8324 22.5
    endloop
  endfacet
  facet normal 0.0525571 0.170217 0.984004
    outer loop
      vertex 24.1265 44.9286 17.4394
      vertex 10.6583 19.8324 22.5
      vertex 24.1315 44.9259 17.4396
    endloop
  endfacet
  facet normal 0.0567819 0.16798 0.984154
    outer loop
      vertex 10.6583 19.8324 22.5
      vertex 24.1265 44.9286 17.4394
      vertex 10.6512 19.8348 22.5
    endloop
  endfacet
  facet normal -0.0134738 0.204614 0.97875
    outer loop
      vertex 10.6512 19.8348 22.5
      vertex 23.9431 45.0303 17.4157
      vertex 22.904 45.5598 17.2907
    endloop
  endfacet
  facet normal -0.0131202 0.204436 0.978792
    outer loop
      vertex 23.9431 45.0303 17.4157
      vertex 10.6512 19.8348 22.5
      vertex 24.1265 44.9286 17.4394
    endloop
  endfacet
  facet normal -0.0134253 0.204592 0.978755
    outer loop
      vertex 10.6512 19.8348 22.5
      vertex 22.904 45.5598 17.2907
      vertex 9.95324 19.789 22.5
    endloop
  endfacet
  facet normal -0.00965848 0.202784 0.979176
    outer loop
      vertex 22.8995 45.562 17.2902
      vertex 9.95324 19.789 22.5
      vertex 22.904 45.5598 17.2907
    endloop
  endfacet
  facet normal -0.0136277 0.204688 0.978732
    outer loop
      vertex 9.95324 19.789 22.5
      vertex 22.8995 45.562 17.2902
      vertex 9.94573 19.7885 22.5
    endloop
  endfacet
  facet normal -0.129144 0.253172 0.958763
    outer loop
      vertex 22.0001 46.0049 17.0521
      vertex 22.8995 45.562 17.2902
      vertex 22.3569 45.8385 17.1441
    endloop
  endfacet
  facet normal -0.126849 0.257391 0.957945
    outer loop
      vertex 22.0001 46.0049 17.0521
      vertex 9.94573 19.7885 22.5
      vertex 22.8995 45.562 17.2902
    endloop
  endfacet
  facet normal -0.126881 0.257405 0.957937
    outer loop
      vertex 9.94573 19.7885 22.5
      vertex 22.0001 46.0049 17.0521
      vertex 9.31886 19.4795 22.5
    endloop
  endfacet
  facet normal -0.120496 0.254671 0.959491
    outer loop
      vertex 21.9969 46.0064 17.0513
      vertex 9.31886 19.4795 22.5
      vertex 22.0001 46.0049 17.0521
    endloop
  endfacet
  facet normal -0.125803 0.256943 0.958204
    outer loop
      vertex 9.31886 19.4795 22.5
      vertex 21.9969 46.0064 17.0513
      vertex 9.31212 19.4762 22.5
    endloop
  endfacet
  facet normal -0.425396 0.372762 0.824674
    outer loop
      vertex 21.5763 46.2025 16.7457
      vertex 9.31212 19.4762 22.5
      vertex 21.9969 46.0064 17.0513
    endloop
  endfacet
  facet normal -0.425245 0.372714 0.824773
    outer loop
      vertex 9.31212 19.4762 22.5
      vertex 21.5763 46.2025 16.7457
      vertex 8.85136 18.9505 22.5
    endloop
  endfacet
  facet normal -0.411455 0.368173 0.833759
    outer loop
      vertex 21.5749 46.2032 16.7447
      vertex 8.85136 18.9505 22.5
      vertex 21.5763 46.2025 16.7457
    endloop
  endfacet
  facet normal -0.419539 0.370843 0.82853
    outer loop
      vertex 8.85136 18.9505 22.5
      vertex 21.5749 46.2032 16.7447
      vertex 8.84641 18.9449 22.5
    endloop
  endfacet
  facet normal -0.806702 0.456045 0.375839
    outer loop
      vertex 8.84641 18.9449 22.5
      vertex 19.1049 47.2864 10.1291
      vertex 18.2805 47.6029 7.97556
    endloop
  endfacet
  facet normal -0.806686 0.456051 0.375865
    outer loop
      vertex 19.1049 47.2864 10.1291
      vertex 8.84641 18.9449 22.5
      vertex 20.7436 46.5908 14.4901
    endloop
  endfacet
  facet normal -0.806698 0.456049 0.375842
    outer loop
      vertex 20.7436 46.5908 14.4901
      vertex 8.84641 18.9449 22.5
      vertex 21.5749 46.2032 16.7447
    endloop
  endfacet
  facet normal -0.806699 0.456047 0.375844
    outer loop
      vertex 8.84641 18.9449 22.5
      vertex 18.2805 47.6029 7.97556
      vertex 3.99547 10.3641 22.5
    endloop
  endfacet
  facet normal -0.807139 0.455911 0.375063
    outer loop
      vertex 18.2753 47.6048 7.96206
      vertex 3.99547 10.3641 22.5
      vertex 18.2805 47.6029 7.97556
    endloop
  endfacet
  facet normal -0.806528 0.4561 0.376146
    outer loop
      vertex 3.99547 10.3641 22.5
      vertex 18.2753 47.6048 7.96206
      vertex 3.94333 10.2719 22.5
    endloop
  endfacet
  facet normal -0.94146 0.31929 -0.108196
    outer loop
      vertex 18.3976 47.5579 6.75947
      vertex 3.94333 10.2719 22.5
      vertex 18.2753 47.6048 7.96206
    endloop
  endfacet
  facet normal -0.941462 0.319264 -0.108259
    outer loop
      vertex 3.94333 10.2719 22.5
      vertex 18.3976 47.5579 6.75947
      vertex 3.73004 9.64294 22.5
    endloop
  endfacet
  facet normal -0.941459 0.302011 -0.149816
    outer loop
      vertex 18.3977 47.5578 6.75864
      vertex 3.73004 9.64294 22.5
      vertex 18.3976 47.5579 6.75947
    endloop
  endfacet
  facet normal -0.94148 0.318933 -0.109075
    outer loop
      vertex 3.73004 9.64294 22.5
      vertex 18.3977 47.5578 6.75864
      vertex 3.72775 9.63618 22.5
    endloop
  endfacet
  facet normal -0.676138 -0.0450765 -0.735395
    outer loop
      vertex 19.7701 47.004 5.53077
      vertex 18.3977 47.5578 6.75864
      vertex 19.1049 47.2864 6.12506
    endloop
  endfacet
  facet normal -0.675914 -0.0439023 -0.735672
    outer loop
      vertex 3.72775 9.63618 22.5
      vertex 19.7701 47.004 5.53077
      vertex 3.77082 8.97308 22.5
    endloop
  endfacet
  facet normal -0.675913 -0.0439029 -0.735672
    outer loop
      vertex 19.7701 47.004 5.53077
      vertex 3.72775 9.63618 22.5
      vertex 18.3977 47.5578 6.75864
    endloop
  endfacet
  facet normal -0.676252 -0.0436292 -0.735377
    outer loop
      vertex 3.77082 8.97308 22.5
      vertex 19.7708 47.0037 5.53012
      vertex 3.77128 8.96595 22.5
    endloop
  endfacet
  facet normal -0.687869 -0.0341255 -0.725032
    outer loop
      vertex 19.7708 47.0037 5.53012
      vertex 3.77082 8.97308 22.5
      vertex 19.7701 47.004 5.53077
    endloop
  endfacet
  facet normal -0.428432 -0.211511 -0.87847
    outer loop
      vertex 21.3583 43.9132 5.5
      vertex 19.7708 47.0037 5.53012
      vertex 19.8489 46.9706 5.5
    endloop
  endfacet
  facet normal -0.428594 -0.211594 -0.878371
    outer loop
      vertex 3.77128 8.96595 22.5
      vertex 21.3583 43.9132 5.5
      vertex 4.06524 8.37052 22.5
    endloop
  endfacet
  facet normal -0.428592 -0.211595 -0.878371
    outer loop
      vertex 21.3583 43.9132 5.5
      vertex 3.77128 8.96595 22.5
      vertex 19.7708 47.0037 5.53012
    endloop
  endfacet
  facet normal -0.428572 -0.211608 -0.878378
    outer loop
      vertex 4.06524 8.37052 22.5
      vertex 21.3591 43.9116 5.5
      vertex 4.0684 8.36412 22.5
    endloop
  endfacet
  facet normal -0.426232 -0.213116 -0.879152
    outer loop
      vertex 21.3591 43.9116 5.5
      vertex 4.06524 8.37052 22.5
      vertex 21.3583 43.9132 5.5
    endloop
  endfacet
  facet normal -0.268491 -0.306185 -0.913325
    outer loop
      vertex 4.0684 8.36412 22.5
      vertex 23.7029 41.8564 5.5
      vertex 4.51484 7.97264 22.5
    endloop
  endfacet
  facet normal -0.268486 -0.306188 -0.913326
    outer loop
      vertex 23.7029 41.8564 5.5
      vertex 4.0684 8.36412 22.5
      vertex 21.3591 43.9116 5.5
    endloop
  endfacet
  facet normal -0.130795 -0.385681 -0.913314
    outer loop
      vertex 5.20918 7.70563 22.5
      vertex 24.3971 41.4554 5.5
      vertex 27.3482 40.4546 5.5
    endloop
  endfacet
  facet normal -0.130795 -0.385681 -0.913314
    outer loop
      vertex 24.3971 41.4554 5.5
      vertex 5.20918 7.70563 22.5
      vertex 4.64706 7.89626 22.5
    endloop
  endfacet
  facet normal 0.0310143 -0.477007 -0.878352
    outer loop
      vertex 30.8193 40.6252 5.52991
      vertex 27.3499 40.4547 5.5
      vertex 30.752 40.6759 5.5
    endloop
  endfacet
  facet normal 0.0310112 -0.476937 -0.87839
    outer loop
      vertex 5.87872 7.74916 22.5
      vertex 27.3499 40.4547 5.5
      vertex 30.8193 40.6252 5.52991
    endloop
  endfacet
  facet normal 0.03101 -0.476936 -0.878391
    outer loop
      vertex 27.3499 40.4547 5.5
      vertex 5.87872 7.74916 22.5
      vertex 5.2163 7.70609 22.5
    endloop
  endfacet
  facet normal 0.027963 -0.47537 -0.879341
    outer loop
      vertex 5.2163 7.70609 22.5
      vertex 27.3482 40.4546 5.5
      vertex 27.3499 40.4547 5.5
    endloop
  endfacet
  facet normal 0.0308066 -0.476832 -0.878454
    outer loop
      vertex 27.3482 40.4546 5.5
      vertex 5.2163 7.70609 22.5
      vertex 5.20918 7.70563 22.5
    endloop
  endfacet
  facet normal 0.268491 -0.306185 -0.913325
    outer loop
      vertex -23.7029 41.8564 5.5
      vertex -4.0684 8.36412 22.5
      vertex -4.51484 7.97264 22.5
    endloop
  endfacet
  facet normal 0.268486 -0.306188 -0.913326
    outer loop
      vertex -4.0684 8.36412 22.5
      vertex -23.7029 41.8564 5.5
      vertex -21.3591 43.9116 5.5
    endloop
  endfacet
  facet normal 0.428594 -0.211594 -0.878371
    outer loop
      vertex -21.3583 43.9132 5.5
      vertex -3.77128 8.96595 22.5
      vertex -4.06524 8.37052 22.5
    endloop
  endfacet
  facet normal 0.428592 -0.211595 -0.878371
    outer loop
      vertex -3.77128 8.96595 22.5
      vertex -21.3583 43.9132 5.5
      vertex -19.7708 47.0037 5.53012
    endloop
  endfacet
  facet normal 0.428432 -0.211511 -0.87847
    outer loop
      vertex -19.7708 47.0037 5.53012
      vertex -21.3583 43.9132 5.5
      vertex -19.8489 46.9706 5.5
    endloop
  endfacet
  facet normal 0.428572 -0.211608 -0.878378
    outer loop
      vertex -21.3591 43.9116 5.5
      vertex -4.06524 8.37052 22.5
      vertex -4.0684 8.36412 22.5
    endloop
  endfacet
  facet normal 0.426232 -0.213116 -0.879152
    outer loop
      vertex -4.06524 8.37052 22.5
      vertex -21.3591 43.9116 5.5
      vertex -21.3583 43.9132 5.5
    endloop
  endfacet
  facet normal 0.675914 -0.0439023 -0.735672
    outer loop
      vertex -19.7701 47.004 5.53077
      vertex -3.72775 9.63618 22.5
      vertex -3.77082 8.97308 22.5
    endloop
  endfacet
  facet normal 0.675925 -0.0438944 -0.735662
    outer loop
      vertex -3.72775 9.63618 22.5
      vertex -19.1049 47.2864 6.12506
      vertex -18.3977 47.5578 6.75864
    endloop
  endfacet
  facet normal 0.675902 -0.0439126 -0.735683
    outer loop
      vertex -3.72775 9.63618 22.5
      vertex -19.7701 47.004 5.53077
      vertex -19.1049 47.2864 6.12506
    endloop
  endfacet
  facet normal 0.676252 -0.0436292 -0.735377
    outer loop
      vertex -19.7708 47.0037 5.53012
      vertex -3.77082 8.97308 22.5
      vertex -3.77128 8.96595 22.5
    endloop
  endfacet
  facet normal 0.687869 -0.0341255 -0.725032
    outer loop
      vertex -3.77082 8.97308 22.5
      vertex -19.7708 47.0037 5.53012
      vertex -19.7701 47.004 5.53077
    endloop
  endfacet
  facet normal 0.94146 0.31929 -0.108196
    outer loop
      vertex -3.94333 10.2719 22.5
      vertex -18.3976 47.5579 6.75947
      vertex -18.2753 47.6048 7.96206
    endloop
  endfacet
  facet normal 0.941462 0.319264 -0.108259
    outer loop
      vertex -18.3976 47.5579 6.75947
      vertex -3.94333 10.2719 22.5
      vertex -3.73004 9.64294 22.5
    endloop
  endfacet
  facet normal 0.941459 0.302011 -0.149816
    outer loop
      vertex -3.73004 9.64294 22.5
      vertex -18.3977 47.5578 6.75864
      vertex -18.3976 47.5579 6.75947
    endloop
  endfacet
  facet normal 0.94148 0.318933 -0.109075
    outer loop
      vertex -18.3977 47.5578 6.75864
      vertex -3.73004 9.64294 22.5
      vertex -3.72775 9.63618 22.5
    endloop
  endfacet
  facet normal 0.806686 0.456051 0.375865
    outer loop
      vertex -8.84641 18.9449 22.5
      vertex -19.1049 47.2864 10.1291
      vertex -20.7436 46.5908 14.4901
    endloop
  endfacet
  facet normal 0.806698 0.456049 0.375842
    outer loop
      vertex -8.84641 18.9449 22.5
      vertex -20.7436 46.5908 14.4901
      vertex -21.5749 46.2032 16.7447
    endloop
  endfacet
  facet normal 0.806702 0.456045 0.375839
    outer loop
      vertex -19.1049 47.2864 10.1291
      vertex -8.84641 18.9449 22.5
      vertex -18.2805 47.6029 7.97556
    endloop
  endfacet
  facet normal 0.806699 0.456047 0.375844
    outer loop
      vertex -18.2805 47.6029 7.97556
      vertex -8.84641 18.9449 22.5
      vertex -3.99547 10.3641 22.5
    endloop
  endfacet
  facet normal 0.807139 0.455911 0.375063
    outer loop
      vertex -3.99547 10.3641 22.5
      vertex -18.2753 47.6048 7.96206
      vertex -18.2805 47.6029 7.97556
    endloop
  endfacet
  facet normal 0.806528 0.4561 0.376146
    outer loop
      vertex -18.2753 47.6048 7.96206
      vertex -3.99547 10.3641 22.5
      vertex -3.94333 10.2719 22.5
    endloop
  endfacet
  facet normal 0.425245 0.372714 0.824773
    outer loop
      vertex -21.5763 46.2025 16.7457
      vertex -9.31212 19.4762 22.5
      vertex -8.85136 18.9505 22.5
    endloop
  endfacet
  facet normal 0.425396 0.372762 0.824674
    outer loop
      vertex -9.31212 19.4762 22.5
      vertex -21.5763 46.2025 16.7457
      vertex -21.9969 46.0064 17.0513
    endloop
  endfacet
  facet normal 0.419539 0.370843 0.82853
    outer loop
      vertex -21.5749 46.2032 16.7447
      vertex -8.85136 18.9505 22.5
      vertex -8.84641 18.9449 22.5
    endloop
  endfacet
  facet normal 0.411455 0.368173 0.833759
    outer loop
      vertex -8.85136 18.9505 22.5
      vertex -21.5749 46.2032 16.7447
      vertex -21.5763 46.2025 16.7457
    endloop
  endfacet
  facet normal 0.126881 0.257405 0.957937
    outer loop
      vertex -22.0001 46.0049 17.0521
      vertex -9.94573 19.7885 22.5
      vertex -9.31886 19.4795 22.5
    endloop
  endfacet
  facet normal 0.126941 0.257429 0.957923
    outer loop
      vertex -22.3569 45.8385 17.1441
      vertex -9.94573 19.7885 22.5
      vertex -22.0001 46.0049 17.0521
    endloop
  endfacet
  facet normal 0.126791 0.257365 0.95796
    outer loop
      vertex -9.94573 19.7885 22.5
      vertex -22.3569 45.8385 17.1441
      vertex -22.8995 45.562 17.2902
    endloop
  endfacet
  facet normal 0.125803 0.256943 0.958204
    outer loop
      vertex -21.9969 46.0064 17.0513
      vertex -9.31886 19.4795 22.5
      vertex -9.31212 19.4762 22.5
    endloop
  endfacet
  facet normal 0.120496 0.254671 0.959491
    outer loop
      vertex -9.31886 19.4795 22.5
      vertex -21.9969 46.0064 17.0513
      vertex -22.0001 46.0049 17.0521
    endloop
  endfacet
  facet normal 0.0134253 0.204592 0.978755
    outer loop
      vertex -22.904 45.5598 17.2907
      vertex -10.6512 19.8348 22.5
      vertex -9.95324 19.789 22.5
    endloop
  endfacet
  facet normal 0.0134738 0.204614 0.97875
    outer loop
      vertex -23.9431 45.0303 17.4157
      vertex -10.6512 19.8348 22.5
      vertex -22.904 45.5598 17.2907
    endloop
  endfacet
  facet normal 0.0131202 0.204436 0.978792
    outer loop
      vertex -10.6512 19.8348 22.5
      vertex -23.9431 45.0303 17.4157
      vertex -24.1265 44.9286 17.4394
    endloop
  endfacet
  facet normal 0.0136277 0.204688 0.978732
    outer loop
      vertex -22.8995 45.562 17.2902
      vertex -9.95324 19.789 22.5
      vertex -9.94573 19.7885 22.5
    endloop
  endfacet
  facet normal 0.00965848 0.202784 0.979176
    outer loop
      vertex -9.95324 19.789 22.5
      vertex -22.8995 45.562 17.2902
      vertex -22.904 45.5598 17.2907
    endloop
  endfacet
  facet normal -0.0570025 0.167862 0.984161
    outer loop
      vertex -24.1315 44.9259 17.4396
      vertex -11.1386 19.6693 22.5
      vertex -10.6583 19.8324 22.5
    endloop
  endfacet
  facet normal -0.057017 0.167855 0.984162
    outer loop
      vertex -11.1386 19.6693 22.5
      vertex -24.1315 44.9259 17.4396
      vertex -25.1283 44.3733 17.4761
    endloop
  endfacet
  facet normal -0.0567819 0.16798 0.984154
    outer loop
      vertex -24.1265 44.9286 17.4394
      vertex -10.6583 19.8324 22.5
      vertex -10.6512 19.8348 22.5
    endloop
  endfacet
  facet normal -0.0525571 0.170217 0.984004
    outer loop
      vertex -10.6583 19.8324 22.5
      vertex -24.1265 44.9286 17.4394
      vertex -24.1315 44.9259 17.4396
    endloop
  endfacet
  facet normal -0.116859 0.133302 0.984162
    outer loop
      vertex -26.8414 43.3613 17.4397
      vertex -11.4649 19.4811 22.5
      vertex -25.8643 43.9484 17.4762
    endloop
  endfacet
  facet normal -0.11683 0.133321 0.984163
    outer loop
      vertex -11.4649 19.4811 22.5
      vertex -26.8414 43.3613 17.4397
      vertex -11.8465 19.1467 22.5
    endloop
  endfacet
  facet normal -0.118666 0.13217 0.984098
    outer loop
      vertex -26.8464 43.3583 17.4395
      vertex -11.8465 19.1467 22.5
      vertex -26.8414 43.3613 17.4397
    endloop
  endfacet
  facet normal -0.116718 0.133392 0.984167
    outer loop
      vertex -11.8465 19.1467 22.5
      vertex -26.8464 43.3583 17.4395
      vertex -11.8521 19.1418 22.5
    endloop
  endfacet
  facet normal -0.183741 0.0907656 0.978775
    outer loop
      vertex -27.0259 43.2505 17.4158
      vertex -11.8521 19.1418 22.5
      vertex -26.8464 43.3583 17.4395
    endloop
  endfacet
  facet normal -0.183889 0.0906686 0.978756
    outer loop
      vertex -28.0031 42.6158 17.291
      vertex -11.8521 19.1418 22.5
      vertex -27.0259 43.2505 17.4158
    endloop
  endfacet
  facet normal -0.183913 0.0906511 0.978753
    outer loop
      vertex -11.8521 19.1418 22.5
      vertex -28.0031 42.6158 17.291
      vertex -12.1611 18.5149 22.5
    endloop
  endfacet
  facet normal -0.193631 0.0839869 0.977473
    outer loop
      vertex -28.0073 42.6131 17.2904
      vertex -12.1611 18.5149 22.5
      vertex -28.0031 42.6158 17.291
    endloop
  endfacet
  facet normal -0.183972 0.0906132 0.978746
    outer loop
      vertex -12.1611 18.5149 22.5
      vertex -28.0073 42.6131 17.2904
      vertex -12.1644 18.5082 22.5
    endloop
  endfacet
  facet normal -0.286387 0.0188023 0.957929
    outer loop
      vertex -28.5188 42.2809 17.144
      vertex -12.1644 18.5082 22.5
      vertex -28.0073 42.6131 17.2904
    endloop
  endfacet
  facet normal -0.286335 0.0188415 0.957944
    outer loop
      vertex -28.8411 42.0553 17.0521
      vertex -12.1644 18.5082 22.5
      vertex -28.5188 42.2809 17.144
    endloop
  endfacet
  facet normal -0.286398 0.0187923 0.957926
    outer loop
      vertex -12.1644 18.5082 22.5
      vertex -28.8411 42.0553 17.0521
      vertex -12.2102 17.8102 22.5
    endloop
  endfacet
  facet normal -0.281128 0.0227387 0.959401
    outer loop
      vertex -28.844 42.0532 17.0513
      vertex -12.2102 17.8102 22.5
      vertex -28.8411 42.0553 17.0521
    endloop
  endfacet
  facet normal -0.286029 0.0190686 0.958031
    outer loop
      vertex -12.2102 17.8102 22.5
      vertex -28.844 42.0532 17.0513
      vertex -12.2107 17.8027 22.5
    endloop
  endfacet
  facet normal -0.535214 -0.181751 0.824932
    outer loop
      vertex -29.2248 41.7866 16.7455
      vertex -12.2107 17.8027 22.5
      vertex -28.844 42.0532 17.0513
    endloop
  endfacet
  facet normal -0.535154 -0.181697 0.824982
    outer loop
      vertex -12.2107 17.8027 22.5
      vertex -29.2248 41.7866 16.7455
      vertex -11.9858 17.1403 22.5
    endloop
  endfacet
  facet normal -0.523471 -0.171267 0.834653
    outer loop
      vertex -29.2261 41.7857 16.7445
      vertex -11.9858 17.1403 22.5
      vertex -29.2248 41.7866 16.7455
    endloop
  endfacet
  facet normal -0.529254 -0.176418 0.82992
    outer loop
      vertex -11.9858 17.1403 22.5
      vertex -29.2261 41.7857 16.7445
      vertex -11.9834 17.1331 22.5
    endloop
  endfacet
  facet normal -0.798311 -0.470626 0.37578
    outer loop
      vertex -11.9834 17.1331 22.5
      vertex -29.977 41.2599 14.4905
      vertex -31.3987 40.1885 10.1284
    endloop
  endfacet
  facet normal -0.798314 -0.470638 0.375759
    outer loop
      vertex -11.9834 17.1331 22.5
      vertex -31.3987 40.1885 10.1284
      vertex -32.0844 39.6333 7.97622
    endloop
  endfacet
  facet normal -0.798319 -0.470644 0.375742
    outer loop
      vertex -29.977 41.2599 14.4905
      vertex -11.9834 17.1331 22.5
      vertex -29.2261 41.7857 16.7445
    endloop
  endfacet
  facet normal -0.798313 -0.470635 0.375764
    outer loop
      vertex -11.9834 17.1331 22.5
      vertex -32.0844 39.6333 7.97622
      vertex -6.97795 8.64262 22.5
    endloop
  endfacet
  facet normal -0.798255 -0.470379 0.376209
    outer loop
      vertex -32.0887 39.6298 7.96272
      vertex -6.97795 8.64262 22.5
      vertex -32.0844 39.6333 7.97622
    endloop
  endfacet
  facet normal -0.798324 -0.470683 0.375681
    outer loop
      vertex -6.97795 8.64262 22.5
      vertex -32.0887 39.6298 7.96272
      vertex -6.92415 8.55137 22.5
    endloop
  endfacet
  facet normal -0.74755 -0.655483 -0.107284
    outer loop
      vertex -31.9877 39.7116 6.75918
      vertex -6.92415 8.55137 22.5
      vertex -32.0887 39.6298 7.96272
    endloop
  endfacet
  facet normal -0.747526 -0.655499 -0.107354
    outer loop
      vertex -6.92415 8.55137 22.5
      vertex -31.9877 39.7116 6.75918
      vertex -6.48595 8.05165 22.5
    endloop
  endfacet
  facet normal -0.7253 -0.667663 -0.167827
    outer loop
      vertex -31.9876 39.7117 6.75835
      vertex -6.48595 8.05165 22.5
      vertex -31.9877 39.7116 6.75918
    endloop
  endfacet
  facet normal -0.747427 -0.655564 -0.10765
    outer loop
      vertex -6.48595 8.05165 22.5
      vertex -31.9876 39.7117 6.75835
      vertex -6.48124 8.04628 22.5
    endloop
  endfacet
  facet normal -0.299365 -0.607071 -0.736101
    outer loop
      vertex -6.48124 8.04628 22.5
      vertex -30.82 40.6247 5.53055
      vertex -5.88513 7.75232 22.5
    endloop
  endfacet
  facet normal -0.299346 -0.607064 -0.736115
    outer loop
      vertex -6.48124 8.04628 22.5
      vertex -31.3987 40.1885 6.12561
      vertex -30.82 40.6247 5.53055
    endloop
  endfacet
  facet normal -0.299375 -0.607076 -0.736093
    outer loop
      vertex -31.3987 40.1885 6.12561
      vertex -6.48124 8.04628 22.5
      vertex -31.9876 39.7117 6.75835
    endloop
  endfacet
  facet normal -0.299252 -0.607026 -0.736184
    outer loop
      vertex -5.88513 7.75232 22.5
      vertex -30.8193 40.6252 5.52991
      vertex -5.87872 7.74916 22.5
    endloop
  endfacet
  facet normal -0.268182 -0.594678 -0.757916
    outer loop
      vertex -30.8193 40.6252 5.52991
      vertex -5.88513 7.75232 22.5
      vertex -30.82 40.6247 5.53055
    endloop
  endfacet
  facet normal -0.03101 -0.476936 -0.878391
    outer loop
      vertex -5.87872 7.74916 22.5
      vertex -27.3499 40.4547 5.5
      vertex -5.2163 7.70609 22.5
    endloop
  endfacet
  facet normal -0.0310112 -0.476937 -0.87839
    outer loop
      vertex -30.8193 40.6252 5.52991
      vertex -27.3499 40.4547 5.5
      vertex -5.87872 7.74916 22.5
    endloop
  endfacet
  facet normal -0.0310143 -0.477007 -0.878352
    outer loop
      vertex -27.3499 40.4547 5.5
      vertex -30.8193 40.6252 5.52991
      vertex -30.752 40.6759 5.5
    endloop
  endfacet
  facet normal -0.0308066 -0.476832 -0.878454
    outer loop
      vertex -5.2163 7.70609 22.5
      vertex -27.3482 40.4546 5.5
      vertex -5.20918 7.70563 22.5
    endloop
  endfacet
  facet normal -0.027963 -0.47537 -0.879341
    outer loop
      vertex -27.3482 40.4546 5.5
      vertex -5.2163 7.70609 22.5
      vertex -27.3499 40.4547 5.5
    endloop
  endfacet
  facet normal 0.130795 -0.385681 -0.913314
    outer loop
      vertex -5.20918 7.70563 22.5
      vertex -24.3971 41.4554 5.5
      vertex -4.64706 7.89626 22.5
    endloop
  endfacet
  facet normal 0.130795 -0.385681 -0.913314
    outer loop
      vertex -24.3971 41.4554 5.5
      vertex -5.20918 7.70563 22.5
      vertex -27.3482 40.4546 5.5
    endloop
  endfacet
  facet normal 0.456047 -0.806699 0.375844
    outer loop
      vertex 47.6029 18.2805 7.97556
      vertex 18.9449 8.84641 22.5
      vertex 10.3641 3.99547 22.5
    endloop
  endfacet
  facet normal 0.456049 -0.806698 0.375842
    outer loop
      vertex 18.9449 8.84641 22.5
      vertex 46.5908 20.7436 14.4901
      vertex 46.2032 21.5749 16.7447
    endloop
  endfacet
  facet normal 0.456051 -0.806686 0.375865
    outer loop
      vertex 18.9449 8.84641 22.5
      vertex 47.2864 19.1049 10.1291
      vertex 46.5908 20.7436 14.4901
    endloop
  endfacet
  facet normal 0.456045 -0.806702 0.375839
    outer loop
      vertex 18.9449 8.84641 22.5
      vertex 47.6029 18.2805 7.97556
      vertex 47.2864 19.1049 10.1291
    endloop
  endfacet
  facet normal 0.4561 -0.806528 0.376146
    outer loop
      vertex 47.6048 18.2753 7.96206
      vertex 10.3641 3.99547 22.5
      vertex 10.2719 3.94333 22.5
    endloop
  endfacet
  facet normal 0.455911 -0.807139 0.375063
    outer loop
      vertex 10.3641 3.99547 22.5
      vertex 47.6048 18.2753 7.96206
      vertex 47.6029 18.2805 7.97556
    endloop
  endfacet
  facet normal 0.372762 -0.425396 0.824674
    outer loop
      vertex 19.4762 9.31212 22.5
      vertex 46.2025 21.5763 16.7457
      vertex 46.0064 21.9969 17.0513
    endloop
  endfacet
  facet normal 0.372714 -0.425245 0.824773
    outer loop
      vertex 46.2025 21.5763 16.7457
      vertex 19.4762 9.31212 22.5
      vertex 18.9505 8.85136 22.5
    endloop
  endfacet
  facet normal 0.368173 -0.411455 0.833759
    outer loop
      vertex 18.9505 8.85136 22.5
      vertex 46.2032 21.5749 16.7447
      vertex 46.2025 21.5763 16.7457
    endloop
  endfacet
  facet normal 0.370843 -0.419539 0.82853
    outer loop
      vertex 46.2032 21.5749 16.7447
      vertex 18.9505 8.85136 22.5
      vertex 18.9449 8.84641 22.5
    endloop
  endfacet
  facet normal 0.253172 -0.129144 0.958763
    outer loop
      vertex 45.562 22.8995 17.2902
      vertex 46.0049 22.0001 17.0521
      vertex 45.8385 22.3569 17.1441
    endloop
  endfacet
  facet normal 0.257391 -0.126849 0.957945
    outer loop
      vertex 19.7885 9.94573 22.5
      vertex 46.0049 22.0001 17.0521
      vertex 45.562 22.8995 17.2902
    endloop
  endfacet
  facet normal 0.257405 -0.126881 0.957937
    outer loop
      vertex 46.0049 22.0001 17.0521
      vertex 19.7885 9.94573 22.5
      vertex 19.4795 9.31886 22.5
    endloop
  endfacet
  facet normal 0.254671 -0.120496 0.959491
    outer loop
      vertex 19.4795 9.31886 22.5
      vertex 46.0064 21.9969 17.0513
      vertex 46.0049 22.0001 17.0521
    endloop
  endfacet
  facet normal 0.256943 -0.125803 0.958204
    outer loop
      vertex 46.0064 21.9969 17.0513
      vertex 19.4795 9.31886 22.5
      vertex 19.4762 9.31212 22.5
    endloop
  endfacet
  facet normal 0.204436 -0.0131202 0.978792
    outer loop
      vertex 19.8348 10.6512 22.5
      vertex 45.0303 23.9431 17.4157
      vertex 44.9286 24.1265 17.4394
    endloop
  endfacet
  facet normal 0.204614 -0.0134738 0.97875
    outer loop
      vertex 45.0303 23.9431 17.4157
      vertex 19.8348 10.6512 22.5
      vertex 45.5598 22.904 17.2907
    endloop
  endfacet
  facet normal 0.204592 -0.0134253 0.978755
    outer loop
      vertex 45.5598 22.904 17.2907
      vertex 19.8348 10.6512 22.5
      vertex 19.789 9.95324 22.5
    endloop
  endfacet
  facet normal 0.202784 -0.00965848 0.979176
    outer loop
      vertex 19.789 9.95324 22.5
      vertex 45.562 22.8995 17.2902
      vertex 45.5598 22.904 17.2907
    endloop
  endfacet
  facet normal 0.204688 -0.0136277 0.978732
    outer loop
      vertex 45.562 22.8995 17.2902
      vertex 19.789 9.95324 22.5
      vertex 19.7885 9.94573 22.5
    endloop
  endfacet
  facet normal 0.167855 0.057017 0.984162
    outer loop
      vertex 19.6693 11.1386 22.5
      vertex 44.9259 24.1315 17.4396
      vertex 44.3733 25.1283 17.4761
    endloop
  endfacet
  facet normal 0.167862 0.0570025 0.984161
    outer loop
      vertex 44.9259 24.1315 17.4396
      vertex 19.6693 11.1386 22.5
      vertex 19.8324 10.6583 22.5
    endloop
  endfacet
  facet normal 0.170217 0.0525571 0.984004
    outer loop
      vertex 19.8324 10.6583 22.5
      vertex 44.9286 24.1265 17.4394
      vertex 44.9259 24.1315 17.4396
    endloop
  endfacet
  facet normal 0.16798 0.0567819 0.984154
    outer loop
      vertex 44.9286 24.1265 17.4394
      vertex 19.8324 10.6583 22.5
      vertex 19.8348 10.6512 22.5
    endloop
  endfacet
  facet normal 0.133302 0.116859 0.984162
    outer loop
      vertex 43.3613 26.8414 17.4397
      vertex 19.4811 11.4649 22.5
      vertex 43.9484 25.8643 17.4762
    endloop
  endfacet
  facet normal 0.133321 0.11683 0.984163
    outer loop
      vertex 19.4811 11.4649 22.5
      vertex 43.3613 26.8414 17.4397
      vertex 19.1467 11.8465 22.5
    endloop
  endfacet
  facet normal 0.13217 0.118666 0.984098
    outer loop
      vertex 43.3583 26.8464 17.4395
      vertex 19.1467 11.8465 22.5
      vertex 43.3613 26.8414 17.4397
    endloop
  endfacet
  facet normal 0.133392 0.116718 0.984167
    outer loop
      vertex 19.1467 11.8465 22.5
      vertex 43.3583 26.8464 17.4395
      vertex 19.1418 11.8521 22.5
    endloop
  endfacet
  facet normal 0.0906686 0.183889 0.978756
    outer loop
      vertex 19.1418 11.8521 22.5
      vertex 43.2505 27.0259 17.4158
      vertex 42.6158 28.0031 17.291
    endloop
  endfacet
  facet normal 0.0907656 0.183741 0.978775
    outer loop
      vertex 43.2505 27.0259 17.4158
      vertex 19.1418 11.8521 22.5
      vertex 43.3583 26.8464 17.4395
    endloop
  endfacet
  facet normal 0.0906511 0.183913 0.978753
    outer loop
      vertex 19.1418 11.8521 22.5
      vertex 42.6158 28.0031 17.291
      vertex 18.5149 12.1611 22.5
    endloop
  endfacet
  facet normal 0.0839869 0.193631 0.977473
    outer loop
      vertex 42.6131 28.0073 17.2904
      vertex 18.5149 12.1611 22.5
      vertex 42.6158 28.0031 17.291
    endloop
  endfacet
  facet normal 0.0906132 0.183972 0.978746
    outer loop
      vertex 18.5149 12.1611 22.5
      vertex 42.6131 28.0073 17.2904
      vertex 18.5082 12.1644 22.5
    endloop
  endfacet
  facet normal 0.0204566 0.287368 0.957602
    outer loop
      vertex 42.0553 28.8411 17.0521
      vertex 42.6131 28.0073 17.2904
      vertex 42.2809 28.5188 17.144
    endloop
  endfacet
  facet normal 0.0188172 0.286366 0.957935
    outer loop
      vertex 42.0553 28.8411 17.0521
      vertex 18.5082 12.1644 22.5
      vertex 42.6131 28.0073 17.2904
    endloop
  endfacet
  facet normal 0.0187923 0.286398 0.957926
    outer loop
      vertex 18.5082 12.1644 22.5
      vertex 42.0553 28.8411 17.0521
      vertex 17.8102 12.2102 22.5
    endloop
  endfacet
  facet normal 0.0227387 0.281128 0.959401
    outer loop
      vertex 42.0532 28.844 17.0513
      vertex 17.8102 12.2102 22.5
      vertex 42.0553 28.8411 17.0521
    endloop
  endfacet
  facet normal 0.0190686 0.286029 0.958031
    outer loop
      vertex 17.8102 12.2102 22.5
      vertex 42.0532 28.844 17.0513
      vertex 17.8027 12.2107 22.5
    endloop
  endfacet
  facet normal -0.181751 0.535214 0.824932
    outer loop
      vertex 41.7866 29.2248 16.7455
      vertex 17.8027 12.2107 22.5
      vertex 42.0532 28.844 17.0513
    endloop
  endfacet
  facet normal -0.181697 0.535154 0.824982
    outer loop
      vertex 17.8027 12.2107 22.5
      vertex 41.7866 29.2248 16.7455
      vertex 17.1403 11.9858 22.5
    endloop
  endfacet
  facet normal -0.171267 0.523471 0.834653
    outer loop
      vertex 41.7857 29.2261 16.7445
      vertex 17.1403 11.9858 22.5
      vertex 41.7866 29.2248 16.7455
    endloop
  endfacet
  facet normal -0.176418 0.529254 0.82992
    outer loop
      vertex 17.1403 11.9858 22.5
      vertex 41.7857 29.2261 16.7445
      vertex 17.1331 11.9834 22.5
    endloop
  endfacet
  facet normal -0.470644 0.798319 0.375742
    outer loop
      vertex 41.2599 29.977 14.4905
      vertex 17.1331 11.9834 22.5
      vertex 41.7857 29.2261 16.7445
    endloop
  endfacet
  facet normal -0.470626 0.798311 0.37578
    outer loop
      vertex 40.1885 31.3987 10.1284
      vertex 17.1331 11.9834 22.5
      vertex 41.2599 29.977 14.4905
    endloop
  endfacet
  facet normal -0.470638 0.798314 0.375759
    outer loop
      vertex 39.6333 32.0844 7.97622
      vertex 17.1331 11.9834 22.5
      vertex 40.1885 31.3987 10.1284
    endloop
  endfacet
  facet normal -0.470635 0.798313 0.375764
    outer loop
      vertex 17.1331 11.9834 22.5
      vertex 39.6333 32.0844 7.97622
      vertex 8.64262 6.97795 22.5
    endloop
  endfacet
  facet normal -0.470379 0.798255 0.376209
    outer loop
      vertex 39.6298 32.0887 7.96272
      vertex 8.64262 6.97795 22.5
      vertex 39.6333 32.0844 7.97622
    endloop
  endfacet
  facet normal -0.470683 0.798324 0.375681
    outer loop
      vertex 8.64262 6.97795 22.5
      vertex 39.6298 32.0887 7.96272
      vertex 8.55137 6.92415 22.5
    endloop
  endfacet
  facet normal -0.655483 0.74755 -0.107284
    outer loop
      vertex 39.7116 31.9877 6.75918
      vertex 8.55137 6.92415 22.5
      vertex 39.6298 32.0887 7.96272
    endloop
  endfacet
  facet normal -0.655499 0.747526 -0.107354
    outer loop
      vertex 8.55137 6.92415 22.5
      vertex 39.7116 31.9877 6.75918
      vertex 8.05165 6.48595 22.5
    endloop
  endfacet
  facet normal -0.667663 0.7253 -0.167827
    outer loop
      vertex 39.7117 31.9876 6.75835
      vertex 8.05165 6.48595 22.5
      vertex 39.7116 31.9877 6.75918
    endloop
  endfacet
  facet normal -0.655564 0.747427 -0.10765
    outer loop
      vertex 8.05165 6.48595 22.5
      vertex 39.7117 31.9876 6.75835
      vertex 8.04628 6.48124 22.5
    endloop
  endfacet
  facet normal -0.60792 0.298378 -0.735802
    outer loop
      vertex 40.6247 30.82 5.53055
      vertex 39.7117 31.9876 6.75835
      vertex 40.1885 31.3987 6.12561
    endloop
  endfacet
  facet normal -0.60707 0.299361 -0.736104
    outer loop
      vertex 40.6247 30.82 5.53055
      vertex 8.04628 6.48124 22.5
      vertex 39.7117 31.9876 6.75835
    endloop
  endfacet
  facet normal -0.607071 0.299365 -0.736101
    outer loop
      vertex 8.04628 6.48124 22.5
      vertex 40.6247 30.82 5.53055
      vertex 7.75232 5.88513 22.5
    endloop
  endfacet
  facet normal -0.594678 0.268182 -0.757916
    outer loop
      vertex 40.6252 30.8193 5.52991
      vertex 7.75232 5.88513 22.5
      vertex 40.6247 30.82 5.53055
    endloop
  endfacet
  facet normal -0.607026 0.299252 -0.736184
    outer loop
      vertex 7.75232 5.88513 22.5
      vertex 40.6252 30.8193 5.52991
      vertex 7.74916 5.87872 22.5
    endloop
  endfacet
  facet normal -0.477007 0.0310143 -0.878352
    outer loop
      vertex 40.4547 27.3499 5.5
      vertex 40.6252 30.8193 5.52991
      vertex 40.6759 30.752 5.5
    endloop
  endfacet
  facet normal -0.476937 0.0310112 -0.87839
    outer loop
      vertex 40.4547 27.3499 5.5
      vertex 7.74916 5.87872 22.5
      vertex 40.6252 30.8193 5.52991
    endloop
  endfacet
  facet normal -0.476936 0.03101 -0.878391
    outer loop
      vertex 7.74916 5.87872 22.5
      vertex 40.4547 27.3499 5.5
      vertex 7.70609 5.2163 22.5
    endloop
  endfacet
  facet normal -0.47537 0.027963 -0.879341
    outer loop
      vertex 40.4546 27.3482 5.5
      vertex 7.70609 5.2163 22.5
      vertex 40.4547 27.3499 5.5
    endloop
  endfacet
  facet normal -0.476832 0.0308066 -0.878454
    outer loop
      vertex 7.70609 5.2163 22.5
      vertex 40.4546 27.3482 5.5
      vertex 7.70563 5.20918 22.5
    endloop
  endfacet
  facet normal -0.385681 -0.130795 -0.913314
    outer loop
      vertex 7.70563 5.20918 22.5
      vertex 41.4554 24.3971 5.5
      vertex 7.89626 4.64706 22.5
    endloop
  endfacet
  facet normal -0.385681 -0.130795 -0.913314
    outer loop
      vertex 41.4554 24.3971 5.5
      vertex 7.70563 5.20918 22.5
      vertex 40.4546 27.3482 5.5
    endloop
  endfacet
  facet normal -0.306188 -0.268486 -0.913326
    outer loop
      vertex 8.36412 4.0684 22.5
      vertex 41.8564 23.7029 5.5
      vertex 43.9116 21.3591 5.5
    endloop
  endfacet
  facet normal -0.306185 -0.268491 -0.913325
    outer loop
      vertex 41.8564 23.7029 5.5
      vertex 8.36412 4.0684 22.5
      vertex 7.97264 4.51484 22.5
    endloop
  endfacet
  facet normal -0.211511 -0.428432 -0.87847
    outer loop
      vertex 47.0037 19.7708 5.53012
      vertex 43.9132 21.3583 5.5
      vertex 46.9706 19.8489 5.5
    endloop
  endfacet
  facet normal -0.211595 -0.428592 -0.878371
    outer loop
      vertex 8.96595 3.77128 22.5
      vertex 43.9132 21.3583 5.5
      vertex 47.0037 19.7708 5.53012
    endloop
  endfacet
  facet normal -0.211594 -0.428594 -0.878371
    outer loop
      vertex 43.9132 21.3583 5.5
      vertex 8.96595 3.77128 22.5
      vertex 8.37052 4.06524 22.5
    endloop
  endfacet
  facet normal -0.213116 -0.426232 -0.879152
    outer loop
      vertex 8.37052 4.06524 22.5
      vertex 43.9116 21.3591 5.5
      vertex 43.9132 21.3583 5.5
    endloop
  endfacet
  facet normal -0.211608 -0.428572 -0.878378
    outer loop
      vertex 43.9116 21.3591 5.5
      vertex 8.37052 4.06524 22.5
      vertex 8.36412 4.0684 22.5
    endloop
  endfacet
  facet normal -0.0450765 -0.676138 -0.735395
    outer loop
      vertex 47.5578 18.3977 6.75864
      vertex 47.004 19.7701 5.53077
      vertex 47.2864 19.1049 6.12506
    endloop
  endfacet
  facet normal -0.0439029 -0.675913 -0.735672
    outer loop
      vertex 9.63618 3.72775 22.5
      vertex 47.004 19.7701 5.53077
      vertex 47.5578 18.3977 6.75864
    endloop
  endfacet
  facet normal -0.0439023 -0.675914 -0.735672
    outer loop
      vertex 47.004 19.7701 5.53077
      vertex 9.63618 3.72775 22.5
      vertex 8.97308 3.77082 22.5
    endloop
  endfacet
  facet normal -0.0341255 -0.687869 -0.725032
    outer loop
      vertex 8.97308 3.77082 22.5
      vertex 47.0037 19.7708 5.53012
      vertex 47.004 19.7701 5.53077
    endloop
  endfacet
  facet normal -0.0436292 -0.676252 -0.735377
    outer loop
      vertex 47.0037 19.7708 5.53012
      vertex 8.97308 3.77082 22.5
      vertex 8.96595 3.77128 22.5
    endloop
  endfacet
  facet normal 0.319264 -0.941462 -0.108259
    outer loop
      vertex 47.5579 18.3976 6.75947
      vertex 10.2719 3.94333 22.5
      vertex 9.64294 3.73004 22.5
    endloop
  endfacet
  facet normal 0.31929 -0.94146 -0.108196
    outer loop
      vertex 10.2719 3.94333 22.5
      vertex 47.5579 18.3976 6.75947
      vertex 47.6048 18.2753 7.96206
    endloop
  endfacet
  facet normal 0.318933 -0.94148 -0.109075
    outer loop
      vertex 47.5578 18.3977 6.75864
      vertex 9.64294 3.73004 22.5
      vertex 9.63618 3.72775 22.5
    endloop
  endfacet
  facet normal 0.302011 -0.941459 -0.149816
    outer loop
      vertex 9.64294 3.73004 22.5
      vertex 47.5578 18.3977 6.75864
      vertex 47.5579 18.3976 6.75947
    endloop
  endfacet
  facet normal 0.211594 -0.428594 -0.878371
    outer loop
      vertex -8.96595 3.77128 22.5
      vertex -43.9132 21.3583 5.5
      vertex -8.37052 4.06524 22.5
    endloop
  endfacet
  facet normal 0.211595 -0.428592 -0.878371
    outer loop
      vertex -47.0037 19.7708 5.53012
      vertex -43.9132 21.3583 5.5
      vertex -8.96595 3.77128 22.5
    endloop
  endfacet
  facet normal 0.211511 -0.428432 -0.87847
    outer loop
      vertex -43.9132 21.3583 5.5
      vertex -47.0037 19.7708 5.53012
      vertex -46.9706 19.8489 5.5
    endloop
  endfacet
  facet normal 0.211608 -0.428572 -0.878378
    outer loop
      vertex -8.37052 4.06524 22.5
      vertex -43.9116 21.3591 5.5
      vertex -8.36412 4.0684 22.5
    endloop
  endfacet
  facet normal 0.213116 -0.426232 -0.879152
    outer loop
      vertex -43.9116 21.3591 5.5
      vertex -8.37052 4.06524 22.5
      vertex -43.9132 21.3583 5.5
    endloop
  endfacet
  facet normal 0.306185 -0.268491 -0.913325
    outer loop
      vertex -8.36412 4.0684 22.5
      vertex -41.8564 23.7029 5.5
      vertex -7.97264 4.51484 22.5
    endloop
  endfacet
  facet normal 0.306188 -0.268486 -0.913326
    outer loop
      vertex -41.8564 23.7029 5.5
      vertex -8.36412 4.0684 22.5
      vertex -43.9116 21.3591 5.5
    endloop
  endfacet
  facet normal 0.385681 -0.130795 -0.913314
    outer loop
      vertex -41.4554 24.3971 5.5
      vertex -7.70563 5.20918 22.5
      vertex -7.89626 4.64706 22.5
    endloop
  endfacet
  facet normal 0.385681 -0.130795 -0.913314
    outer loop
      vertex -7.70563 5.20918 22.5
      vertex -41.4554 24.3971 5.5
      vertex -40.4546 27.3482 5.5
    endloop
  endfacet
  facet normal 0.476936 0.03101 -0.878391
    outer loop
      vertex -40.4547 27.3499 5.5
      vertex -7.74916 5.87872 22.5
      vertex -7.70609 5.2163 22.5
    endloop
  endfacet
  facet normal 0.476937 0.0310112 -0.87839
    outer loop
      vertex -40.4547 27.3499 5.5
      vertex -40.6252 30.8193 5.52991
      vertex -7.74916 5.87872 22.5
    endloop
  endfacet
  facet normal 0.477007 0.0310143 -0.878352
    outer loop
      vertex -40.6252 30.8193 5.52991
      vertex -40.4547 27.3499 5.5
      vertex -40.6759 30.752 5.5
    endloop
  endfacet
  facet normal 0.476832 0.0308066 -0.878454
    outer loop
      vertex -40.4546 27.3482 5.5
      vertex -7.70609 5.2163 22.5
      vertex -7.70563 5.20918 22.5
    endloop
  endfacet
  facet normal 0.47537 0.027963 -0.879341
    outer loop
      vertex -7.70609 5.2163 22.5
      vertex -40.4546 27.3482 5.5
      vertex -40.4547 27.3499 5.5
    endloop
  endfacet
  facet normal 0.607071 0.299365 -0.736101
    outer loop
      vertex -40.6247 30.82 5.53055
      vertex -8.04628 6.48124 22.5
      vertex -7.75232 5.88513 22.5
    endloop
  endfacet
  facet normal 0.607076 0.299375 -0.736093
    outer loop
      vertex -8.04628 6.48124 22.5
      vertex -40.1885 31.3987 6.12561
      vertex -39.7117 31.9876 6.75835
    endloop
  endfacet
  facet normal 0.607064 0.299346 -0.736115
    outer loop
      vertex -8.04628 6.48124 22.5
      vertex -40.6247 30.82 5.53055
      vertex -40.1885 31.3987 6.12561
    endloop
  endfacet
  facet normal 0.607026 0.299252 -0.736184
    outer loop
      vertex -40.6252 30.8193 5.52991
      vertex -7.75232 5.88513 22.5
      vertex -7.74916 5.87872 22.5
    endloop
  endfacet
  facet normal 0.594678 0.268182 -0.757916
    outer loop
      vertex -7.75232 5.88513 22.5
      vertex -40.6252 30.8193 5.52991
      vertex -40.6247 30.82 5.53055
    endloop
  endfacet
  facet normal 0.655499 0.747526 -0.107354
    outer loop
      vertex -39.7116 31.9877 6.75918
      vertex -8.55137 6.92415 22.5
      vertex -8.05165 6.48595 22.5
    endloop
  endfacet
  facet normal 0.655483 0.74755 -0.107284
    outer loop
      vertex -8.55137 6.92415 22.5
      vertex -39.7116 31.9877 6.75918
      vertex -39.6298 32.0887 7.96272
    endloop
  endfacet
  facet normal 0.655564 0.747427 -0.10765
    outer loop
      vertex -39.7117 31.9876 6.75835
      vertex -8.05165 6.48595 22.5
      vertex -8.04628 6.48124 22.5
    endloop
  endfacet
  facet normal 0.667663 0.7253 -0.167827
    outer loop
      vertex -8.05165 6.48595 22.5
      vertex -39.7117 31.9876 6.75835
      vertex -39.7116 31.9877 6.75918
    endloop
  endfacet
  facet normal 0.470635 0.798313 0.375764
    outer loop
      vertex -39.6333 32.0844 7.97622
      vertex -17.1331 11.9834 22.5
      vertex -8.64262 6.97795 22.5
    endloop
  endfacet
  facet normal 0.470644 0.798319 0.375742
    outer loop
      vertex -17.1331 11.9834 22.5
      vertex -41.2599 29.977 14.4905
      vertex -41.7857 29.2261 16.7445
    endloop
  endfacet
  facet normal 0.470626 0.798311 0.37578
    outer loop
      vertex -17.1331 11.9834 22.5
      vertex -40.1885 31.3987 10.1284
      vertex -41.2599 29.977 14.4905
    endloop
  endfacet
  facet normal 0.470638 0.798314 0.375759
    outer loop
      vertex -17.1331 11.9834 22.5
      vertex -39.6333 32.0844 7.97622
      vertex -40.1885 31.3987 10.1284
    endloop
  endfacet
  facet normal 0.470683 0.798324 0.375681
    outer loop
      vertex -39.6298 32.0887 7.96272
      vertex -8.64262 6.97795 22.5
      vertex -8.55137 6.92415 22.5
    endloop
  endfacet
  facet normal 0.470379 0.798255 0.376209
    outer loop
      vertex -8.64262 6.97795 22.5
      vertex -39.6298 32.0887 7.96272
      vertex -39.6333 32.0844 7.97622
    endloop
  endfacet
  facet normal 0.181697 0.535154 0.824982
    outer loop
      vertex -41.7866 29.2248 16.7455
      vertex -17.8027 12.2107 22.5
      vertex -17.1403 11.9858 22.5
    endloop
  endfacet
  facet normal 0.181751 0.535214 0.824932
    outer loop
      vertex -17.8027 12.2107 22.5
      vertex -41.7866 29.2248 16.7455
      vertex -42.0532 28.844 17.0513
    endloop
  endfacet
  facet normal 0.176418 0.529254 0.82992
    outer loop
      vertex -41.7857 29.2261 16.7445
      vertex -17.1403 11.9858 22.5
      vertex -17.1331 11.9834 22.5
    endloop
  endfacet
  facet normal 0.171267 0.523471 0.834653
    outer loop
      vertex -17.1403 11.9858 22.5
      vertex -41.7857 29.2261 16.7445
      vertex -41.7866 29.2248 16.7455
    endloop
  endfacet
  facet normal -0.0187923 0.286398 0.957926
    outer loop
      vertex -42.0553 28.8411 17.0521
      vertex -18.5082 12.1644 22.5
      vertex -17.8102 12.2102 22.5
    endloop
  endfacet
  facet normal -0.0188415 0.286335 0.957944
    outer loop
      vertex -42.2809 28.5188 17.144
      vertex -18.5082 12.1644 22.5
      vertex -42.0553 28.8411 17.0521
    endloop
  endfacet
  facet normal -0.0188023 0.286387 0.957929
    outer loop
      vertex -18.5082 12.1644 22.5
      vertex -42.2809 28.5188 17.144
      vertex -42.6131 28.0073 17.2904
    endloop
  endfacet
  facet normal -0.0190686 0.286029 0.958031
    outer loop
      vertex -42.0532 28.844 17.0513
      vertex -17.8102 12.2102 22.5
      vertex -17.8027 12.2107 22.5
    endloop
  endfacet
  facet normal -0.0227387 0.281128 0.959401
    outer loop
      vertex -17.8102 12.2102 22.5
      vertex -42.0532 28.844 17.0513
      vertex -42.0553 28.8411 17.0521
    endloop
  endfacet
  facet normal -0.0906511 0.183913 0.978753
    outer loop
      vertex -42.6158 28.0031 17.291
      vertex -19.1418 11.8521 22.5
      vertex -18.5149 12.1611 22.5
    endloop
  endfacet
  facet normal -0.0906686 0.183889 0.978756
    outer loop
      vertex -43.2505 27.0259 17.4158
      vertex -19.1418 11.8521 22.5
      vertex -42.6158 28.0031 17.291
    endloop
  endfacet
  facet normal -0.0907656 0.183741 0.978775
    outer loop
      vertex -19.1418 11.8521 22.5
      vertex -43.2505 27.0259 17.4158
      vertex -43.3583 26.8464 17.4395
    endloop
  endfacet
  facet normal -0.0906132 0.183972 0.978746
    outer loop
      vertex -42.6131 28.0073 17.2904
      vertex -18.5149 12.1611 22.5
      vertex -18.5082 12.1644 22.5
    endloop
  endfacet
  facet normal -0.0839869 0.193631 0.977473
    outer loop
      vertex -18.5149 12.1611 22.5
      vertex -42.6131 28.0073 17.2904
      vertex -42.6158 28.0031 17.291
    endloop
  endfacet
  facet normal -0.133321 0.11683 0.984163
    outer loop
      vertex -43.3613 26.8414 17.4397
      vertex -19.4811 11.4649 22.5
      vertex -19.1467 11.8465 22.5
    endloop
  endfacet
  facet normal -0.133302 0.116859 0.984162
    outer loop
      vertex -19.4811 11.4649 22.5
      vertex -43.3613 26.8414 17.4397
      vertex -43.9484 25.8643 17.4762
    endloop
  endfacet
  facet normal -0.133392 0.116718 0.984167
    outer loop
      vertex -43.3583 26.8464 17.4395
      vertex -19.1467 11.8465 22.5
      vertex -19.1418 11.8521 22.5
    endloop
  endfacet
  facet normal -0.13217 0.118666 0.984098
    outer loop
      vertex -19.1467 11.8465 22.5
      vertex -43.3583 26.8464 17.4395
      vertex -43.3613 26.8414 17.4397
    endloop
  endfacet
  facet normal -0.167855 0.057017 0.984162
    outer loop
      vertex -44.9259 24.1315 17.4396
      vertex -19.6693 11.1386 22.5
      vertex -44.3733 25.1283 17.4761
    endloop
  endfacet
  facet normal -0.167862 0.0570025 0.984161
    outer loop
      vertex -19.6693 11.1386 22.5
      vertex -44.9259 24.1315 17.4396
      vertex -19.8324 10.6583 22.5
    endloop
  endfacet
  facet normal -0.170217 0.0525571 0.984004
    outer loop
      vertex -44.9286 24.1265 17.4394
      vertex -19.8324 10.6583 22.5
      vertex -44.9259 24.1315 17.4396
    endloop
  endfacet
  facet normal -0.16798 0.0567819 0.984154
    outer loop
      vertex -19.8324 10.6583 22.5
      vertex -44.9286 24.1265 17.4394
      vertex -19.8348 10.6512 22.5
    endloop
  endfacet
  facet normal -0.204436 -0.0131202 0.978792
    outer loop
      vertex -45.0303 23.9431 17.4157
      vertex -19.8348 10.6512 22.5
      vertex -44.9286 24.1265 17.4394
    endloop
  endfacet
  facet normal -0.204614 -0.0134738 0.97875
    outer loop
      vertex -45.5598 22.904 17.2907
      vertex -19.8348 10.6512 22.5
      vertex -45.0303 23.9431 17.4157
    endloop
  endfacet
  facet normal -0.204592 -0.0134253 0.978755
    outer loop
      vertex -19.8348 10.6512 22.5
      vertex -45.5598 22.904 17.2907
      vertex -19.789 9.95324 22.5
    endloop
  endfacet
  facet normal -0.202784 -0.00965848 0.979176
    outer loop
      vertex -45.562 22.8995 17.2902
      vertex -19.789 9.95324 22.5
      vertex -45.5598 22.904 17.2907
    endloop
  endfacet
  facet normal -0.204688 -0.0136277 0.978732
    outer loop
      vertex -19.789 9.95324 22.5
      vertex -45.562 22.8995 17.2902
      vertex -19.7885 9.94573 22.5
    endloop
  endfacet
  facet normal -0.257365 -0.126791 0.95796
    outer loop
      vertex -45.8385 22.3569 17.1441
      vertex -19.7885 9.94573 22.5
      vertex -45.562 22.8995 17.2902
    endloop
  endfacet
  facet normal -0.257429 -0.126941 0.957923
    outer loop
      vertex -46.0049 22.0001 17.0521
      vertex -19.7885 9.94573 22.5
      vertex -45.8385 22.3569 17.1441
    endloop
  endfacet
  facet normal -0.257405 -0.126881 0.957937
    outer loop
      vertex -19.7885 9.94573 22.5
      vertex -46.0049 22.0001 17.0521
      vertex -19.4795 9.31886 22.5
    endloop
  endfacet
  facet normal -0.254671 -0.120496 0.959491
    outer loop
      vertex -46.0064 21.9969 17.0513
      vertex -19.4795 9.31886 22.5
      vertex -46.0049 22.0001 17.0521
    endloop
  endfacet
  facet normal -0.256943 -0.125803 0.958204
    outer loop
      vertex -19.4795 9.31886 22.5
      vertex -46.0064 21.9969 17.0513
      vertex -19.4762 9.31212 22.5
    endloop
  endfacet
  facet normal -0.372762 -0.425396 0.824674
    outer loop
      vertex -46.2025 21.5763 16.7457
      vertex -19.4762 9.31212 22.5
      vertex -46.0064 21.9969 17.0513
    endloop
  endfacet
  facet normal -0.372714 -0.425245 0.824773
    outer loop
      vertex -19.4762 9.31212 22.5
      vertex -46.2025 21.5763 16.7457
      vertex -18.9505 8.85136 22.5
    endloop
  endfacet
  facet normal -0.368173 -0.411455 0.833759
    outer loop
      vertex -46.2032 21.5749 16.7447
      vertex -18.9505 8.85136 22.5
      vertex -46.2025 21.5763 16.7457
    endloop
  endfacet
  facet normal -0.370843 -0.419539 0.82853
    outer loop
      vertex -18.9505 8.85136 22.5
      vertex -46.2032 21.5749 16.7447
      vertex -18.9449 8.84641 22.5
    endloop
  endfacet
  facet normal -0.456049 -0.806698 0.375842
    outer loop
      vertex -46.5908 20.7436 14.4901
      vertex -18.9449 8.84641 22.5
      vertex -46.2032 21.5749 16.7447
    endloop
  endfacet
  facet normal -0.456051 -0.806686 0.375865
    outer loop
      vertex -47.2864 19.1049 10.1291
      vertex -18.9449 8.84641 22.5
      vertex -46.5908 20.7436 14.4901
    endloop
  endfacet
  facet normal -0.456045 -0.806702 0.375839
    outer loop
      vertex -47.6029 18.2805 7.97556
      vertex -18.9449 8.84641 22.5
      vertex -47.2864 19.1049 10.1291
    endloop
  endfacet
  facet normal -0.456047 -0.806699 0.375844
    outer loop
      vertex -18.9449 8.84641 22.5
      vertex -47.6029 18.2805 7.97556
      vertex -10.3641 3.99547 22.5
    endloop
  endfacet
  facet normal -0.455911 -0.807139 0.375063
    outer loop
      vertex -47.6048 18.2753 7.96206
      vertex -10.3641 3.99547 22.5
      vertex -47.6029 18.2805 7.97556
    endloop
  endfacet
  facet normal -0.4561 -0.806528 0.376146
    outer loop
      vertex -10.3641 3.99547 22.5
      vertex -47.6048 18.2753 7.96206
      vertex -10.2719 3.94333 22.5
    endloop
  endfacet
  facet normal -0.31929 -0.94146 -0.108196
    outer loop
      vertex -47.5579 18.3976 6.75947
      vertex -10.2719 3.94333 22.5
      vertex -47.6048 18.2753 7.96206
    endloop
  endfacet
  facet normal -0.319264 -0.941462 -0.108259
    outer loop
      vertex -10.2719 3.94333 22.5
      vertex -47.5579 18.3976 6.75947
      vertex -9.64294 3.73004 22.5
    endloop
  endfacet
  facet normal -0.302011 -0.941459 -0.149816
    outer loop
      vertex -47.5578 18.3977 6.75864
      vertex -9.64294 3.73004 22.5
      vertex -47.5579 18.3976 6.75947
    endloop
  endfacet
  facet normal -0.318933 -0.94148 -0.109075
    outer loop
      vertex -9.64294 3.73004 22.5
      vertex -47.5578 18.3977 6.75864
      vertex -9.63618 3.72775 22.5
    endloop
  endfacet
  facet normal 0.0439023 -0.675914 -0.735672
    outer loop
      vertex -9.63618 3.72775 22.5
      vertex -47.004 19.7701 5.53077
      vertex -8.97308 3.77082 22.5
    endloop
  endfacet
  facet normal 0.0439126 -0.675902 -0.735683
    outer loop
      vertex -9.63618 3.72775 22.5
      vertex -47.2864 19.1049 6.12506
      vertex -47.004 19.7701 5.53077
    endloop
  endfacet
  facet normal 0.0438944 -0.675925 -0.735662
    outer loop
      vertex -47.2864 19.1049 6.12506
      vertex -9.63618 3.72775 22.5
      vertex -47.5578 18.3977 6.75864
    endloop
  endfacet
  facet normal 0.0436292 -0.676252 -0.735377
    outer loop
      vertex -8.97308 3.77082 22.5
      vertex -47.0037 19.7708 5.53012
      vertex -8.96595 3.77128 22.5
    endloop
  endfacet
  facet normal 0.0341255 -0.687869 -0.725032
    outer loop
      vertex -47.0037 19.7708 5.53012
      vertex -8.97308 3.77082 22.5
      vertex -47.004 19.7701 5.53077
    endloop
  endfacet
  facet normal 0.160714 -0.238978 0.957633
    outer loop
      vertex 50.9077 -2.94787 17.2905
      vertex 50.8416 -3.94804 17.052
      vertex 50.8758 -3.55758 17.1437
    endloop
  endfacet
  facet normal 0.159444 -0.238947 0.957853
    outer loop
      vertex 22.1108 -1.28036 22.5
      vertex 50.8416 -3.94804 17.052
      vertex 50.9077 -2.94787 17.2905
    endloop
  endfacet
  facet normal 0.159453 -0.238878 0.957868
    outer loop
      vertex 50.8416 -3.94804 17.052
      vertex 22.1108 -1.28036 22.5
      vertex 21.5291 -1.66865 22.5
    endloop
  endfacet
  facet normal 0.160235 -0.232349 0.959343
    outer loop
      vertex 21.5291 -1.66865 22.5
      vertex 50.8413 -3.95155 17.0512
      vertex 50.8416 -3.94804 17.052
    endloop
  endfacet
  facet normal 0.159246 -0.240588 0.957475
    outer loop
      vertex 50.8413 -3.95155 17.0512
      vertex 21.5291 -1.66865 22.5
      vertex 21.5228 -1.67282 22.5
    endloop
  endfacet
  facet normal 0.170469 -0.113897 0.978758
    outer loop
      vertex 22.5033 -0.693036 22.5
      vertex 50.9689 -1.77987 17.4157
      vertex 50.9726 -1.56981 17.4395
    endloop
  endfacet
  facet normal 0.170471 -0.113869 0.978761
    outer loop
      vertex 50.9689 -1.77987 17.4157
      vertex 22.5033 -0.693036 22.5
      vertex 50.908 -2.9429 17.291
    endloop
  endfacet
  facet normal 0.170467 -0.113914 0.978757
    outer loop
      vertex 50.908 -2.9429 17.291
      vertex 22.5033 -0.693036 22.5
      vertex 22.115 -1.27411 22.5
    endloop
  endfacet
  facet normal 0.170854 -0.108831 0.979268
    outer loop
      vertex 22.115 -1.27411 22.5
      vertex 50.9077 -2.94787 17.2905
      vertex 50.908 -2.9429 17.291
    endloop
  endfacet
  facet normal 0.170419 -0.114522 0.978694
    outer loop
      vertex 50.9077 -2.94787 17.2905
      vertex 22.115 -1.27411 22.5
      vertex 22.1108 -1.28036 22.5
    endloop
  endfacet
  facet normal 0.173869 -0.0346589 0.984159
    outer loop
      vertex 22.6039 -0.188367 22.5
      vertex 50.9727 -1.56406 17.4397
      vertex 50.9926 -0.424952 17.4763
    endloop
  endfacet
  facet normal 0.17387 -0.034648 0.984159
    outer loop
      vertex 50.9727 -1.56406 17.4397
      vertex 22.6039 -0.188367 22.5
      vertex 22.5048 -0.685668 22.5
    endloop
  endfacet
  facet normal 0.173775 -0.0372511 0.984081
    outer loop
      vertex 22.5048 -0.685668 22.5
      vertex 50.9726 -1.56981 17.4395
      vertex 50.9727 -1.56406 17.4397
    endloop
  endfacet
  facet normal 0.173843 -0.0353915 0.984137
    outer loop
      vertex 50.9726 -1.56981 17.4395
      vertex 22.5048 -0.685668 22.5
      vertex 22.5033 -0.693036 22.5
    endloop
  endfacet
  facet normal 0.173869 0.0346589 0.984159
    outer loop
      vertex 50.9727 1.56406 17.4397
      vertex 22.6039 0.188367 22.5
      vertex 50.9926 0.424952 17.4763
    endloop
  endfacet
  facet normal 0.17387 0.034648 0.984159
    outer loop
      vertex 22.6039 0.188367 22.5
      vertex 50.9727 1.56406 17.4397
      vertex 22.5048 0.685668 22.5
    endloop
  endfacet
  facet normal 0.173775 0.0372511 0.984081
    outer loop
      vertex 50.9726 1.56981 17.4395
      vertex 22.5048 0.685668 22.5
      vertex 50.9727 1.56406 17.4397
    endloop
  endfacet
  facet normal 0.173843 0.0353915 0.984137
    outer loop
      vertex 22.5048 0.685668 22.5
      vertex 50.9726 1.56981 17.4395
      vertex 22.5033 0.693036 22.5
    endloop
  endfacet
  facet normal 0.170471 0.113869 0.978761
    outer loop
      vertex 22.5033 0.693036 22.5
      vertex 50.9689 1.77987 17.4157
      vertex 50.908 2.9429 17.291
    endloop
  endfacet
  facet normal 0.170469 0.113897 0.978758
    outer loop
      vertex 50.9689 1.77987 17.4157
      vertex 22.5033 0.693036 22.5
      vertex 50.9726 1.56981 17.4395
    endloop
  endfacet
  facet normal 0.170467 0.113914 0.978757
    outer loop
      vertex 22.5033 0.693036 22.5
      vertex 50.908 2.9429 17.291
      vertex 22.115 1.27411 22.5
    endloop
  endfacet
  facet normal 0.170854 0.108831 0.979268
    outer loop
      vertex 50.9077 2.94787 17.2905
      vertex 22.115 1.27411 22.5
      vertex 50.908 2.9429 17.291
    endloop
  endfacet
  facet normal 0.170419 0.114522 0.978694
    outer loop
      vertex 22.115 1.27411 22.5
      vertex 50.9077 2.94787 17.2905
      vertex 22.1108 1.28036 22.5
    endloop
  endfacet
  facet normal 0.160714 0.238978 0.957633
    outer loop
      vertex 50.8416 3.94804 17.052
      vertex 50.9077 2.94787 17.2905
      vertex 50.8758 3.55758 17.1437
    endloop
  endfacet
  facet normal 0.159444 0.238947 0.957853
    outer loop
      vertex 50.8416 3.94804 17.052
      vertex 22.1108 1.28036 22.5
      vertex 50.9077 2.94787 17.2905
    endloop
  endfacet
  facet normal 0.159453 0.238878 0.957868
    outer loop
      vertex 22.1108 1.28036 22.5
      vertex 50.8416 3.94804 17.052
      vertex 21.5291 1.66865 22.5
    endloop
  endfacet
  facet normal 0.160235 0.232349 0.959343
    outer loop
      vertex 50.8413 3.95155 17.0512
      vertex 21.5291 1.66865 22.5
      vertex 50.8416 3.94804 17.052
    endloop
  endfacet
  facet normal 0.159246 0.240588 0.957475
    outer loop
      vertex 21.5291 1.66865 22.5
      vertex 50.8413 3.95155 17.0512
      vertex 21.5228 1.67282 22.5
    endloop
  endfacet
  facet normal 0.110391 0.553538 0.825475
    outer loop
      vertex 50.8007 4.41523 16.7457
      vertex 21.5228 1.67282 22.5
      vertex 50.8413 3.95155 17.0512
    endloop
  endfacet
  facet normal 0.110392 0.553533 0.825479
    outer loop
      vertex 21.5228 1.67282 22.5
      vertex 50.8007 4.41523 16.7457
      vertex 20.8372 1.80955 22.5
    endloop
  endfacet
  facet normal 0.104695 0.58005 0.807825
    outer loop
      vertex 50.8006 4.41678 16.7446
      vertex 20.8372 1.80955 22.5
      vertex 50.8007 4.41523 16.7457
    endloop
  endfacet
  facet normal 0.11017 0.554596 0.824794
    outer loop
      vertex 20.8372 1.80955 22.5
      vertex 50.8006 4.41678 16.7446
      vertex 20.8298 1.81102 22.5
    endloop
  endfacet
  facet normal -0.0084175 0.926692 0.375727
    outer loop
      vertex 50.7206 5.33095 14.4881
      vertex 20.8298 1.81102 22.5
      vertex 50.8006 4.41678 16.7446
    endloop
  endfacet
  facet normal -0.00842004 0.926695 0.375719
    outer loop
      vertex 50.5037 7.09783 10.1253
      vertex 20.8298 1.81102 22.5
      vertex 50.7206 5.33095 14.4881
    endloop
  endfacet
  facet normal -0.0084207 0.926696 0.375717
    outer loop
      vertex 50.3658 7.96813 7.97564
      vertex 20.8298 1.81102 22.5
      vertex 50.5037 7.09783 10.1253
    endloop
  endfacet
  facet normal -0.0084204 0.926696 0.375718
    outer loop
      vertex 20.8298 1.81102 22.5
      vertex 50.3658 7.96813 7.97564
      vertex 10.9734 1.72146 22.5
    endloop
  endfacet
  facet normal -0.00832419 0.926606 0.37594
    outer loop
      vertex 50.365 7.9736 7.96214
      vertex 10.9734 1.72146 22.5
      vertex 50.3658 7.96813 7.97564
    endloop
  endfacet
  facet normal -0.00840047 0.926677 0.375764
    outer loop
      vertex 10.9734 1.72146 22.5
      vertex 50.365 7.9736 7.96214
      vertex 10.8675 1.7205 22.5
    endloop
  endfacet
  facet normal -0.194364 0.974884 -0.108739
    outer loop
      vertex 50.3856 7.84353 6.75919
      vertex 10.8675 1.7205 22.5
      vertex 50.365 7.9736 7.96214
    endloop
  endfacet
  facet normal -0.194363 0.974884 -0.108738
    outer loop
      vertex 10.8675 1.7205 22.5
      vertex 50.3856 7.84353 6.75919
      vertex 10.216 1.59061 22.5
    endloop
  endfacet
  facet normal -0.193284 0.975425 -0.105769
    outer loop
      vertex 50.3856 7.84344 6.75836
      vertex 10.216 1.59061 22.5
      vertex 50.3856 7.84353 6.75919
    endloop
  endfacet
  facet normal -0.193655 0.97524 -0.106789
    outer loop
      vertex 10.216 1.59061 22.5
      vertex 50.3856 7.84344 6.75836
      vertex 10.209 1.58922 22.5
    endloop
  endfacet
  facet normal -0.375901 0.562725 -0.736233
    outer loop
      vertex 50.5923 6.37599 5.53121
      vertex 50.3856 7.84344 6.75836
      vertex 50.5037 7.09783 6.12817
    endloop
  endfacet
  facet normal -0.376042 0.562676 -0.736199
    outer loop
      vertex 50.5923 6.37599 5.53121
      vertex 10.209 1.58922 22.5
      vertex 50.3856 7.84344 6.75836
    endloop
  endfacet
  facet normal -0.376043 0.562669 -0.736204
    outer loop
      vertex 10.209 1.58922 22.5
      vertex 50.5923 6.37599 5.53121
      vertex 9.65663 1.22006 22.5
    endloop
  endfacet
  facet normal -0.376734 0.558238 -0.739217
    outer loop
      vertex 50.5924 6.37521 5.53057
      vertex 9.65663 1.22006 22.5
      vertex 50.5923 6.37599 5.53121
    endloop
  endfacet
  facet normal -0.375865 0.563797 -0.735431
    outer loop
      vertex 9.65663 1.22006 22.5
      vertex 50.5924 6.37521 5.53057
      vertex 9.65069 1.2161 22.5
    endloop
  endfacet
  facet normal -0.397404 0.26593 -0.878266
    outer loop
      vertex 48.7082 3.45851 5.5
      vertex 50.5924 6.37521 5.53057
      vertex 50.6029 6.28994 5.5
    endloop
  endfacet
  facet normal -0.397512 0.265999 -0.878197
    outer loop
      vertex 48.7082 3.45851 5.5
      vertex 9.65069 1.2161 22.5
      vertex 50.5924 6.37521 5.53057
    endloop
  endfacet
  facet normal -0.397512 0.265989 -0.878199
    outer loop
      vertex 9.65069 1.2161 22.5
      vertex 48.7082 3.45851 5.5
      vertex 9.28154 0.664417 22.5
    endloop
  endfacet
  facet normal -0.3983 0.248938 -0.882829
    outer loop
      vertex 48.7073 3.45707 5.5
      vertex 9.28154 0.664417 22.5
      vertex 48.7082 3.45851 5.5
    endloop
  endfacet
  facet normal -0.397503 0.266164 -0.87815
    outer loop
      vertex 9.28154 0.664417 22.5
      vertex 48.7073 3.45707 5.5
      vertex 9.27757 0.658488 22.5
    endloop
  endfacet
  facet normal -0.399408 0.0792094 -0.913345
    outer loop
      vertex 48.1012 0.400855 5.5
      vertex 9.27757 0.658488 22.5
      vertex 48.7073 3.45707 5.5
    endloop
  endfacet
  facet normal -0.399408 0.0792102 -0.913345
    outer loop
      vertex 9.27757 0.658488 22.5
      vertex 48.1012 0.400855 5.5
      vertex 9.16212 0.0763458 22.5
    endloop
  endfacet
  facet normal -0.399408 -0.0792094 -0.913345
    outer loop
      vertex 9.27757 -0.658488 22.5
      vertex 48.1012 -0.400855 5.5
      vertex 48.7073 -3.45707 5.5
    endloop
  endfacet
  facet normal -0.399408 -0.0792102 -0.913345
    outer loop
      vertex 48.1012 -0.400855 5.5
      vertex 9.27757 -0.658488 22.5
      vertex 9.16212 -0.0763458 22.5
    endloop
  endfacet
  facet normal -0.397404 -0.26593 -0.878266
    outer loop
      vertex 50.5924 -6.37521 5.53057
      vertex 48.7082 -3.45851 5.5
      vertex 50.6029 -6.28994 5.5
    endloop
  endfacet
  facet normal -0.397512 -0.265999 -0.878197
    outer loop
      vertex 9.65069 -1.2161 22.5
      vertex 48.7082 -3.45851 5.5
      vertex 50.5924 -6.37521 5.53057
    endloop
  endfacet
  facet normal -0.397512 -0.265989 -0.878199
    outer loop
      vertex 48.7082 -3.45851 5.5
      vertex 9.65069 -1.2161 22.5
      vertex 9.28154 -0.664417 22.5
    endloop
  endfacet
  facet normal -0.3983 -0.248938 -0.882829
    outer loop
      vertex 9.28154 -0.664417 22.5
      vertex 48.7073 -3.45707 5.5
      vertex 48.7082 -3.45851 5.5
    endloop
  endfacet
  facet normal -0.397503 -0.266164 -0.87815
    outer loop
      vertex 48.7073 -3.45707 5.5
      vertex 9.28154 -0.664417 22.5
      vertex 9.27757 -0.658488 22.5
    endloop
  endfacet
  facet normal -0.375901 -0.562725 -0.736233
    outer loop
      vertex 50.3856 -7.84344 6.75836
      vertex 50.5923 -6.37599 5.53121
      vertex 50.5037 -7.09783 6.12817
    endloop
  endfacet
  facet normal -0.376042 -0.562676 -0.736199
    outer loop
      vertex 10.209 -1.58922 22.5
      vertex 50.5923 -6.37599 5.53121
      vertex 50.3856 -7.84344 6.75836
    endloop
  endfacet
  facet normal -0.376043 -0.562669 -0.736204
    outer loop
      vertex 50.5923 -6.37599 5.53121
      vertex 10.209 -1.58922 22.5
      vertex 9.65663 -1.22006 22.5
    endloop
  endfacet
  facet normal -0.376734 -0.558238 -0.739217
    outer loop
      vertex 9.65663 -1.22006 22.5
      vertex 50.5924 -6.37521 5.53057
      vertex 50.5923 -6.37599 5.53121
    endloop
  endfacet
  facet normal -0.375865 -0.563797 -0.735431
    outer loop
      vertex 50.5924 -6.37521 5.53057
      vertex 9.65663 -1.22006 22.5
      vertex 9.65069 -1.2161 22.5
    endloop
  endfacet
  facet normal -0.194363 -0.974884 -0.108738
    outer loop
      vertex 50.3856 -7.84353 6.75919
      vertex 10.8675 -1.7205 22.5
      vertex 10.216 -1.59061 22.5
    endloop
  endfacet
  facet normal -0.194364 -0.974884 -0.108739
    outer loop
      vertex 10.8675 -1.7205 22.5
      vertex 50.3856 -7.84353 6.75919
      vertex 50.365 -7.9736 7.96214
    endloop
  endfacet
  facet normal -0.193655 -0.97524 -0.106789
    outer loop
      vertex 50.3856 -7.84344 6.75836
      vertex 10.216 -1.59061 22.5
      vertex 10.209 -1.58922 22.5
    endloop
  endfacet
  facet normal -0.193284 -0.975425 -0.105769
    outer loop
      vertex 10.216 -1.59061 22.5
      vertex 50.3856 -7.84344 6.75836
      vertex 50.3856 -7.84353 6.75919
    endloop
  endfacet
  facet normal -0.0084204 -0.926696 0.375718
    outer loop
      vertex 50.3658 -7.96813 7.97564
      vertex 20.8298 -1.81102 22.5
      vertex 10.9734 -1.72146 22.5
    endloop
  endfacet
  facet normal -0.0084175 -0.926692 0.375727
    outer loop
      vertex 20.8298 -1.81102 22.5
      vertex 50.7206 -5.33095 14.4881
      vertex 50.8006 -4.41678 16.7446
    endloop
  endfacet
  facet normal -0.00842004 -0.926695 0.375719
    outer loop
      vertex 20.8298 -1.81102 22.5
      vertex 50.5037 -7.09783 10.1253
      vertex 50.7206 -5.33095 14.4881
    endloop
  endfacet
  facet normal -0.0084207 -0.926696 0.375717
    outer loop
      vertex 20.8298 -1.81102 22.5
      vertex 50.3658 -7.96813 7.97564
      vertex 50.5037 -7.09783 10.1253
    endloop
  endfacet
  facet normal -0.00840047 -0.926677 0.375764
    outer loop
      vertex 50.365 -7.9736 7.96214
      vertex 10.9734 -1.72146 22.5
      vertex 10.8675 -1.7205 22.5
    endloop
  endfacet
  facet normal -0.00832419 -0.926606 0.37594
    outer loop
      vertex 10.9734 -1.72146 22.5
      vertex 50.365 -7.9736 7.96214
      vertex 50.3658 -7.96813 7.97564
    endloop
  endfacet
  facet normal 0.110391 -0.553538 0.825475
    outer loop
      vertex 21.5228 -1.67282 22.5
      vertex 50.8007 -4.41523 16.7457
      vertex 50.8413 -3.95155 17.0512
    endloop
  endfacet
  facet normal 0.110392 -0.553533 0.825479
    outer loop
      vertex 50.8007 -4.41523 16.7457
      vertex 21.5228 -1.67282 22.5
      vertex 20.8372 -1.80955 22.5
    endloop
  endfacet
  facet normal 0.104695 -0.58005 0.807825
    outer loop
      vertex 20.8372 -1.80955 22.5
      vertex 50.8006 -4.41678 16.7446
      vertex 50.8007 -4.41523 16.7457
    endloop
  endfacet
  facet normal 0.11017 -0.554596 0.824794
    outer loop
      vertex 50.8006 -4.41678 16.7446
      vertex 20.8372 -1.80955 22.5
      vertex 20.8298 -1.81102 22.5
    endloop
  endfacet
  facet normal 0.194364 -0.974884 -0.108739
    outer loop
      vertex -50.3856 -7.84353 6.75919
      vertex -10.8675 -1.7205 22.5
      vertex -50.365 -7.9736 7.96214
    endloop
  endfacet
  facet normal 0.194363 -0.974884 -0.108738
    outer loop
      vertex -10.8675 -1.7205 22.5
      vertex -50.3856 -7.84353 6.75919
      vertex -10.216 -1.59061 22.5
    endloop
  endfacet
  facet normal 0.193284 -0.975425 -0.105769
    outer loop
      vertex -50.3856 -7.84344 6.75836
      vertex -10.216 -1.59061 22.5
      vertex -50.3856 -7.84353 6.75919
    endloop
  endfacet
  facet normal 0.193655 -0.97524 -0.106789
    outer loop
      vertex -10.216 -1.59061 22.5
      vertex -50.3856 -7.84344 6.75836
      vertex -10.209 -1.58922 22.5
    endloop
  endfacet
  facet normal 0.376042 -0.562674 -0.7362
    outer loop
      vertex -50.5037 -7.09783 6.12817
      vertex -10.209 -1.58922 22.5
      vertex -50.3856 -7.84344 6.75836
    endloop
  endfacet
  facet normal 0.376041 -0.562678 -0.736198
    outer loop
      vertex -50.5923 -6.37599 5.53121
      vertex -10.209 -1.58922 22.5
      vertex -50.5037 -7.09783 6.12817
    endloop
  endfacet
  facet normal 0.376043 -0.562669 -0.736204
    outer loop
      vertex -10.209 -1.58922 22.5
      vertex -50.5923 -6.37599 5.53121
      vertex -9.65663 -1.22006 22.5
    endloop
  endfacet
  facet normal 0.376734 -0.558238 -0.739217
    outer loop
      vertex -50.5924 -6.37521 5.53057
      vertex -9.65663 -1.22006 22.5
      vertex -50.5923 -6.37599 5.53121
    endloop
  endfacet
  facet normal 0.375865 -0.563797 -0.735431
    outer loop
      vertex -9.65663 -1.22006 22.5
      vertex -50.5924 -6.37521 5.53057
      vertex -9.65069 -1.2161 22.5
    endloop
  endfacet
  facet normal 0.397512 -0.265989 -0.878199
    outer loop
      vertex -9.65069 -1.2161 22.5
      vertex -48.7082 -3.45851 5.5
      vertex -9.28154 -0.664417 22.5
    endloop
  endfacet
  facet normal 0.397512 -0.265999 -0.878197
    outer loop
      vertex -50.5924 -6.37521 5.53057
      vertex -48.7082 -3.45851 5.5
      vertex -9.65069 -1.2161 22.5
    endloop
  endfacet
  facet normal 0.397404 -0.26593 -0.878266
    outer loop
      vertex -48.7082 -3.45851 5.5
      vertex -50.5924 -6.37521 5.53057
      vertex -50.6029 -6.28994 5.5
    endloop
  endfacet
  facet normal 0.397503 -0.266164 -0.87815
    outer loop
      vertex -9.28154 -0.664417 22.5
      vertex -48.7073 -3.45707 5.5
      vertex -9.27757 -0.658488 22.5
    endloop
  endfacet
  facet normal 0.3983 -0.248938 -0.882829
    outer loop
      vertex -48.7073 -3.45707 5.5
      vertex -9.28154 -0.664417 22.5
      vertex -48.7082 -3.45851 5.5
    endloop
  endfacet
  facet normal 0.399408 -0.0792102 -0.913345
    outer loop
      vertex -9.27757 -0.658488 22.5
      vertex -48.1012 -0.400855 5.5
      vertex -9.16212 -0.0763458 22.5
    endloop
  endfacet
  facet normal 0.399408 -0.0792094 -0.913345
    outer loop
      vertex -48.1012 -0.400855 5.5
      vertex -9.27757 -0.658488 22.5
      vertex -48.7073 -3.45707 5.5
    endloop
  endfacet
  facet normal 0.399408 0.0792102 -0.913345
    outer loop
      vertex -48.1012 0.400855 5.5
      vertex -9.27757 0.658488 22.5
      vertex -9.16212 0.0763458 22.5
    endloop
  endfacet
  facet normal 0.399408 0.0792094 -0.913345
    outer loop
      vertex -9.27757 0.658488 22.5
      vertex -48.1012 0.400855 5.5
      vertex -48.7073 3.45707 5.5
    endloop
  endfacet
  facet normal 0.397512 0.265989 -0.878199
    outer loop
      vertex -48.7082 3.45851 5.5
      vertex -9.65069 1.2161 22.5
      vertex -9.28154 0.664417 22.5
    endloop
  endfacet
  facet normal 0.397512 0.265999 -0.878197
    outer loop
      vertex -48.7082 3.45851 5.5
      vertex -50.5924 6.37521 5.53057
      vertex -9.65069 1.2161 22.5
    endloop
  endfacet
  facet normal 0.397404 0.26593 -0.878266
    outer loop
      vertex -50.5924 6.37521 5.53057
      vertex -48.7082 3.45851 5.5
      vertex -50.6029 6.28994 5.5
    endloop
  endfacet
  facet normal 0.397503 0.266164 -0.87815
    outer loop
      vertex -48.7073 3.45707 5.5
      vertex -9.28154 0.664417 22.5
      vertex -9.27757 0.658488 22.5
    endloop
  endfacet
  facet normal 0.3983 0.248938 -0.882829
    outer loop
      vertex -9.28154 0.664417 22.5
      vertex -48.7073 3.45707 5.5
      vertex -48.7082 3.45851 5.5
    endloop
  endfacet
  facet normal 0.376043 0.562669 -0.736204
    outer loop
      vertex -50.5923 6.37599 5.53121
      vertex -10.209 1.58922 22.5
      vertex -9.65663 1.22006 22.5
    endloop
  endfacet
  facet normal 0.376042 0.562674 -0.7362
    outer loop
      vertex -10.209 1.58922 22.5
      vertex -50.5037 7.09783 6.12817
      vertex -50.3856 7.84344 6.75836
    endloop
  endfacet
  facet normal 0.376041 0.562678 -0.736198
    outer loop
      vertex -10.209 1.58922 22.5
      vertex -50.5923 6.37599 5.53121
      vertex -50.5037 7.09783 6.12817
    endloop
  endfacet
  facet normal 0.375865 0.563797 -0.735431
    outer loop
      vertex -50.5924 6.37521 5.53057
      vertex -9.65663 1.22006 22.5
      vertex -9.65069 1.2161 22.5
    endloop
  endfacet
  facet normal 0.376734 0.558238 -0.739217
    outer loop
      vertex -9.65663 1.22006 22.5
      vertex -50.5924 6.37521 5.53057
      vertex -50.5923 6.37599 5.53121
    endloop
  endfacet
  facet normal 0.194363 0.974884 -0.108738
    outer loop
      vertex -50.3856 7.84353 6.75919
      vertex -10.8675 1.7205 22.5
      vertex -10.216 1.59061 22.5
    endloop
  endfacet
  facet normal 0.194364 0.974884 -0.108739
    outer loop
      vertex -10.8675 1.7205 22.5
      vertex -50.3856 7.84353 6.75919
      vertex -50.365 7.9736 7.96214
    endloop
  endfacet
  facet normal 0.193655 0.97524 -0.106789
    outer loop
      vertex -50.3856 7.84344 6.75836
      vertex -10.216 1.59061 22.5
      vertex -10.209 1.58922 22.5
    endloop
  endfacet
  facet normal 0.193284 0.975425 -0.105769
    outer loop
      vertex -10.216 1.59061 22.5
      vertex -50.3856 7.84344 6.75836
      vertex -50.3856 7.84353 6.75919
    endloop
  endfacet
  facet normal 0.0084204 0.926696 0.375718
    outer loop
      vertex -50.3658 7.96813 7.97564
      vertex -20.8298 1.81102 22.5
      vertex -10.9734 1.72146 22.5
    endloop
  endfacet
  facet normal 0.0084175 0.926692 0.375727
    outer loop
      vertex -20.8298 1.81102 22.5
      vertex -50.7206 5.33095 14.4881
      vertex -50.8006 4.41678 16.7446
    endloop
  endfacet
  facet normal 0.00842004 0.926695 0.375719
    outer loop
      vertex -20.8298 1.81102 22.5
      vertex -50.5037 7.09783 10.1253
      vertex -50.7206 5.33095 14.4881
    endloop
  endfacet
  facet normal 0.0084207 0.926696 0.375717
    outer loop
      vertex -20.8298 1.81102 22.5
      vertex -50.3658 7.96813 7.97564
      vertex -50.5037 7.09783 10.1253
    endloop
  endfacet
  facet normal 0.00840047 0.926677 0.375764
    outer loop
      vertex -50.365 7.9736 7.96214
      vertex -10.9734 1.72146 22.5
      vertex -10.8675 1.7205 22.5
    endloop
  endfacet
  facet normal 0.00832419 0.926606 0.37594
    outer loop
      vertex -10.9734 1.72146 22.5
      vertex -50.365 7.9736 7.96214
      vertex -50.3658 7.96813 7.97564
    endloop
  endfacet
  facet normal -0.110392 0.553533 0.825479
    outer loop
      vertex -50.8007 4.41523 16.7457
      vertex -21.5228 1.67282 22.5
      vertex -20.8372 1.80955 22.5
    endloop
  endfacet
  facet normal -0.110391 0.553538 0.825475
    outer loop
      vertex -21.5228 1.67282 22.5
      vertex -50.8007 4.41523 16.7457
      vertex -50.8413 3.95155 17.0512
    endloop
  endfacet
  facet normal -0.11017 0.554596 0.824794
    outer loop
      vertex -50.8006 4.41678 16.7446
      vertex -20.8372 1.80955 22.5
      vertex -20.8298 1.81102 22.5
    endloop
  endfacet
  facet normal -0.104695 0.58005 0.807825
    outer loop
      vertex -20.8372 1.80955 22.5
      vertex -50.8006 4.41678 16.7446
      vertex -50.8007 4.41523 16.7457
    endloop
  endfacet
  facet normal -0.159453 0.238878 0.957868
    outer loop
      vertex -50.8416 3.94804 17.052
      vertex -22.1108 1.28036 22.5
      vertex -21.5291 1.66865 22.5
    endloop
  endfacet
  facet normal -0.159447 0.23892 0.957859
    outer loop
      vertex -50.8758 3.55758 17.1437
      vertex -22.1108 1.28036 22.5
      vertex -50.8416 3.94804 17.052
    endloop
  endfacet
  facet normal -0.159442 0.238963 0.957849
    outer loop
      vertex -22.1108 1.28036 22.5
      vertex -50.8758 3.55758 17.1437
      vertex -50.9077 2.94787 17.2905
    endloop
  endfacet
  facet normal -0.159246 0.240588 0.957475
    outer loop
      vertex -50.8413 3.95155 17.0512
      vertex -21.5291 1.66865 22.5
      vertex -21.5228 1.67282 22.5
    endloop
  endfacet
  facet normal -0.160235 0.232349 0.959343
    outer loop
      vertex -21.5291 1.66865 22.5
      vertex -50.8413 3.95155 17.0512
      vertex -50.8416 3.94804 17.052
    endloop
  endfacet
  facet normal -0.170467 0.113914 0.978757
    outer loop
      vertex -50.908 2.9429 17.291
      vertex -22.5033 0.693036 22.5
      vertex -22.115 1.27411 22.5
    endloop
  endfacet
  facet normal -0.170471 0.113869 0.978761
    outer loop
      vertex -50.9689 1.77987 17.4157
      vertex -22.5033 0.693036 22.5
      vertex -50.908 2.9429 17.291
    endloop
  endfacet
  facet normal -0.170469 0.113897 0.978758
    outer loop
      vertex -22.5033 0.693036 22.5
      vertex -50.9689 1.77987 17.4157
      vertex -50.9726 1.56981 17.4395
    endloop
  endfacet
  facet normal -0.170419 0.114522 0.978694
    outer loop
      vertex -50.9077 2.94787 17.2905
      vertex -22.115 1.27411 22.5
      vertex -22.1108 1.28036 22.5
    endloop
  endfacet
  facet normal -0.170854 0.108831 0.979268
    outer loop
      vertex -22.115 1.27411 22.5
      vertex -50.9077 2.94787 17.2905
      vertex -50.908 2.9429 17.291
    endloop
  endfacet
  facet normal -0.17387 0.034648 0.984159
    outer loop
      vertex -50.9727 1.56406 17.4397
      vertex -22.6039 0.188367 22.5
      vertex -22.5048 0.685668 22.5
    endloop
  endfacet
  facet normal -0.173869 0.0346589 0.984159
    outer loop
      vertex -22.6039 0.188367 22.5
      vertex -50.9727 1.56406 17.4397
      vertex -50.9926 0.424952 17.4763
    endloop
  endfacet
  facet normal -0.173843 0.0353915 0.984137
    outer loop
      vertex -50.9726 1.56981 17.4395
      vertex -22.5048 0.685668 22.5
      vertex -22.5033 0.693036 22.5
    endloop
  endfacet
  facet normal -0.173775 0.0372511 0.984081
    outer loop
      vertex -22.5048 0.685668 22.5
      vertex -50.9726 1.56981 17.4395
      vertex -50.9727 1.56406 17.4397
    endloop
  endfacet
  facet normal -0.17387 -0.034648 0.984159
    outer loop
      vertex -22.6039 -0.188367 22.5
      vertex -50.9727 -1.56406 17.4397
      vertex -22.5048 -0.685668 22.5
    endloop
  endfacet
  facet normal -0.173869 -0.0346589 0.984159
    outer loop
      vertex -50.9727 -1.56406 17.4397
      vertex -22.6039 -0.188367 22.5
      vertex -50.9926 -0.424952 17.4763
    endloop
  endfacet
  facet normal -0.173843 -0.0353915 0.984137
    outer loop
      vertex -22.5048 -0.685668 22.5
      vertex -50.9726 -1.56981 17.4395
      vertex -22.5033 -0.693036 22.5
    endloop
  endfacet
  facet normal -0.173775 -0.0372511 0.984081
    outer loop
      vertex -50.9726 -1.56981 17.4395
      vertex -22.5048 -0.685668 22.5
      vertex -50.9727 -1.56406 17.4397
    endloop
  endfacet
  facet normal -0.170467 -0.113914 0.978757
    outer loop
      vertex -22.5033 -0.693036 22.5
      vertex -50.908 -2.9429 17.291
      vertex -22.115 -1.27411 22.5
    endloop
  endfacet
  facet normal -0.170471 -0.113869 0.978761
    outer loop
      vertex -22.5033 -0.693036 22.5
      vertex -50.9689 -1.77987 17.4157
      vertex -50.908 -2.9429 17.291
    endloop
  endfacet
  facet normal -0.170469 -0.113897 0.978758
    outer loop
      vertex -50.9689 -1.77987 17.4157
      vertex -22.5033 -0.693036 22.5
      vertex -50.9726 -1.56981 17.4395
    endloop
  endfacet
  facet normal -0.170419 -0.114522 0.978694
    outer loop
      vertex -22.115 -1.27411 22.5
      vertex -50.9077 -2.94787 17.2905
      vertex -22.1108 -1.28036 22.5
    endloop
  endfacet
  facet normal -0.170854 -0.108831 0.979268
    outer loop
      vertex -50.9077 -2.94787 17.2905
      vertex -22.115 -1.27411 22.5
      vertex -50.908 -2.9429 17.291
    endloop
  endfacet
  facet normal -0.159453 -0.238878 0.957868
    outer loop
      vertex -22.1108 -1.28036 22.5
      vertex -50.8416 -3.94804 17.052
      vertex -21.5291 -1.66865 22.5
    endloop
  endfacet
  facet normal -0.159447 -0.23892 0.957859
    outer loop
      vertex -22.1108 -1.28036 22.5
      vertex -50.8758 -3.55758 17.1437
      vertex -50.8416 -3.94804 17.052
    endloop
  endfacet
  facet normal -0.159442 -0.238963 0.957849
    outer loop
      vertex -50.8758 -3.55758 17.1437
      vertex -22.1108 -1.28036 22.5
      vertex -50.9077 -2.94787 17.2905
    endloop
  endfacet
  facet normal -0.159246 -0.240588 0.957475
    outer loop
      vertex -21.5291 -1.66865 22.5
      vertex -50.8413 -3.95155 17.0512
      vertex -21.5228 -1.67282 22.5
    endloop
  endfacet
  facet normal -0.160235 -0.232349 0.959343
    outer loop
      vertex -50.8413 -3.95155 17.0512
      vertex -21.5291 -1.66865 22.5
      vertex -50.8416 -3.94804 17.052
    endloop
  endfacet
  facet normal -0.110392 -0.553533 0.825479
    outer loop
      vertex -21.5228 -1.67282 22.5
      vertex -50.8007 -4.41523 16.7457
      vertex -20.8372 -1.80955 22.5
    endloop
  endfacet
  facet normal -0.110391 -0.553538 0.825475
    outer loop
      vertex -50.8007 -4.41523 16.7457
      vertex -21.5228 -1.67282 22.5
      vertex -50.8413 -3.95155 17.0512
    endloop
  endfacet
  facet normal -0.11017 -0.554596 0.824794
    outer loop
      vertex -20.8372 -1.80955 22.5
      vertex -50.8006 -4.41678 16.7446
      vertex -20.8298 -1.81102 22.5
    endloop
  endfacet
  facet normal -0.104695 -0.58005 0.807825
    outer loop
      vertex -50.8006 -4.41678 16.7446
      vertex -20.8372 -1.80955 22.5
      vertex -50.8007 -4.41523 16.7457
    endloop
  endfacet
  facet normal 0.0084175 -0.926692 0.375727
    outer loop
      vertex -50.7206 -5.33095 14.4881
      vertex -20.8298 -1.81102 22.5
      vertex -50.8006 -4.41678 16.7446
    endloop
  endfacet
  facet normal 0.00842004 -0.926695 0.375719
    outer loop
      vertex -50.5037 -7.09783 10.1253
      vertex -20.8298 -1.81102 22.5
      vertex -50.7206 -5.33095 14.4881
    endloop
  endfacet
  facet normal 0.0084207 -0.926696 0.375717
    outer loop
      vertex -50.3658 -7.96813 7.97564
      vertex -20.8298 -1.81102 22.5
      vertex -50.5037 -7.09783 10.1253
    endloop
  endfacet
  facet normal 0.0084204 -0.926696 0.375718
    outer loop
      vertex -20.8298 -1.81102 22.5
      vertex -50.3658 -7.96813 7.97564
      vertex -10.9734 -1.72146 22.5
    endloop
  endfacet
  facet normal 0.00832419 -0.926606 0.37594
    outer loop
      vertex -50.365 -7.9736 7.96214
      vertex -10.9734 -1.72146 22.5
      vertex -50.3658 -7.96813 7.97564
    endloop
  endfacet
  facet normal 0.00840047 -0.926677 0.375764
    outer loop
      vertex -10.9734 -1.72146 22.5
      vertex -50.365 -7.9736 7.96214
      vertex -10.8675 -1.7205 22.5
    endloop
  endfacet
  facet normal 0.470644 -0.798319 0.375742
    outer loop
      vertex -41.2599 -29.977 14.4905
      vertex -17.1331 -11.9834 22.5
      vertex -41.7857 -29.2261 16.7445
    endloop
  endfacet
  facet normal 0.470626 -0.798311 0.37578
    outer loop
      vertex -40.1885 -31.3987 10.1284
      vertex -17.1331 -11.9834 22.5
      vertex -41.2599 -29.977 14.4905
    endloop
  endfacet
  facet normal 0.470638 -0.798314 0.375759
    outer loop
      vertex -39.6333 -32.0844 7.97622
      vertex -17.1331 -11.9834 22.5
      vertex -40.1885 -31.3987 10.1284
    endloop
  endfacet
  facet normal 0.470635 -0.798313 0.375764
    outer loop
      vertex -17.1331 -11.9834 22.5
      vertex -39.6333 -32.0844 7.97622
      vertex -8.64262 -6.97795 22.5
    endloop
  endfacet
  facet normal 0.470379 -0.798255 0.376209
    outer loop
      vertex -39.6298 -32.0887 7.96272
      vertex -8.64262 -6.97795 22.5
      vertex -39.6333 -32.0844 7.97622
    endloop
  endfacet
  facet normal 0.470683 -0.798324 0.375681
    outer loop
      vertex -8.64262 -6.97795 22.5
      vertex -39.6298 -32.0887 7.96272
      vertex -8.55137 -6.92415 22.5
    endloop
  endfacet
  facet normal 0.655483 -0.74755 -0.107284
    outer loop
      vertex -39.7116 -31.9877 6.75918
      vertex -8.55137 -6.92415 22.5
      vertex -39.6298 -32.0887 7.96272
    endloop
  endfacet
  facet normal 0.655499 -0.747526 -0.107354
    outer loop
      vertex -8.55137 -6.92415 22.5
      vertex -39.7116 -31.9877 6.75918
      vertex -8.05165 -6.48595 22.5
    endloop
  endfacet
  facet normal 0.667663 -0.7253 -0.167827
    outer loop
      vertex -39.7117 -31.9876 6.75835
      vertex -8.05165 -6.48595 22.5
      vertex -39.7116 -31.9877 6.75918
    endloop
  endfacet
  facet normal 0.655564 -0.747427 -0.10765
    outer loop
      vertex -8.05165 -6.48595 22.5
      vertex -39.7117 -31.9876 6.75835
      vertex -8.04628 -6.48124 22.5
    endloop
  endfacet
  facet normal 0.607076 -0.299375 -0.736093
    outer loop
      vertex -40.1885 -31.3987 6.12561
      vertex -8.04628 -6.48124 22.5
      vertex -39.7117 -31.9876 6.75835
    endloop
  endfacet
  facet normal 0.607064 -0.299346 -0.736115
    outer loop
      vertex -40.6247 -30.82 5.53055
      vertex -8.04628 -6.48124 22.5
      vertex -40.1885 -31.3987 6.12561
    endloop
  endfacet
  facet normal 0.607071 -0.299365 -0.736101
    outer loop
      vertex -8.04628 -6.48124 22.5
      vertex -40.6247 -30.82 5.53055
      vertex -7.75232 -5.88513 22.5
    endloop
  endfacet
  facet normal 0.594678 -0.268182 -0.757916
    outer loop
      vertex -40.6252 -30.8193 5.52991
      vertex -7.75232 -5.88513 22.5
      vertex -40.6247 -30.82 5.53055
    endloop
  endfacet
  facet normal 0.607026 -0.299252 -0.736184
    outer loop
      vertex -7.75232 -5.88513 22.5
      vertex -40.6252 -30.8193 5.52991
      vertex -7.74916 -5.87872 22.5
    endloop
  endfacet
  facet normal 0.476936 -0.03101 -0.878391
    outer loop
      vertex -7.74916 -5.87872 22.5
      vertex -40.4547 -27.3499 5.5
      vertex -7.70609 -5.2163 22.5
    endloop
  endfacet
  facet normal 0.476937 -0.0310112 -0.87839
    outer loop
      vertex -40.6252 -30.8193 5.52991
      vertex -40.4547 -27.3499 5.5
      vertex -7.74916 -5.87872 22.5
    endloop
  endfacet
  facet normal 0.477007 -0.0310143 -0.878352
    outer loop
      vertex -40.4547 -27.3499 5.5
      vertex -40.6252 -30.8193 5.52991
      vertex -40.6759 -30.752 5.5
    endloop
  endfacet
  facet normal 0.476832 -0.0308066 -0.878454
    outer loop
      vertex -7.70609 -5.2163 22.5
      vertex -40.4546 -27.3482 5.5
      vertex -7.70563 -5.20918 22.5
    endloop
  endfacet
  facet normal 0.47537 -0.027963 -0.879341
    outer loop
      vertex -40.4546 -27.3482 5.5
      vertex -7.70609 -5.2163 22.5
      vertex -40.4547 -27.3499 5.5
    endloop
  endfacet
  facet normal 0.385681 0.130795 -0.913314
    outer loop
      vertex -41.4554 -24.3971 5.5
      vertex -7.70563 -5.20918 22.5
      vertex -40.4546 -27.3482 5.5
    endloop
  endfacet
  facet normal 0.385681 0.130795 -0.913314
    outer loop
      vertex -7.70563 -5.20918 22.5
      vertex -41.4554 -24.3971 5.5
      vertex -7.89626 -4.64706 22.5
    endloop
  endfacet
  facet normal 0.306185 0.268491 -0.913325
    outer loop
      vertex -41.8564 -23.7029 5.5
      vertex -8.36412 -4.0684 22.5
      vertex -7.97264 -4.51484 22.5
    endloop
  endfacet
  facet normal 0.306188 0.268486 -0.913326
    outer loop
      vertex -8.36412 -4.0684 22.5
      vertex -41.8564 -23.7029 5.5
      vertex -43.9116 -21.3591 5.5
    endloop
  endfacet
  facet normal 0.211594 0.428594 -0.878371
    outer loop
      vertex -43.9132 -21.3583 5.5
      vertex -8.96595 -3.77128 22.5
      vertex -8.37052 -4.06524 22.5
    endloop
  endfacet
  facet normal 0.211511 0.428432 -0.87847
    outer loop
      vertex -47.0037 -19.7708 5.53012
      vertex -43.9132 -21.3583 5.5
      vertex -46.9706 -19.8489 5.5
    endloop
  endfacet
  facet normal 0.211595 0.428592 -0.878371
    outer loop
      vertex -43.9132 -21.3583 5.5
      vertex -47.0037 -19.7708 5.53012
      vertex -8.96595 -3.77128 22.5
    endloop
  endfacet
  facet normal 0.211608 0.428572 -0.878378
    outer loop
      vertex -43.9116 -21.3591 5.5
      vertex -8.37052 -4.06524 22.5
      vertex -8.36412 -4.0684 22.5
    endloop
  endfacet
  facet normal 0.213116 0.426232 -0.879152
    outer loop
      vertex -8.37052 -4.06524 22.5
      vertex -43.9116 -21.3591 5.5
      vertex -43.9132 -21.3583 5.5
    endloop
  endfacet
  facet normal 0.0439023 0.675914 -0.735672
    outer loop
      vertex -47.004 -19.7701 5.53077
      vertex -9.63618 -3.72775 22.5
      vertex -8.97308 -3.77082 22.5
    endloop
  endfacet
  facet normal 0.0439126 0.675902 -0.735683
    outer loop
      vertex -47.2864 -19.1049 6.12506
      vertex -9.63618 -3.72775 22.5
      vertex -47.004 -19.7701 5.53077
    endloop
  endfacet
  facet normal 0.0438944 0.675925 -0.735662
    outer loop
      vertex -9.63618 -3.72775 22.5
      vertex -47.2864 -19.1049 6.12506
      vertex -47.5578 -18.3977 6.75864
    endloop
  endfacet
  facet normal 0.0436292 0.676252 -0.735377
    outer loop
      vertex -47.0037 -19.7708 5.53012
      vertex -8.97308 -3.77082 22.5
      vertex -8.96595 -3.77128 22.5
    endloop
  endfacet
  facet normal 0.0341255 0.687869 -0.725032
    outer loop
      vertex -8.97308 -3.77082 22.5
      vertex -47.0037 -19.7708 5.53012
      vertex -47.004 -19.7701 5.53077
    endloop
  endfacet
  facet normal -0.319264 0.941462 -0.108259
    outer loop
      vertex -47.5579 -18.3976 6.75947
      vertex -10.2719 -3.94333 22.5
      vertex -9.64294 -3.73004 22.5
    endloop
  endfacet
  facet normal -0.31929 0.94146 -0.108196
    outer loop
      vertex -10.2719 -3.94333 22.5
      vertex -47.5579 -18.3976 6.75947
      vertex -47.6048 -18.2753 7.96206
    endloop
  endfacet
  facet normal -0.318933 0.94148 -0.109075
    outer loop
      vertex -47.5578 -18.3977 6.75864
      vertex -9.64294 -3.73004 22.5
      vertex -9.63618 -3.72775 22.5
    endloop
  endfacet
  facet normal -0.302011 0.941459 -0.149816
    outer loop
      vertex -9.64294 -3.73004 22.5
      vertex -47.5578 -18.3977 6.75864
      vertex -47.5579 -18.3976 6.75947
    endloop
  endfacet
  facet normal -0.456047 0.806699 0.375844
    outer loop
      vertex -47.6029 -18.2805 7.97556
      vertex -18.9449 -8.84641 22.5
      vertex -10.3641 -3.99547 22.5
    endloop
  endfacet
  facet normal -0.456049 0.806698 0.375842
    outer loop
      vertex -18.9449 -8.84641 22.5
      vertex -46.5908 -20.7436 14.4901
      vertex -46.2032 -21.5749 16.7447
    endloop
  endfacet
  facet normal -0.456051 0.806686 0.375865
    outer loop
      vertex -18.9449 -8.84641 22.5
      vertex -47.2864 -19.1049 10.1291
      vertex -46.5908 -20.7436 14.4901
    endloop
  endfacet
  facet normal -0.456045 0.806702 0.375839
    outer loop
      vertex -18.9449 -8.84641 22.5
      vertex -47.6029 -18.2805 7.97556
      vertex -47.2864 -19.1049 10.1291
    endloop
  endfacet
  facet normal -0.4561 0.806528 0.376146
    outer loop
      vertex -47.6048 -18.2753 7.96206
      vertex -10.3641 -3.99547 22.5
      vertex -10.2719 -3.94333 22.5
    endloop
  endfacet
  facet normal -0.455911 0.807139 0.375063
    outer loop
      vertex -10.3641 -3.99547 22.5
      vertex -47.6048 -18.2753 7.96206
      vertex -47.6029 -18.2805 7.97556
    endloop
  endfacet
  facet normal -0.372714 0.425245 0.824773
    outer loop
      vertex -46.2025 -21.5763 16.7457
      vertex -19.4762 -9.31212 22.5
      vertex -18.9505 -8.85136 22.5
    endloop
  endfacet
  facet normal -0.372762 0.425396 0.824674
    outer loop
      vertex -19.4762 -9.31212 22.5
      vertex -46.2025 -21.5763 16.7457
      vertex -46.0064 -21.9969 17.0513
    endloop
  endfacet
  facet normal -0.370843 0.419539 0.82853
    outer loop
      vertex -46.2032 -21.5749 16.7447
      vertex -18.9505 -8.85136 22.5
      vertex -18.9449 -8.84641 22.5
    endloop
  endfacet
  facet normal -0.368173 0.411455 0.833759
    outer loop
      vertex -18.9505 -8.85136 22.5
      vertex -46.2032 -21.5749 16.7447
      vertex -46.2025 -21.5763 16.7457
    endloop
  endfacet
  facet normal -0.257405 0.126881 0.957937
    outer loop
      vertex -46.0049 -22.0001 17.0521
      vertex -19.7885 -9.94573 22.5
      vertex -19.4795 -9.31886 22.5
    endloop
  endfacet
  facet normal -0.257365 0.126791 0.95796
    outer loop
      vertex -19.7885 -9.94573 22.5
      vertex -45.8385 -22.3569 17.1441
      vertex -45.562 -22.8995 17.2902
    endloop
  endfacet
  facet normal -0.257429 0.126941 0.957923
    outer loop
      vertex -19.7885 -9.94573 22.5
      vertex -46.0049 -22.0001 17.0521
      vertex -45.8385 -22.3569 17.1441
    endloop
  endfacet
  facet normal -0.256943 0.125803 0.958204
    outer loop
      vertex -46.0064 -21.9969 17.0513
      vertex -19.4795 -9.31886 22.5
      vertex -19.4762 -9.31212 22.5
    endloop
  endfacet
  facet normal -0.254671 0.120496 0.959491
    outer loop
      vertex -19.4795 -9.31886 22.5
      vertex -46.0064 -21.9969 17.0513
      vertex -46.0049 -22.0001 17.0521
    endloop
  endfacet
  facet normal -0.204592 0.0134253 0.978755
    outer loop
      vertex -45.5598 -22.904 17.2907
      vertex -19.8348 -10.6512 22.5
      vertex -19.789 -9.95324 22.5
    endloop
  endfacet
  facet normal -0.204436 0.0131202 0.978792
    outer loop
      vertex -19.8348 -10.6512 22.5
      vertex -45.0303 -23.9431 17.4157
      vertex -44.9286 -24.1265 17.4394
    endloop
  endfacet
  facet normal -0.204614 0.0134738 0.97875
    outer loop
      vertex -19.8348 -10.6512 22.5
      vertex -45.5598 -22.904 17.2907
      vertex -45.0303 -23.9431 17.4157
    endloop
  endfacet
  facet normal -0.204688 0.0136277 0.978732
    outer loop
      vertex -45.562 -22.8995 17.2902
      vertex -19.789 -9.95324 22.5
      vertex -19.7885 -9.94573 22.5
    endloop
  endfacet
  facet normal -0.202784 0.00965848 0.979176
    outer loop
      vertex -19.789 -9.95324 22.5
      vertex -45.562 -22.8995 17.2902
      vertex -45.5598 -22.904 17.2907
    endloop
  endfacet
  facet normal -0.167862 -0.0570025 0.984161
    outer loop
      vertex -44.9259 -24.1315 17.4396
      vertex -19.6693 -11.1386 22.5
      vertex -19.8324 -10.6583 22.5
    endloop
  endfacet
  facet normal -0.167855 -0.057017 0.984162
    outer loop
      vertex -19.6693 -11.1386 22.5
      vertex -44.9259 -24.1315 17.4396
      vertex -44.3733 -25.1283 17.4761
    endloop
  endfacet
  facet normal -0.16798 -0.0567819 0.984154
    outer loop
      vertex -44.9286 -24.1265 17.4394
      vertex -19.8324 -10.6583 22.5
      vertex -19.8348 -10.6512 22.5
    endloop
  endfacet
  facet normal -0.170217 -0.0525571 0.984004
    outer loop
      vertex -19.8324 -10.6583 22.5
      vertex -44.9286 -24.1265 17.4394
      vertex -44.9259 -24.1315 17.4396
    endloop
  endfacet
  facet normal -0.133321 -0.11683 0.984163
    outer loop
      vertex -19.4811 -11.4649 22.5
      vertex -43.3613 -26.8414 17.4397
      vertex -19.1467 -11.8465 22.5
    endloop
  endfacet
  facet normal -0.133302 -0.116859 0.984162
    outer loop
      vertex -43.3613 -26.8414 17.4397
      vertex -19.4811 -11.4649 22.5
      vertex -43.9484 -25.8643 17.4762
    endloop
  endfacet
  facet normal -0.133392 -0.116718 0.984167
    outer loop
      vertex -19.1467 -11.8465 22.5
      vertex -43.3583 -26.8464 17.4395
      vertex -19.1418 -11.8521 22.5
    endloop
  endfacet
  facet normal -0.13217 -0.118666 0.984098
    outer loop
      vertex -43.3583 -26.8464 17.4395
      vertex -19.1467 -11.8465 22.5
      vertex -43.3613 -26.8414 17.4397
    endloop
  endfacet
  facet normal -0.0906511 -0.183913 0.978753
    outer loop
      vertex -19.1418 -11.8521 22.5
      vertex -42.6158 -28.0031 17.291
      vertex -18.5149 -12.1611 22.5
    endloop
  endfacet
  facet normal -0.0906686 -0.183889 0.978756
    outer loop
      vertex -19.1418 -11.8521 22.5
      vertex -43.2505 -27.0259 17.4158
      vertex -42.6158 -28.0031 17.291
    endloop
  endfacet
  facet normal -0.0907656 -0.183741 0.978775
    outer loop
      vertex -43.2505 -27.0259 17.4158
      vertex -19.1418 -11.8521 22.5
      vertex -43.3583 -26.8464 17.4395
    endloop
  endfacet
  facet normal -0.0906132 -0.183972 0.978746
    outer loop
      vertex -18.5149 -12.1611 22.5
      vertex -42.6131 -28.0073 17.2904
      vertex -18.5082 -12.1644 22.5
    endloop
  endfacet
  facet normal -0.0839869 -0.193631 0.977473
    outer loop
      vertex -42.6131 -28.0073 17.2904
      vertex -18.5149 -12.1611 22.5
      vertex -42.6158 -28.0031 17.291
    endloop
  endfacet
  facet normal -0.0187923 -0.286398 0.957926
    outer loop
      vertex -18.5082 -12.1644 22.5
      vertex -42.0553 -28.8411 17.0521
      vertex -17.8102 -12.2102 22.5
    endloop
  endfacet
  facet normal -0.0188415 -0.286335 0.957944
    outer loop
      vertex -18.5082 -12.1644 22.5
      vertex -42.2809 -28.5188 17.144
      vertex -42.0553 -28.8411 17.0521
    endloop
  endfacet
  facet normal -0.0188023 -0.286387 0.957929
    outer loop
      vertex -42.2809 -28.5188 17.144
      vertex -18.5082 -12.1644 22.5
      vertex -42.6131 -28.0073 17.2904
    endloop
  endfacet
  facet normal -0.0190686 -0.286029 0.958031
    outer loop
      vertex -17.8102 -12.2102 22.5
      vertex -42.0532 -28.844 17.0513
      vertex -17.8027 -12.2107 22.5
    endloop
  endfacet
  facet normal -0.0227387 -0.281128 0.959401
    outer loop
      vertex -42.0532 -28.844 17.0513
      vertex -17.8102 -12.2102 22.5
      vertex -42.0553 -28.8411 17.0521
    endloop
  endfacet
  facet normal 0.181697 -0.535154 0.824982
    outer loop
      vertex -17.8027 -12.2107 22.5
      vertex -41.7866 -29.2248 16.7455
      vertex -17.1403 -11.9858 22.5
    endloop
  endfacet
  facet normal 0.181751 -0.535214 0.824932
    outer loop
      vertex -41.7866 -29.2248 16.7455
      vertex -17.8027 -12.2107 22.5
      vertex -42.0532 -28.844 17.0513
    endloop
  endfacet
  facet normal 0.176418 -0.529254 0.82992
    outer loop
      vertex -17.1403 -11.9858 22.5
      vertex -41.7857 -29.2261 16.7445
      vertex -17.1331 -11.9834 22.5
    endloop
  endfacet
  facet normal 0.171267 -0.523471 0.834653
    outer loop
      vertex -41.7857 -29.2261 16.7445
      vertex -17.1403 -11.9858 22.5
      vertex -41.7866 -29.2248 16.7455
    endloop
  endfacet
  facet normal 0.0907656 -0.183741 0.978775
    outer loop
      vertex 19.1418 -11.8521 22.5
      vertex 43.2505 -27.0259 17.4158
      vertex 43.3583 -26.8464 17.4395
    endloop
  endfacet
  facet normal 0.0906686 -0.183889 0.978756
    outer loop
      vertex 43.2505 -27.0259 17.4158
      vertex 19.1418 -11.8521 22.5
      vertex 42.6158 -28.0031 17.291
    endloop
  endfacet
  facet normal 0.0906511 -0.183913 0.978753
    outer loop
      vertex 42.6158 -28.0031 17.291
      vertex 19.1418 -11.8521 22.5
      vertex 18.5149 -12.1611 22.5
    endloop
  endfacet
  facet normal 0.0839869 -0.193631 0.977473
    outer loop
      vertex 18.5149 -12.1611 22.5
      vertex 42.6131 -28.0073 17.2904
      vertex 42.6158 -28.0031 17.291
    endloop
  endfacet
  facet normal 0.0906132 -0.183972 0.978746
    outer loop
      vertex 42.6131 -28.0073 17.2904
      vertex 18.5149 -12.1611 22.5
      vertex 18.5082 -12.1644 22.5
    endloop
  endfacet
  facet normal 0.133302 -0.116859 0.984162
    outer loop
      vertex 19.4811 -11.4649 22.5
      vertex 43.3613 -26.8414 17.4397
      vertex 43.9484 -25.8643 17.4762
    endloop
  endfacet
  facet normal 0.133321 -0.11683 0.984163
    outer loop
      vertex 43.3613 -26.8414 17.4397
      vertex 19.4811 -11.4649 22.5
      vertex 19.1467 -11.8465 22.5
    endloop
  endfacet
  facet normal 0.13217 -0.118666 0.984098
    outer loop
      vertex 19.1467 -11.8465 22.5
      vertex 43.3583 -26.8464 17.4395
      vertex 43.3613 -26.8414 17.4397
    endloop
  endfacet
  facet normal 0.133392 -0.116718 0.984167
    outer loop
      vertex 43.3583 -26.8464 17.4395
      vertex 19.1467 -11.8465 22.5
      vertex 19.1418 -11.8521 22.5
    endloop
  endfacet
  facet normal 0.167862 -0.0570025 0.984161
    outer loop
      vertex 19.6693 -11.1386 22.5
      vertex 44.9259 -24.1315 17.4396
      vertex 19.8324 -10.6583 22.5
    endloop
  endfacet
  facet normal 0.167855 -0.057017 0.984162
    outer loop
      vertex 44.9259 -24.1315 17.4396
      vertex 19.6693 -11.1386 22.5
      vertex 44.3733 -25.1283 17.4761
    endloop
  endfacet
  facet normal 0.16798 -0.0567819 0.984154
    outer loop
      vertex 19.8324 -10.6583 22.5
      vertex 44.9286 -24.1265 17.4394
      vertex 19.8348 -10.6512 22.5
    endloop
  endfacet
  facet normal 0.170217 -0.0525571 0.984004
    outer loop
      vertex 44.9286 -24.1265 17.4394
      vertex 19.8324 -10.6583 22.5
      vertex 44.9259 -24.1315 17.4396
    endloop
  endfacet
  facet normal 0.204614 0.0134738 0.97875
    outer loop
      vertex 19.8348 -10.6512 22.5
      vertex 45.0303 -23.9431 17.4157
      vertex 45.5598 -22.904 17.2907
    endloop
  endfacet
  facet normal 0.204436 0.0131202 0.978792
    outer loop
      vertex 45.0303 -23.9431 17.4157
      vertex 19.8348 -10.6512 22.5
      vertex 44.9286 -24.1265 17.4394
    endloop
  endfacet
  facet normal 0.204592 0.0134253 0.978755
    outer loop
      vertex 19.8348 -10.6512 22.5
      vertex 45.5598 -22.904 17.2907
      vertex 19.789 -9.95324 22.5
    endloop
  endfacet
  facet normal 0.202784 0.00965848 0.979176
    outer loop
      vertex 45.562 -22.8995 17.2902
      vertex 19.789 -9.95324 22.5
      vertex 45.5598 -22.904 17.2907
    endloop
  endfacet
  facet normal 0.204688 0.0136277 0.978732
    outer loop
      vertex 19.789 -9.95324 22.5
      vertex 45.562 -22.8995 17.2902
      vertex 19.7885 -9.94573 22.5
    endloop
  endfacet
  facet normal 0.253172 0.129144 0.958763
    outer loop
      vertex 46.0049 -22.0001 17.0521
      vertex 45.562 -22.8995 17.2902
      vertex 45.8385 -22.3569 17.1441
    endloop
  endfacet
  facet normal 0.257391 0.126849 0.957945
    outer loop
      vertex 46.0049 -22.0001 17.0521
      vertex 19.7885 -9.94573 22.5
      vertex 45.562 -22.8995 17.2902
    endloop
  endfacet
  facet normal 0.257405 0.126881 0.957937
    outer loop
      vertex 19.7885 -9.94573 22.5
      vertex 46.0049 -22.0001 17.0521
      vertex 19.4795 -9.31886 22.5
    endloop
  endfacet
  facet normal 0.254671 0.120496 0.959491
    outer loop
      vertex 46.0064 -21.9969 17.0513
      vertex 19.4795 -9.31886 22.5
      vertex 46.0049 -22.0001 17.0521
    endloop
  endfacet
  facet normal 0.256943 0.125803 0.958204
    outer loop
      vertex 19.4795 -9.31886 22.5
      vertex 46.0064 -21.9969 17.0513
      vertex 19.4762 -9.31212 22.5
    endloop
  endfacet
  facet normal 0.372762 0.425396 0.824674
    outer loop
      vertex 46.2025 -21.5763 16.7457
      vertex 19.4762 -9.31212 22.5
      vertex 46.0064 -21.9969 17.0513
    endloop
  endfacet
  facet normal 0.372714 0.425245 0.824773
    outer loop
      vertex 19.4762 -9.31212 22.5
      vertex 46.2025 -21.5763 16.7457
      vertex 18.9505 -8.85136 22.5
    endloop
  endfacet
  facet normal 0.368173 0.411455 0.833759
    outer loop
      vertex 46.2032 -21.5749 16.7447
      vertex 18.9505 -8.85136 22.5
      vertex 46.2025 -21.5763 16.7457
    endloop
  endfacet
  facet normal 0.370843 0.419539 0.82853
    outer loop
      vertex 18.9505 -8.85136 22.5
      vertex 46.2032 -21.5749 16.7447
      vertex 18.9449 -8.84641 22.5
    endloop
  endfacet
  facet normal 0.456049 0.806698 0.375842
    outer loop
      vertex 46.5908 -20.7436 14.4901
      vertex 18.9449 -8.84641 22.5
      vertex 46.2032 -21.5749 16.7447
    endloop
  endfacet
  facet normal 0.456051 0.806686 0.375865
    outer loop
      vertex 47.2864 -19.1049 10.1291
      vertex 18.9449 -8.84641 22.5
      vertex 46.5908 -20.7436 14.4901
    endloop
  endfacet
  facet normal 0.456045 0.806702 0.375839
    outer loop
      vertex 47.6029 -18.2805 7.97556
      vertex 18.9449 -8.84641 22.5
      vertex 47.2864 -19.1049 10.1291
    endloop
  endfacet
  facet normal 0.456047 0.806699 0.375844
    outer loop
      vertex 18.9449 -8.84641 22.5
      vertex 47.6029 -18.2805 7.97556
      vertex 10.3641 -3.99547 22.5
    endloop
  endfacet
  facet normal 0.455911 0.807139 0.375063
    outer loop
      vertex 47.6048 -18.2753 7.96206
      vertex 10.3641 -3.99547 22.5
      vertex 47.6029 -18.2805 7.97556
    endloop
  endfacet
  facet normal 0.4561 0.806528 0.376146
    outer loop
      vertex 10.3641 -3.99547 22.5
      vertex 47.6048 -18.2753 7.96206
      vertex 10.2719 -3.94333 22.5
    endloop
  endfacet
  facet normal 0.31929 0.94146 -0.108196
    outer loop
      vertex 47.5579 -18.3976 6.75947
      vertex 10.2719 -3.94333 22.5
      vertex 47.6048 -18.2753 7.96206
    endloop
  endfacet
  facet normal 0.319264 0.941462 -0.108259
    outer loop
      vertex 10.2719 -3.94333 22.5
      vertex 47.5579 -18.3976 6.75947
      vertex 9.64294 -3.73004 22.5
    endloop
  endfacet
  facet normal 0.302011 0.941459 -0.149816
    outer loop
      vertex 47.5578 -18.3977 6.75864
      vertex 9.64294 -3.73004 22.5
      vertex 47.5579 -18.3976 6.75947
    endloop
  endfacet
  facet normal 0.318933 0.94148 -0.109075
    outer loop
      vertex 9.64294 -3.73004 22.5
      vertex 47.5578 -18.3977 6.75864
      vertex 9.63618 -3.72775 22.5
    endloop
  endfacet
  facet normal -0.0450765 0.676138 -0.735395
    outer loop
      vertex 47.004 -19.7701 5.53077
      vertex 47.5578 -18.3977 6.75864
      vertex 47.2864 -19.1049 6.12506
    endloop
  endfacet
  facet normal -0.0439029 0.675913 -0.735672
    outer loop
      vertex 47.004 -19.7701 5.53077
      vertex 9.63618 -3.72775 22.5
      vertex 47.5578 -18.3977 6.75864
    endloop
  endfacet
  facet normal -0.0439023 0.675914 -0.735672
    outer loop
      vertex 9.63618 -3.72775 22.5
      vertex 47.004 -19.7701 5.53077
      vertex 8.97308 -3.77082 22.5
    endloop
  endfacet
  facet normal -0.0341255 0.687869 -0.725032
    outer loop
      vertex 47.0037 -19.7708 5.53012
      vertex 8.97308 -3.77082 22.5
      vertex 47.004 -19.7701 5.53077
    endloop
  endfacet
  facet normal -0.0436292 0.676252 -0.735377
    outer loop
      vertex 8.97308 -3.77082 22.5
      vertex 47.0037 -19.7708 5.53012
      vertex 8.96595 -3.77128 22.5
    endloop
  endfacet
  facet normal -0.211511 0.428432 -0.87847
    outer loop
      vertex 43.9132 -21.3583 5.5
      vertex 47.0037 -19.7708 5.53012
      vertex 46.9706 -19.8489 5.5
    endloop
  endfacet
  facet normal -0.211595 0.428592 -0.878371
    outer loop
      vertex 43.9132 -21.3583 5.5
      vertex 8.96595 -3.77128 22.5
      vertex 47.0037 -19.7708 5.53012
    endloop
  endfacet
  facet normal -0.211594 0.428594 -0.878371
    outer loop
      vertex 8.96595 -3.77128 22.5
      vertex 43.9132 -21.3583 5.5
      vertex 8.37052 -4.06524 22.5
    endloop
  endfacet
  facet normal -0.213116 0.426232 -0.879152
    outer loop
      vertex 43.9116 -21.3591 5.5
      vertex 8.37052 -4.06524 22.5
      vertex 43.9132 -21.3583 5.5
    endloop
  endfacet
  facet normal -0.211608 0.428572 -0.878378
    outer loop
      vertex 8.37052 -4.06524 22.5
      vertex 43.9116 -21.3591 5.5
      vertex 8.36412 -4.0684 22.5
    endloop
  endfacet
  facet normal -0.306188 0.268486 -0.913326
    outer loop
      vertex 41.8564 -23.7029 5.5
      vertex 8.36412 -4.0684 22.5
      vertex 43.9116 -21.3591 5.5
    endloop
  endfacet
  facet normal -0.306185 0.268491 -0.913325
    outer loop
      vertex 8.36412 -4.0684 22.5
      vertex 41.8564 -23.7029 5.5
      vertex 7.97264 -4.51484 22.5
    endloop
  endfacet
  facet normal -0.385681 0.130795 -0.913314
    outer loop
      vertex 7.70563 -5.20918 22.5
      vertex 41.4554 -24.3971 5.5
      vertex 40.4546 -27.3482 5.5
    endloop
  endfacet
  facet normal -0.385681 0.130795 -0.913314
    outer loop
      vertex 41.4554 -24.3971 5.5
      vertex 7.70563 -5.20918 22.5
      vertex 7.89626 -4.64706 22.5
    endloop
  endfacet
  facet normal -0.477007 -0.0310143 -0.878352
    outer loop
      vertex 40.6252 -30.8193 5.52991
      vertex 40.4547 -27.3499 5.5
      vertex 40.6759 -30.752 5.5
    endloop
  endfacet
  facet normal -0.476937 -0.0310112 -0.87839
    outer loop
      vertex 7.74916 -5.87872 22.5
      vertex 40.4547 -27.3499 5.5
      vertex 40.6252 -30.8193 5.52991
    endloop
  endfacet
  facet normal -0.476936 -0.03101 -0.878391
    outer loop
      vertex 40.4547 -27.3499 5.5
      vertex 7.74916 -5.87872 22.5
      vertex 7.70609 -5.2163 22.5
    endloop
  endfacet
  facet normal -0.47537 -0.027963 -0.879341
    outer loop
      vertex 7.70609 -5.2163 22.5
      vertex 40.4546 -27.3482 5.5
      vertex 40.4547 -27.3499 5.5
    endloop
  endfacet
  facet normal -0.476832 -0.0308066 -0.878454
    outer loop
      vertex 40.4546 -27.3482 5.5
      vertex 7.70609 -5.2163 22.5
      vertex 7.70563 -5.20918 22.5
    endloop
  endfacet
  facet normal -0.60792 -0.298378 -0.735802
    outer loop
      vertex 39.7117 -31.9876 6.75835
      vertex 40.6247 -30.82 5.53055
      vertex 40.1885 -31.3987 6.12561
    endloop
  endfacet
  facet normal -0.60707 -0.299361 -0.736104
    outer loop
      vertex 8.04628 -6.48124 22.5
      vertex 40.6247 -30.82 5.53055
      vertex 39.7117 -31.9876 6.75835
    endloop
  endfacet
  facet normal -0.607071 -0.299365 -0.736101
    outer loop
      vertex 40.6247 -30.82 5.53055
      vertex 8.04628 -6.48124 22.5
      vertex 7.75232 -5.88513 22.5
    endloop
  endfacet
  facet normal -0.594678 -0.268182 -0.757916
    outer loop
      vertex 7.75232 -5.88513 22.5
      vertex 40.6252 -30.8193 5.52991
      vertex 40.6247 -30.82 5.53055
    endloop
  endfacet
  facet normal -0.607026 -0.299252 -0.736184
    outer loop
      vertex 40.6252 -30.8193 5.52991
      vertex 7.75232 -5.88513 22.5
      vertex 7.74916 -5.87872 22.5
    endloop
  endfacet
  facet normal -0.655499 -0.747526 -0.107354
    outer loop
      vertex 39.7116 -31.9877 6.75918
      vertex 8.55137 -6.92415 22.5
      vertex 8.05165 -6.48595 22.5
    endloop
  endfacet
  facet normal -0.655483 -0.74755 -0.107284
    outer loop
      vertex 8.55137 -6.92415 22.5
      vertex 39.7116 -31.9877 6.75918
      vertex 39.6298 -32.0887 7.96272
    endloop
  endfacet
  facet normal -0.655564 -0.747427 -0.10765
    outer loop
      vertex 39.7117 -31.9876 6.75835
      vertex 8.05165 -6.48595 22.5
      vertex 8.04628 -6.48124 22.5
    endloop
  endfacet
  facet normal -0.667663 -0.7253 -0.167827
    outer loop
      vertex 8.05165 -6.48595 22.5
      vertex 39.7117 -31.9876 6.75835
      vertex 39.7116 -31.9877 6.75918
    endloop
  endfacet
  facet normal -0.470635 -0.798313 0.375764
    outer loop
      vertex 39.6333 -32.0844 7.97622
      vertex 17.1331 -11.9834 22.5
      vertex 8.64262 -6.97795 22.5
    endloop
  endfacet
  facet normal -0.470644 -0.798319 0.375742
    outer loop
      vertex 17.1331 -11.9834 22.5
      vertex 41.2599 -29.977 14.4905
      vertex 41.7857 -29.2261 16.7445
    endloop
  endfacet
  facet normal -0.470626 -0.798311 0.37578
    outer loop
      vertex 17.1331 -11.9834 22.5
      vertex 40.1885 -31.3987 10.1284
      vertex 41.2599 -29.977 14.4905
    endloop
  endfacet
  facet normal -0.470638 -0.798314 0.375759
    outer loop
      vertex 17.1331 -11.9834 22.5
      vertex 39.6333 -32.0844 7.97622
      vertex 40.1885 -31.3987 10.1284
    endloop
  endfacet
  facet normal -0.470683 -0.798324 0.375681
    outer loop
      vertex 39.6298 -32.0887 7.96272
      vertex 8.64262 -6.97795 22.5
      vertex 8.55137 -6.92415 22.5
    endloop
  endfacet
  facet normal -0.470379 -0.798255 0.376209
    outer loop
      vertex 8.64262 -6.97795 22.5
      vertex 39.6298 -32.0887 7.96272
      vertex 39.6333 -32.0844 7.97622
    endloop
  endfacet
  facet normal -0.181751 -0.535214 0.824932
    outer loop
      vertex 17.8027 -12.2107 22.5
      vertex 41.7866 -29.2248 16.7455
      vertex 42.0532 -28.844 17.0513
    endloop
  endfacet
  facet normal -0.181697 -0.535154 0.824982
    outer loop
      vertex 41.7866 -29.2248 16.7455
      vertex 17.8027 -12.2107 22.5
      vertex 17.1403 -11.9858 22.5
    endloop
  endfacet
  facet normal -0.171267 -0.523471 0.834653
    outer loop
      vertex 17.1403 -11.9858 22.5
      vertex 41.7857 -29.2261 16.7445
      vertex 41.7866 -29.2248 16.7455
    endloop
  endfacet
  facet normal -0.176418 -0.529254 0.82992
    outer loop
      vertex 41.7857 -29.2261 16.7445
      vertex 17.1403 -11.9858 22.5
      vertex 17.1331 -11.9834 22.5
    endloop
  endfacet
  facet normal 0.0204566 -0.287368 0.957602
    outer loop
      vertex 42.6131 -28.0073 17.2904
      vertex 42.0553 -28.8411 17.0521
      vertex 42.2809 -28.5188 17.144
    endloop
  endfacet
  facet normal 0.0188172 -0.286366 0.957935
    outer loop
      vertex 18.5082 -12.1644 22.5
      vertex 42.0553 -28.8411 17.0521
      vertex 42.6131 -28.0073 17.2904
    endloop
  endfacet
  facet normal 0.0187923 -0.286398 0.957926
    outer loop
      vertex 42.0553 -28.8411 17.0521
      vertex 18.5082 -12.1644 22.5
      vertex 17.8102 -12.2102 22.5
    endloop
  endfacet
  facet normal 0.0227387 -0.281128 0.959401
    outer loop
      vertex 17.8102 -12.2102 22.5
      vertex 42.0532 -28.844 17.0513
      vertex 42.0553 -28.8411 17.0521
    endloop
  endfacet
  facet normal 0.0190686 -0.286029 0.958031
    outer loop
      vertex 42.0532 -28.844 17.0513
      vertex 17.8102 -12.2102 22.5
      vertex 17.8027 -12.2107 22.5
    endloop
  endfacet
  facet normal 0.126881 -0.257405 0.957937
    outer loop
      vertex -9.94573 -19.7885 22.5
      vertex -22.0001 -46.0049 17.0521
      vertex -9.31886 -19.4795 22.5
    endloop
  endfacet
  facet normal 0.126941 -0.257429 0.957923
    outer loop
      vertex -9.94573 -19.7885 22.5
      vertex -22.3569 -45.8385 17.1441
      vertex -22.0001 -46.0049 17.0521
    endloop
  endfacet
  facet normal 0.126791 -0.257365 0.95796
    outer loop
      vertex -22.3569 -45.8385 17.1441
      vertex -9.94573 -19.7885 22.5
      vertex -22.8995 -45.562 17.2902
    endloop
  endfacet
  facet normal 0.125803 -0.256943 0.958204
    outer loop
      vertex -9.31886 -19.4795 22.5
      vertex -21.9969 -46.0064 17.0513
      vertex -9.31212 -19.4762 22.5
    endloop
  endfacet
  facet normal 0.120496 -0.254671 0.959491
    outer loop
      vertex -21.9969 -46.0064 17.0513
      vertex -9.31886 -19.4795 22.5
      vertex -22.0001 -46.0049 17.0521
    endloop
  endfacet
  facet normal 0.425245 -0.372714 0.824773
    outer loop
      vertex -9.31212 -19.4762 22.5
      vertex -21.5763 -46.2025 16.7457
      vertex -8.85136 -18.9505 22.5
    endloop
  endfacet
  facet normal 0.425396 -0.372762 0.824674
    outer loop
      vertex -21.5763 -46.2025 16.7457
      vertex -9.31212 -19.4762 22.5
      vertex -21.9969 -46.0064 17.0513
    endloop
  endfacet
  facet normal 0.419539 -0.370843 0.82853
    outer loop
      vertex -8.85136 -18.9505 22.5
      vertex -21.5749 -46.2032 16.7447
      vertex -8.84641 -18.9449 22.5
    endloop
  endfacet
  facet normal 0.411455 -0.368173 0.833759
    outer loop
      vertex -21.5749 -46.2032 16.7447
      vertex -8.85136 -18.9505 22.5
      vertex -21.5763 -46.2025 16.7457
    endloop
  endfacet
  facet normal 0.806698 -0.456049 0.375842
    outer loop
      vertex -20.7436 -46.5908 14.4901
      vertex -8.84641 -18.9449 22.5
      vertex -21.5749 -46.2032 16.7447
    endloop
  endfacet
  facet normal 0.806686 -0.456051 0.375865
    outer loop
      vertex -19.1049 -47.2864 10.1291
      vertex -8.84641 -18.9449 22.5
      vertex -20.7436 -46.5908 14.4901
    endloop
  endfacet
  facet normal 0.806702 -0.456045 0.375839
    outer loop
      vertex -18.2805 -47.6029 7.97556
      vertex -8.84641 -18.9449 22.5
      vertex -19.1049 -47.2864 10.1291
    endloop
  endfacet
  facet normal 0.806699 -0.456047 0.375844
    outer loop
      vertex -8.84641 -18.9449 22.5
      vertex -18.2805 -47.6029 7.97556
      vertex -3.99547 -10.3641 22.5
    endloop
  endfacet
  facet normal 0.807139 -0.455911 0.375063
    outer loop
      vertex -18.2753 -47.6048 7.96206
      vertex -3.99547 -10.3641 22.5
      vertex -18.2805 -47.6029 7.97556
    endloop
  endfacet
  facet normal 0.806528 -0.4561 0.376146
    outer loop
      vertex -3.99547 -10.3641 22.5
      vertex -18.2753 -47.6048 7.96206
      vertex -3.94333 -10.2719 22.5
    endloop
  endfacet
  facet normal 0.941462 -0.319264 -0.108259
    outer loop
      vertex -3.94333 -10.2719 22.5
      vertex -18.3976 -47.5579 6.75947
      vertex -3.73004 -9.64294 22.5
    endloop
  endfacet
  facet normal 0.94146 -0.31929 -0.108196
    outer loop
      vertex -18.3976 -47.5579 6.75947
      vertex -3.94333 -10.2719 22.5
      vertex -18.2753 -47.6048 7.96206
    endloop
  endfacet
  facet normal 0.94148 -0.318933 -0.109075
    outer loop
      vertex -3.73004 -9.64294 22.5
      vertex -18.3977 -47.5578 6.75864
      vertex -3.72775 -9.63618 22.5
    endloop
  endfacet
  facet normal 0.941459 -0.302011 -0.149816
    outer loop
      vertex -18.3977 -47.5578 6.75864
      vertex -3.73004 -9.64294 22.5
      vertex -18.3976 -47.5579 6.75947
    endloop
  endfacet
  facet normal 0.675925 0.0438944 -0.735662
    outer loop
      vertex -19.1049 -47.2864 6.12506
      vertex -3.72775 -9.63618 22.5
      vertex -18.3977 -47.5578 6.75864
    endloop
  endfacet
  facet normal 0.675902 0.0439126 -0.735683
    outer loop
      vertex -19.7701 -47.004 5.53077
      vertex -3.72775 -9.63618 22.5
      vertex -19.1049 -47.2864 6.12506
    endloop
  endfacet
  facet normal 0.675914 0.0439023 -0.735672
    outer loop
      vertex -3.72775 -9.63618 22.5
      vertex -19.7701 -47.004 5.53077
      vertex -3.77082 -8.97308 22.5
    endloop
  endfacet
  facet normal 0.687869 0.0341255 -0.725032
    outer loop
      vertex -19.7708 -47.0037 5.53012
      vertex -3.77082 -8.97308 22.5
      vertex -19.7701 -47.004 5.53077
    endloop
  endfacet
  facet normal 0.676252 0.0436292 -0.735377
    outer loop
      vertex -3.77082 -8.97308 22.5
      vertex -19.7708 -47.0037 5.53012
      vertex -3.77128 -8.96595 22.5
    endloop
  endfacet
  facet normal 0.428592 0.211595 -0.878371
    outer loop
      vertex -21.3583 -43.9132 5.5
      vertex -3.77128 -8.96595 22.5
      vertex -19.7708 -47.0037 5.53012
    endloop
  endfacet
  facet normal 0.428432 0.211511 -0.87847
    outer loop
      vertex -21.3583 -43.9132 5.5
      vertex -19.7708 -47.0037 5.53012
      vertex -19.8489 -46.9706 5.5
    endloop
  endfacet
  facet normal 0.428594 0.211594 -0.878371
    outer loop
      vertex -3.77128 -8.96595 22.5
      vertex -21.3583 -43.9132 5.5
      vertex -4.06524 -8.37052 22.5
    endloop
  endfacet
  facet normal 0.426232 0.213116 -0.879152
    outer loop
      vertex -21.3591 -43.9116 5.5
      vertex -4.06524 -8.37052 22.5
      vertex -21.3583 -43.9132 5.5
    endloop
  endfacet
  facet normal 0.428572 0.211608 -0.878378
    outer loop
      vertex -4.06524 -8.37052 22.5
      vertex -21.3591 -43.9116 5.5
      vertex -4.0684 -8.36412 22.5
    endloop
  endfacet
  facet normal 0.268486 0.306188 -0.913326
    outer loop
      vertex -23.7029 -41.8564 5.5
      vertex -4.0684 -8.36412 22.5
      vertex -21.3591 -43.9116 5.5
    endloop
  endfacet
  facet normal 0.268491 0.306185 -0.913325
    outer loop
      vertex -4.0684 -8.36412 22.5
      vertex -23.7029 -41.8564 5.5
      vertex -4.51484 -7.97264 22.5
    endloop
  endfacet
  facet normal 0.130795 0.385681 -0.913314
    outer loop
      vertex -24.3971 -41.4554 5.5
      vertex -5.20918 -7.70563 22.5
      vertex -4.64706 -7.89626 22.5
    endloop
  endfacet
  facet normal 0.130795 0.385681 -0.913314
    outer loop
      vertex -5.20918 -7.70563 22.5
      vertex -24.3971 -41.4554 5.5
      vertex -27.3482 -40.4546 5.5
    endloop
  endfacet
  facet normal -0.03101 0.476936 -0.878391
    outer loop
      vertex -27.3499 -40.4547 5.5
      vertex -5.87872 -7.74916 22.5
      vertex -5.2163 -7.70609 22.5
    endloop
  endfacet
  facet normal -0.0310143 0.477007 -0.878352
    outer loop
      vertex -30.8193 -40.6252 5.52991
      vertex -27.3499 -40.4547 5.5
      vertex -30.752 -40.6759 5.5
    endloop
  endfacet
  facet normal -0.0310112 0.476937 -0.87839
    outer loop
      vertex -27.3499 -40.4547 5.5
      vertex -30.8193 -40.6252 5.52991
      vertex -5.87872 -7.74916 22.5
    endloop
  endfacet
  facet normal -0.0308066 0.476832 -0.878454
    outer loop
      vertex -27.3482 -40.4546 5.5
      vertex -5.2163 -7.70609 22.5
      vertex -5.20918 -7.70563 22.5
    endloop
  endfacet
  facet normal -0.027963 0.47537 -0.879341
    outer loop
      vertex -5.2163 -7.70609 22.5
      vertex -27.3482 -40.4546 5.5
      vertex -27.3499 -40.4547 5.5
    endloop
  endfacet
  facet normal -0.299365 0.607071 -0.736101
    outer loop
      vertex -30.82 -40.6247 5.53055
      vertex -6.48124 -8.04628 22.5
      vertex -5.88513 -7.75232 22.5
    endloop
  endfacet
  facet normal -0.299346 0.607064 -0.736115
    outer loop
      vertex -31.3987 -40.1885 6.12561
      vertex -6.48124 -8.04628 22.5
      vertex -30.82 -40.6247 5.53055
    endloop
  endfacet
  facet normal -0.299375 0.607076 -0.736093
    outer loop
      vertex -6.48124 -8.04628 22.5
      vertex -31.3987 -40.1885 6.12561
      vertex -31.9876 -39.7117 6.75835
    endloop
  endfacet
  facet normal -0.299252 0.607026 -0.736184
    outer loop
      vertex -30.8193 -40.6252 5.52991
      vertex -5.88513 -7.75232 22.5
      vertex -5.87872 -7.74916 22.5
    endloop
  endfacet
  facet normal -0.268182 0.594678 -0.757916
    outer loop
      vertex -5.88513 -7.75232 22.5
      vertex -30.8193 -40.6252 5.52991
      vertex -30.82 -40.6247 5.53055
    endloop
  endfacet
  facet normal -0.747526 0.655499 -0.107354
    outer loop
      vertex -31.9877 -39.7116 6.75918
      vertex -6.92415 -8.55137 22.5
      vertex -6.48595 -8.05165 22.5
    endloop
  endfacet
  facet normal -0.74755 0.655483 -0.107284
    outer loop
      vertex -6.92415 -8.55137 22.5
      vertex -31.9877 -39.7116 6.75918
      vertex -32.0887 -39.6298 7.96272
    endloop
  endfacet
  facet normal -0.747427 0.655564 -0.10765
    outer loop
      vertex -31.9876 -39.7117 6.75835
      vertex -6.48595 -8.05165 22.5
      vertex -6.48124 -8.04628 22.5
    endloop
  endfacet
  facet normal -0.7253 0.667663 -0.167827
    outer loop
      vertex -6.48595 -8.05165 22.5
      vertex -31.9876 -39.7117 6.75835
      vertex -31.9877 -39.7116 6.75918
    endloop
  endfacet
  facet normal -0.798313 0.470635 0.375764
    outer loop
      vertex -32.0844 -39.6333 7.97622
      vertex -11.9834 -17.1331 22.5
      vertex -6.97795 -8.64262 22.5
    endloop
  endfacet
  facet normal -0.798314 0.470638 0.375759
    outer loop
      vertex -31.3987 -40.1885 10.1284
      vertex -11.9834 -17.1331 22.5
      vertex -32.0844 -39.6333 7.97622
    endloop
  endfacet
  facet normal -0.798311 0.470626 0.37578
    outer loop
      vertex -29.977 -41.2599 14.4905
      vertex -11.9834 -17.1331 22.5
      vertex -31.3987 -40.1885 10.1284
    endloop
  endfacet
  facet normal -0.798319 0.470644 0.375742
    outer loop
      vertex -11.9834 -17.1331 22.5
      vertex -29.977 -41.2599 14.4905
      vertex -29.2261 -41.7857 16.7445
    endloop
  endfacet
  facet normal -0.798324 0.470683 0.375681
    outer loop
      vertex -32.0887 -39.6298 7.96272
      vertex -6.97795 -8.64262 22.5
      vertex -6.92415 -8.55137 22.5
    endloop
  endfacet
  facet normal -0.798255 0.470379 0.376209
    outer loop
      vertex -6.97795 -8.64262 22.5
      vertex -32.0887 -39.6298 7.96272
      vertex -32.0844 -39.6333 7.97622
    endloop
  endfacet
  facet normal -0.535154 0.181697 0.824982
    outer loop
      vertex -29.2248 -41.7866 16.7455
      vertex -12.2107 -17.8027 22.5
      vertex -11.9858 -17.1403 22.5
    endloop
  endfacet
  facet normal -0.535214 0.181751 0.824932
    outer loop
      vertex -12.2107 -17.8027 22.5
      vertex -29.2248 -41.7866 16.7455
      vertex -28.844 -42.0532 17.0513
    endloop
  endfacet
  facet normal -0.529254 0.176418 0.82992
    outer loop
      vertex -29.2261 -41.7857 16.7445
      vertex -11.9858 -17.1403 22.5
      vertex -11.9834 -17.1331 22.5
    endloop
  endfacet
  facet normal -0.523471 0.171267 0.834653
    outer loop
      vertex -11.9858 -17.1403 22.5
      vertex -29.2261 -41.7857 16.7445
      vertex -29.2248 -41.7866 16.7455
    endloop
  endfacet
  facet normal -0.286398 -0.0187923 0.957926
    outer loop
      vertex -28.8411 -42.0553 17.0521
      vertex -12.1644 -18.5082 22.5
      vertex -12.2102 -17.8102 22.5
    endloop
  endfacet
  facet normal -0.286387 -0.0188023 0.957929
    outer loop
      vertex -12.1644 -18.5082 22.5
      vertex -28.5188 -42.2809 17.144
      vertex -28.0073 -42.6131 17.2904
    endloop
  endfacet
  facet normal -0.286335 -0.0188415 0.957944
    outer loop
      vertex -12.1644 -18.5082 22.5
      vertex -28.8411 -42.0553 17.0521
      vertex -28.5188 -42.2809 17.144
    endloop
  endfacet
  facet normal -0.286029 -0.0190686 0.958031
    outer loop
      vertex -28.844 -42.0532 17.0513
      vertex -12.2102 -17.8102 22.5
      vertex -12.2107 -17.8027 22.5
    endloop
  endfacet
  facet normal -0.281128 -0.0227387 0.959401
    outer loop
      vertex -12.2102 -17.8102 22.5
      vertex -28.844 -42.0532 17.0513
      vertex -28.8411 -42.0553 17.0521
    endloop
  endfacet
  facet normal -0.183913 -0.0906511 0.978753
    outer loop
      vertex -28.0031 -42.6158 17.291
      vertex -11.8521 -19.1418 22.5
      vertex -12.1611 -18.5149 22.5
    endloop
  endfacet
  facet normal -0.183741 -0.0907656 0.978775
    outer loop
      vertex -11.8521 -19.1418 22.5
      vertex -27.0259 -43.2505 17.4158
      vertex -26.8464 -43.3583 17.4395
    endloop
  endfacet
  facet normal -0.183889 -0.0906686 0.978756
    outer loop
      vertex -11.8521 -19.1418 22.5
      vertex -28.0031 -42.6158 17.291
      vertex -27.0259 -43.2505 17.4158
    endloop
  endfacet
  facet normal -0.183972 -0.0906132 0.978746
    outer loop
      vertex -28.0073 -42.6131 17.2904
      vertex -12.1611 -18.5149 22.5
      vertex -12.1644 -18.5082 22.5
    endloop
  endfacet
  facet normal -0.193631 -0.0839869 0.977473
    outer loop
      vertex -12.1611 -18.5149 22.5
      vertex -28.0073 -42.6131 17.2904
      vertex -28.0031 -42.6158 17.291
    endloop
  endfacet
  facet normal -0.11683 -0.133321 0.984163
    outer loop
      vertex -26.8414 -43.3613 17.4397
      vertex -11.4649 -19.4811 22.5
      vertex -11.8465 -19.1467 22.5
    endloop
  endfacet
  facet normal -0.116859 -0.133302 0.984162
    outer loop
      vertex -11.4649 -19.4811 22.5
      vertex -26.8414 -43.3613 17.4397
      vertex -25.8643 -43.9484 17.4762
    endloop
  endfacet
  facet normal -0.116718 -0.133392 0.984167
    outer loop
      vertex -26.8464 -43.3583 17.4395
      vertex -11.8465 -19.1467 22.5
      vertex -11.8521 -19.1418 22.5
    endloop
  endfacet
  facet normal -0.118666 -0.13217 0.984098
    outer loop
      vertex -11.8465 -19.1467 22.5
      vertex -26.8464 -43.3583 17.4395
      vertex -26.8414 -43.3613 17.4397
    endloop
  endfacet
  facet normal -0.0570025 -0.167862 0.984161
    outer loop
      vertex -11.1386 -19.6693 22.5
      vertex -24.1315 -44.9259 17.4396
      vertex -10.6583 -19.8324 22.5
    endloop
  endfacet
  facet normal -0.057017 -0.167855 0.984162
    outer loop
      vertex -24.1315 -44.9259 17.4396
      vertex -11.1386 -19.6693 22.5
      vertex -25.1283 -44.3733 17.4761
    endloop
  endfacet
  facet normal -0.0567819 -0.16798 0.984154
    outer loop
      vertex -10.6583 -19.8324 22.5
      vertex -24.1265 -44.9286 17.4394
      vertex -10.6512 -19.8348 22.5
    endloop
  endfacet
  facet normal -0.0525571 -0.170217 0.984004
    outer loop
      vertex -24.1265 -44.9286 17.4394
      vertex -10.6583 -19.8324 22.5
      vertex -24.1315 -44.9259 17.4396
    endloop
  endfacet
  facet normal 0.0134253 -0.204592 0.978755
    outer loop
      vertex -10.6512 -19.8348 22.5
      vertex -22.904 -45.5598 17.2907
      vertex -9.95324 -19.789 22.5
    endloop
  endfacet
  facet normal 0.0134738 -0.204614 0.97875
    outer loop
      vertex -10.6512 -19.8348 22.5
      vertex -23.9431 -45.0303 17.4157
      vertex -22.904 -45.5598 17.2907
    endloop
  endfacet
  facet normal 0.0131202 -0.204436 0.978792
    outer loop
      vertex -23.9431 -45.0303 17.4157
      vertex -10.6512 -19.8348 22.5
      vertex -24.1265 -44.9286 17.4394
    endloop
  endfacet
  facet normal 0.0136277 -0.204688 0.978732
    outer loop
      vertex -9.95324 -19.789 22.5
      vertex -22.8995 -45.562 17.2902
      vertex -9.94573 -19.7885 22.5
    endloop
  endfacet
  facet normal 0.00965848 -0.202784 0.979176
    outer loop
      vertex -22.8995 -45.562 17.2902
      vertex -9.95324 -19.789 22.5
      vertex -22.904 -45.5598 17.2907
    endloop
  endfacet
  facet normal 0.11683 -0.133321 0.984163
    outer loop
      vertex 11.4649 -19.4811 22.5
      vertex 26.8414 -43.3613 17.4397
      vertex 11.8465 -19.1467 22.5
    endloop
  endfacet
  facet normal 0.116859 -0.133302 0.984162
    outer loop
      vertex 26.8414 -43.3613 17.4397
      vertex 11.4649 -19.4811 22.5
      vertex 25.8643 -43.9484 17.4762
    endloop
  endfacet
  facet normal 0.116718 -0.133392 0.984167
    outer loop
      vertex 11.8465 -19.1467 22.5
      vertex 26.8464 -43.3583 17.4395
      vertex 11.8521 -19.1418 22.5
    endloop
  endfacet
  facet normal 0.118666 -0.13217 0.984098
    outer loop
      vertex 26.8464 -43.3583 17.4395
      vertex 11.8465 -19.1467 22.5
      vertex 26.8414 -43.3613 17.4397
    endloop
  endfacet
  facet normal 0.183889 -0.0906686 0.978756
    outer loop
      vertex 11.8521 -19.1418 22.5
      vertex 27.0259 -43.2505 17.4158
      vertex 28.0031 -42.6158 17.291
    endloop
  endfacet
  facet normal 0.183913 -0.0906511 0.978753
    outer loop
      vertex 11.8521 -19.1418 22.5
      vertex 28.0031 -42.6158 17.291
      vertex 12.1611 -18.5149 22.5
    endloop
  endfacet
  facet normal 0.183741 -0.0907656 0.978775
    outer loop
      vertex 27.0259 -43.2505 17.4158
      vertex 11.8521 -19.1418 22.5
      vertex 26.8464 -43.3583 17.4395
    endloop
  endfacet
  facet normal 0.183972 -0.0906132 0.978746
    outer loop
      vertex 12.1611 -18.5149 22.5
      vertex 28.0073 -42.6131 17.2904
      vertex 12.1644 -18.5082 22.5
    endloop
  endfacet
  facet normal 0.193631 -0.0839869 0.977473
    outer loop
      vertex 28.0073 -42.6131 17.2904
      vertex 12.1611 -18.5149 22.5
      vertex 28.0031 -42.6158 17.291
    endloop
  endfacet
  facet normal 0.287368 -0.0204566 0.957602
    outer loop
      vertex 28.8411 -42.0553 17.0521
      vertex 28.0073 -42.6131 17.2904
      vertex 28.5188 -42.2809 17.144
    endloop
  endfacet
  facet normal 0.286398 -0.0187923 0.957926
    outer loop
      vertex 12.1644 -18.5082 22.5
      vertex 28.8411 -42.0553 17.0521
      vertex 12.2102 -17.8102 22.5
    endloop
  endfacet
  facet normal 0.286366 -0.0188172 0.957935
    outer loop
      vertex 28.8411 -42.0553 17.0521
      vertex 12.1644 -18.5082 22.5
      vertex 28.0073 -42.6131 17.2904
    endloop
  endfacet
  facet normal 0.286029 -0.0190686 0.958031
    outer loop
      vertex 12.2102 -17.8102 22.5
      vertex 28.844 -42.0532 17.0513
      vertex 12.2107 -17.8027 22.5
    endloop
  endfacet
  facet normal 0.281128 -0.0227387 0.959401
    outer loop
      vertex 28.844 -42.0532 17.0513
      vertex 12.2102 -17.8102 22.5
      vertex 28.8411 -42.0553 17.0521
    endloop
  endfacet
  facet normal 0.535214 0.181751 0.824932
    outer loop
      vertex 29.2248 -41.7866 16.7455
      vertex 12.2107 -17.8027 22.5
      vertex 28.844 -42.0532 17.0513
    endloop
  endfacet
  facet normal 0.535154 0.181697 0.824982
    outer loop
      vertex 12.2107 -17.8027 22.5
      vertex 29.2248 -41.7866 16.7455
      vertex 11.9858 -17.1403 22.5
    endloop
  endfacet
  facet normal 0.523471 0.171267 0.834653
    outer loop
      vertex 29.2261 -41.7857 16.7445
      vertex 11.9858 -17.1403 22.5
      vertex 29.2248 -41.7866 16.7455
    endloop
  endfacet
  facet normal 0.529254 0.176418 0.82992
    outer loop
      vertex 11.9858 -17.1403 22.5
      vertex 29.2261 -41.7857 16.7445
      vertex 11.9834 -17.1331 22.5
    endloop
  endfacet
  facet normal 0.798313 0.470635 0.375764
    outer loop
      vertex 11.9834 -17.1331 22.5
      vertex 32.0844 -39.6333 7.97622
      vertex 6.97795 -8.64262 22.5
    endloop
  endfacet
  facet normal 0.798314 0.470638 0.375759
    outer loop
      vertex 11.9834 -17.1331 22.5
      vertex 31.3987 -40.1885 10.1284
      vertex 32.0844 -39.6333 7.97622
    endloop
  endfacet
  facet normal 0.798311 0.470626 0.37578
    outer loop
      vertex 11.9834 -17.1331 22.5
      vertex 29.977 -41.2599 14.4905
      vertex 31.3987 -40.1885 10.1284
    endloop
  endfacet
  facet normal 0.798319 0.470644 0.375742
    outer loop
      vertex 29.977 -41.2599 14.4905
      vertex 11.9834 -17.1331 22.5
      vertex 29.2261 -41.7857 16.7445
    endloop
  endfacet
  facet normal 0.798324 0.470683 0.375681
    outer loop
      vertex 6.97795 -8.64262 22.5
      vertex 32.0887 -39.6298 7.96272
      vertex 6.92415 -8.55137 22.5
    endloop
  endfacet
  facet normal 0.798255 0.470379 0.376209
    outer loop
      vertex 32.0887 -39.6298 7.96272
      vertex 6.97795 -8.64262 22.5
      vertex 32.0844 -39.6333 7.97622
    endloop
  endfacet
  facet normal 0.74755 0.655483 -0.107284
    outer loop
      vertex 31.9877 -39.7116 6.75918
      vertex 6.92415 -8.55137 22.5
      vertex 32.0887 -39.6298 7.96272
    endloop
  endfacet
  facet normal 0.747526 0.655499 -0.107354
    outer loop
      vertex 6.92415 -8.55137 22.5
      vertex 31.9877 -39.7116 6.75918
      vertex 6.48595 -8.05165 22.5
    endloop
  endfacet
  facet normal 0.7253 0.667663 -0.167827
    outer loop
      vertex 31.9876 -39.7117 6.75835
      vertex 6.48595 -8.05165 22.5
      vertex 31.9877 -39.7116 6.75918
    endloop
  endfacet
  facet normal 0.747427 0.655564 -0.10765
    outer loop
      vertex 6.48595 -8.05165 22.5
      vertex 31.9876 -39.7117 6.75835
      vertex 6.48124 -8.04628 22.5
    endloop
  endfacet
  facet normal 0.298378 0.60792 -0.735802
    outer loop
      vertex 30.82 -40.6247 5.53055
      vertex 31.9876 -39.7117 6.75835
      vertex 31.3987 -40.1885 6.12561
    endloop
  endfacet
  facet normal 0.299361 0.60707 -0.736104
    outer loop
      vertex 30.82 -40.6247 5.53055
      vertex 6.48124 -8.04628 22.5
      vertex 31.9876 -39.7117 6.75835
    endloop
  endfacet
  facet normal 0.299365 0.607071 -0.736101
    outer loop
      vertex 6.48124 -8.04628 22.5
      vertex 30.82 -40.6247 5.53055
      vertex 5.88513 -7.75232 22.5
    endloop
  endfacet
  facet normal 0.268182 0.594678 -0.757916
    outer loop
      vertex 30.8193 -40.6252 5.52991
      vertex 5.88513 -7.75232 22.5
      vertex 30.82 -40.6247 5.53055
    endloop
  endfacet
  facet normal 0.299252 0.607026 -0.736184
    outer loop
      vertex 5.88513 -7.75232 22.5
      vertex 30.8193 -40.6252 5.52991
      vertex 5.87872 -7.74916 22.5
    endloop
  endfacet
  facet normal 0.0310143 0.477007 -0.878352
    outer loop
      vertex 27.3499 -40.4547 5.5
      vertex 30.8193 -40.6252 5.52991
      vertex 30.752 -40.6759 5.5
    endloop
  endfacet
  facet normal 0.0310112 0.476937 -0.87839
    outer loop
      vertex 27.3499 -40.4547 5.5
      vertex 5.87872 -7.74916 22.5
      vertex 30.8193 -40.6252 5.52991
    endloop
  endfacet
  facet normal 0.03101 0.476936 -0.878391
    outer loop
      vertex 5.87872 -7.74916 22.5
      vertex 27.3499 -40.4547 5.5
      vertex 5.2163 -7.70609 22.5
    endloop
  endfacet
  facet normal 0.027963 0.47537 -0.879341
    outer loop
      vertex 27.3482 -40.4546 5.5
      vertex 5.2163 -7.70609 22.5
      vertex 27.3499 -40.4547 5.5
    endloop
  endfacet
  facet normal 0.0308066 0.476832 -0.878454
    outer loop
      vertex 5.2163 -7.70609 22.5
      vertex 27.3482 -40.4546 5.5
      vertex 5.20918 -7.70563 22.5
    endloop
  endfacet
  facet normal -0.130795 0.385681 -0.913314
    outer loop
      vertex 24.3971 -41.4554 5.5
      vertex 5.20918 -7.70563 22.5
      vertex 27.3482 -40.4546 5.5
    endloop
  endfacet
  facet normal -0.130795 0.385681 -0.913314
    outer loop
      vertex 5.20918 -7.70563 22.5
      vertex 24.3971 -41.4554 5.5
      vertex 4.64706 -7.89626 22.5
    endloop
  endfacet
  facet normal -0.268486 0.306188 -0.913326
    outer loop
      vertex 4.0684 -8.36412 22.5
      vertex 23.7029 -41.8564 5.5
      vertex 21.3591 -43.9116 5.5
    endloop
  endfacet
  facet normal -0.268491 0.306185 -0.913325
    outer loop
      vertex 23.7029 -41.8564 5.5
      vertex 4.0684 -8.36412 22.5
      vertex 4.51484 -7.97264 22.5
    endloop
  endfacet
  facet normal -0.428432 0.211511 -0.87847
    outer loop
      vertex 19.7708 -47.0037 5.53012
      vertex 21.3583 -43.9132 5.5
      vertex 19.8489 -46.9706 5.5
    endloop
  endfacet
  facet normal -0.428592 0.211595 -0.878371
    outer loop
      vertex 3.77128 -8.96595 22.5
      vertex 21.3583 -43.9132 5.5
      vertex 19.7708 -47.0037 5.53012
    endloop
  endfacet
  facet normal -0.428594 0.211594 -0.878371
    outer loop
      vertex 21.3583 -43.9132 5.5
      vertex 3.77128 -8.96595 22.5
      vertex 4.06524 -8.37052 22.5
    endloop
  endfacet
  facet normal -0.426232 0.213116 -0.879152
    outer loop
      vertex 4.06524 -8.37052 22.5
      vertex 21.3591 -43.9116 5.5
      vertex 21.3583 -43.9132 5.5
    endloop
  endfacet
  facet normal -0.428572 0.211608 -0.878378
    outer loop
      vertex 21.3591 -43.9116 5.5
      vertex 4.06524 -8.37052 22.5
      vertex 4.0684 -8.36412 22.5
    endloop
  endfacet
  facet normal -0.676138 0.0450765 -0.735395
    outer loop
      vertex 18.3977 -47.5578 6.75864
      vertex 19.7701 -47.004 5.53077
      vertex 19.1049 -47.2864 6.12506
    endloop
  endfacet
  facet normal -0.675913 0.0439029 -0.735672
    outer loop
      vertex 3.72775 -9.63618 22.5
      vertex 19.7701 -47.004 5.53077
      vertex 18.3977 -47.5578 6.75864
    endloop
  endfacet
  facet normal -0.675914 0.0439023 -0.735672
    outer loop
      vertex 19.7701 -47.004 5.53077
      vertex 3.72775 -9.63618 22.5
      vertex 3.77082 -8.97308 22.5
    endloop
  endfacet
  facet normal -0.687869 0.0341255 -0.725032
    outer loop
      vertex 3.77082 -8.97308 22.5
      vertex 19.7708 -47.0037 5.53012
      vertex 19.7701 -47.004 5.53077
    endloop
  endfacet
  facet normal -0.676252 0.0436292 -0.735377
    outer loop
      vertex 19.7708 -47.0037 5.53012
      vertex 3.77082 -8.97308 22.5
      vertex 3.77128 -8.96595 22.5
    endloop
  endfacet
  facet normal -0.941462 -0.319264 -0.108259
    outer loop
      vertex 18.3976 -47.5579 6.75947
      vertex 3.94333 -10.2719 22.5
      vertex 3.73004 -9.64294 22.5
    endloop
  endfacet
  facet normal -0.94146 -0.31929 -0.108196
    outer loop
      vertex 3.94333 -10.2719 22.5
      vertex 18.3976 -47.5579 6.75947
      vertex 18.2753 -47.6048 7.96206
    endloop
  endfacet
  facet normal -0.94148 -0.318933 -0.109075
    outer loop
      vertex 18.3977 -47.5578 6.75864
      vertex 3.73004 -9.64294 22.5
      vertex 3.72775 -9.63618 22.5
    endloop
  endfacet
  facet normal -0.941459 -0.302011 -0.149816
    outer loop
      vertex 3.73004 -9.64294 22.5
      vertex 18.3977 -47.5578 6.75864
      vertex 18.3976 -47.5579 6.75947
    endloop
  endfacet
  facet normal -0.806699 -0.456047 0.375844
    outer loop
      vertex 18.2805 -47.6029 7.97556
      vertex 8.84641 -18.9449 22.5
      vertex 3.99547 -10.3641 22.5
    endloop
  endfacet
  facet normal -0.806698 -0.456049 0.375842
    outer loop
      vertex 8.84641 -18.9449 22.5
      vertex 20.7436 -46.5908 14.4901
      vertex 21.5749 -46.2032 16.7447
    endloop
  endfacet
  facet normal -0.806686 -0.456051 0.375865
    outer loop
      vertex 8.84641 -18.9449 22.5
      vertex 19.1049 -47.2864 10.1291
      vertex 20.7436 -46.5908 14.4901
    endloop
  endfacet
  facet normal -0.806702 -0.456045 0.375839
    outer loop
      vertex 8.84641 -18.9449 22.5
      vertex 18.2805 -47.6029 7.97556
      vertex 19.1049 -47.2864 10.1291
    endloop
  endfacet
  facet normal -0.806528 -0.4561 0.376146
    outer loop
      vertex 18.2753 -47.6048 7.96206
      vertex 3.99547 -10.3641 22.5
      vertex 3.94333 -10.2719 22.5
    endloop
  endfacet
  facet normal -0.807139 -0.455911 0.375063
    outer loop
      vertex 3.99547 -10.3641 22.5
      vertex 18.2753 -47.6048 7.96206
      vertex 18.2805 -47.6029 7.97556
    endloop
  endfacet
  facet normal -0.425396 -0.372762 0.824674
    outer loop
      vertex 9.31212 -19.4762 22.5
      vertex 21.5763 -46.2025 16.7457
      vertex 21.9969 -46.0064 17.0513
    endloop
  endfacet
  facet normal -0.425245 -0.372714 0.824773
    outer loop
      vertex 21.5763 -46.2025 16.7457
      vertex 9.31212 -19.4762 22.5
      vertex 8.85136 -18.9505 22.5
    endloop
  endfacet
  facet normal -0.411455 -0.368173 0.833759
    outer loop
      vertex 8.85136 -18.9505 22.5
      vertex 21.5749 -46.2032 16.7447
      vertex 21.5763 -46.2025 16.7457
    endloop
  endfacet
  facet normal -0.419539 -0.370843 0.82853
    outer loop
      vertex 21.5749 -46.2032 16.7447
      vertex 8.85136 -18.9505 22.5
      vertex 8.84641 -18.9449 22.5
    endloop
  endfacet
  facet normal -0.129144 -0.253172 0.958763
    outer loop
      vertex 22.8995 -45.562 17.2902
      vertex 22.0001 -46.0049 17.0521
      vertex 22.3569 -45.8385 17.1441
    endloop
  endfacet
  facet normal -0.126849 -0.257391 0.957945
    outer loop
      vertex 9.94573 -19.7885 22.5
      vertex 22.0001 -46.0049 17.0521
      vertex 22.8995 -45.562 17.2902
    endloop
  endfacet
  facet normal -0.126881 -0.257405 0.957937
    outer loop
      vertex 22.0001 -46.0049 17.0521
      vertex 9.94573 -19.7885 22.5
      vertex 9.31886 -19.4795 22.5
    endloop
  endfacet
  facet normal -0.120496 -0.254671 0.959491
    outer loop
      vertex 9.31886 -19.4795 22.5
      vertex 21.9969 -46.0064 17.0513
      vertex 22.0001 -46.0049 17.0521
    endloop
  endfacet
  facet normal -0.125803 -0.256943 0.958204
    outer loop
      vertex 21.9969 -46.0064 17.0513
      vertex 9.31886 -19.4795 22.5
      vertex 9.31212 -19.4762 22.5
    endloop
  endfacet
  facet normal -0.0131202 -0.204436 0.978792
    outer loop
      vertex 10.6512 -19.8348 22.5
      vertex 23.9431 -45.0303 17.4157
      vertex 24.1265 -44.9286 17.4394
    endloop
  endfacet
  facet normal -0.0134738 -0.204614 0.97875
    outer loop
      vertex 23.9431 -45.0303 17.4157
      vertex 10.6512 -19.8348 22.5
      vertex 22.904 -45.5598 17.2907
    endloop
  endfacet
  facet normal -0.0134253 -0.204592 0.978755
    outer loop
      vertex 22.904 -45.5598 17.2907
      vertex 10.6512 -19.8348 22.5
      vertex 9.95324 -19.789 22.5
    endloop
  endfacet
  facet normal -0.00965848 -0.202784 0.979176
    outer loop
      vertex 9.95324 -19.789 22.5
      vertex 22.8995 -45.562 17.2902
      vertex 22.904 -45.5598 17.2907
    endloop
  endfacet
  facet normal -0.0136277 -0.204688 0.978732
    outer loop
      vertex 22.8995 -45.562 17.2902
      vertex 9.95324 -19.789 22.5
      vertex 9.94573 -19.7885 22.5
    endloop
  endfacet
  facet normal 0.057017 -0.167855 0.984162
    outer loop
      vertex 11.1386 -19.6693 22.5
      vertex 24.1315 -44.9259 17.4396
      vertex 25.1283 -44.3733 17.4761
    endloop
  endfacet
  facet normal 0.0570025 -0.167862 0.984161
    outer loop
      vertex 24.1315 -44.9259 17.4396
      vertex 11.1386 -19.6693 22.5
      vertex 10.6583 -19.8324 22.5
    endloop
  endfacet
  facet normal 0.0525571 -0.170217 0.984004
    outer loop
      vertex 10.6583 -19.8324 22.5
      vertex 24.1265 -44.9286 17.4394
      vertex 24.1315 -44.9259 17.4396
    endloop
  endfacet
  facet normal 0.0567819 -0.16798 0.984154
    outer loop
      vertex 24.1265 -44.9286 17.4394
      vertex 10.6583 -19.8324 22.5
      vertex 10.6512 -19.8348 22.5
    endloop
  endfacet
  facet normal 0.113869 -0.170471 0.978761
    outer loop
      vertex 0.693036 -22.5033 22.5
      vertex 1.77987 -50.9689 17.4157
      vertex 2.9429 -50.908 17.291
    endloop
  endfacet
  facet normal 0.113914 -0.170467 0.978757
    outer loop
      vertex 0.693036 -22.5033 22.5
      vertex 2.9429 -50.908 17.291
      vertex 1.27411 -22.115 22.5
    endloop
  endfacet
  facet normal 0.113897 -0.170469 0.978758
    outer loop
      vertex 1.77987 -50.9689 17.4157
      vertex 0.693036 -22.5033 22.5
      vertex 1.56981 -50.9726 17.4395
    endloop
  endfacet
  facet normal 0.114522 -0.170419 0.978694
    outer loop
      vertex 1.27411 -22.115 22.5
      vertex 2.94787 -50.9077 17.2905
      vertex 1.28036 -22.1108 22.5
    endloop
  endfacet
  facet normal 0.108831 -0.170854 0.979268
    outer loop
      vertex 2.94787 -50.9077 17.2905
      vertex 1.27411 -22.115 22.5
      vertex 2.9429 -50.908 17.291
    endloop
  endfacet
  facet normal 0.238978 -0.160714 0.957633
    outer loop
      vertex 3.94804 -50.8416 17.052
      vertex 2.94787 -50.9077 17.2905
      vertex 3.55758 -50.8758 17.1437
    endloop
  endfacet
  facet normal 0.238878 -0.159453 0.957868
    outer loop
      vertex 1.28036 -22.1108 22.5
      vertex 3.94804 -50.8416 17.052
      vertex 1.66865 -21.5291 22.5
    endloop
  endfacet
  facet normal 0.238947 -0.159444 0.957853
    outer loop
      vertex 3.94804 -50.8416 17.052
      vertex 1.28036 -22.1108 22.5
      vertex 2.94787 -50.9077 17.2905
    endloop
  endfacet
  facet normal 0.240588 -0.159246 0.957475
    outer loop
      vertex 1.66865 -21.5291 22.5
      vertex 3.95155 -50.8413 17.0512
      vertex 1.67282 -21.5228 22.5
    endloop
  endfacet
  facet normal 0.232349 -0.160235 0.959343
    outer loop
      vertex 3.95155 -50.8413 17.0512
      vertex 1.66865 -21.5291 22.5
      vertex 3.94804 -50.8416 17.052
    endloop
  endfacet
  facet normal 0.553533 -0.110392 0.825479
    outer loop
      vertex 1.67282 -21.5228 22.5
      vertex 4.41523 -50.8007 16.7457
      vertex 1.80955 -20.8372 22.5
    endloop
  endfacet
  facet normal 0.553538 -0.110391 0.825475
    outer loop
      vertex 4.41523 -50.8007 16.7457
      vertex 1.67282 -21.5228 22.5
      vertex 3.95155 -50.8413 17.0512
    endloop
  endfacet
  facet normal 0.554596 -0.11017 0.824794
    outer loop
      vertex 1.80955 -20.8372 22.5
      vertex 4.41678 -50.8006 16.7446
      vertex 1.81102 -20.8298 22.5
    endloop
  endfacet
  facet normal 0.58005 -0.104695 0.807825
    outer loop
      vertex 4.41678 -50.8006 16.7446
      vertex 1.80955 -20.8372 22.5
      vertex 4.41523 -50.8007 16.7457
    endloop
  endfacet
  facet normal 0.926696 0.0084204 0.375718
    outer loop
      vertex 1.81102 -20.8298 22.5
      vertex 7.96813 -50.3658 7.97564
      vertex 1.72146 -10.9734 22.5
    endloop
  endfacet
  facet normal 0.926696 0.0084207 0.375717
    outer loop
      vertex 1.81102 -20.8298 22.5
      vertex 7.09783 -50.5037 10.1253
      vertex 7.96813 -50.3658 7.97564
    endloop
  endfacet
  facet normal 0.926695 0.00842004 0.375719
    outer loop
      vertex 1.81102 -20.8298 22.5
      vertex 5.33095 -50.7206 14.4881
      vertex 7.09783 -50.5037 10.1253
    endloop
  endfacet
  facet normal 0.926692 0.0084175 0.375727
    outer loop
      vertex 5.33095 -50.7206 14.4881
      vertex 1.81102 -20.8298 22.5
      vertex 4.41678 -50.8006 16.7446
    endloop
  endfacet
  facet normal 0.926677 0.00840047 0.375764
    outer loop
      vertex 1.72146 -10.9734 22.5
      vertex 7.9736 -50.365 7.96214
      vertex 1.7205 -10.8675 22.5
    endloop
  endfacet
  facet normal 0.926606 0.00832419 0.37594
    outer loop
      vertex 7.9736 -50.365 7.96214
      vertex 1.72146 -10.9734 22.5
      vertex 7.96813 -50.3658 7.97564
    endloop
  endfacet
  facet normal 0.974884 0.194364 -0.108739
    outer loop
      vertex 7.84353 -50.3856 6.75919
      vertex 1.7205 -10.8675 22.5
      vertex 7.9736 -50.365 7.96214
    endloop
  endfacet
  facet normal 0.974884 0.194363 -0.108738
    outer loop
      vertex 1.7205 -10.8675 22.5
      vertex 7.84353 -50.3856 6.75919
      vertex 1.59061 -10.216 22.5
    endloop
  endfacet
  facet normal 0.975425 0.193284 -0.105769
    outer loop
      vertex 7.84344 -50.3856 6.75836
      vertex 1.59061 -10.216 22.5
      vertex 7.84353 -50.3856 6.75919
    endloop
  endfacet
  facet normal 0.97524 0.193655 -0.106789
    outer loop
      vertex 1.59061 -10.216 22.5
      vertex 7.84344 -50.3856 6.75836
      vertex 1.58922 -10.209 22.5
    endloop
  endfacet
  facet normal 0.562725 0.375901 -0.736233
    outer loop
      vertex 6.37599 -50.5923 5.53121
      vertex 7.84344 -50.3856 6.75836
      vertex 7.09783 -50.5037 6.12817
    endloop
  endfacet
  facet normal 0.562676 0.376042 -0.736199
    outer loop
      vertex 6.37599 -50.5923 5.53121
      vertex 1.58922 -10.209 22.5
      vertex 7.84344 -50.3856 6.75836
    endloop
  endfacet
  facet normal 0.562669 0.376043 -0.736204
    outer loop
      vertex 1.58922 -10.209 22.5
      vertex 6.37599 -50.5923 5.53121
      vertex 1.22006 -9.65663 22.5
    endloop
  endfacet
  facet normal 0.558238 0.376734 -0.739217
    outer loop
      vertex 6.37521 -50.5924 5.53057
      vertex 1.22006 -9.65663 22.5
      vertex 6.37599 -50.5923 5.53121
    endloop
  endfacet
  facet normal 0.563797 0.375865 -0.735431
    outer loop
      vertex 1.22006 -9.65663 22.5
      vertex 6.37521 -50.5924 5.53057
      vertex 1.2161 -9.65069 22.5
    endloop
  endfacet
  facet normal 0.26593 0.397404 -0.878266
    outer loop
      vertex 3.45851 -48.7082 5.5
      vertex 6.37521 -50.5924 5.53057
      vertex 6.28994 -50.6029 5.5
    endloop
  endfacet
  facet normal 0.265999 0.397512 -0.878197
    outer loop
      vertex 3.45851 -48.7082 5.5
      vertex 1.2161 -9.65069 22.5
      vertex 6.37521 -50.5924 5.53057
    endloop
  endfacet
  facet normal 0.265989 0.397512 -0.878199
    outer loop
      vertex 1.2161 -9.65069 22.5
      vertex 3.45851 -48.7082 5.5
      vertex 0.664417 -9.28154 22.5
    endloop
  endfacet
  facet normal 0.248938 0.3983 -0.882829
    outer loop
      vertex 3.45707 -48.7073 5.5
      vertex 0.664417 -9.28154 22.5
      vertex 3.45851 -48.7082 5.5
    endloop
  endfacet
  facet normal 0.266164 0.397503 -0.87815
    outer loop
      vertex 0.664417 -9.28154 22.5
      vertex 3.45707 -48.7073 5.5
      vertex 0.658488 -9.27757 22.5
    endloop
  endfacet
  facet normal 0.0792094 0.399408 -0.913345
    outer loop
      vertex 0.400855 -48.1012 5.5
      vertex 0.658488 -9.27757 22.5
      vertex 3.45707 -48.7073 5.5
    endloop
  endfacet
  facet normal 0.0792102 0.399408 -0.913345
    outer loop
      vertex 0.658488 -9.27757 22.5
      vertex 0.400855 -48.1012 5.5
      vertex 0.0763458 -9.16212 22.5
    endloop
  endfacet
  facet normal -0.0792102 0.399408 -0.913345
    outer loop
      vertex -0.400855 -48.1012 5.5
      vertex -0.658488 -9.27757 22.5
      vertex -0.0763458 -9.16212 22.5
    endloop
  endfacet
  facet normal -0.0792094 0.399408 -0.913345
    outer loop
      vertex -0.658488 -9.27757 22.5
      vertex -0.400855 -48.1012 5.5
      vertex -3.45707 -48.7073 5.5
    endloop
  endfacet
  facet normal -0.265989 0.397512 -0.878199
    outer loop
      vertex -3.45851 -48.7082 5.5
      vertex -1.2161 -9.65069 22.5
      vertex -0.664417 -9.28154 22.5
    endloop
  endfacet
  facet normal -0.26593 0.397404 -0.878266
    outer loop
      vertex -6.37521 -50.5924 5.53057
      vertex -3.45851 -48.7082 5.5
      vertex -6.28994 -50.6029 5.5
    endloop
  endfacet
  facet normal -0.265999 0.397512 -0.878197
    outer loop
      vertex -3.45851 -48.7082 5.5
      vertex -6.37521 -50.5924 5.53057
      vertex -1.2161 -9.65069 22.5
    endloop
  endfacet
  facet normal -0.266164 0.397503 -0.87815
    outer loop
      vertex -3.45707 -48.7073 5.5
      vertex -0.664417 -9.28154 22.5
      vertex -0.658488 -9.27757 22.5
    endloop
  endfacet
  facet normal -0.248938 0.3983 -0.882829
    outer loop
      vertex -0.664417 -9.28154 22.5
      vertex -3.45707 -48.7073 5.5
      vertex -3.45851 -48.7082 5.5
    endloop
  endfacet
  facet normal -0.562669 0.376043 -0.736204
    outer loop
      vertex -6.37599 -50.5923 5.53121
      vertex -1.58922 -10.209 22.5
      vertex -1.22006 -9.65663 22.5
    endloop
  endfacet
  facet normal -0.562678 0.376041 -0.736198
    outer loop
      vertex -7.09783 -50.5037 6.12817
      vertex -1.58922 -10.209 22.5
      vertex -6.37599 -50.5923 5.53121
    endloop
  endfacet
  facet normal -0.562674 0.376042 -0.7362
    outer loop
      vertex -1.58922 -10.209 22.5
      vertex -7.09783 -50.5037 6.12817
      vertex -7.84344 -50.3856 6.75836
    endloop
  endfacet
  facet normal -0.563797 0.375865 -0.735431
    outer loop
      vertex -6.37521 -50.5924 5.53057
      vertex -1.22006 -9.65663 22.5
      vertex -1.2161 -9.65069 22.5
    endloop
  endfacet
  facet normal -0.558238 0.376734 -0.739217
    outer loop
      vertex -1.22006 -9.65663 22.5
      vertex -6.37521 -50.5924 5.53057
      vertex -6.37599 -50.5923 5.53121
    endloop
  endfacet
  facet normal -0.974884 0.194363 -0.108738
    outer loop
      vertex -7.84353 -50.3856 6.75919
      vertex -1.7205 -10.8675 22.5
      vertex -1.59061 -10.216 22.5
    endloop
  endfacet
  facet normal -0.974884 0.194364 -0.108739
    outer loop
      vertex -1.7205 -10.8675 22.5
      vertex -7.84353 -50.3856 6.75919
      vertex -7.9736 -50.365 7.96214
    endloop
  endfacet
  facet normal -0.97524 0.193655 -0.106789
    outer loop
      vertex -7.84344 -50.3856 6.75836
      vertex -1.59061 -10.216 22.5
      vertex -1.58922 -10.209 22.5
    endloop
  endfacet
  facet normal -0.975425 0.193284 -0.105769
    outer loop
      vertex -1.59061 -10.216 22.5
      vertex -7.84344 -50.3856 6.75836
      vertex -7.84353 -50.3856 6.75919
    endloop
  endfacet
  facet normal -0.926696 0.0084204 0.375718
    outer loop
      vertex -7.96813 -50.3658 7.97564
      vertex -1.81102 -20.8298 22.5
      vertex -1.72146 -10.9734 22.5
    endloop
  endfacet
  facet normal -0.926696 0.0084207 0.375717
    outer loop
      vertex -7.09783 -50.5037 10.1253
      vertex -1.81102 -20.8298 22.5
      vertex -7.96813 -50.3658 7.97564
    endloop
  endfacet
  facet normal -0.926695 0.00842004 0.375719
    outer loop
      vertex -5.33095 -50.7206 14.4881
      vertex -1.81102 -20.8298 22.5
      vertex -7.09783 -50.5037 10.1253
    endloop
  endfacet
  facet normal -0.926692 0.0084175 0.375727
    outer loop
      vertex -1.81102 -20.8298 22.5
      vertex -5.33095 -50.7206 14.4881
      vertex -4.41678 -50.8006 16.7446
    endloop
  endfacet
  facet normal -0.926677 0.00840047 0.375764
    outer loop
      vertex -7.9736 -50.365 7.96214
      vertex -1.72146 -10.9734 22.5
      vertex -1.7205 -10.8675 22.5
    endloop
  endfacet
  facet normal -0.926606 0.00832419 0.37594
    outer loop
      vertex -1.72146 -10.9734 22.5
      vertex -7.9736 -50.365 7.96214
      vertex -7.96813 -50.3658 7.97564
    endloop
  endfacet
  facet normal -0.553533 -0.110392 0.825479
    outer loop
      vertex -4.41523 -50.8007 16.7457
      vertex -1.67282 -21.5228 22.5
      vertex -1.80955 -20.8372 22.5
    endloop
  endfacet
  facet normal -0.553538 -0.110391 0.825475
    outer loop
      vertex -1.67282 -21.5228 22.5
      vertex -4.41523 -50.8007 16.7457
      vertex -3.95155 -50.8413 17.0512
    endloop
  endfacet
  facet normal -0.554596 -0.11017 0.824794
    outer loop
      vertex -4.41678 -50.8006 16.7446
      vertex -1.80955 -20.8372 22.5
      vertex -1.81102 -20.8298 22.5
    endloop
  endfacet
  facet normal -0.58005 -0.104695 0.807825
    outer loop
      vertex -1.80955 -20.8372 22.5
      vertex -4.41678 -50.8006 16.7446
      vertex -4.41523 -50.8007 16.7457
    endloop
  endfacet
  facet normal -0.238878 -0.159453 0.957868
    outer loop
      vertex -3.94804 -50.8416 17.052
      vertex -1.28036 -22.1108 22.5
      vertex -1.66865 -21.5291 22.5
    endloop
  endfacet
  facet normal -0.238963 -0.159442 0.957849
    outer loop
      vertex -1.28036 -22.1108 22.5
      vertex -3.55758 -50.8758 17.1437
      vertex -2.94787 -50.9077 17.2905
    endloop
  endfacet
  facet normal -0.23892 -0.159447 0.957859
    outer loop
      vertex -1.28036 -22.1108 22.5
      vertex -3.94804 -50.8416 17.052
      vertex -3.55758 -50.8758 17.1437
    endloop
  endfacet
  facet normal -0.240588 -0.159246 0.957475
    outer loop
      vertex -3.95155 -50.8413 17.0512
      vertex -1.66865 -21.5291 22.5
      vertex -1.67282 -21.5228 22.5
    endloop
  endfacet
  facet normal -0.232349 -0.160235 0.959343
    outer loop
      vertex -1.66865 -21.5291 22.5
      vertex -3.95155 -50.8413 17.0512
      vertex -3.94804 -50.8416 17.052
    endloop
  endfacet
  facet normal -0.113914 -0.170467 0.978757
    outer loop
      vertex -2.9429 -50.908 17.291
      vertex -0.693036 -22.5033 22.5
      vertex -1.27411 -22.115 22.5
    endloop
  endfacet
  facet normal -0.113897 -0.170469 0.978758
    outer loop
      vertex -0.693036 -22.5033 22.5
      vertex -1.77987 -50.9689 17.4157
      vertex -1.56981 -50.9726 17.4395
    endloop
  endfacet
  facet normal -0.113869 -0.170471 0.978761
    outer loop
      vertex -0.693036 -22.5033 22.5
      vertex -2.9429 -50.908 17.291
      vertex -1.77987 -50.9689 17.4157
    endloop
  endfacet
  facet normal -0.114522 -0.170419 0.978694
    outer loop
      vertex -2.94787 -50.9077 17.2905
      vertex -1.27411 -22.115 22.5
      vertex -1.28036 -22.1108 22.5
    endloop
  endfacet
  facet normal -0.108831 -0.170854 0.979268
    outer loop
      vertex -1.27411 -22.115 22.5
      vertex -2.94787 -50.9077 17.2905
      vertex -2.9429 -50.908 17.291
    endloop
  endfacet
  facet normal -0.034648 -0.17387 0.984159
    outer loop
      vertex -1.56406 -50.9727 17.4397
      vertex -0.188367 -22.6039 22.5
      vertex -0.685668 -22.5048 22.5
    endloop
  endfacet
  facet normal -0.0346589 -0.173869 0.984159
    outer loop
      vertex -0.188367 -22.6039 22.5
      vertex -1.56406 -50.9727 17.4397
      vertex -0.424952 -50.9926 17.4763
    endloop
  endfacet
  facet normal -0.0353915 -0.173843 0.984137
    outer loop
      vertex -1.56981 -50.9726 17.4395
      vertex -0.685668 -22.5048 22.5
      vertex -0.693036 -22.5033 22.5
    endloop
  endfacet
  facet normal -0.0372511 -0.173775 0.984081
    outer loop
      vertex -0.685668 -22.5048 22.5
      vertex -1.56981 -50.9726 17.4395
      vertex -1.56406 -50.9727 17.4397
    endloop
  endfacet
  facet normal 0.034648 -0.17387 0.984159
    outer loop
      vertex 0.188367 -22.6039 22.5
      vertex 1.56406 -50.9727 17.4397
      vertex 0.685668 -22.5048 22.5
    endloop
  endfacet
  facet normal 0.0346589 -0.173869 0.984159
    outer loop
      vertex 1.56406 -50.9727 17.4397
      vertex 0.188367 -22.6039 22.5
      vertex 0.424952 -50.9926 17.4763
    endloop
  endfacet
  facet normal 0.0353915 -0.173843 0.984137
    outer loop
      vertex 0.685668 -22.5048 22.5
      vertex 1.56981 -50.9726 17.4395
      vertex 0.693036 -22.5033 22.5
    endloop
  endfacet
  facet normal 0.0372511 -0.173775 0.984081
    outer loop
      vertex 1.56981 -50.9726 17.4395
      vertex 0.685668 -22.5048 22.5
      vertex 1.56406 -50.9727 17.4397
    endloop
  endfacet
  facet normal 0.425613 0.897256 0.117411
    outer loop
      vertex 22.904 45.5598 17.2907
      vertex 22.3569 45.8385 17.1441
      vertex 22.8995 45.562 17.2902
    endloop
  endfacet
  facet normal 0.454119 0.89094 -0.000979408
    outer loop
      vertex 23.9431 45.0303 17.4157
      vertex 22.3569 45.8385 17.1441
      vertex 22.904 45.5598 17.2907
    endloop
  endfacet
  facet normal 0.453986 0.891009 -0
    outer loop
      vertex 23.9431 45.0303 5.5
      vertex 22.3569 45.8385 17.1441
      vertex 23.9431 45.0303 17.4157
    endloop
  endfacet
  facet normal 0.453986 0.891009 0
    outer loop
      vertex 22.3569 45.8385 17.1441
      vertex 23.9431 45.0303 5.5
      vertex 22.3569 45.8385 5.5
    endloop
  endfacet
  facet normal -0.838645 0.544678 0
    outer loop
      vertex -43.2505 27.0259 5.5
      vertex -42.2809 28.5188 17.144
      vertex -42.2809 28.5188 5.5
    endloop
  endfacet
  facet normal -0.838645 0.544678 0
    outer loop
      vertex -43.2505 27.0259 17.4158
      vertex -42.2809 28.5188 17.144
      vertex -43.2505 27.0259 5.5
    endloop
  endfacet
  facet normal -0.843059 0.536417 -0.0388434
    outer loop
      vertex -42.2809 28.5188 17.144
      vertex -42.6158 28.0031 17.291
      vertex -42.6131 28.0073 17.2904
    endloop
  endfacet
  facet normal -0.838601 0.544747 0.000534219
    outer loop
      vertex -42.2809 28.5188 17.144
      vertex -43.2505 27.0259 17.4158
      vertex -42.6158 28.0031 17.291
    endloop
  endfacet
  facet normal 0.838601 -0.544747 0.000534219
    outer loop
      vertex 42.2809 -28.5188 17.144
      vertex 43.2505 -27.0259 17.4158
      vertex 42.6158 -28.0031 17.291
    endloop
  endfacet
  facet normal 0.843059 -0.536417 -0.0388434
    outer loop
      vertex 42.2809 -28.5188 17.144
      vertex 42.6158 -28.0031 17.291
      vertex 42.6131 -28.0073 17.2904
    endloop
  endfacet
  facet normal 0.838645 -0.544678 0
    outer loop
      vertex 43.2505 -27.0259 17.4158
      vertex 42.2809 -28.5188 17.144
      vertex 43.2505 -27.0259 5.5
    endloop
  endfacet
  facet normal 0.838645 -0.544678 0
    outer loop
      vertex 43.2505 -27.0259 5.5
      vertex 42.2809 -28.5188 17.144
      vertex 42.2809 -28.5188 5.5
    endloop
  endfacet
  facet normal 0.998632 -0.0522916 0
    outer loop
      vertex 50.908 -2.9429 17.291
      vertex 50.9689 -1.77987 5.5
      vertex 50.9689 -1.77987 17.4157
    endloop
  endfacet
  facet normal 0.996189 -0.0658824 0.0571575
    outer loop
      vertex 50.8758 -3.55758 17.1437
      vertex 50.908 -2.9429 17.291
      vertex 50.9077 -2.94787 17.2905
    endloop
  endfacet
  facet normal 0.998631 -0.0523128 -2.09364e-06
    outer loop
      vertex 50.908 -2.9429 17.291
      vertex 50.8758 -3.55758 17.1437
      vertex 50.9689 -1.77987 5.5
    endloop
  endfacet
  facet normal 0.998631 -0.0522991 0
    outer loop
      vertex 50.9689 -1.77987 5.5
      vertex 50.8758 -3.55758 17.1437
      vertex 50.8758 -3.55758 5.5
    endloop
  endfacet
  facet normal -0.35841 -0.933564 0
    outer loop
      vertex -19.1049 -47.2864 6.12506
      vertex -18.2805 -47.6029 7.97556
      vertex -19.1049 -47.2864 10.1291
    endloop
  endfacet
  facet normal -0.358327 -0.933596 -4.259e-05
    outer loop
      vertex -18.3976 -47.5579 6.75947
      vertex -18.2805 -47.6029 7.97556
      vertex -19.1049 -47.2864 6.12506
    endloop
  endfacet
  facet normal -0.346319 -0.938116 -0.00136602
    outer loop
      vertex -18.2805 -47.6029 7.97556
      vertex -18.3976 -47.5579 6.75947
      vertex -18.2753 -47.6048 7.96206
    endloop
  endfacet
  facet normal -0.294474 -0.952367 -0.0792642
    outer loop
      vertex -18.3976 -47.5579 6.75947
      vertex -19.1049 -47.2864 6.12506
      vertex -18.3977 -47.5578 6.75864
    endloop
  endfacet
  facet normal 0.874596 0.484853 0
    outer loop
      vertex 44.9259 24.1315 17.4396
      vertex 44.3733 25.1283 5.5
      vertex 44.3733 25.1283 17.4761
    endloop
  endfacet
  facet normal 0.873333 0.465913 0.142176
    outer loop
      vertex 45.0303 23.9431 17.4157
      vertex 44.9259 24.1315 17.4396
      vertex 44.9286 24.1265 17.4394
    endloop
  endfacet
  facet normal 0.874681 0.484698 -1.68992e-05
    outer loop
      vertex 44.9259 24.1315 17.4396
      vertex 45.0303 23.9431 17.4157
      vertex 44.3733 25.1283 5.5
    endloop
  endfacet
  facet normal 0.874609 0.484828 0
    outer loop
      vertex 44.3733 25.1283 5.5
      vertex 45.0303 23.9431 17.4157
      vertex 45.0303 23.9431 5.5
    endloop
  endfacet
  facet normal 0.775883 0.630877 -0.000208841
    outer loop
      vertex 39.6333 32.0844 7.97622
      vertex 39.7116 31.9877 6.75918
      vertex 39.6298 32.0887 7.96272
    endloop
  endfacet
  facet normal 0.777188 0.629268 2.92822e-06
    outer loop
      vertex 40.1885 31.3987 6.12561
      vertex 39.7116 31.9877 6.75918
      vertex 39.6333 32.0844 7.97622
    endloop
  endfacet
  facet normal 0.777184 0.629273 -0
    outer loop
      vertex 40.1885 31.3987 6.12561
      vertex 39.6333 32.0844 7.97622
      vertex 40.1885 31.3987 10.1284
    endloop
  endfacet
  facet normal 0.787821 0.615555 0.0207549
    outer loop
      vertex 39.7116 31.9877 6.75918
      vertex 40.1885 31.3987 6.12561
      vertex 39.7117 31.9876 6.75835
    endloop
  endfacet
  facet normal 0.121844 0.992549 0
    outer loop
      vertex 5.33095 50.7206 5.5
      vertex 7.09783 50.5037 10.1253
      vertex 7.09783 50.5037 6.12817
    endloop
  endfacet
  facet normal 0.121857 0.992548 -3.55345e-05
    outer loop
      vertex 5.33095 50.7206 5.5
      vertex 7.09783 50.5037 6.12817
      vertex 6.37599 50.5923 5.53121
    endloop
  endfacet
  facet normal 0.118361 0.992911 0.0108894
    outer loop
      vertex 6.28994 50.6029 5.5
      vertex 6.37599 50.5923 5.53121
      vertex 6.37521 50.5924 5.53057
    endloop
  endfacet
  facet normal 0.121819 0.992552 0.00123394
    outer loop
      vertex 6.37599 50.5923 5.53121
      vertex 6.28994 50.6029 5.5
      vertex 5.33095 50.7206 5.5
    endloop
  endfacet
  facet normal 0.121844 0.992549 0
    outer loop
      vertex 7.09783 50.5037 10.1253
      vertex 5.33095 50.7206 5.5
      vertex 5.33095 50.7206 14.4881
    endloop
  endfacet
  facet normal 0.630198 0.776434 -0.00056785
    outer loop
      vertex 31.3987 40.1885 6.12561
      vertex 32.0844 39.6333 7.97622
      vertex 32.0887 39.6298 7.96272
    endloop
  endfacet
  facet normal 0.62926 0.777195 1.60285e-05
    outer loop
      vertex 31.3987 40.1885 6.12561
      vertex 32.0887 39.6298 7.96272
      vertex 31.9877 39.7116 6.75918
    endloop
  endfacet
  facet normal 0.615555 0.787821 0.0207549
    outer loop
      vertex 31.3987 40.1885 6.12561
      vertex 31.9877 39.7116 6.75918
      vertex 31.9876 39.7117 6.75835
    endloop
  endfacet
  facet normal 0.629273 0.777184 0
    outer loop
      vertex 32.0844 39.6333 7.97622
      vertex 31.3987 40.1885 6.12561
      vertex 31.3987 40.1885 10.1284
    endloop
  endfacet
  facet normal 0.484915 0.874558 -0.00226652
    outer loop
      vertex 23.9431 45.0303 17.4157
      vertex 24.1315 44.9259 17.4396
      vertex 25.1283 44.3733 17.4761
    endloop
  endfacet
  facet normal 0.465913 0.873333 0.142176
    outer loop
      vertex 24.1315 44.9259 17.4396
      vertex 23.9431 45.0303 17.4157
      vertex 24.1265 44.9286 17.4394
    endloop
  endfacet
  facet normal 0.484828 0.874609 -0
    outer loop
      vertex 25.1283 44.3733 5.5
      vertex 23.9431 45.0303 17.4157
      vertex 25.1283 44.3733 17.4761
    endloop
  endfacet
  facet normal 0.484828 0.874609 0
    outer loop
      vertex 23.9431 45.0303 17.4157
      vertex 25.1283 44.3733 5.5
      vertex 23.9431 45.0303 5.5
    endloop
  endfacet
  facet normal -0.992548 0.121857 -3.55345e-05
    outer loop
      vertex -50.7206 5.33095 5.5
      vertex -50.5037 7.09783 6.12817
      vertex -50.5923 6.37599 5.53121
    endloop
  endfacet
  facet normal -0.992911 0.118361 0.0108894
    outer loop
      vertex -50.6029 6.28994 5.5
      vertex -50.5923 6.37599 5.53121
      vertex -50.5924 6.37521 5.53057
    endloop
  endfacet
  facet normal -0.992552 0.121819 0.00123394
    outer loop
      vertex -50.5923 6.37599 5.53121
      vertex -50.6029 6.28994 5.5
      vertex -50.7206 5.33095 5.5
    endloop
  endfacet
  facet normal -0.992549 0.121844 0
    outer loop
      vertex -50.5037 7.09783 6.12817
      vertex -50.7206 5.33095 5.5
      vertex -50.5037 7.09783 10.1253
    endloop
  endfacet
  facet normal -0.992549 0.121844 0
    outer loop
      vertex -50.5037 7.09783 10.1253
      vertex -50.7206 5.33095 5.5
      vertex -50.7206 5.33095 14.4881
    endloop
  endfacet
  facet normal -0.601841 0.798616 0
    outer loop
      vertex -29.977 41.2599 5.5
      vertex -31.3987 40.1885 10.1284
      vertex -29.977 41.2599 14.4905
    endloop
  endfacet
  facet normal -0.601841 0.798616 0
    outer loop
      vertex -31.3987 40.1885 10.1284
      vertex -29.977 41.2599 5.5
      vertex -31.3987 40.1885 6.12561
    endloop
  endfacet
  facet normal -0.601782 0.79866 0.000208529
    outer loop
      vertex -31.3987 40.1885 6.12561
      vertex -29.977 41.2599 5.5
      vertex -30.82 40.6247 5.53055
    endloop
  endfacet
  facet normal -0.601812 0.798637 -0.00107941
    outer loop
      vertex -30.752 40.6759 5.5
      vertex -30.82 40.6247 5.53055
      vertex -29.977 41.2599 5.5
    endloop
  endfacet
  facet normal -0.618723 0.782909 -0.0650803
    outer loop
      vertex -30.82 40.6247 5.53055
      vertex -30.752 40.6759 5.5
      vertex -30.8193 40.6252 5.52991
    endloop
  endfacet
  facet normal -0.0872794 0.996184 0.000104918
    outer loop
      vertex -4.41523 50.8007 16.7457
      vertex -3.94804 50.8416 17.052
      vertex -3.55758 50.8758 17.1437
    endloop
  endfacet
  facet normal -0.0840649 0.996449 -0.00483334
    outer loop
      vertex -3.94804 50.8416 17.052
      vertex -4.41523 50.8007 16.7457
      vertex -3.95155 50.8413 17.0512
    endloop
  endfacet
  facet normal -0.0872523 0.996186 4.61449e-05
    outer loop
      vertex -5.33095 50.7206 14.4881
      vertex -4.41523 50.8007 16.7457
      vertex -3.55758 50.8758 17.1437
    endloop
  endfacet
  facet normal -0.0551482 0.998393 -0.0130541
    outer loop
      vertex -4.41523 50.8007 16.7457
      vertex -5.33095 50.7206 14.4881
      vertex -4.41678 50.8006 16.7446
    endloop
  endfacet
  facet normal -0.0871837 0.996192 0
    outer loop
      vertex -3.55758 50.8758 5.5
      vertex -5.33095 50.7206 14.4881
      vertex -3.55758 50.8758 17.1437
    endloop
  endfacet
  facet normal -0.0871837 0.996192 0
    outer loop
      vertex -5.33095 50.7206 14.4881
      vertex -3.55758 50.8758 5.5
      vertex -5.33095 50.7206 5.5
    endloop
  endfacet
  facet normal -0.01729 -0.999846 -0.00283598
    outer loop
      vertex -1.77987 -50.9689 17.4157
      vertex -1.56406 -50.9727 17.4397
      vertex -1.56981 -50.9726 17.4395
    endloop
  endfacet
  facet normal -0.0176039 -0.999845 -1.30513e-05
    outer loop
      vertex -0.424952 -50.9926 5.5
      vertex -1.56406 -50.9727 17.4397
      vertex -1.77987 -50.9689 17.4157
    endloop
  endfacet
  facet normal -0.0174892 -0.999847 0
    outer loop
      vertex -0.424952 -50.9926 5.5
      vertex -1.77987 -50.9689 17.4157
      vertex -1.77987 -50.9689 5.5
    endloop
  endfacet
  facet normal -0.0174671 -0.999847 0
    outer loop
      vertex -1.56406 -50.9727 17.4397
      vertex -0.424952 -50.9926 5.5
      vertex -0.424952 -50.9926 17.4763
    endloop
  endfacet
  facet normal -0.920515 -0.390708 -9.19734e-05
    outer loop
      vertex -46.5908 -20.7436 5.5
      vertex -47.2864 -19.1049 6.12506
      vertex -47.004 -19.7701 5.53077
    endloop
  endfacet
  facet normal -0.921808 -0.387563 -0.00807487
    outer loop
      vertex -46.9706 -19.8489 5.5
      vertex -47.004 -19.7701 5.53077
      vertex -47.0037 -19.7708 5.53012
    endloop
  endfacet
  facet normal -0.920496 -0.39075 0.00151332
    outer loop
      vertex -47.004 -19.7701 5.53077
      vertex -46.9706 -19.8489 5.5
      vertex -46.5908 -20.7436 5.5
    endloop
  endfacet
  facet normal -0.920502 -0.390737 0
    outer loop
      vertex -47.2864 -19.1049 6.12506
      vertex -46.5908 -20.7436 5.5
      vertex -47.2864 -19.1049 10.1291
    endloop
  endfacet
  facet normal -0.920502 -0.390737 0
    outer loop
      vertex -47.2864 -19.1049 10.1291
      vertex -46.5908 -20.7436 5.5
      vertex -46.5908 -20.7436 14.4901
    endloop
  endfacet
  facet normal 0.996189 0.0658824 0.0571575
    outer loop
      vertex 50.908 2.9429 17.291
      vertex 50.8758 3.55758 17.1437
      vertex 50.9077 2.94787 17.2905
    endloop
  endfacet
  facet normal 0.998631 0.0523128 -2.09364e-06
    outer loop
      vertex 50.8758 3.55758 17.1437
      vertex 50.908 2.9429 17.291
      vertex 50.9689 1.77987 5.5
    endloop
  endfacet
  facet normal 0.998632 0.0522916 -0
    outer loop
      vertex 50.9689 1.77987 5.5
      vertex 50.908 2.9429 17.291
      vertex 50.9689 1.77987 17.4157
    endloop
  endfacet
  facet normal 0.998631 0.0522991 0
    outer loop
      vertex 50.8758 3.55758 17.1437
      vertex 50.9689 1.77987 5.5
      vertex 50.8758 3.55758 5.5
    endloop
  endfacet
  facet normal 0.989108 0.147185 0.00102351
    outer loop
      vertex 50.3658 7.96813 7.97564
      vertex 50.3856 7.84353 6.75919
      vertex 50.365 7.9736 7.96214
    endloop
  endfacet
  facet normal 0.987698 0.156376 5.9132e-05
    outer loop
      vertex 50.5037 7.09783 6.12817
      vertex 50.3856 7.84353 6.75919
      vertex 50.3658 7.96813 7.97564
    endloop
  endfacet
  facet normal 0.987678 0.156499 -0
    outer loop
      vertex 50.5037 7.09783 6.12817
      vertex 50.3658 7.96813 7.97564
      vertex 50.5037 7.09783 10.1253
    endloop
  endfacet
  facet normal 0.984964 0.171753 -0.0186238
    outer loop
      vertex 50.3856 7.84353 6.75919
      vertex 50.5037 7.09783 6.12817
      vertex 50.3856 7.84344 6.75836
    endloop
  endfacet
  facet normal 0.920502 0.390737 0
    outer loop
      vertex 47.2864 19.1049 10.1291
      vertex 46.5908 20.7436 5.5
      vertex 46.5908 20.7436 14.4901
    endloop
  endfacet
  facet normal 0.920502 0.390737 -0
    outer loop
      vertex 47.2864 19.1049 6.12506
      vertex 46.5908 20.7436 5.5
      vertex 47.2864 19.1049 10.1291
    endloop
  endfacet
  facet normal 0.920497 0.390751 4.10506e-05
    outer loop
      vertex 46.5908 20.7436 5.5
      vertex 47.2864 19.1049 6.12506
      vertex 46.9706 19.8489 5.5
    endloop
  endfacet
  facet normal 0.921808 0.387563 -0.00807487
    outer loop
      vertex 46.9706 19.8489 5.5
      vertex 47.004 19.7701 5.53077
      vertex 47.0037 19.7708 5.53012
    endloop
  endfacet
  facet normal 0.920882 0.38984 -0.001238
    outer loop
      vertex 46.9706 19.8489 5.5
      vertex 47.2864 19.1049 6.12506
      vertex 47.004 19.7701 5.53077
    endloop
  endfacet
  facet normal 0.823238 0.567688 -0.00292004
    outer loop
      vertex 41.7866 29.2248 16.7455
      vertex 41.2599 29.977 14.4905
      vertex 41.7857 29.2261 16.7445
    endloop
  endfacet
  facet normal 0.819184 0.573531 -2.39236e-05
    outer loop
      vertex 41.2599 29.977 14.4905
      vertex 41.7866 29.2248 16.7455
      vertex 42.2809 28.5188 17.144
    endloop
  endfacet
  facet normal 0.804563 0.592733 0.0366779
    outer loop
      vertex 42.0553 28.8411 17.0521
      vertex 41.7866 29.2248 16.7455
      vertex 42.0532 28.844 17.0513
    endloop
  endfacet
  facet normal 0.819312 0.573348 -0.000506501
    outer loop
      vertex 42.2809 28.5188 17.144
      vertex 41.7866 29.2248 16.7455
      vertex 42.0553 28.8411 17.0521
    endloop
  endfacet
  facet normal 0.819163 0.57356 0
    outer loop
      vertex 41.2599 29.977 14.4905
      vertex 42.2809 28.5188 17.144
      vertex 42.2809 28.5188 5.5
    endloop
  endfacet
  facet normal 0.819163 0.57356 0
    outer loop
      vertex 41.2599 29.977 14.4905
      vertex 42.2809 28.5188 5.5
      vertex 41.2599 29.977 5.5
    endloop
  endfacet
  facet normal 0.857573 0.514336 -0.00519112
    outer loop
      vertex 43.3613 26.8414 17.4397
      vertex 43.2505 27.0259 17.4158
      vertex 43.3583 26.8464 17.4395
    endloop
  endfacet
  facet normal 0.857287 0.514839 2.20538e-05
    outer loop
      vertex 43.9484 25.8643 5.5
      vertex 43.2505 27.0259 17.4158
      vertex 43.3613 26.8414 17.4397
    endloop
  endfacet
  facet normal 0.857168 0.515037 -0
    outer loop
      vertex 43.9484 25.8643 5.5
      vertex 43.3613 26.8414 17.4397
      vertex 43.9484 25.8643 17.4762
    endloop
  endfacet
  facet normal 0.857187 0.515006 0
    outer loop
      vertex 43.2505 27.0259 17.4158
      vertex 43.9484 25.8643 5.5
      vertex 43.2505 27.0259 5.5
    endloop
  endfacet
  facet normal 0.906266 0.422708 -0.00021441
    outer loop
      vertex 46.2025 21.5763 16.7457
      vertex 45.8385 22.3569 17.1441
      vertex 46.0049 22.0001 17.0521
    endloop
  endfacet
  facet normal 0.90499 0.425406 -0.00476875
    outer loop
      vertex 46.2025 21.5763 16.7457
      vertex 46.0049 22.0001 17.0521
      vertex 46.0064 21.9969 17.0513
    endloop
  endfacet
  facet normal 0.906308 0.422617 2.65111e-06
    outer loop
      vertex 45.8385 22.3569 17.1441
      vertex 46.2025 21.5763 16.7457
      vertex 46.5908 20.7436 14.4901
    endloop
  endfacet
  facet normal 0.88999 0.455732 -0.0150313
    outer loop
      vertex 46.5908 20.7436 14.4901
      vertex 46.2025 21.5763 16.7457
      vertex 46.2032 21.5749 16.7447
    endloop
  endfacet
  facet normal 0.906307 0.422621 0
    outer loop
      vertex 45.8385 22.3569 17.1441
      vertex 46.5908 20.7436 14.4901
      vertex 45.8385 22.3569 5.5
    endloop
  endfacet
  facet normal 0.906307 0.422621 0
    outer loop
      vertex 45.8385 22.3569 5.5
      vertex 46.5908 20.7436 14.4901
      vertex 46.5908 20.7436 5.5
    endloop
  endfacet
  facet normal 0.843059 0.536417 -0.0388434
    outer loop
      vertex 42.6158 28.0031 17.291
      vertex 42.2809 28.5188 17.144
      vertex 42.6131 28.0073 17.2904
    endloop
  endfacet
  facet normal 0.838601 0.544747 0.000534219
    outer loop
      vertex 43.2505 27.0259 17.4158
      vertex 42.2809 28.5188 17.144
      vertex 42.6158 28.0031 17.291
    endloop
  endfacet
  facet normal 0.838645 0.544678 0
    outer loop
      vertex 42.2809 28.5188 17.144
      vertex 43.2505 27.0259 17.4158
      vertex 43.2505 27.0259 5.5
    endloop
  endfacet
  facet normal 0.838645 0.544678 0
    outer loop
      vertex 42.2809 28.5188 17.144
      vertex 43.2505 27.0259 5.5
      vertex 42.2809 28.5188 5.5
    endloop
  endfacet
  facet normal 0.01729 0.999846 -0.00283598
    outer loop
      vertex 1.77987 50.9689 17.4157
      vertex 1.56406 50.9727 17.4397
      vertex 1.56981 50.9726 17.4395
    endloop
  endfacet
  facet normal 0.0176039 0.999845 -1.30513e-05
    outer loop
      vertex 0.424952 50.9926 5.5
      vertex 1.56406 50.9727 17.4397
      vertex 1.77987 50.9689 17.4157
    endloop
  endfacet
  facet normal 0.0174892 0.999847 0
    outer loop
      vertex 0.424952 50.9926 5.5
      vertex 1.77987 50.9689 17.4157
      vertex 1.77987 50.9689 5.5
    endloop
  endfacet
  facet normal 0.0174671 0.999847 0
    outer loop
      vertex 1.56406 50.9727 17.4397
      vertex 0.424952 50.9926 5.5
      vertex 0.424952 50.9926 17.4763
    endloop
  endfacet
  facet normal 0.0658824 0.996189 0.0571575
    outer loop
      vertex 3.55758 50.8758 17.1437
      vertex 2.9429 50.908 17.291
      vertex 2.94787 50.9077 17.2905
    endloop
  endfacet
  facet normal 0.0523128 0.998631 -2.09364e-06
    outer loop
      vertex 1.77987 50.9689 5.5
      vertex 2.9429 50.908 17.291
      vertex 3.55758 50.8758 17.1437
    endloop
  endfacet
  facet normal 0.0522991 0.998631 0
    outer loop
      vertex 1.77987 50.9689 5.5
      vertex 3.55758 50.8758 17.1437
      vertex 3.55758 50.8758 5.5
    endloop
  endfacet
  facet normal 0.0522916 0.998632 0
    outer loop
      vertex 2.9429 50.908 17.291
      vertex 1.77987 50.9689 5.5
      vertex 1.77987 50.9689 17.4157
    endloop
  endfacet
  facet normal 0.35841 0.933564 -0
    outer loop
      vertex 19.1049 47.2864 6.12506
      vertex 18.2805 47.6029 7.97556
      vertex 19.1049 47.2864 10.1291
    endloop
  endfacet
  facet normal 0.358327 0.933596 -4.259e-05
    outer loop
      vertex 18.3976 47.5579 6.75947
      vertex 18.2805 47.6029 7.97556
      vertex 19.1049 47.2864 6.12506
    endloop
  endfacet
  facet normal 0.346319 0.938116 -0.00136602
    outer loop
      vertex 18.2805 47.6029 7.97556
      vertex 18.3976 47.5579 6.75947
      vertex 18.2753 47.6048 7.96206
    endloop
  endfacet
  facet normal 0.294474 0.952367 -0.0792642
    outer loop
      vertex 18.3976 47.5579 6.75947
      vertex 19.1049 47.2864 6.12506
      vertex 18.3977 47.5578 6.75864
    endloop
  endfacet
  facet normal 0.536417 0.843059 -0.0388434
    outer loop
      vertex 28.5188 42.2809 17.144
      vertex 28.0031 42.6158 17.291
      vertex 28.0073 42.6131 17.2904
    endloop
  endfacet
  facet normal 0.544747 0.838601 0.000534219
    outer loop
      vertex 28.0031 42.6158 17.291
      vertex 28.5188 42.2809 17.144
      vertex 27.0259 43.2505 17.4158
    endloop
  endfacet
  facet normal 0.544678 0.838645 0
    outer loop
      vertex 27.0259 43.2505 5.5
      vertex 28.5188 42.2809 17.144
      vertex 28.5188 42.2809 5.5
    endloop
  endfacet
  facet normal 0.544678 0.838645 0
    outer loop
      vertex 28.5188 42.2809 17.144
      vertex 27.0259 43.2505 5.5
      vertex 27.0259 43.2505 17.4158
    endloop
  endfacet
  facet normal 0.601841 0.798616 0
    outer loop
      vertex 29.977 41.2599 5.5
      vertex 31.3987 40.1885 10.1284
      vertex 31.3987 40.1885 6.12561
    endloop
  endfacet
  facet normal 0.601782 0.79866 0.000208529
    outer loop
      vertex 29.977 41.2599 5.5
      vertex 31.3987 40.1885 6.12561
      vertex 30.82 40.6247 5.53055
    endloop
  endfacet
  facet normal 0.618723 0.782909 -0.0650803
    outer loop
      vertex 30.752 40.6759 5.5
      vertex 30.82 40.6247 5.53055
      vertex 30.8193 40.6252 5.52991
    endloop
  endfacet
  facet normal 0.601812 0.798637 -0.00107941
    outer loop
      vertex 30.82 40.6247 5.53055
      vertex 30.752 40.6759 5.5
      vertex 29.977 41.2599 5.5
    endloop
  endfacet
  facet normal 0.601841 0.798616 0
    outer loop
      vertex 31.3987 40.1885 10.1284
      vertex 29.977 41.2599 5.5
      vertex 29.977 41.2599 14.4905
    endloop
  endfacet
  facet normal 0.592733 0.804563 0.0366779
    outer loop
      vertex 29.2248 41.7866 16.7455
      vertex 28.8411 42.0553 17.0521
      vertex 28.844 42.0532 17.0513
    endloop
  endfacet
  facet normal 0.573348 0.819312 -0.000506501
    outer loop
      vertex 28.8411 42.0553 17.0521
      vertex 29.2248 41.7866 16.7455
      vertex 28.5188 42.2809 17.144
    endloop
  endfacet
  facet normal 0.567688 0.823238 -0.00292004
    outer loop
      vertex 29.977 41.2599 14.4905
      vertex 29.2248 41.7866 16.7455
      vertex 29.2261 41.7857 16.7445
    endloop
  endfacet
  facet normal 0.573531 0.819184 -2.39236e-05
    outer loop
      vertex 29.2248 41.7866 16.7455
      vertex 29.977 41.2599 14.4905
      vertex 28.5188 42.2809 17.144
    endloop
  endfacet
  facet normal 0.57356 0.819163 0
    outer loop
      vertex 28.5188 42.2809 5.5
      vertex 29.977 41.2599 14.4905
      vertex 29.977 41.2599 5.5
    endloop
  endfacet
  facet normal 0.57356 0.819163 0
    outer loop
      vertex 29.977 41.2599 14.4905
      vertex 28.5188 42.2809 5.5
      vertex 28.5188 42.2809 17.144
    endloop
  endfacet
  facet normal -0.999847 0.0174892 0
    outer loop
      vertex -50.9926 0.424952 5.5
      vertex -50.9689 1.77987 17.4157
      vertex -50.9689 1.77987 5.5
    endloop
  endfacet
  facet normal -0.999846 0.01729 -0.00283598
    outer loop
      vertex -50.9689 1.77987 17.4157
      vertex -50.9727 1.56406 17.4397
      vertex -50.9726 1.56981 17.4395
    endloop
  endfacet
  facet normal -0.999845 0.0176039 -1.30513e-05
    outer loop
      vertex -50.9689 1.77987 17.4157
      vertex -50.9926 0.424952 5.5
      vertex -50.9727 1.56406 17.4397
    endloop
  endfacet
  facet normal -0.999847 0.0174671 0
    outer loop
      vertex -50.9727 1.56406 17.4397
      vertex -50.9926 0.424952 5.5
      vertex -50.9926 0.424952 17.4763
    endloop
  endfacet
  facet normal -0.998631 0.0522991 0
    outer loop
      vertex -50.9689 1.77987 5.5
      vertex -50.8758 3.55758 17.1437
      vertex -50.8758 3.55758 5.5
    endloop
  endfacet
  facet normal -0.998631 0.0523128 -2.09364e-06
    outer loop
      vertex -50.908 2.9429 17.291
      vertex -50.8758 3.55758 17.1437
      vertex -50.9689 1.77987 5.5
    endloop
  endfacet
  facet normal -0.996189 0.0658824 0.0571575
    outer loop
      vertex -50.8758 3.55758 17.1437
      vertex -50.908 2.9429 17.291
      vertex -50.9077 2.94787 17.2905
    endloop
  endfacet
  facet normal -0.998632 0.0522916 0
    outer loop
      vertex -50.908 2.9429 17.291
      vertex -50.9689 1.77987 5.5
      vertex -50.9689 1.77987 17.4157
    endloop
  endfacet
  facet normal -0.874596 0.484853 0
    outer loop
      vertex -44.3733 25.1283 5.5
      vertex -44.9259 24.1315 17.4396
      vertex -44.3733 25.1283 17.4761
    endloop
  endfacet
  facet normal -0.874681 0.484698 -1.68992e-05
    outer loop
      vertex -45.0303 23.9431 17.4157
      vertex -44.9259 24.1315 17.4396
      vertex -44.3733 25.1283 5.5
    endloop
  endfacet
  facet normal -0.874609 0.484828 0
    outer loop
      vertex -45.0303 23.9431 17.4157
      vertex -44.3733 25.1283 5.5
      vertex -45.0303 23.9431 5.5
    endloop
  endfacet
  facet normal -0.873333 0.465913 0.142176
    outer loop
      vertex -44.9259 24.1315 17.4396
      vertex -45.0303 23.9431 17.4157
      vertex -44.9286 24.1265 17.4394
    endloop
  endfacet
  facet normal -0.890988 0.454026 0
    outer loop
      vertex -45.0303 23.9431 5.5
      vertex -45.5598 22.904 17.2907
      vertex -45.0303 23.9431 17.4157
    endloop
  endfacet
  facet normal -0.891046 0.453914 -1.24527e-05
    outer loop
      vertex -45.8385 22.3569 17.1441
      vertex -45.5598 22.904 17.2907
      vertex -45.0303 23.9431 5.5
    endloop
  endfacet
  facet normal -0.891009 0.453986 0
    outer loop
      vertex -45.8385 22.3569 17.1441
      vertex -45.0303 23.9431 5.5
      vertex -45.8385 22.3569 5.5
    endloop
  endfacet
  facet normal -0.897256 0.425613 0.117411
    outer loop
      vertex -45.5598 22.904 17.2907
      vertex -45.8385 22.3569 17.1441
      vertex -45.562 22.8995 17.2902
    endloop
  endfacet
  facet normal -0.952367 0.294474 -0.0792642
    outer loop
      vertex -47.5579 18.3976 6.75947
      vertex -47.2864 19.1049 6.12506
      vertex -47.5578 18.3977 6.75864
    endloop
  endfacet
  facet normal -0.933596 0.358327 -4.259e-05
    outer loop
      vertex -47.6029 18.2805 7.97556
      vertex -47.2864 19.1049 6.12506
      vertex -47.5579 18.3976 6.75947
    endloop
  endfacet
  facet normal -0.933564 0.35841 0
    outer loop
      vertex -47.2864 19.1049 6.12506
      vertex -47.6029 18.2805 7.97556
      vertex -47.2864 19.1049 10.1291
    endloop
  endfacet
  facet normal -0.938116 0.346319 -0.00136602
    outer loop
      vertex -47.6029 18.2805 7.97556
      vertex -47.5579 18.3976 6.75947
      vertex -47.6048 18.2753 7.96206
    endloop
  endfacet
  facet normal -0.425406 0.90499 -0.00476875
    outer loop
      vertex -21.5763 46.2025 16.7457
      vertex -22.0001 46.0049 17.0521
      vertex -21.9969 46.0064 17.0513
    endloop
  endfacet
  facet normal -0.422708 0.906266 -0.00021441
    outer loop
      vertex -21.5763 46.2025 16.7457
      vertex -22.3569 45.8385 17.1441
      vertex -22.0001 46.0049 17.0521
    endloop
  endfacet
  facet normal -0.455732 0.88999 -0.0150313
    outer loop
      vertex -20.7436 46.5908 14.4901
      vertex -21.5763 46.2025 16.7457
      vertex -21.5749 46.2032 16.7447
    endloop
  endfacet
  facet normal -0.422617 0.906308 2.65111e-06
    outer loop
      vertex -21.5763 46.2025 16.7457
      vertex -20.7436 46.5908 14.4901
      vertex -22.3569 45.8385 17.1441
    endloop
  endfacet
  facet normal -0.422621 0.906307 0
    outer loop
      vertex -22.3569 45.8385 5.5
      vertex -20.7436 46.5908 14.4901
      vertex -20.7436 46.5908 5.5
    endloop
  endfacet
  facet normal -0.422621 0.906307 0
    outer loop
      vertex -20.7436 46.5908 14.4901
      vertex -22.3569 45.8385 5.5
      vertex -22.3569 45.8385 17.1441
    endloop
  endfacet
  facet normal -0.425613 0.897256 0.117411
    outer loop
      vertex -22.3569 45.8385 17.1441
      vertex -22.904 45.5598 17.2907
      vertex -22.8995 45.562 17.2902
    endloop
  endfacet
  facet normal -0.454119 0.89094 -0.000979408
    outer loop
      vertex -22.3569 45.8385 17.1441
      vertex -23.9431 45.0303 17.4157
      vertex -22.904 45.5598 17.2907
    endloop
  endfacet
  facet normal -0.453986 0.891009 0
    outer loop
      vertex -23.9431 45.0303 5.5
      vertex -22.3569 45.8385 17.1441
      vertex -22.3569 45.8385 5.5
    endloop
  endfacet
  facet normal -0.453986 0.891009 0
    outer loop
      vertex -22.3569 45.8385 17.1441
      vertex -23.9431 45.0303 5.5
      vertex -23.9431 45.0303 17.4157
    endloop
  endfacet
  facet normal -0.465913 0.873333 0.142176
    outer loop
      vertex -23.9431 45.0303 17.4157
      vertex -24.1315 44.9259 17.4396
      vertex -24.1265 44.9286 17.4394
    endloop
  endfacet
  facet normal -0.484915 0.874558 -0.00226652
    outer loop
      vertex -24.1315 44.9259 17.4396
      vertex -23.9431 45.0303 17.4157
      vertex -25.1283 44.3733 17.4761
    endloop
  endfacet
  facet normal -0.484828 0.874609 0
    outer loop
      vertex -25.1283 44.3733 5.5
      vertex -23.9431 45.0303 17.4157
      vertex -23.9431 45.0303 5.5
    endloop
  endfacet
  facet normal -0.484828 0.874609 0
    outer loop
      vertex -23.9431 45.0303 17.4157
      vertex -25.1283 44.3733 5.5
      vertex -25.1283 44.3733 17.4761
    endloop
  endfacet
  facet normal -0.573348 0.819312 -0.000506501
    outer loop
      vertex -29.2248 41.7866 16.7455
      vertex -28.8411 42.0553 17.0521
      vertex -28.5188 42.2809 17.144
    endloop
  endfacet
  facet normal -0.592733 0.804563 0.0366779
    outer loop
      vertex -28.8411 42.0553 17.0521
      vertex -29.2248 41.7866 16.7455
      vertex -28.844 42.0532 17.0513
    endloop
  endfacet
  facet normal -0.573531 0.819184 -2.39236e-05
    outer loop
      vertex -29.977 41.2599 14.4905
      vertex -29.2248 41.7866 16.7455
      vertex -28.5188 42.2809 17.144
    endloop
  endfacet
  facet normal -0.567688 0.823238 -0.00292004
    outer loop
      vertex -29.2248 41.7866 16.7455
      vertex -29.977 41.2599 14.4905
      vertex -29.2261 41.7857 16.7445
    endloop
  endfacet
  facet normal -0.57356 0.819163 0
    outer loop
      vertex -28.5188 42.2809 5.5
      vertex -29.977 41.2599 14.4905
      vertex -28.5188 42.2809 17.144
    endloop
  endfacet
  facet normal -0.57356 0.819163 0
    outer loop
      vertex -29.977 41.2599 14.4905
      vertex -28.5188 42.2809 5.5
      vertex -29.977 41.2599 5.5
    endloop
  endfacet
  facet normal -0.346319 0.938116 -0.00136602
    outer loop
      vertex -18.3976 47.5579 6.75947
      vertex -18.2805 47.6029 7.97556
      vertex -18.2753 47.6048 7.96206
    endloop
  endfacet
  facet normal -0.358327 0.933596 -4.259e-05
    outer loop
      vertex -18.2805 47.6029 7.97556
      vertex -18.3976 47.5579 6.75947
      vertex -19.1049 47.2864 6.12506
    endloop
  endfacet
  facet normal -0.294474 0.952367 -0.0792642
    outer loop
      vertex -19.1049 47.2864 6.12506
      vertex -18.3976 47.5579 6.75947
      vertex -18.3977 47.5578 6.75864
    endloop
  endfacet
  facet normal -0.35841 0.933564 0
    outer loop
      vertex -18.2805 47.6029 7.97556
      vertex -19.1049 47.2864 6.12506
      vertex -19.1049 47.2864 10.1291
    endloop
  endfacet
  facet normal -0.01729 0.999846 -0.00283598
    outer loop
      vertex -1.56406 50.9727 17.4397
      vertex -1.77987 50.9689 17.4157
      vertex -1.56981 50.9726 17.4395
    endloop
  endfacet
  facet normal -0.0174671 0.999847 0
    outer loop
      vertex -0.424952 50.9926 5.5
      vertex -1.56406 50.9727 17.4397
      vertex -0.424952 50.9926 17.4763
    endloop
  endfacet
  facet normal -0.0176039 0.999845 -1.30513e-05
    outer loop
      vertex -1.56406 50.9727 17.4397
      vertex -0.424952 50.9926 5.5
      vertex -1.77987 50.9689 17.4157
    endloop
  endfacet
  facet normal -0.0174892 0.999847 0
    outer loop
      vertex -1.77987 50.9689 17.4157
      vertex -0.424952 50.9926 5.5
      vertex -1.77987 50.9689 5.5
    endloop
  endfacet
  facet normal 0.999846 0.01729 -0.00283598
    outer loop
      vertex 50.9727 1.56406 17.4397
      vertex 50.9689 1.77987 17.4157
      vertex 50.9726 1.56981 17.4395
    endloop
  endfacet
  facet normal 0.999845 0.0176039 -1.30513e-05
    outer loop
      vertex 50.9926 0.424952 5.5
      vertex 50.9689 1.77987 17.4157
      vertex 50.9727 1.56406 17.4397
    endloop
  endfacet
  facet normal 0.999847 0.0174671 -0
    outer loop
      vertex 50.9926 0.424952 5.5
      vertex 50.9727 1.56406 17.4397
      vertex 50.9926 0.424952 17.4763
    endloop
  endfacet
  facet normal 0.999847 0.0174892 0
    outer loop
      vertex 50.9689 1.77987 17.4157
      vertex 50.9926 0.424952 5.5
      vertex 50.9689 1.77987 5.5
    endloop
  endfacet
  facet normal 0.01729 -0.999846 -0.00283598
    outer loop
      vertex 1.56406 -50.9727 17.4397
      vertex 1.77987 -50.9689 17.4157
      vertex 1.56981 -50.9726 17.4395
    endloop
  endfacet
  facet normal 0.0174671 -0.999847 0
    outer loop
      vertex 0.424952 -50.9926 5.5
      vertex 1.56406 -50.9727 17.4397
      vertex 0.424952 -50.9926 17.4763
    endloop
  endfacet
  facet normal 0.0176039 -0.999845 -1.30513e-05
    outer loop
      vertex 1.56406 -50.9727 17.4397
      vertex 0.424952 -50.9926 5.5
      vertex 1.77987 -50.9689 17.4157
    endloop
  endfacet
  facet normal 0.0174892 -0.999847 0
    outer loop
      vertex 1.77987 -50.9689 17.4157
      vertex 0.424952 -50.9926 5.5
      vertex 1.77987 -50.9689 5.5
    endloop
  endfacet
  facet normal 0.573348 -0.819312 -0.000506501
    outer loop
      vertex 29.2248 -41.7866 16.7455
      vertex 28.8411 -42.0553 17.0521
      vertex 28.5188 -42.2809 17.144
    endloop
  endfacet
  facet normal 0.592733 -0.804563 0.0366779
    outer loop
      vertex 28.8411 -42.0553 17.0521
      vertex 29.2248 -41.7866 16.7455
      vertex 28.844 -42.0532 17.0513
    endloop
  endfacet
  facet normal 0.573531 -0.819184 -2.39236e-05
    outer loop
      vertex 29.977 -41.2599 14.4905
      vertex 29.2248 -41.7866 16.7455
      vertex 28.5188 -42.2809 17.144
    endloop
  endfacet
  facet normal 0.567688 -0.823238 -0.00292004
    outer loop
      vertex 29.2248 -41.7866 16.7455
      vertex 29.977 -41.2599 14.4905
      vertex 29.2261 -41.7857 16.7445
    endloop
  endfacet
  facet normal 0.57356 -0.819163 0
    outer loop
      vertex 28.5188 -42.2809 5.5
      vertex 29.977 -41.2599 14.4905
      vertex 28.5188 -42.2809 17.144
    endloop
  endfacet
  facet normal 0.57356 -0.819163 0
    outer loop
      vertex 29.977 -41.2599 14.4905
      vertex 28.5188 -42.2809 5.5
      vertex 29.977 -41.2599 5.5
    endloop
  endfacet
  facet normal 0.465913 -0.873333 0.142176
    outer loop
      vertex 23.9431 -45.0303 17.4157
      vertex 24.1315 -44.9259 17.4396
      vertex 24.1265 -44.9286 17.4394
    endloop
  endfacet
  facet normal 0.484915 -0.874558 -0.00226652
    outer loop
      vertex 24.1315 -44.9259 17.4396
      vertex 23.9431 -45.0303 17.4157
      vertex 25.1283 -44.3733 17.4761
    endloop
  endfacet
  facet normal 0.484828 -0.874609 0
    outer loop
      vertex 25.1283 -44.3733 5.5
      vertex 23.9431 -45.0303 17.4157
      vertex 23.9431 -45.0303 5.5
    endloop
  endfacet
  facet normal 0.484828 -0.874609 0
    outer loop
      vertex 23.9431 -45.0303 17.4157
      vertex 25.1283 -44.3733 5.5
      vertex 25.1283 -44.3733 17.4761
    endloop
  endfacet
  facet normal 0.425406 -0.90499 -0.00476875
    outer loop
      vertex 21.5763 -46.2025 16.7457
      vertex 22.0001 -46.0049 17.0521
      vertex 21.9969 -46.0064 17.0513
    endloop
  endfacet
  facet normal 0.422708 -0.906266 -0.00021441
    outer loop
      vertex 21.5763 -46.2025 16.7457
      vertex 22.3569 -45.8385 17.1441
      vertex 22.0001 -46.0049 17.0521
    endloop
  endfacet
  facet normal 0.455732 -0.88999 -0.0150313
    outer loop
      vertex 20.7436 -46.5908 14.4901
      vertex 21.5763 -46.2025 16.7457
      vertex 21.5749 -46.2032 16.7447
    endloop
  endfacet
  facet normal 0.422617 -0.906308 2.65111e-06
    outer loop
      vertex 21.5763 -46.2025 16.7457
      vertex 20.7436 -46.5908 14.4901
      vertex 22.3569 -45.8385 17.1441
    endloop
  endfacet
  facet normal 0.422621 -0.906307 0
    outer loop
      vertex 22.3569 -45.8385 5.5
      vertex 20.7436 -46.5908 14.4901
      vertex 20.7436 -46.5908 5.5
    endloop
  endfacet
  facet normal 0.422621 -0.906307 0
    outer loop
      vertex 20.7436 -46.5908 14.4901
      vertex 22.3569 -45.8385 5.5
      vertex 22.3569 -45.8385 17.1441
    endloop
  endfacet
  facet normal 0.798616 -0.601841 0
    outer loop
      vertex 40.1885 -31.3987 10.1284
      vertex 41.2599 -29.977 5.5
      vertex 41.2599 -29.977 14.4905
    endloop
  endfacet
  facet normal 0.798616 -0.601841 0
    outer loop
      vertex 40.1885 -31.3987 6.12561
      vertex 41.2599 -29.977 5.5
      vertex 40.1885 -31.3987 10.1284
    endloop
  endfacet
  facet normal 0.79866 -0.601782 0.000208529
    outer loop
      vertex 40.6247 -30.82 5.53055
      vertex 41.2599 -29.977 5.5
      vertex 40.1885 -31.3987 6.12561
    endloop
  endfacet
  facet normal 0.782909 -0.618723 -0.0650803
    outer loop
      vertex 40.6759 -30.752 5.5
      vertex 40.6247 -30.82 5.53055
      vertex 40.6252 -30.8193 5.52991
    endloop
  endfacet
  facet normal 0.798637 -0.601812 -0.00107941
    outer loop
      vertex 41.2599 -29.977 5.5
      vertex 40.6247 -30.82 5.53055
      vertex 40.6759 -30.752 5.5
    endloop
  endfacet
  facet normal 0.897256 -0.425613 0.117411
    outer loop
      vertex 45.5598 -22.904 17.2907
      vertex 45.8385 -22.3569 17.1441
      vertex 45.562 -22.8995 17.2902
    endloop
  endfacet
  facet normal 0.891046 -0.453914 -1.24527e-05
    outer loop
      vertex 45.8385 -22.3569 17.1441
      vertex 45.5598 -22.904 17.2907
      vertex 45.0303 -23.9431 5.5
    endloop
  endfacet
  facet normal 0.890988 -0.454026 0
    outer loop
      vertex 45.0303 -23.9431 5.5
      vertex 45.5598 -22.904 17.2907
      vertex 45.0303 -23.9431 17.4157
    endloop
  endfacet
  facet normal 0.891009 -0.453986 0
    outer loop
      vertex 45.8385 -22.3569 17.1441
      vertex 45.0303 -23.9431 5.5
      vertex 45.8385 -22.3569 5.5
    endloop
  endfacet
  facet normal 0.88999 -0.455732 -0.0150313
    outer loop
      vertex 46.2025 -21.5763 16.7457
      vertex 46.5908 -20.7436 14.4901
      vertex 46.2032 -21.5749 16.7447
    endloop
  endfacet
  facet normal 0.906308 -0.422617 2.65111e-06
    outer loop
      vertex 46.5908 -20.7436 14.4901
      vertex 46.2025 -21.5763 16.7457
      vertex 45.8385 -22.3569 17.1441
    endloop
  endfacet
  facet normal 0.90499 -0.425406 -0.00476875
    outer loop
      vertex 46.0049 -22.0001 17.0521
      vertex 46.2025 -21.5763 16.7457
      vertex 46.0064 -21.9969 17.0513
    endloop
  endfacet
  facet normal 0.906266 -0.422708 -0.00021441
    outer loop
      vertex 45.8385 -22.3569 17.1441
      vertex 46.2025 -21.5763 16.7457
      vertex 46.0049 -22.0001 17.0521
    endloop
  endfacet
  facet normal 0.906307 -0.422621 0
    outer loop
      vertex 46.5908 -20.7436 14.4901
      vertex 45.8385 -22.3569 17.1441
      vertex 45.8385 -22.3569 5.5
    endloop
  endfacet
  facet normal 0.906307 -0.422621 0
    outer loop
      vertex 46.5908 -20.7436 14.4901
      vertex 45.8385 -22.3569 5.5
      vertex 46.5908 -20.7436 5.5
    endloop
  endfacet
  facet normal 0.938116 -0.346319 -0.00136602
    outer loop
      vertex 47.6029 -18.2805 7.97556
      vertex 47.5579 -18.3976 6.75947
      vertex 47.6048 -18.2753 7.96206
    endloop
  endfacet
  facet normal 0.933596 -0.358327 -4.259e-05
    outer loop
      vertex 47.2864 -19.1049 6.12506
      vertex 47.5579 -18.3976 6.75947
      vertex 47.6029 -18.2805 7.97556
    endloop
  endfacet
  facet normal 0.933564 -0.35841 0
    outer loop
      vertex 47.2864 -19.1049 6.12506
      vertex 47.6029 -18.2805 7.97556
      vertex 47.2864 -19.1049 10.1291
    endloop
  endfacet
  facet normal 0.952367 -0.294474 -0.0792642
    outer loop
      vertex 47.5579 -18.3976 6.75947
      vertex 47.2864 -19.1049 6.12506
      vertex 47.5578 -18.3977 6.75864
    endloop
  endfacet
  facet normal 0.987678 -0.156499 0
    outer loop
      vertex 50.3658 -7.96813 7.97564
      vertex 50.5037 -7.09783 6.12817
      vertex 50.5037 -7.09783 10.1253
    endloop
  endfacet
  facet normal 0.984964 -0.171753 -0.0186238
    outer loop
      vertex 50.5037 -7.09783 6.12817
      vertex 50.3856 -7.84353 6.75919
      vertex 50.3856 -7.84344 6.75836
    endloop
  endfacet
  facet normal 0.987698 -0.156376 5.9132e-05
    outer loop
      vertex 50.5037 -7.09783 6.12817
      vertex 50.3658 -7.96813 7.97564
      vertex 50.3856 -7.84353 6.75919
    endloop
  endfacet
  facet normal 0.989108 -0.147185 0.00102351
    outer loop
      vertex 50.3856 -7.84353 6.75919
      vertex 50.3658 -7.96813 7.97564
      vertex 50.365 -7.9736 7.96214
    endloop
  endfacet
  facet normal 0.996184 -0.0872794 0.000104918
    outer loop
      vertex 50.8007 -4.41523 16.7457
      vertex 50.8758 -3.55758 17.1437
      vertex 50.8416 -3.94804 17.052
    endloop
  endfacet
  facet normal 0.996449 -0.0840649 -0.00483334
    outer loop
      vertex 50.8007 -4.41523 16.7457
      vertex 50.8416 -3.94804 17.052
      vertex 50.8413 -3.95155 17.0512
    endloop
  endfacet
  facet normal 0.996186 -0.0872523 4.61449e-05
    outer loop
      vertex 50.8758 -3.55758 17.1437
      vertex 50.8007 -4.41523 16.7457
      vertex 50.7206 -5.33095 14.4881
    endloop
  endfacet
  facet normal 0.998393 -0.0551482 -0.0130541
    outer loop
      vertex 50.7206 -5.33095 14.4881
      vertex 50.8007 -4.41523 16.7457
      vertex 50.8006 -4.41678 16.7446
    endloop
  endfacet
  facet normal 0.996192 -0.0871837 0
    outer loop
      vertex 50.8758 -3.55758 17.1437
      vertex 50.7206 -5.33095 14.4881
      vertex 50.8758 -3.55758 5.5
    endloop
  endfacet
  facet normal 0.996192 -0.0871837 0
    outer loop
      vertex 50.8758 -3.55758 5.5
      vertex 50.7206 -5.33095 14.4881
      vertex 50.7206 -5.33095 5.5
    endloop
  endfacet
  facet normal -0.484915 -0.874558 -0.00226652
    outer loop
      vertex -23.9431 -45.0303 17.4157
      vertex -24.1315 -44.9259 17.4396
      vertex -25.1283 -44.3733 17.4761
    endloop
  endfacet
  facet normal -0.465913 -0.873333 0.142176
    outer loop
      vertex -24.1315 -44.9259 17.4396
      vertex -23.9431 -45.0303 17.4157
      vertex -24.1265 -44.9286 17.4394
    endloop
  endfacet
  facet normal -0.484828 -0.874609 0
    outer loop
      vertex -25.1283 -44.3733 5.5
      vertex -23.9431 -45.0303 17.4157
      vertex -25.1283 -44.3733 17.4761
    endloop
  endfacet
  facet normal -0.484828 -0.874609 -0
    outer loop
      vertex -23.9431 -45.0303 17.4157
      vertex -25.1283 -44.3733 5.5
      vertex -23.9431 -45.0303 5.5
    endloop
  endfacet
  facet normal -0.425613 -0.897256 0.117411
    outer loop
      vertex -22.904 -45.5598 17.2907
      vertex -22.3569 -45.8385 17.1441
      vertex -22.8995 -45.562 17.2902
    endloop
  endfacet
  facet normal -0.454119 -0.89094 -0.000979408
    outer loop
      vertex -23.9431 -45.0303 17.4157
      vertex -22.3569 -45.8385 17.1441
      vertex -22.904 -45.5598 17.2907
    endloop
  endfacet
  facet normal -0.453986 -0.891009 0
    outer loop
      vertex -23.9431 -45.0303 5.5
      vertex -22.3569 -45.8385 17.1441
      vertex -23.9431 -45.0303 17.4157
    endloop
  endfacet
  facet normal -0.453986 -0.891009 -0
    outer loop
      vertex -22.3569 -45.8385 17.1441
      vertex -23.9431 -45.0303 5.5
      vertex -22.3569 -45.8385 5.5
    endloop
  endfacet
  facet normal -0.630198 -0.776434 -0.00056785
    outer loop
      vertex -31.3987 -40.1885 6.12561
      vertex -32.0844 -39.6333 7.97622
      vertex -32.0887 -39.6298 7.96272
    endloop
  endfacet
  facet normal -0.62926 -0.777195 1.60285e-05
    outer loop
      vertex -31.3987 -40.1885 6.12561
      vertex -32.0887 -39.6298 7.96272
      vertex -31.9877 -39.7116 6.75918
    endloop
  endfacet
  facet normal -0.615555 -0.787821 0.0207549
    outer loop
      vertex -31.3987 -40.1885 6.12561
      vertex -31.9877 -39.7116 6.75918
      vertex -31.9876 -39.7117 6.75835
    endloop
  endfacet
  facet normal -0.629273 -0.777184 0
    outer loop
      vertex -32.0844 -39.6333 7.97622
      vertex -31.3987 -40.1885 6.12561
      vertex -31.3987 -40.1885 10.1284
    endloop
  endfacet
  facet normal -0.798637 -0.601812 -0.00107941
    outer loop
      vertex -40.6247 -30.82 5.53055
      vertex -41.2599 -29.977 5.5
      vertex -40.6759 -30.752 5.5
    endloop
  endfacet
  facet normal -0.782909 -0.618723 -0.0650803
    outer loop
      vertex -40.6247 -30.82 5.53055
      vertex -40.6759 -30.752 5.5
      vertex -40.6252 -30.8193 5.52991
    endloop
  endfacet
  facet normal -0.79866 -0.601782 0.000208529
    outer loop
      vertex -41.2599 -29.977 5.5
      vertex -40.6247 -30.82 5.53055
      vertex -40.1885 -31.3987 6.12561
    endloop
  endfacet
  facet normal -0.798616 -0.601841 0
    outer loop
      vertex -41.2599 -29.977 5.5
      vertex -40.1885 -31.3987 6.12561
      vertex -40.1885 -31.3987 10.1284
    endloop
  endfacet
  facet normal -0.798616 -0.601841 0
    outer loop
      vertex -41.2599 -29.977 5.5
      vertex -40.1885 -31.3987 10.1284
      vertex -41.2599 -29.977 14.4905
    endloop
  endfacet
  facet normal -0.819163 -0.57356 0
    outer loop
      vertex -41.2599 -29.977 14.4905
      vertex -42.2809 -28.5188 17.144
      vertex -42.2809 -28.5188 5.5
    endloop
  endfacet
  facet normal -0.819184 -0.573531 -2.39236e-05
    outer loop
      vertex -41.7866 -29.2248 16.7455
      vertex -42.2809 -28.5188 17.144
      vertex -41.2599 -29.977 14.4905
    endloop
  endfacet
  facet normal -0.819312 -0.573348 -0.000506501
    outer loop
      vertex -42.2809 -28.5188 17.144
      vertex -41.7866 -29.2248 16.7455
      vertex -42.0553 -28.8411 17.0521
    endloop
  endfacet
  facet normal -0.804563 -0.592733 0.0366779
    outer loop
      vertex -42.0553 -28.8411 17.0521
      vertex -41.7866 -29.2248 16.7455
      vertex -42.0532 -28.844 17.0513
    endloop
  endfacet
  facet normal -0.819163 -0.57356 -0
    outer loop
      vertex -41.2599 -29.977 14.4905
      vertex -42.2809 -28.5188 5.5
      vertex -41.2599 -29.977 5.5
    endloop
  endfacet
  facet normal -0.823238 -0.567688 -0.00292004
    outer loop
      vertex -41.7866 -29.2248 16.7455
      vertex -41.2599 -29.977 14.4905
      vertex -41.7857 -29.2261 16.7445
    endloop
  endfacet
  facet normal -0.874609 -0.484828 0
    outer loop
      vertex -44.3733 -25.1283 5.5
      vertex -45.0303 -23.9431 17.4157
      vertex -45.0303 -23.9431 5.5
    endloop
  endfacet
  facet normal -0.873333 -0.465913 0.142176
    outer loop
      vertex -45.0303 -23.9431 17.4157
      vertex -44.9259 -24.1315 17.4396
      vertex -44.9286 -24.1265 17.4394
    endloop
  endfacet
  facet normal -0.874681 -0.484698 -1.68992e-05
    outer loop
      vertex -45.0303 -23.9431 17.4157
      vertex -44.3733 -25.1283 5.5
      vertex -44.9259 -24.1315 17.4396
    endloop
  endfacet
  facet normal -0.874596 -0.484853 0
    outer loop
      vertex -44.9259 -24.1315 17.4396
      vertex -44.3733 -25.1283 5.5
      vertex -44.3733 -25.1283 17.4761
    endloop
  endfacet
  facet normal -0.857168 -0.515037 0
    outer loop
      vertex -43.9484 -25.8643 5.5
      vertex -43.3613 -26.8414 17.4397
      vertex -43.9484 -25.8643 17.4762
    endloop
  endfacet
  facet normal -0.857287 -0.514839 2.20538e-05
    outer loop
      vertex -43.2505 -27.0259 17.4158
      vertex -43.3613 -26.8414 17.4397
      vertex -43.9484 -25.8643 5.5
    endloop
  endfacet
  facet normal -0.857187 -0.515006 -0
    outer loop
      vertex -43.2505 -27.0259 17.4158
      vertex -43.9484 -25.8643 5.5
      vertex -43.2505 -27.0259 5.5
    endloop
  endfacet
  facet normal -0.857573 -0.514336 -0.00519112
    outer loop
      vertex -43.3613 -26.8414 17.4397
      vertex -43.2505 -27.0259 17.4158
      vertex -43.3583 -26.8464 17.4395
    endloop
  endfacet
  facet normal -0.999847 -0.0174671 0
    outer loop
      vertex -50.9926 -0.424952 5.5
      vertex -50.9727 -1.56406 17.4397
      vertex -50.9926 -0.424952 17.4763
    endloop
  endfacet
  facet normal -0.999845 -0.0176039 -1.30513e-05
    outer loop
      vertex -50.9689 -1.77987 17.4157
      vertex -50.9727 -1.56406 17.4397
      vertex -50.9926 -0.424952 5.5
    endloop
  endfacet
  facet normal -0.999847 -0.0174892 -0
    outer loop
      vertex -50.9689 -1.77987 17.4157
      vertex -50.9926 -0.424952 5.5
      vertex -50.9689 -1.77987 5.5
    endloop
  endfacet
  facet normal -0.999846 -0.01729 -0.00283598
    outer loop
      vertex -50.9727 -1.56406 17.4397
      vertex -50.9689 -1.77987 17.4157
      vertex -50.9726 -1.56981 17.4395
    endloop
  endfacet
  facet normal 0 0 -1
    outer loop
      vertex 48.1012 0.400855 5.5
      vertex 50.9689 1.77987 5.5
      vertex 50.9926 0.424952 5.5
    endloop
  endfacet
  facet normal 0 0 -1
    outer loop
      vertex 50.9689 1.77987 5.5
      vertex 48.7073 3.45707 5.5
      vertex 50.8758 3.55758 5.5
    endloop
  endfacet
  facet normal -0 0 -1
    outer loop
      vertex 50.8758 3.55758 5.5
      vertex 48.7082 3.45851 5.5
      vertex 50.7206 5.33095 5.5
    endloop
  endfacet
  facet normal -0 0 -1
    outer loop
      vertex 50.7206 5.33095 5.5
      vertex 48.7082 3.45851 5.5
      vertex 50.6029 6.28994 5.5
    endloop
  endfacet
  facet normal 0 0 -1
    outer loop
      vertex 50.8758 3.55758 5.5
      vertex 48.7073 3.45707 5.5
      vertex 48.7082 3.45851 5.5
    endloop
  endfacet
  facet normal -0 0 -1
    outer loop
      vertex 50.9689 1.77987 5.5
      vertex 48.1012 0.400855 5.5
      vertex 48.7073 3.45707 5.5
    endloop
  endfacet
  facet normal 0 0 -1
    outer loop
      vertex 3.45851 -48.7082 5.5
      vertex 5.33095 -50.7206 5.5
      vertex 3.55758 -50.8758 5.5
    endloop
  endfacet
  facet normal 0 0 -1
    outer loop
      vertex 5.33095 -50.7206 5.5
      vertex 3.45851 -48.7082 5.5
      vertex 6.28994 -50.6029 5.5
    endloop
  endfacet
  facet normal 0 0 -1
    outer loop
      vertex 3.55758 -50.8758 5.5
      vertex 3.45707 -48.7073 5.5
      vertex 3.45851 -48.7082 5.5
    endloop
  endfacet
  facet normal 0 0 -1
    outer loop
      vertex 1.77987 -50.9689 5.5
      vertex 3.45707 -48.7073 5.5
      vertex 3.55758 -50.8758 5.5
    endloop
  endfacet
  facet normal 0 0 -1
    outer loop
      vertex 0.400855 -48.1012 5.5
      vertex 1.77987 -50.9689 5.5
      vertex 0.424952 -50.9926 5.5
    endloop
  endfacet
  facet normal 0 0 -1
    outer loop
      vertex 1.77987 -50.9689 5.5
      vertex 0.400855 -48.1012 5.5
      vertex 3.45707 -48.7073 5.5
    endloop
  endfacet
  facet normal 0 0 -1
    outer loop
      vertex 40.4546 -27.3482 5.5
      vertex 43.2505 -27.0259 5.5
      vertex 42.2809 -28.5188 5.5
    endloop
  endfacet
  facet normal 0 -0 -1
    outer loop
      vertex 41.4554 -24.3971 5.5
      vertex 43.2505 -27.0259 5.5
      vertex 40.4546 -27.3482 5.5
    endloop
  endfacet
  facet normal 0 0 -1
    outer loop
      vertex 40.4547 -27.3499 5.5
      vertex 42.2809 -28.5188 5.5
      vertex 41.2599 -29.977 5.5
    endloop
  endfacet
  facet normal 0 0 -1
    outer loop
      vertex 40.4547 -27.3499 5.5
      vertex 41.2599 -29.977 5.5
      vertex 40.6759 -30.752 5.5
    endloop
  endfacet
  facet normal 0 0 -1
    outer loop
      vertex 40.4546 -27.3482 5.5
      vertex 42.2809 -28.5188 5.5
      vertex 40.4547 -27.3499 5.5
    endloop
  endfacet
  facet normal 0 0 -1
    outer loop
      vertex 43.2505 -27.0259 5.5
      vertex 41.4554 -24.3971 5.5
      vertex 43.9484 -25.8643 5.5
    endloop
  endfacet
  facet normal 0 0 -1
    outer loop
      vertex -41.2599 -29.977 5.5
      vertex -40.4547 -27.3499 5.5
      vertex -40.6759 -30.752 5.5
    endloop
  endfacet
  facet normal 0 0 -1
    outer loop
      vertex -42.2809 -28.5188 5.5
      vertex -40.4547 -27.3499 5.5
      vertex -41.2599 -29.977 5.5
    endloop
  endfacet
  facet normal -0 0 -1
    outer loop
      vertex -40.4547 -27.3499 5.5
      vertex -42.2809 -28.5188 5.5
      vertex -40.4546 -27.3482 5.5
    endloop
  endfacet
  facet normal 0 0 -1
    outer loop
      vertex -43.2505 -27.0259 5.5
      vertex -40.4546 -27.3482 5.5
      vertex -42.2809 -28.5188 5.5
    endloop
  endfacet
  facet normal 0 0 -1
    outer loop
      vertex -40.4546 -27.3482 5.5
      vertex -43.2505 -27.0259 5.5
      vertex -41.4554 -24.3971 5.5
    endloop
  endfacet
  facet normal 0 0 -1
    outer loop
      vertex -41.4554 -24.3971 5.5
      vertex -43.2505 -27.0259 5.5
      vertex -43.9484 -25.8643 5.5
    endloop
  endfacet
  facet normal 0 0 -1
    outer loop
      vertex 43.9132 21.3583 5.5
      vertex 46.5908 20.7436 5.5
      vertex 46.9706 19.8489 5.5
    endloop
  endfacet
  facet normal 0 0 -1
    outer loop
      vertex 46.5908 20.7436 5.5
      vertex 43.9132 21.3583 5.5
      vertex 45.8385 22.3569 5.5
    endloop
  endfacet
  facet normal 0 0 -1
    outer loop
      vertex 43.9116 21.3591 5.5
      vertex 45.8385 22.3569 5.5
      vertex 43.9132 21.3583 5.5
    endloop
  endfacet
  facet normal -0 0 -1
    outer loop
      vertex 45.8385 22.3569 5.5
      vertex 43.9116 21.3591 5.5
      vertex 45.0303 23.9431 5.5
    endloop
  endfacet
  facet normal 0 0 -1
    outer loop
      vertex 41.8564 23.7029 5.5
      vertex 45.0303 23.9431 5.5
      vertex 43.9116 21.3591 5.5
    endloop
  endfacet
  facet normal -0 0 -1
    outer loop
      vertex 45.0303 23.9431 5.5
      vertex 41.8564 23.7029 5.5
      vertex 44.3733 25.1283 5.5
    endloop
  endfacet
  facet normal 0 0 -1
    outer loop
      vertex 3.45851 48.7082 5.5
      vertex 5.33095 50.7206 5.5
      vertex 6.28994 50.6029 5.5
    endloop
  endfacet
  facet normal -0 0 -1
    outer loop
      vertex 5.33095 50.7206 5.5
      vertex 3.45851 48.7082 5.5
      vertex 3.55758 50.8758 5.5
    endloop
  endfacet
  facet normal 0 0 -1
    outer loop
      vertex 3.45707 48.7073 5.5
      vertex 3.55758 50.8758 5.5
      vertex 3.45851 48.7082 5.5
    endloop
  endfacet
  facet normal 0 0 -1
    outer loop
      vertex 3.45707 48.7073 5.5
      vertex 1.77987 50.9689 5.5
      vertex 3.55758 50.8758 5.5
    endloop
  endfacet
  facet normal 0 0 -1
    outer loop
      vertex 0.400855 48.1012 5.5
      vertex 1.77987 50.9689 5.5
      vertex 3.45707 48.7073 5.5
    endloop
  endfacet
  facet normal -0 0 -1
    outer loop
      vertex 1.77987 50.9689 5.5
      vertex 0.400855 48.1012 5.5
      vertex 0.424952 50.9926 5.5
    endloop
  endfacet
  facet normal 0 0 -1
    outer loop
      vertex 23.7029 41.8564 5.5
      vertex 23.9431 45.0303 5.5
      vertex 25.1283 44.3733 5.5
    endloop
  endfacet
  facet normal 0 0 -1
    outer loop
      vertex 21.3591 43.9116 5.5
      vertex 23.9431 45.0303 5.5
      vertex 23.7029 41.8564 5.5
    endloop
  endfacet
  facet normal -0 0 -1
    outer loop
      vertex 23.9431 45.0303 5.5
      vertex 21.3591 43.9116 5.5
      vertex 22.3569 45.8385 5.5
    endloop
  endfacet
  facet normal 0 0 -1
    outer loop
      vertex 21.3583 43.9132 5.5
      vertex 22.3569 45.8385 5.5
      vertex 21.3591 43.9116 5.5
    endloop
  endfacet
  facet normal 0 0 -1
    outer loop
      vertex 21.3583 43.9132 5.5
      vertex 20.7436 46.5908 5.5
      vertex 22.3569 45.8385 5.5
    endloop
  endfacet
  facet normal -0 -0 -1
    outer loop
      vertex 20.7436 46.5908 5.5
      vertex 21.3583 43.9132 5.5
      vertex 19.8489 46.9706 5.5
    endloop
  endfacet
  facet normal 0 0 -1
    outer loop
      vertex -45.8385 22.3569 5.5
      vertex -43.9116 21.3591 5.5
      vertex -43.9132 21.3583 5.5
    endloop
  endfacet
  facet normal 0 0 -1
    outer loop
      vertex -43.9116 21.3591 5.5
      vertex -45.0303 23.9431 5.5
      vertex -41.8564 23.7029 5.5
    endloop
  endfacet
  facet normal 0 0 -1
    outer loop
      vertex -41.8564 23.7029 5.5
      vertex -45.0303 23.9431 5.5
      vertex -44.3733 25.1283 5.5
    endloop
  endfacet
  facet normal 0 0 -1
    outer loop
      vertex -43.9116 21.3591 5.5
      vertex -45.8385 22.3569 5.5
      vertex -45.0303 23.9431 5.5
    endloop
  endfacet
  facet normal -0 0 -1
    outer loop
      vertex -43.9132 21.3583 5.5
      vertex -46.5908 20.7436 5.5
      vertex -45.8385 22.3569 5.5
    endloop
  endfacet
  facet normal 0 -0 -1
    outer loop
      vertex -46.5908 20.7436 5.5
      vertex -43.9132 21.3583 5.5
      vertex -46.9706 19.8489 5.5
    endloop
  endfacet
  facet normal 0 0 -1
    outer loop
      vertex -50.9689 1.77987 5.5
      vertex -48.7073 3.45707 5.5
      vertex -48.1012 0.400855 5.5
    endloop
  endfacet
  facet normal 0 -0 -1
    outer loop
      vertex -50.8758 3.55758 5.5
      vertex -48.7073 3.45707 5.5
      vertex -50.9689 1.77987 5.5
    endloop
  endfacet
  facet normal 0 0 -1
    outer loop
      vertex -48.7082 3.45851 5.5
      vertex -50.7206 5.33095 5.5
      vertex -50.6029 6.28994 5.5
    endloop
  endfacet
  facet normal 0 0 -1
    outer loop
      vertex -48.7082 3.45851 5.5
      vertex -50.8758 3.55758 5.5
      vertex -50.7206 5.33095 5.5
    endloop
  endfacet
  facet normal 0 0 -1
    outer loop
      vertex -48.7073 3.45707 5.5
      vertex -50.8758 3.55758 5.5
      vertex -48.7082 3.45851 5.5
    endloop
  endfacet
  facet normal 0 -0 -1
    outer loop
      vertex -50.9689 1.77987 5.5
      vertex -48.1012 0.400855 5.5
      vertex -50.9926 0.424952 5.5
    endloop
  endfacet
  facet normal 0 0 -1
    outer loop
      vertex -21.3583 43.9132 5.5
      vertex -20.7436 46.5908 5.5
      vertex -19.8489 46.9706 5.5
    endloop
  endfacet
  facet normal 0 0 -1
    outer loop
      vertex -22.3569 45.8385 5.5
      vertex -21.3583 43.9132 5.5
      vertex -21.3591 43.9116 5.5
    endloop
  endfacet
  facet normal 0 0 -1
    outer loop
      vertex -21.3583 43.9132 5.5
      vertex -22.3569 45.8385 5.5
      vertex -20.7436 46.5908 5.5
    endloop
  endfacet
  facet normal 0 0 -1
    outer loop
      vertex -23.9431 45.0303 5.5
      vertex -21.3591 43.9116 5.5
      vertex -23.7029 41.8564 5.5
    endloop
  endfacet
  facet normal 0 0 -1
    outer loop
      vertex -21.3591 43.9116 5.5
      vertex -23.9431 45.0303 5.5
      vertex -22.3569 45.8385 5.5
    endloop
  endfacet
  facet normal 0 -0 -1
    outer loop
      vertex -23.9431 45.0303 5.5
      vertex -23.7029 41.8564 5.5
      vertex -25.1283 44.3733 5.5
    endloop
  endfacet
  facet normal 0 0 -1
    outer loop
      vertex -24.3971 41.4554 5.5
      vertex -27.0259 43.2505 5.5
      vertex -25.8643 43.9484 5.5
    endloop
  endfacet
  facet normal 0 0 -1
    outer loop
      vertex -27.3482 40.4546 5.5
      vertex -27.0259 43.2505 5.5
      vertex -24.3971 41.4554 5.5
    endloop
  endfacet
  facet normal 0 0 -1
    outer loop
      vertex -28.5188 42.2809 5.5
      vertex -27.3482 40.4546 5.5
      vertex -27.3499 40.4547 5.5
    endloop
  endfacet
  facet normal 0 0 -1
    outer loop
      vertex -27.3482 40.4546 5.5
      vertex -28.5188 42.2809 5.5
      vertex -27.0259 43.2505 5.5
    endloop
  endfacet
  facet normal 0 0 -1
    outer loop
      vertex -27.3499 40.4547 5.5
      vertex -29.977 41.2599 5.5
      vertex -28.5188 42.2809 5.5
    endloop
  endfacet
  facet normal 0 -0 -1
    outer loop
      vertex -29.977 41.2599 5.5
      vertex -27.3499 40.4547 5.5
      vertex -30.752 40.6759 5.5
    endloop
  endfacet
  facet normal 0 0 -1
    outer loop
      vertex -0.400855 48.1012 5.5
      vertex -1.77987 50.9689 5.5
      vertex -0.424952 50.9926 5.5
    endloop
  endfacet
  facet normal 0 0 -1
    outer loop
      vertex -3.45707 48.7073 5.5
      vertex -1.77987 50.9689 5.5
      vertex -0.400855 48.1012 5.5
    endloop
  endfacet
  facet normal 0 0 -1
    outer loop
      vertex -3.55758 50.8758 5.5
      vertex -3.45707 48.7073 5.5
      vertex -3.45851 48.7082 5.5
    endloop
  endfacet
  facet normal 0 0 -1
    outer loop
      vertex -3.45707 48.7073 5.5
      vertex -3.55758 50.8758 5.5
      vertex -1.77987 50.9689 5.5
    endloop
  endfacet
  facet normal 0 0 -1
    outer loop
      vertex -3.45851 48.7082 5.5
      vertex -5.33095 50.7206 5.5
      vertex -3.55758 50.8758 5.5
    endloop
  endfacet
  facet normal 0 -0 -1
    outer loop
      vertex -5.33095 50.7206 5.5
      vertex -3.45851 48.7082 5.5
      vertex -6.28994 50.6029 5.5
    endloop
  endfacet
  facet normal 0 0 -1
    outer loop
      vertex 23.9431 -45.0303 5.5
      vertex 23.7029 -41.8564 5.5
      vertex 25.1283 -44.3733 5.5
    endloop
  endfacet
  facet normal 0 0 -1
    outer loop
      vertex 21.3591 -43.9116 5.5
      vertex 23.9431 -45.0303 5.5
      vertex 22.3569 -45.8385 5.5
    endloop
  endfacet
  facet normal 0 0 -1
    outer loop
      vertex 23.9431 -45.0303 5.5
      vertex 21.3591 -43.9116 5.5
      vertex 23.7029 -41.8564 5.5
    endloop
  endfacet
  facet normal 0 0 -1
    outer loop
      vertex 22.3569 -45.8385 5.5
      vertex 21.3583 -43.9132 5.5
      vertex 21.3591 -43.9116 5.5
    endloop
  endfacet
  facet normal 0 0 -1
    outer loop
      vertex 20.7436 -46.5908 5.5
      vertex 21.3583 -43.9132 5.5
      vertex 22.3569 -45.8385 5.5
    endloop
  endfacet
  facet normal 0 0 -1
    outer loop
      vertex 21.3583 -43.9132 5.5
      vertex 20.7436 -46.5908 5.5
      vertex 19.8489 -46.9706 5.5
    endloop
  endfacet
  facet normal 0 0 -1
    outer loop
      vertex 43.9132 -21.3583 5.5
      vertex 46.5908 -20.7436 5.5
      vertex 45.8385 -22.3569 5.5
    endloop
  endfacet
  facet normal 0 0 -1
    outer loop
      vertex 43.9116 -21.3591 5.5
      vertex 45.8385 -22.3569 5.5
      vertex 45.0303 -23.9431 5.5
    endloop
  endfacet
  facet normal 0 0 -1
    outer loop
      vertex 41.8564 -23.7029 5.5
      vertex 45.0303 -23.9431 5.5
      vertex 44.3733 -25.1283 5.5
    endloop
  endfacet
  facet normal -0 0 -1
    outer loop
      vertex 46.5908 -20.7436 5.5
      vertex 43.9132 -21.3583 5.5
      vertex 46.9706 -19.8489 5.5
    endloop
  endfacet
  facet normal 0 0 -1
    outer loop
      vertex 45.8385 -22.3569 5.5
      vertex 43.9116 -21.3591 5.5
      vertex 43.9132 -21.3583 5.5
    endloop
  endfacet
  facet normal 0 0 -1
    outer loop
      vertex 45.0303 -23.9431 5.5
      vertex 41.8564 -23.7029 5.5
      vertex 43.9116 -21.3591 5.5
    endloop
  endfacet
  facet normal 0 0 -1
    outer loop
      vertex -1.77987 -50.9689 5.5
      vertex -0.400855 -48.1012 5.5
      vertex -0.424952 -50.9926 5.5
    endloop
  endfacet
  facet normal 0 0 -1
    outer loop
      vertex -1.77987 -50.9689 5.5
      vertex -3.45707 -48.7073 5.5
      vertex -0.400855 -48.1012 5.5
    endloop
  endfacet
  facet normal 0 0 -1
    outer loop
      vertex -3.55758 -50.8758 5.5
      vertex -3.45707 -48.7073 5.5
      vertex -1.77987 -50.9689 5.5
    endloop
  endfacet
  facet normal 0 0 -1
    outer loop
      vertex -3.45707 -48.7073 5.5
      vertex -3.55758 -50.8758 5.5
      vertex -3.45851 -48.7082 5.5
    endloop
  endfacet
  facet normal 0 0 -1
    outer loop
      vertex -5.33095 -50.7206 5.5
      vertex -3.45851 -48.7082 5.5
      vertex -3.55758 -50.8758 5.5
    endloop
  endfacet
  facet normal 0 0 -1
    outer loop
      vertex -3.45851 -48.7082 5.5
      vertex -5.33095 -50.7206 5.5
      vertex -6.28994 -50.6029 5.5
    endloop
  endfacet
  facet normal 0 0 -1
    outer loop
      vertex -27.0259 -43.2505 5.5
      vertex -24.3971 -41.4554 5.5
      vertex -25.8643 -43.9484 5.5
    endloop
  endfacet
  facet normal 0 0 -1
    outer loop
      vertex -27.0259 -43.2505 5.5
      vertex -27.3482 -40.4546 5.5
      vertex -24.3971 -41.4554 5.5
    endloop
  endfacet
  facet normal 0 0 -1
    outer loop
      vertex -28.5188 -42.2809 5.5
      vertex -27.3482 -40.4546 5.5
      vertex -27.0259 -43.2505 5.5
    endloop
  endfacet
  facet normal 0 0 -1
    outer loop
      vertex -27.3482 -40.4546 5.5
      vertex -28.5188 -42.2809 5.5
      vertex -27.3499 -40.4547 5.5
    endloop
  endfacet
  facet normal 0 0 -1
    outer loop
      vertex -29.977 -41.2599 5.5
      vertex -27.3499 -40.4547 5.5
      vertex -28.5188 -42.2809 5.5
    endloop
  endfacet
  facet normal 0 0 -1
    outer loop
      vertex -27.3499 -40.4547 5.5
      vertex -29.977 -41.2599 5.5
      vertex -30.752 -40.6759 5.5
    endloop
  endfacet
  facet normal 0 0 -1
    outer loop
      vertex 41.4554 24.3971 5.5
      vertex 43.2505 27.0259 5.5
      vertex 43.9484 25.8643 5.5
    endloop
  endfacet
  facet normal -0 0 -1
    outer loop
      vertex 43.2505 27.0259 5.5
      vertex 41.4554 24.3971 5.5
      vertex 40.4546 27.3482 5.5
    endloop
  endfacet
  facet normal 0 0 -1
    outer loop
      vertex 43.2505 27.0259 5.5
      vertex 40.4546 27.3482 5.5
      vertex 42.2809 28.5188 5.5
    endloop
  endfacet
  facet normal -0 0 -1
    outer loop
      vertex 42.2809 28.5188 5.5
      vertex 40.4547 27.3499 5.5
      vertex 41.2599 29.977 5.5
    endloop
  endfacet
  facet normal -0 0 -1
    outer loop
      vertex 41.2599 29.977 5.5
      vertex 40.4547 27.3499 5.5
      vertex 40.6759 30.752 5.5
    endloop
  endfacet
  facet normal 0 0 -1
    outer loop
      vertex 42.2809 28.5188 5.5
      vertex 40.4546 27.3482 5.5
      vertex 40.4547 27.3499 5.5
    endloop
  endfacet
  facet normal 0 0 -1
    outer loop
      vertex 27.3499 40.4547 5.5
      vertex 29.977 41.2599 5.5
      vertex 30.752 40.6759 5.5
    endloop
  endfacet
  facet normal -0 0 -1
    outer loop
      vertex 29.977 41.2599 5.5
      vertex 27.3499 40.4547 5.5
      vertex 28.5188 42.2809 5.5
    endloop
  endfacet
  facet normal 0 0 -1
    outer loop
      vertex 27.3482 40.4546 5.5
      vertex 28.5188 42.2809 5.5
      vertex 27.3499 40.4547 5.5
    endloop
  endfacet
  facet normal 0 0 -1
    outer loop
      vertex 27.3482 40.4546 5.5
      vertex 27.0259 43.2505 5.5
      vertex 28.5188 42.2809 5.5
    endloop
  endfacet
  facet normal 0 0 -1
    outer loop
      vertex 24.3971 41.4554 5.5
      vertex 27.0259 43.2505 5.5
      vertex 27.3482 40.4546 5.5
    endloop
  endfacet
  facet normal -0 0 -1
    outer loop
      vertex 27.0259 43.2505 5.5
      vertex 24.3971 41.4554 5.5
      vertex 25.8643 43.9484 5.5
    endloop
  endfacet
  facet normal 0 0 -1
    outer loop
      vertex -20.7436 -46.5908 5.5
      vertex -21.3583 -43.9132 5.5
      vertex -19.8489 -46.9706 5.5
    endloop
  endfacet
  facet normal 0 0 -1
    outer loop
      vertex -22.3569 -45.8385 5.5
      vertex -21.3583 -43.9132 5.5
      vertex -20.7436 -46.5908 5.5
    endloop
  endfacet
  facet normal -0 0 -1
    outer loop
      vertex -21.3583 -43.9132 5.5
      vertex -22.3569 -45.8385 5.5
      vertex -21.3591 -43.9116 5.5
    endloop
  endfacet
  facet normal 0 0 -1
    outer loop
      vertex -23.9431 -45.0303 5.5
      vertex -21.3591 -43.9116 5.5
      vertex -22.3569 -45.8385 5.5
    endloop
  endfacet
  facet normal -0 0 -1
    outer loop
      vertex -21.3591 -43.9116 5.5
      vertex -23.9431 -45.0303 5.5
      vertex -23.7029 -41.8564 5.5
    endloop
  endfacet
  facet normal 0 0 -1
    outer loop
      vertex -23.7029 -41.8564 5.5
      vertex -23.9431 -45.0303 5.5
      vertex -25.1283 -44.3733 5.5
    endloop
  endfacet
  facet normal 0 0 -1
    outer loop
      vertex -45.0303 -23.9431 5.5
      vertex -43.9116 -21.3591 5.5
      vertex -41.8564 -23.7029 5.5
    endloop
  endfacet
  facet normal 0 0 -1
    outer loop
      vertex -45.0303 -23.9431 5.5
      vertex -41.8564 -23.7029 5.5
      vertex -44.3733 -25.1283 5.5
    endloop
  endfacet
  facet normal 0 0 -1
    outer loop
      vertex -45.8385 -22.3569 5.5
      vertex -43.9116 -21.3591 5.5
      vertex -45.0303 -23.9431 5.5
    endloop
  endfacet
  facet normal -0 0 -1
    outer loop
      vertex -43.9116 -21.3591 5.5
      vertex -45.8385 -22.3569 5.5
      vertex -43.9132 -21.3583 5.5
    endloop
  endfacet
  facet normal 0 0 -1
    outer loop
      vertex -46.5908 -20.7436 5.5
      vertex -43.9132 -21.3583 5.5
      vertex -45.8385 -22.3569 5.5
    endloop
  endfacet
  facet normal 0 0 -1
    outer loop
      vertex -43.9132 -21.3583 5.5
      vertex -46.5908 -20.7436 5.5
      vertex -46.9706 -19.8489 5.5
    endloop
  endfacet
  facet normal 0 0 -1
    outer loop
      vertex -50.8758 -3.55758 5.5
      vertex -48.7073 -3.45707 5.5
      vertex -48.7082 -3.45851 5.5
    endloop
  endfacet
  facet normal 0 0 -1
    outer loop
      vertex -50.7206 -5.33095 5.5
      vertex -48.7082 -3.45851 5.5
      vertex -50.6029 -6.28994 5.5
    endloop
  endfacet
  facet normal 0 0 -1
    outer loop
      vertex -50.8758 -3.55758 5.5
      vertex -48.7082 -3.45851 5.5
      vertex -50.7206 -5.33095 5.5
    endloop
  endfacet
  facet normal -0 0 -1
    outer loop
      vertex -48.7073 -3.45707 5.5
      vertex -50.8758 -3.55758 5.5
      vertex -50.9689 -1.77987 5.5
    endloop
  endfacet
  facet normal 0 0 -1
    outer loop
      vertex -48.7073 -3.45707 5.5
      vertex -50.9689 -1.77987 5.5
      vertex -48.1012 -0.400855 5.5
    endloop
  endfacet
  facet normal 0 0 -1
    outer loop
      vertex -48.1012 -0.400855 5.5
      vertex -50.9689 -1.77987 5.5
      vertex -50.9926 -0.424952 5.5
    endloop
  endfacet
  facet normal 0 0 -1
    outer loop
      vertex -42.2809 28.5188 5.5
      vertex -40.4547 27.3499 5.5
      vertex -40.4546 27.3482 5.5
    endloop
  endfacet
  facet normal 0 0 -1
    outer loop
      vertex -40.4547 27.3499 5.5
      vertex -41.2599 29.977 5.5
      vertex -40.6759 30.752 5.5
    endloop
  endfacet
  facet normal 0 0 -1
    outer loop
      vertex -43.2505 27.0259 5.5
      vertex -40.4546 27.3482 5.5
      vertex -41.4554 24.3971 5.5
    endloop
  endfacet
  facet normal 0 0 -1
    outer loop
      vertex -40.4547 27.3499 5.5
      vertex -42.2809 28.5188 5.5
      vertex -41.2599 29.977 5.5
    endloop
  endfacet
  facet normal -0 0 -1
    outer loop
      vertex -40.4546 27.3482 5.5
      vertex -43.2505 27.0259 5.5
      vertex -42.2809 28.5188 5.5
    endloop
  endfacet
  facet normal 0 -0 -1
    outer loop
      vertex -43.2505 27.0259 5.5
      vertex -41.4554 24.3971 5.5
      vertex -43.9484 25.8643 5.5
    endloop
  endfacet
  facet normal 0 0 -1
    outer loop
      vertex 27.3499 -40.4547 5.5
      vertex 29.977 -41.2599 5.5
      vertex 28.5188 -42.2809 5.5
    endloop
  endfacet
  facet normal 0 0 -1
    outer loop
      vertex 29.977 -41.2599 5.5
      vertex 27.3499 -40.4547 5.5
      vertex 30.752 -40.6759 5.5
    endloop
  endfacet
  facet normal 0 0 -1
    outer loop
      vertex 28.5188 -42.2809 5.5
      vertex 27.3482 -40.4546 5.5
      vertex 27.3499 -40.4547 5.5
    endloop
  endfacet
  facet normal 0 0 -1
    outer loop
      vertex 27.0259 -43.2505 5.5
      vertex 27.3482 -40.4546 5.5
      vertex 28.5188 -42.2809 5.5
    endloop
  endfacet
  facet normal 0 0 -1
    outer loop
      vertex 24.3971 -41.4554 5.5
      vertex 27.0259 -43.2505 5.5
      vertex 25.8643 -43.9484 5.5
    endloop
  endfacet
  facet normal 0 0 -1
    outer loop
      vertex 27.0259 -43.2505 5.5
      vertex 24.3971 -41.4554 5.5
      vertex 27.3482 -40.4546 5.5
    endloop
  endfacet
  facet normal 0 0 -1
    outer loop
      vertex 48.7073 -3.45707 5.5
      vertex 50.9689 -1.77987 5.5
      vertex 50.8758 -3.55758 5.5
    endloop
  endfacet
  facet normal 0 0 -1
    outer loop
      vertex 48.7082 -3.45851 5.5
      vertex 50.8758 -3.55758 5.5
      vertex 50.7206 -5.33095 5.5
    endloop
  endfacet
  facet normal 0 0 -1
    outer loop
      vertex 48.7082 -3.45851 5.5
      vertex 50.7206 -5.33095 5.5
      vertex 50.6029 -6.28994 5.5
    endloop
  endfacet
  facet normal 0 0 -1
    outer loop
      vertex 48.7073 -3.45707 5.5
      vertex 50.8758 -3.55758 5.5
      vertex 48.7082 -3.45851 5.5
    endloop
  endfacet
  facet normal 0 0 -1
    outer loop
      vertex 48.1012 -0.400855 5.5
      vertex 50.9689 -1.77987 5.5
      vertex 48.7073 -3.45707 5.5
    endloop
  endfacet
  facet normal 0 0 -1
    outer loop
      vertex 50.9689 -1.77987 5.5
      vertex 48.1012 -0.400855 5.5
      vertex 50.9926 -0.424952 5.5
    endloop
  endfacet
  facet normal 0.998393 0.0551482 -0.0130541
    outer loop
      vertex 50.8007 4.41523 16.7457
      vertex 50.7206 5.33095 14.4881
      vertex 50.8006 4.41678 16.7446
    endloop
  endfacet
  facet normal 0.996186 0.0872523 4.61449e-05
    outer loop
      vertex 50.7206 5.33095 14.4881
      vertex 50.8007 4.41523 16.7457
      vertex 50.8758 3.55758 17.1437
    endloop
  endfacet
  facet normal 0.996449 0.0840649 -0.00483334
    outer loop
      vertex 50.8416 3.94804 17.052
      vertex 50.8007 4.41523 16.7457
      vertex 50.8413 3.95155 17.0512
    endloop
  endfacet
  facet normal 0.996184 0.0872794 0.000104918
    outer loop
      vertex 50.8758 3.55758 17.1437
      vertex 50.8007 4.41523 16.7457
      vertex 50.8416 3.94804 17.052
    endloop
  endfacet
  facet normal 0.996192 0.0871837 0
    outer loop
      vertex 50.7206 5.33095 14.4881
      vertex 50.8758 3.55758 17.1437
      vertex 50.8758 3.55758 5.5
    endloop
  endfacet
  facet normal 0.996192 0.0871837 0
    outer loop
      vertex 50.7206 5.33095 14.4881
      vertex 50.8758 3.55758 5.5
      vertex 50.7206 5.33095 5.5
    endloop
  endfacet
  facet normal 0.798616 0.601841 0
    outer loop
      vertex 41.2599 29.977 5.5
      vertex 40.1885 31.3987 6.12561
      vertex 40.1885 31.3987 10.1284
    endloop
  endfacet
  facet normal 0.79866 0.601782 0.000208529
    outer loop
      vertex 40.1885 31.3987 6.12561
      vertex 41.2599 29.977 5.5
      vertex 40.6247 30.82 5.53055
    endloop
  endfacet
  facet normal 0.798637 0.601812 -0.00107941
    outer loop
      vertex 40.6759 30.752 5.5
      vertex 40.6247 30.82 5.53055
      vertex 41.2599 29.977 5.5
    endloop
  endfacet
  facet normal 0.798616 0.601841 -0
    outer loop
      vertex 41.2599 29.977 5.5
      vertex 40.1885 31.3987 10.1284
      vertex 41.2599 29.977 14.4905
    endloop
  endfacet
  facet normal 0.782909 0.618723 -0.0650803
    outer loop
      vertex 40.6247 30.82 5.53055
      vertex 40.6759 30.752 5.5
      vertex 40.6252 30.8193 5.52991
    endloop
  endfacet
  facet normal 0.390737 0.920502 -0
    outer loop
      vertex 20.7436 46.5908 5.5
      vertex 19.1049 47.2864 10.1291
      vertex 20.7436 46.5908 14.4901
    endloop
  endfacet
  facet normal 0.390737 0.920502 0
    outer loop
      vertex 19.1049 47.2864 10.1291
      vertex 20.7436 46.5908 5.5
      vertex 19.1049 47.2864 6.12506
    endloop
  endfacet
  facet normal 0.390708 0.920515 -9.19734e-05
    outer loop
      vertex 19.1049 47.2864 6.12506
      vertex 20.7436 46.5908 5.5
      vertex 19.7701 47.004 5.53077
    endloop
  endfacet
  facet normal 0.39075 0.920496 0.00151332
    outer loop
      vertex 19.8489 46.9706 5.5
      vertex 19.7701 47.004 5.53077
      vertex 20.7436 46.5908 5.5
    endloop
  endfacet
  facet normal 0.387563 0.921808 -0.00807487
    outer loop
      vertex 19.7701 47.004 5.53077
      vertex 19.8489 46.9706 5.5
      vertex 19.7708 47.0037 5.53012
    endloop
  endfacet
  facet normal 0.514336 0.857573 -0.00519112
    outer loop
      vertex 27.0259 43.2505 17.4158
      vertex 26.8414 43.3613 17.4397
      vertex 26.8464 43.3583 17.4395
    endloop
  endfacet
  facet normal 0.515116 0.857115 0.00295377
    outer loop
      vertex 27.0259 43.2505 17.4158
      vertex 25.8643 43.9484 17.4762
      vertex 26.8414 43.3613 17.4397
    endloop
  endfacet
  facet normal 0.515006 0.857187 0
    outer loop
      vertex 25.8643 43.9484 5.5
      vertex 27.0259 43.2505 17.4158
      vertex 27.0259 43.2505 5.5
    endloop
  endfacet
  facet normal 0.515006 0.857187 0
    outer loop
      vertex 27.0259 43.2505 17.4158
      vertex 25.8643 43.9484 5.5
      vertex 25.8643 43.9484 17.4762
    endloop
  endfacet
  facet normal -0.775883 0.630877 -0.000208841
    outer loop
      vertex -39.7116 31.9877 6.75918
      vertex -39.6333 32.0844 7.97622
      vertex -39.6298 32.0887 7.96272
    endloop
  endfacet
  facet normal -0.787821 0.615555 0.0207549
    outer loop
      vertex -40.1885 31.3987 6.12561
      vertex -39.7116 31.9877 6.75918
      vertex -39.7117 31.9876 6.75835
    endloop
  endfacet
  facet normal -0.777188 0.629268 2.92822e-06
    outer loop
      vertex -39.7116 31.9877 6.75918
      vertex -40.1885 31.3987 6.12561
      vertex -39.6333 32.0844 7.97622
    endloop
  endfacet
  facet normal -0.777184 0.629273 0
    outer loop
      vertex -39.6333 32.0844 7.97622
      vertex -40.1885 31.3987 6.12561
      vertex -40.1885 31.3987 10.1284
    endloop
  endfacet
  facet normal -0.857187 0.515006 0
    outer loop
      vertex -43.9484 25.8643 5.5
      vertex -43.2505 27.0259 17.4158
      vertex -43.2505 27.0259 5.5
    endloop
  endfacet
  facet normal -0.857573 0.514336 -0.00519112
    outer loop
      vertex -43.2505 27.0259 17.4158
      vertex -43.3613 26.8414 17.4397
      vertex -43.3583 26.8464 17.4395
    endloop
  endfacet
  facet normal -0.857287 0.514839 2.20538e-05
    outer loop
      vertex -43.2505 27.0259 17.4158
      vertex -43.9484 25.8643 5.5
      vertex -43.3613 26.8414 17.4397
    endloop
  endfacet
  facet normal -0.857168 0.515037 0
    outer loop
      vertex -43.3613 26.8414 17.4397
      vertex -43.9484 25.8643 5.5
      vertex -43.9484 25.8643 17.4762
    endloop
  endfacet
  facet normal -0.920497 0.390751 4.10506e-05
    outer loop
      vertex -47.2864 19.1049 6.12506
      vertex -46.5908 20.7436 5.5
      vertex -46.9706 19.8489 5.5
    endloop
  endfacet
  facet normal -0.921808 0.387563 -0.00807487
    outer loop
      vertex -47.004 19.7701 5.53077
      vertex -46.9706 19.8489 5.5
      vertex -47.0037 19.7708 5.53012
    endloop
  endfacet
  facet normal -0.920882 0.38984 -0.001238
    outer loop
      vertex -47.2864 19.1049 6.12506
      vertex -46.9706 19.8489 5.5
      vertex -47.004 19.7701 5.53077
    endloop
  endfacet
  facet normal -0.920502 0.390737 0
    outer loop
      vertex -46.5908 20.7436 5.5
      vertex -47.2864 19.1049 6.12506
      vertex -47.2864 19.1049 10.1291
    endloop
  endfacet
  facet normal -0.920502 0.390737 0
    outer loop
      vertex -46.5908 20.7436 5.5
      vertex -47.2864 19.1049 10.1291
      vertex -46.5908 20.7436 14.4901
    endloop
  endfacet
  facet normal 0 0 1
    outer loop
      vertex -9.28154 0.664417 22.5
      vertex -9.16212 0.0763458 22.5
      vertex -9.27757 0.658488 22.5
    endloop
  endfacet
  facet normal 0 0 1
    outer loop
      vertex -9.65663 1.22006 22.5
      vertex -9.28154 0.664417 22.5
      vertex -9.65069 1.2161 22.5
    endloop
  endfacet
  facet normal 0 0 1
    outer loop
      vertex -9.28154 0.664417 22.5
      vertex -9.65663 1.22006 22.5
      vertex -9.16212 0.0763458 22.5
    endloop
  endfacet
  facet normal 0 0 1
    outer loop
      vertex -10.216 1.59061 22.5
      vertex -9.65663 1.22006 22.5
      vertex -10.209 1.58922 22.5
    endloop
  endfacet
  facet normal 0 0 1
    outer loop
      vertex -9.65663 1.22006 22.5
      vertex -10.216 1.59061 22.5
      vertex -9.16212 0.0763458 22.5
    endloop
  endfacet
  facet normal 0 0 1
    outer loop
      vertex -10.8675 1.7205 22.5
      vertex -9.16212 0.0763458 22.5
      vertex -10.216 1.59061 22.5
    endloop
  endfacet
  facet normal 0 0 1
    outer loop
      vertex -10.9734 1.72146 22.5
      vertex -9.16212 0.0763458 22.5
      vertex -10.8675 1.7205 22.5
    endloop
  endfacet
  facet normal 0 0 1
    outer loop
      vertex -22.6039 0.188367 22.5
      vertex -10.9734 1.72146 22.5
      vertex -20.8298 1.81102 22.5
    endloop
  endfacet
  facet normal 0 0 1
    outer loop
      vertex -22.6039 0.188367 22.5
      vertex -20.8298 1.81102 22.5
      vertex -20.8372 1.80955 22.5
    endloop
  endfacet
  facet normal 0 0 1
    outer loop
      vertex -21.5291 1.66865 22.5
      vertex -20.8372 1.80955 22.5
      vertex -21.5228 1.67282 22.5
    endloop
  endfacet
  facet normal 0 0 1
    outer loop
      vertex -20.8372 1.80955 22.5
      vertex -21.5291 1.66865 22.5
      vertex -22.6039 0.188367 22.5
    endloop
  endfacet
  facet normal 0 0 1
    outer loop
      vertex -22.115 1.27411 22.5
      vertex -21.5291 1.66865 22.5
      vertex -22.1108 1.28036 22.5
    endloop
  endfacet
  facet normal 0 0 1
    outer loop
      vertex -21.5291 1.66865 22.5
      vertex -22.115 1.27411 22.5
      vertex -22.6039 0.188367 22.5
    endloop
  endfacet
  facet normal 0 0 1
    outer loop
      vertex -22.5048 0.685668 22.5
      vertex -22.115 1.27411 22.5
      vertex -22.5033 0.693036 22.5
    endloop
  endfacet
  facet normal 0 0 1
    outer loop
      vertex -22.6039 0.188367 22.5
      vertex -22.115 1.27411 22.5
      vertex -22.5048 0.685668 22.5
    endloop
  endfacet
  facet normal 0 0 1
    outer loop
      vertex -10.9734 1.72146 22.5
      vertex -22.6039 0.188367 22.5
      vertex -9.16212 0.0763458 22.5
    endloop
  endfacet
  facet normal 0 0 1
    outer loop
      vertex -9.16212 -0.0763458 22.5
      vertex -9.28154 -0.664417 22.5
      vertex -9.27757 -0.658488 22.5
    endloop
  endfacet
  facet normal 0 0 1
    outer loop
      vertex -9.65663 -1.22006 22.5
      vertex -9.28154 -0.664417 22.5
      vertex -9.16212 -0.0763458 22.5
    endloop
  endfacet
  facet normal 0 0 1
    outer loop
      vertex -9.28154 -0.664417 22.5
      vertex -9.65663 -1.22006 22.5
      vertex -9.65069 -1.2161 22.5
    endloop
  endfacet
  facet normal 0 0 1
    outer loop
      vertex -10.216 -1.59061 22.5
      vertex -9.65663 -1.22006 22.5
      vertex -9.16212 -0.0763458 22.5
    endloop
  endfacet
  facet normal 0 0 1
    outer loop
      vertex -9.65663 -1.22006 22.5
      vertex -10.216 -1.59061 22.5
      vertex -10.209 -1.58922 22.5
    endloop
  endfacet
  facet normal 0 0 1
    outer loop
      vertex -9.16212 -0.0763458 22.5
      vertex -10.8675 -1.7205 22.5
      vertex -10.216 -1.59061 22.5
    endloop
  endfacet
  facet normal 0 0 1
    outer loop
      vertex -9.16212 -0.0763458 22.5
      vertex -10.9734 -1.72146 22.5
      vertex -10.8675 -1.7205 22.5
    endloop
  endfacet
  facet normal -0 0 1
    outer loop
      vertex -22.6039 -0.188367 22.5
      vertex -10.9734 -1.72146 22.5
      vertex -9.16212 -0.0763458 22.5
    endloop
  endfacet
  facet normal 0 0 1
    outer loop
      vertex -10.9734 -1.72146 22.5
      vertex -22.6039 -0.188367 22.5
      vertex -20.8298 -1.81102 22.5
    endloop
  endfacet
  facet normal 0 0 1
    outer loop
      vertex -20.8298 -1.81102 22.5
      vertex -22.6039 -0.188367 22.5
      vertex -20.8372 -1.80955 22.5
    endloop
  endfacet
  facet normal -0 -0 1
    outer loop
      vertex -21.5291 -1.66865 22.5
      vertex -20.8372 -1.80955 22.5
      vertex -22.6039 -0.188367 22.5
    endloop
  endfacet
  facet normal 0 0 1
    outer loop
      vertex -20.8372 -1.80955 22.5
      vertex -21.5291 -1.66865 22.5
      vertex -21.5228 -1.67282 22.5
    endloop
  endfacet
  facet normal -0 -0 1
    outer loop
      vertex -22.115 -1.27411 22.5
      vertex -21.5291 -1.66865 22.5
      vertex -22.6039 -0.188367 22.5
    endloop
  endfacet
  facet normal 0 0 1
    outer loop
      vertex -21.5291 -1.66865 22.5
      vertex -22.115 -1.27411 22.5
      vertex -22.1108 -1.28036 22.5
    endloop
  endfacet
  facet normal 0 0 1
    outer loop
      vertex -22.115 -1.27411 22.5
      vertex -22.5048 -0.685668 22.5
      vertex -22.5033 -0.693036 22.5
    endloop
  endfacet
  facet normal 0 0 1
    outer loop
      vertex -22.115 -1.27411 22.5
      vertex -22.6039 -0.188367 22.5
      vertex -22.5048 -0.685668 22.5
    endloop
  endfacet
  facet normal 0 0 1
    outer loop
      vertex -7.97264 4.51484 22.5
      vertex -8.37052 4.06524 22.5
      vertex -8.36412 4.0684 22.5
    endloop
  endfacet
  facet normal 0 0 1
    outer loop
      vertex -8.97308 3.77082 22.5
      vertex -8.37052 4.06524 22.5
      vertex -7.97264 4.51484 22.5
    endloop
  endfacet
  facet normal 0 0 1
    outer loop
      vertex -8.37052 4.06524 22.5
      vertex -8.97308 3.77082 22.5
      vertex -8.96595 3.77128 22.5
    endloop
  endfacet
  facet normal 0 0 1
    outer loop
      vertex -9.64294 3.73004 22.5
      vertex -8.97308 3.77082 22.5
      vertex -7.97264 4.51484 22.5
    endloop
  endfacet
  facet normal 0 0 1
    outer loop
      vertex -8.97308 3.77082 22.5
      vertex -9.64294 3.73004 22.5
      vertex -9.63618 3.72775 22.5
    endloop
  endfacet
  facet normal 0 0 1
    outer loop
      vertex -7.97264 4.51484 22.5
      vertex -10.2719 3.94333 22.5
      vertex -9.64294 3.73004 22.5
    endloop
  endfacet
  facet normal 0 0 1
    outer loop
      vertex -7.97264 4.51484 22.5
      vertex -10.3641 3.99547 22.5
      vertex -10.2719 3.94333 22.5
    endloop
  endfacet
  facet normal 0 0 1
    outer loop
      vertex -19.6693 11.1386 22.5
      vertex -10.3641 3.99547 22.5
      vertex -7.97264 4.51484 22.5
    endloop
  endfacet
  facet normal 0 0 1
    outer loop
      vertex -10.3641 3.99547 22.5
      vertex -19.6693 11.1386 22.5
      vertex -18.9449 8.84641 22.5
    endloop
  endfacet
  facet normal 0 0 1
    outer loop
      vertex -18.9449 8.84641 22.5
      vertex -19.6693 11.1386 22.5
      vertex -18.9505 8.85136 22.5
    endloop
  endfacet
  facet normal -0 -0 1
    outer loop
      vertex -19.4795 9.31886 22.5
      vertex -18.9505 8.85136 22.5
      vertex -19.6693 11.1386 22.5
    endloop
  endfacet
  facet normal 0 0 1
    outer loop
      vertex -18.9505 8.85136 22.5
      vertex -19.4795 9.31886 22.5
      vertex -19.4762 9.31212 22.5
    endloop
  endfacet
  facet normal -0 0 1
    outer loop
      vertex -19.789 9.95324 22.5
      vertex -19.4795 9.31886 22.5
      vertex -19.6693 11.1386 22.5
    endloop
  endfacet
  facet normal 0 0 1
    outer loop
      vertex -19.4795 9.31886 22.5
      vertex -19.789 9.95324 22.5
      vertex -19.7885 9.94573 22.5
    endloop
  endfacet
  facet normal -0 0 1
    outer loop
      vertex -19.8324 10.6583 22.5
      vertex -19.789 9.95324 22.5
      vertex -19.6693 11.1386 22.5
    endloop
  endfacet
  facet normal 0 0 1
    outer loop
      vertex -19.789 9.95324 22.5
      vertex -19.8324 10.6583 22.5
      vertex -19.8348 10.6512 22.5
    endloop
  endfacet
  facet normal 0 0 1
    outer loop
      vertex -8.37052 -4.06524 22.5
      vertex -7.97264 -4.51484 22.5
      vertex -8.36412 -4.0684 22.5
    endloop
  endfacet
  facet normal 0 0 1
    outer loop
      vertex -8.97308 -3.77082 22.5
      vertex -8.37052 -4.06524 22.5
      vertex -8.96595 -3.77128 22.5
    endloop
  endfacet
  facet normal 0 0 1
    outer loop
      vertex -8.37052 -4.06524 22.5
      vertex -8.97308 -3.77082 22.5
      vertex -7.97264 -4.51484 22.5
    endloop
  endfacet
  facet normal -0 0 1
    outer loop
      vertex -9.64294 -3.73004 22.5
      vertex -8.97308 -3.77082 22.5
      vertex -9.63618 -3.72775 22.5
    endloop
  endfacet
  facet normal 0 0 1
    outer loop
      vertex -8.97308 -3.77082 22.5
      vertex -9.64294 -3.73004 22.5
      vertex -7.97264 -4.51484 22.5
    endloop
  endfacet
  facet normal -0 0 1
    outer loop
      vertex -10.2719 -3.94333 22.5
      vertex -7.97264 -4.51484 22.5
      vertex -9.64294 -3.73004 22.5
    endloop
  endfacet
  facet normal -0 0 1
    outer loop
      vertex -10.3641 -3.99547 22.5
      vertex -7.97264 -4.51484 22.5
      vertex -10.2719 -3.94333 22.5
    endloop
  endfacet
  facet normal 0 0 1
    outer loop
      vertex -19.6693 -11.1386 22.5
      vertex -10.3641 -3.99547 22.5
      vertex -18.9449 -8.84641 22.5
    endloop
  endfacet
  facet normal 0 0 1
    outer loop
      vertex -19.6693 -11.1386 22.5
      vertex -18.9449 -8.84641 22.5
      vertex -18.9505 -8.85136 22.5
    endloop
  endfacet
  facet normal 0 0 1
    outer loop
      vertex -19.4795 -9.31886 22.5
      vertex -18.9505 -8.85136 22.5
      vertex -19.4762 -9.31212 22.5
    endloop
  endfacet
  facet normal 0 0 1
    outer loop
      vertex -18.9505 -8.85136 22.5
      vertex -19.4795 -9.31886 22.5
      vertex -19.6693 -11.1386 22.5
    endloop
  endfacet
  facet normal 0 0 1
    outer loop
      vertex -10.3641 -3.99547 22.5
      vertex -19.6693 -11.1386 22.5
      vertex -7.97264 -4.51484 22.5
    endloop
  endfacet
  facet normal 0 0 1
    outer loop
      vertex -19.789 -9.95324 22.5
      vertex -19.4795 -9.31886 22.5
      vertex -19.7885 -9.94573 22.5
    endloop
  endfacet
  facet normal 0 0 1
    outer loop
      vertex -19.4795 -9.31886 22.5
      vertex -19.789 -9.95324 22.5
      vertex -19.6693 -11.1386 22.5
    endloop
  endfacet
  facet normal 0 0 1
    outer loop
      vertex -19.789 -9.95324 22.5
      vertex -19.8324 -10.6583 22.5
      vertex -19.6693 -11.1386 22.5
    endloop
  endfacet
  facet normal 0 -0 1
    outer loop
      vertex -19.8324 -10.6583 22.5
      vertex -19.789 -9.95324 22.5
      vertex -19.8348 -10.6512 22.5
    endloop
  endfacet
  facet normal 0 0 1
    outer loop
      vertex -7.75232 5.88513 22.5
      vertex -7.70609 5.2163 22.5
      vertex -7.74916 5.87872 22.5
    endloop
  endfacet
  facet normal 0 0 1
    outer loop
      vertex -7.89626 4.64706 22.5
      vertex -7.70609 5.2163 22.5
      vertex -7.75232 5.88513 22.5
    endloop
  endfacet
  facet normal 0 0 1
    outer loop
      vertex -7.70609 5.2163 22.5
      vertex -7.89626 4.64706 22.5
      vertex -7.70563 5.20918 22.5
    endloop
  endfacet
  facet normal 0 0 1
    outer loop
      vertex -8.05165 6.48595 22.5
      vertex -7.75232 5.88513 22.5
      vertex -8.04628 6.48124 22.5
    endloop
  endfacet
  facet normal 0 0 1
    outer loop
      vertex -7.75232 5.88513 22.5
      vertex -8.05165 6.48595 22.5
      vertex -7.89626 4.64706 22.5
    endloop
  endfacet
  facet normal 0 0 1
    outer loop
      vertex -8.55137 6.92415 22.5
      vertex -7.89626 4.64706 22.5
      vertex -8.05165 6.48595 22.5
    endloop
  endfacet
  facet normal 0 0 1
    outer loop
      vertex -8.64262 6.97795 22.5
      vertex -7.89626 4.64706 22.5
      vertex -8.55137 6.92415 22.5
    endloop
  endfacet
  facet normal -0 0 1
    outer loop
      vertex -19.4811 11.4649 22.5
      vertex -8.64262 6.97795 22.5
      vertex -17.1331 11.9834 22.5
    endloop
  endfacet
  facet normal 0 0 1
    outer loop
      vertex -19.4811 11.4649 22.5
      vertex -17.1331 11.9834 22.5
      vertex -17.1403 11.9858 22.5
    endloop
  endfacet
  facet normal -0 0 1
    outer loop
      vertex -17.8102 12.2102 22.5
      vertex -17.1403 11.9858 22.5
      vertex -17.8027 12.2107 22.5
    endloop
  endfacet
  facet normal 0 0 1
    outer loop
      vertex -17.1403 11.9858 22.5
      vertex -17.8102 12.2102 22.5
      vertex -19.4811 11.4649 22.5
    endloop
  endfacet
  facet normal 0 0 1
    outer loop
      vertex -18.5149 12.1611 22.5
      vertex -17.8102 12.2102 22.5
      vertex -18.5082 12.1644 22.5
    endloop
  endfacet
  facet normal 0 0 1
    outer loop
      vertex -17.8102 12.2102 22.5
      vertex -18.5149 12.1611 22.5
      vertex -19.4811 11.4649 22.5
    endloop
  endfacet
  facet normal 0 0 1
    outer loop
      vertex -19.1467 11.8465 22.5
      vertex -18.5149 12.1611 22.5
      vertex -19.1418 11.8521 22.5
    endloop
  endfacet
  facet normal 0 0 1
    outer loop
      vertex -19.4811 11.4649 22.5
      vertex -18.5149 12.1611 22.5
      vertex -19.1467 11.8465 22.5
    endloop
  endfacet
  facet normal 0 0 1
    outer loop
      vertex -8.64262 6.97795 22.5
      vertex -19.4811 11.4649 22.5
      vertex -7.89626 4.64706 22.5
    endloop
  endfacet
  facet normal 0 0 1
    outer loop
      vertex -7.89626 -4.64706 22.5
      vertex -7.70609 -5.2163 22.5
      vertex -7.70563 -5.20918 22.5
    endloop
  endfacet
  facet normal 0 0 1
    outer loop
      vertex -7.70609 -5.2163 22.5
      vertex -7.75232 -5.88513 22.5
      vertex -7.74916 -5.87872 22.5
    endloop
  endfacet
  facet normal 0 0 1
    outer loop
      vertex -7.70609 -5.2163 22.5
      vertex -7.89626 -4.64706 22.5
      vertex -7.75232 -5.88513 22.5
    endloop
  endfacet
  facet normal 0 0 1
    outer loop
      vertex -8.05165 -6.48595 22.5
      vertex -7.75232 -5.88513 22.5
      vertex -7.89626 -4.64706 22.5
    endloop
  endfacet
  facet normal 0 0 1
    outer loop
      vertex -7.75232 -5.88513 22.5
      vertex -8.05165 -6.48595 22.5
      vertex -8.04628 -6.48124 22.5
    endloop
  endfacet
  facet normal 0 0 1
    outer loop
      vertex -7.89626 -4.64706 22.5
      vertex -8.55137 -6.92415 22.5
      vertex -8.05165 -6.48595 22.5
    endloop
  endfacet
  facet normal 0 0 1
    outer loop
      vertex -7.89626 -4.64706 22.5
      vertex -8.64262 -6.97795 22.5
      vertex -8.55137 -6.92415 22.5
    endloop
  endfacet
  facet normal 0 0 1
    outer loop
      vertex -19.4811 -11.4649 22.5
      vertex -8.64262 -6.97795 22.5
      vertex -7.89626 -4.64706 22.5
    endloop
  endfacet
  facet normal 0 0 1
    outer loop
      vertex -8.64262 -6.97795 22.5
      vertex -19.4811 -11.4649 22.5
      vertex -17.1331 -11.9834 22.5
    endloop
  endfacet
  facet normal 0 0 1
    outer loop
      vertex -17.1331 -11.9834 22.5
      vertex -19.4811 -11.4649 22.5
      vertex -17.1403 -11.9858 22.5
    endloop
  endfacet
  facet normal 0 -0 1
    outer loop
      vertex -17.8102 -12.2102 22.5
      vertex -17.1403 -11.9858 22.5
      vertex -19.4811 -11.4649 22.5
    endloop
  endfacet
  facet normal 0 0 1
    outer loop
      vertex -17.1403 -11.9858 22.5
      vertex -17.8102 -12.2102 22.5
      vertex -17.8027 -12.2107 22.5
    endloop
  endfacet
  facet normal -0 -0 1
    outer loop
      vertex -18.5149 -12.1611 22.5
      vertex -17.8102 -12.2102 22.5
      vertex -19.4811 -11.4649 22.5
    endloop
  endfacet
  facet normal 0 0 1
    outer loop
      vertex -17.8102 -12.2102 22.5
      vertex -18.5149 -12.1611 22.5
      vertex -18.5082 -12.1644 22.5
    endloop
  endfacet
  facet normal 0 0 1
    outer loop
      vertex -18.5149 -12.1611 22.5
      vertex -19.1467 -11.8465 22.5
      vertex -19.1418 -11.8521 22.5
    endloop
  endfacet
  facet normal 0 0 1
    outer loop
      vertex -18.5149 -12.1611 22.5
      vertex -19.4811 -11.4649 22.5
      vertex -19.1467 -11.8465 22.5
    endloop
  endfacet
  facet normal 0 0 1
    outer loop
      vertex -4.64706 7.89626 22.5
      vertex -5.2163 7.70609 22.5
      vertex -5.20918 7.70563 22.5
    endloop
  endfacet
  facet normal -0 0 1
    outer loop
      vertex -5.88513 7.75232 22.5
      vertex -5.2163 7.70609 22.5
      vertex -4.64706 7.89626 22.5
    endloop
  endfacet
  facet normal 0 0 1
    outer loop
      vertex -5.2163 7.70609 22.5
      vertex -5.88513 7.75232 22.5
      vertex -5.87872 7.74916 22.5
    endloop
  endfacet
  facet normal 0 0 1
    outer loop
      vertex -6.48595 8.05165 22.5
      vertex -5.88513 7.75232 22.5
      vertex -4.64706 7.89626 22.5
    endloop
  endfacet
  facet normal 0 0 1
    outer loop
      vertex -5.88513 7.75232 22.5
      vertex -6.48595 8.05165 22.5
      vertex -6.48124 8.04628 22.5
    endloop
  endfacet
  facet normal 0 0 1
    outer loop
      vertex -4.64706 7.89626 22.5
      vertex -6.92415 8.55137 22.5
      vertex -6.48595 8.05165 22.5
    endloop
  endfacet
  facet normal 0 0 1
    outer loop
      vertex -4.64706 7.89626 22.5
      vertex -6.97795 8.64262 22.5
      vertex -6.92415 8.55137 22.5
    endloop
  endfacet
  facet normal 0 0 1
    outer loop
      vertex -11.4649 19.4811 22.5
      vertex -6.97795 8.64262 22.5
      vertex -4.64706 7.89626 22.5
    endloop
  endfacet
  facet normal 0 0 1
    outer loop
      vertex -12.1611 18.5149 22.5
      vertex -11.4649 19.4811 22.5
      vertex -11.8465 19.1467 22.5
    endloop
  endfacet
  facet normal 0 0 1
    outer loop
      vertex -12.1611 18.5149 22.5
      vertex -11.8465 19.1467 22.5
      vertex -11.8521 19.1418 22.5
    endloop
  endfacet
  facet normal 0 0 1
    outer loop
      vertex -11.4649 19.4811 22.5
      vertex -11.9834 17.1331 22.5
      vertex -6.97795 8.64262 22.5
    endloop
  endfacet
  facet normal 0 0 1
    outer loop
      vertex -11.4649 19.4811 22.5
      vertex -11.9858 17.1403 22.5
      vertex -11.9834 17.1331 22.5
    endloop
  endfacet
  facet normal 0 0 1
    outer loop
      vertex -12.2102 17.8102 22.5
      vertex -11.4649 19.4811 22.5
      vertex -12.1611 18.5149 22.5
    endloop
  endfacet
  facet normal 0 0 1
    outer loop
      vertex -12.2102 17.8102 22.5
      vertex -12.1611 18.5149 22.5
      vertex -12.1644 18.5082 22.5
    endloop
  endfacet
  facet normal 0 0 1
    outer loop
      vertex -11.4649 19.4811 22.5
      vertex -12.2102 17.8102 22.5
      vertex -11.9858 17.1403 22.5
    endloop
  endfacet
  facet normal 0 0 1
    outer loop
      vertex -11.9858 17.1403 22.5
      vertex -12.2102 17.8102 22.5
      vertex -12.2107 17.8027 22.5
    endloop
  endfacet
  facet normal -0 0 1
    outer loop
      vertex -5.2163 -7.70609 22.5
      vertex -4.64706 -7.89626 22.5
      vertex -5.20918 -7.70563 22.5
    endloop
  endfacet
  facet normal 0 0 1
    outer loop
      vertex -5.88513 -7.75232 22.5
      vertex -5.2163 -7.70609 22.5
      vertex -5.87872 -7.74916 22.5
    endloop
  endfacet
  facet normal 0 0 1
    outer loop
      vertex -5.2163 -7.70609 22.5
      vertex -5.88513 -7.75232 22.5
      vertex -4.64706 -7.89626 22.5
    endloop
  endfacet
  facet normal 0 0 1
    outer loop
      vertex -6.48595 -8.05165 22.5
      vertex -5.88513 -7.75232 22.5
      vertex -6.48124 -8.04628 22.5
    endloop
  endfacet
  facet normal 0 0 1
    outer loop
      vertex -5.88513 -7.75232 22.5
      vertex -6.48595 -8.05165 22.5
      vertex -4.64706 -7.89626 22.5
    endloop
  endfacet
  facet normal 0 0 1
    outer loop
      vertex -6.92415 -8.55137 22.5
      vertex -4.64706 -7.89626 22.5
      vertex -6.48595 -8.05165 22.5
    endloop
  endfacet
  facet normal 0 0 1
    outer loop
      vertex -6.97795 -8.64262 22.5
      vertex -4.64706 -7.89626 22.5
      vertex -6.92415 -8.55137 22.5
    endloop
  endfacet
  facet normal -0 0 1
    outer loop
      vertex -6.97795 -8.64262 22.5
      vertex -11.4649 -19.4811 22.5
      vertex -4.64706 -7.89626 22.5
    endloop
  endfacet
  facet normal -0 0 1
    outer loop
      vertex -11.9834 -17.1331 22.5
      vertex -11.4649 -19.4811 22.5
      vertex -6.97795 -8.64262 22.5
    endloop
  endfacet
  facet normal -0 0 1
    outer loop
      vertex -11.9858 -17.1403 22.5
      vertex -11.4649 -19.4811 22.5
      vertex -11.9834 -17.1331 22.5
    endloop
  endfacet
  facet normal -0 0 1
    outer loop
      vertex -12.2102 -17.8102 22.5
      vertex -11.4649 -19.4811 22.5
      vertex -11.9858 -17.1403 22.5
    endloop
  endfacet
  facet normal 0 0 1
    outer loop
      vertex -11.4649 -19.4811 22.5
      vertex -12.1611 -18.5149 22.5
      vertex -11.8465 -19.1467 22.5
    endloop
  endfacet
  facet normal 0 0 1
    outer loop
      vertex -11.8465 -19.1467 22.5
      vertex -12.1611 -18.5149 22.5
      vertex -11.8521 -19.1418 22.5
    endloop
  endfacet
  facet normal 0 0 1
    outer loop
      vertex -11.4649 -19.4811 22.5
      vertex -12.2102 -17.8102 22.5
      vertex -12.1611 -18.5149 22.5
    endloop
  endfacet
  facet normal 0 0 1
    outer loop
      vertex -12.1611 -18.5149 22.5
      vertex -12.2102 -17.8102 22.5
      vertex -12.1644 -18.5082 22.5
    endloop
  endfacet
  facet normal 0 -0 1
    outer loop
      vertex -12.2102 -17.8102 22.5
      vertex -11.9858 -17.1403 22.5
      vertex -12.2107 -17.8027 22.5
    endloop
  endfacet
  facet normal 0 0 1
    outer loop
      vertex -3.73004 9.64294 22.5
      vertex -3.77082 8.97308 22.5
      vertex -3.72775 9.63618 22.5
    endloop
  endfacet
  facet normal 0 0 1
    outer loop
      vertex -4.51484 7.97264 22.5
      vertex -3.77082 8.97308 22.5
      vertex -3.73004 9.64294 22.5
    endloop
  endfacet
  facet normal 0 0 1
    outer loop
      vertex -4.51484 7.97264 22.5
      vertex -3.73004 9.64294 22.5
      vertex -3.94333 10.2719 22.5
    endloop
  endfacet
  facet normal 0 0 1
    outer loop
      vertex -4.51484 7.97264 22.5
      vertex -3.94333 10.2719 22.5
      vertex -3.99547 10.3641 22.5
    endloop
  endfacet
  facet normal 0 -0 1
    outer loop
      vertex -4.06524 8.37052 22.5
      vertex -3.77082 8.97308 22.5
      vertex -4.51484 7.97264 22.5
    endloop
  endfacet
  facet normal 0 0 1
    outer loop
      vertex -3.77082 8.97308 22.5
      vertex -4.06524 8.37052 22.5
      vertex -3.77128 8.96595 22.5
    endloop
  endfacet
  facet normal 0 0 1
    outer loop
      vertex -4.06524 8.37052 22.5
      vertex -4.51484 7.97264 22.5
      vertex -4.0684 8.36412 22.5
    endloop
  endfacet
  facet normal 0 0 1
    outer loop
      vertex -11.1386 19.6693 22.5
      vertex -3.99547 10.3641 22.5
      vertex -8.84641 18.9449 22.5
    endloop
  endfacet
  facet normal 0 0 1
    outer loop
      vertex -11.1386 19.6693 22.5
      vertex -8.84641 18.9449 22.5
      vertex -8.85136 18.9505 22.5
    endloop
  endfacet
  facet normal 0 0 1
    outer loop
      vertex -9.31886 19.4795 22.5
      vertex -8.85136 18.9505 22.5
      vertex -9.31212 19.4762 22.5
    endloop
  endfacet
  facet normal 0 0 1
    outer loop
      vertex -8.85136 18.9505 22.5
      vertex -9.31886 19.4795 22.5
      vertex -11.1386 19.6693 22.5
    endloop
  endfacet
  facet normal 0 0 1
    outer loop
      vertex -9.95324 19.789 22.5
      vertex -9.31886 19.4795 22.5
      vertex -9.94573 19.7885 22.5
    endloop
  endfacet
  facet normal 0 0 1
    outer loop
      vertex -9.31886 19.4795 22.5
      vertex -9.95324 19.789 22.5
      vertex -11.1386 19.6693 22.5
    endloop
  endfacet
  facet normal -0 0 1
    outer loop
      vertex -10.6583 19.8324 22.5
      vertex -9.95324 19.789 22.5
      vertex -10.6512 19.8348 22.5
    endloop
  endfacet
  facet normal 0 0 1
    outer loop
      vertex -11.1386 19.6693 22.5
      vertex -9.95324 19.789 22.5
      vertex -10.6583 19.8324 22.5
    endloop
  endfacet
  facet normal 0 0 1
    outer loop
      vertex -3.99547 10.3641 22.5
      vertex -11.1386 19.6693 22.5
      vertex -4.51484 7.97264 22.5
    endloop
  endfacet
  facet normal 0 0 1
    outer loop
      vertex -3.77082 -8.97308 22.5
      vertex -3.73004 -9.64294 22.5
      vertex -3.72775 -9.63618 22.5
    endloop
  endfacet
  facet normal 0 0 1
    outer loop
      vertex -4.06524 -8.37052 22.5
      vertex -3.77082 -8.97308 22.5
      vertex -3.77128 -8.96595 22.5
    endloop
  endfacet
  facet normal 0 0 1
    outer loop
      vertex -3.77082 -8.97308 22.5
      vertex -4.51484 -7.97264 22.5
      vertex -3.73004 -9.64294 22.5
    endloop
  endfacet
  facet normal 0 0 1
    outer loop
      vertex -3.73004 -9.64294 22.5
      vertex -4.51484 -7.97264 22.5
      vertex -3.94333 -10.2719 22.5
    endloop
  endfacet
  facet normal 0 0 1
    outer loop
      vertex -3.77082 -8.97308 22.5
      vertex -4.06524 -8.37052 22.5
      vertex -4.51484 -7.97264 22.5
    endloop
  endfacet
  facet normal 0 0 1
    outer loop
      vertex -4.51484 -7.97264 22.5
      vertex -4.06524 -8.37052 22.5
      vertex -4.0684 -8.36412 22.5
    endloop
  endfacet
  facet normal 0 0 1
    outer loop
      vertex -3.94333 -10.2719 22.5
      vertex -4.51484 -7.97264 22.5
      vertex -3.99547 -10.3641 22.5
    endloop
  endfacet
  facet normal 0 0 1
    outer loop
      vertex -11.1386 -19.6693 22.5
      vertex -3.99547 -10.3641 22.5
      vertex -4.51484 -7.97264 22.5
    endloop
  endfacet
  facet normal 0 0 1
    outer loop
      vertex -3.99547 -10.3641 22.5
      vertex -11.1386 -19.6693 22.5
      vertex -8.84641 -18.9449 22.5
    endloop
  endfacet
  facet normal 0 0 1
    outer loop
      vertex -8.84641 -18.9449 22.5
      vertex -11.1386 -19.6693 22.5
      vertex -8.85136 -18.9505 22.5
    endloop
  endfacet
  facet normal 0 -0 1
    outer loop
      vertex -9.31886 -19.4795 22.5
      vertex -8.85136 -18.9505 22.5
      vertex -11.1386 -19.6693 22.5
    endloop
  endfacet
  facet normal 0 0 1
    outer loop
      vertex -8.85136 -18.9505 22.5
      vertex -9.31886 -19.4795 22.5
      vertex -9.31212 -19.4762 22.5
    endloop
  endfacet
  facet normal 0 -0 1
    outer loop
      vertex -9.95324 -19.789 22.5
      vertex -9.31886 -19.4795 22.5
      vertex -11.1386 -19.6693 22.5
    endloop
  endfacet
  facet normal 0 0 1
    outer loop
      vertex -9.31886 -19.4795 22.5
      vertex -9.95324 -19.789 22.5
      vertex -9.94573 -19.7885 22.5
    endloop
  endfacet
  facet normal 0 0 1
    outer loop
      vertex -9.95324 -19.789 22.5
      vertex -10.6583 -19.8324 22.5
      vertex -10.6512 -19.8348 22.5
    endloop
  endfacet
  facet normal 0 0 1
    outer loop
      vertex -9.95324 -19.789 22.5
      vertex -11.1386 -19.6693 22.5
      vertex -10.6583 -19.8324 22.5
    endloop
  endfacet
  facet normal -0 0 1
    outer loop
      vertex -1.72146 10.9734 22.5
      vertex -0.0763458 9.16212 22.5
      vertex -0.188367 22.6039 22.5
    endloop
  endfacet
  facet normal -0 -0 1
    outer loop
      vertex -1.7205 10.8675 22.5
      vertex -0.0763458 9.16212 22.5
      vertex -1.72146 10.9734 22.5
    endloop
  endfacet
  facet normal 0 0 1
    outer loop
      vertex -1.27411 22.115 22.5
      vertex -0.188367 22.6039 22.5
      vertex -0.685668 22.5048 22.5
    endloop
  endfacet
  facet normal 0 0 1
    outer loop
      vertex -1.27411 22.115 22.5
      vertex -0.685668 22.5048 22.5
      vertex -0.693036 22.5033 22.5
    endloop
  endfacet
  facet normal 0 0 1
    outer loop
      vertex -0.0763458 9.16212 22.5
      vertex -0.664417 9.28154 22.5
      vertex -0.658488 9.27757 22.5
    endloop
  endfacet
  facet normal -0 -0 1
    outer loop
      vertex -1.22006 9.65663 22.5
      vertex -0.0763458 9.16212 22.5
      vertex -1.7205 10.8675 22.5
    endloop
  endfacet
  facet normal 0 0 1
    outer loop
      vertex -1.66865 21.5291 22.5
      vertex -0.188367 22.6039 22.5
      vertex -1.27411 22.115 22.5
    endloop
  endfacet
  facet normal 0 0 1
    outer loop
      vertex -1.66865 21.5291 22.5
      vertex -1.27411 22.115 22.5
      vertex -1.28036 22.1108 22.5
    endloop
  endfacet
  facet normal 0 0 1
    outer loop
      vertex -0.664417 9.28154 22.5
      vertex -1.22006 9.65663 22.5
      vertex -1.2161 9.65069 22.5
    endloop
  endfacet
  facet normal 0 0 1
    outer loop
      vertex -0.0763458 9.16212 22.5
      vertex -1.22006 9.65663 22.5
      vertex -0.664417 9.28154 22.5
    endloop
  endfacet
  facet normal 0 0 1
    outer loop
      vertex -0.188367 22.6039 22.5
      vertex -1.66865 21.5291 22.5
      vertex -1.80955 20.8372 22.5
    endloop
  endfacet
  facet normal 0 0 1
    outer loop
      vertex -1.80955 20.8372 22.5
      vertex -1.66865 21.5291 22.5
      vertex -1.67282 21.5228 22.5
    endloop
  endfacet
  facet normal 0 0 1
    outer loop
      vertex -1.22006 9.65663 22.5
      vertex -1.59061 10.216 22.5
      vertex -1.58922 10.209 22.5
    endloop
  endfacet
  facet normal 0 0 1
    outer loop
      vertex -1.22006 9.65663 22.5
      vertex -1.7205 10.8675 22.5
      vertex -1.59061 10.216 22.5
    endloop
  endfacet
  facet normal 0 0 1
    outer loop
      vertex -0.188367 22.6039 22.5
      vertex -1.80955 20.8372 22.5
      vertex -1.81102 20.8298 22.5
    endloop
  endfacet
  facet normal 0 0 1
    outer loop
      vertex -0.188367 22.6039 22.5
      vertex -1.81102 20.8298 22.5
      vertex -1.72146 10.9734 22.5
    endloop
  endfacet
  facet normal 0 0 1
    outer loop
      vertex -0.664417 -9.28154 22.5
      vertex -0.0763458 -9.16212 22.5
      vertex -0.658488 -9.27757 22.5
    endloop
  endfacet
  facet normal 0 0 1
    outer loop
      vertex -1.22006 -9.65663 22.5
      vertex -0.0763458 -9.16212 22.5
      vertex -0.664417 -9.28154 22.5
    endloop
  endfacet
  facet normal 0 0 1
    outer loop
      vertex -0.0763458 -9.16212 22.5
      vertex -1.72146 -10.9734 22.5
      vertex -0.188367 -22.6039 22.5
    endloop
  endfacet
  facet normal -0 0 1
    outer loop
      vertex -1.81102 -20.8298 22.5
      vertex -0.188367 -22.6039 22.5
      vertex -1.72146 -10.9734 22.5
    endloop
  endfacet
  facet normal 0 0 1
    outer loop
      vertex -1.22006 -9.65663 22.5
      vertex -0.664417 -9.28154 22.5
      vertex -1.2161 -9.65069 22.5
    endloop
  endfacet
  facet normal 0 0 1
    outer loop
      vertex -0.0763458 -9.16212 22.5
      vertex -1.22006 -9.65663 22.5
      vertex -1.7205 -10.8675 22.5
    endloop
  endfacet
  facet normal -0 -0 1
    outer loop
      vertex -1.80955 -20.8372 22.5
      vertex -0.188367 -22.6039 22.5
      vertex -1.81102 -20.8298 22.5
    endloop
  endfacet
  facet normal -0 -0 1
    outer loop
      vertex -1.66865 -21.5291 22.5
      vertex -0.188367 -22.6039 22.5
      vertex -1.80955 -20.8372 22.5
    endloop
  endfacet
  facet normal 0 0 1
    outer loop
      vertex -1.59061 -10.216 22.5
      vertex -1.22006 -9.65663 22.5
      vertex -1.58922 -10.209 22.5
    endloop
  endfacet
  facet normal 0 0 1
    outer loop
      vertex -1.7205 -10.8675 22.5
      vertex -1.22006 -9.65663 22.5
      vertex -1.59061 -10.216 22.5
    endloop
  endfacet
  facet normal 0 0 1
    outer loop
      vertex -0.188367 -22.6039 22.5
      vertex -1.27411 -22.115 22.5
      vertex -0.685668 -22.5048 22.5
    endloop
  endfacet
  facet normal 0 0 1
    outer loop
      vertex -0.685668 -22.5048 22.5
      vertex -1.27411 -22.115 22.5
      vertex -0.693036 -22.5033 22.5
    endloop
  endfacet
  facet normal 0 0 1
    outer loop
      vertex -0.0763458 -9.16212 22.5
      vertex -1.7205 -10.8675 22.5
      vertex -1.72146 -10.9734 22.5
    endloop
  endfacet
  facet normal 0 0 1
    outer loop
      vertex -1.27411 -22.115 22.5
      vertex -1.66865 -21.5291 22.5
      vertex -1.28036 -22.1108 22.5
    endloop
  endfacet
  facet normal 0 0 1
    outer loop
      vertex -1.66865 -21.5291 22.5
      vertex -1.80955 -20.8372 22.5
      vertex -1.67282 -21.5228 22.5
    endloop
  endfacet
  facet normal 0 0 1
    outer loop
      vertex -0.188367 -22.6039 22.5
      vertex -1.66865 -21.5291 22.5
      vertex -1.27411 -22.115 22.5
    endloop
  endfacet
  facet normal 0 0 1
    outer loop
      vertex 0.188367 22.6039 22.5
      vertex 1.81102 20.8298 22.5
      vertex 1.80955 20.8372 22.5
    endloop
  endfacet
  facet normal 0 0 1
    outer loop
      vertex 1.81102 20.8298 22.5
      vertex 0.188367 22.6039 22.5
      vertex 1.72146 10.9734 22.5
    endloop
  endfacet
  facet normal 0 0 1
    outer loop
      vertex 1.66865 21.5291 22.5
      vertex 1.80955 20.8372 22.5
      vertex 1.67282 21.5228 22.5
    endloop
  endfacet
  facet normal 0 0 1
    outer loop
      vertex 1.80955 20.8372 22.5
      vertex 1.66865 21.5291 22.5
      vertex 0.188367 22.6039 22.5
    endloop
  endfacet
  facet normal 0 0 1
    outer loop
      vertex 0.0763458 9.16212 22.5
      vertex 1.72146 10.9734 22.5
      vertex 0.188367 22.6039 22.5
    endloop
  endfacet
  facet normal 0 0 1
    outer loop
      vertex 1.72146 10.9734 22.5
      vertex 0.0763458 9.16212 22.5
      vertex 1.7205 10.8675 22.5
    endloop
  endfacet
  facet normal 0 0 1
    outer loop
      vertex 1.27411 22.115 22.5
      vertex 1.66865 21.5291 22.5
      vertex 1.28036 22.1108 22.5
    endloop
  endfacet
  facet normal 0 0 1
    outer loop
      vertex 1.66865 21.5291 22.5
      vertex 1.27411 22.115 22.5
      vertex 0.188367 22.6039 22.5
    endloop
  endfacet
  facet normal 0 0 1
    outer loop
      vertex 1.7205 10.8675 22.5
      vertex 0.0763458 9.16212 22.5
      vertex 1.59061 10.216 22.5
    endloop
  endfacet
  facet normal 0 -0 1
    outer loop
      vertex 1.22006 9.65663 22.5
      vertex 1.59061 10.216 22.5
      vertex 0.0763458 9.16212 22.5
    endloop
  endfacet
  facet normal 0 0 1
    outer loop
      vertex 0.685668 22.5048 22.5
      vertex 1.27411 22.115 22.5
      vertex 0.693036 22.5033 22.5
    endloop
  endfacet
  facet normal 0 0 1
    outer loop
      vertex 0.188367 22.6039 22.5
      vertex 1.27411 22.115 22.5
      vertex 0.685668 22.5048 22.5
    endloop
  endfacet
  facet normal 0 0 1
    outer loop
      vertex 1.59061 10.216 22.5
      vertex 1.22006 9.65663 22.5
      vertex 1.58922 10.209 22.5
    endloop
  endfacet
  facet normal 0 -0 1
    outer loop
      vertex 0.664417 9.28154 22.5
      vertex 1.22006 9.65663 22.5
      vertex 0.0763458 9.16212 22.5
    endloop
  endfacet
  facet normal 0 0 1
    outer loop
      vertex 1.22006 9.65663 22.5
      vertex 0.664417 9.28154 22.5
      vertex 1.2161 9.65069 22.5
    endloop
  endfacet
  facet normal 0 0 1
    outer loop
      vertex 0.664417 9.28154 22.5
      vertex 0.0763458 9.16212 22.5
      vertex 0.658488 9.27757 22.5
    endloop
  endfacet
  facet normal 0 0 1
    outer loop
      vertex 0.188367 -22.6039 22.5
      vertex 1.81102 -20.8298 22.5
      vertex 1.72146 -10.9734 22.5
    endloop
  endfacet
  facet normal 0 0 1
    outer loop
      vertex 0.0763458 -9.16212 22.5
      vertex 1.72146 -10.9734 22.5
      vertex 1.7205 -10.8675 22.5
    endloop
  endfacet
  facet normal 0 0 1
    outer loop
      vertex 1.81102 -20.8298 22.5
      vertex 0.188367 -22.6039 22.5
      vertex 1.80955 -20.8372 22.5
    endloop
  endfacet
  facet normal 0 -0 1
    outer loop
      vertex 1.66865 -21.5291 22.5
      vertex 1.80955 -20.8372 22.5
      vertex 0.188367 -22.6039 22.5
    endloop
  endfacet
  facet normal 0 0 1
    outer loop
      vertex 0.0763458 -9.16212 22.5
      vertex 1.7205 -10.8675 22.5
      vertex 1.59061 -10.216 22.5
    endloop
  endfacet
  facet normal 0 0 1
    outer loop
      vertex 1.22006 -9.65663 22.5
      vertex 1.59061 -10.216 22.5
      vertex 1.58922 -10.209 22.5
    endloop
  endfacet
  facet normal 0 0 1
    outer loop
      vertex 1.80955 -20.8372 22.5
      vertex 1.66865 -21.5291 22.5
      vertex 1.67282 -21.5228 22.5
    endloop
  endfacet
  facet normal 0 -0 1
    outer loop
      vertex 1.27411 -22.115 22.5
      vertex 1.66865 -21.5291 22.5
      vertex 0.188367 -22.6039 22.5
    endloop
  endfacet
  facet normal 0 0 1
    outer loop
      vertex 1.59061 -10.216 22.5
      vertex 1.22006 -9.65663 22.5
      vertex 0.0763458 -9.16212 22.5
    endloop
  endfacet
  facet normal 0 0 1
    outer loop
      vertex 0.664417 -9.28154 22.5
      vertex 1.22006 -9.65663 22.5
      vertex 1.2161 -9.65069 22.5
    endloop
  endfacet
  facet normal 0 0 1
    outer loop
      vertex 1.66865 -21.5291 22.5
      vertex 1.27411 -22.115 22.5
      vertex 1.28036 -22.1108 22.5
    endloop
  endfacet
  facet normal 0 0 1
    outer loop
      vertex 1.27411 -22.115 22.5
      vertex 0.685668 -22.5048 22.5
      vertex 0.693036 -22.5033 22.5
    endloop
  endfacet
  facet normal 0 0 1
    outer loop
      vertex 1.22006 -9.65663 22.5
      vertex 0.664417 -9.28154 22.5
      vertex 0.0763458 -9.16212 22.5
    endloop
  endfacet
  facet normal 0 0 1
    outer loop
      vertex 0.0763458 -9.16212 22.5
      vertex 0.664417 -9.28154 22.5
      vertex 0.658488 -9.27757 22.5
    endloop
  endfacet
  facet normal 0 0 1
    outer loop
      vertex 1.27411 -22.115 22.5
      vertex 0.188367 -22.6039 22.5
      vertex 0.685668 -22.5048 22.5
    endloop
  endfacet
  facet normal 0 0 1
    outer loop
      vertex 1.72146 -10.9734 22.5
      vertex 0.0763458 -9.16212 22.5
      vertex 0.188367 -22.6039 22.5
    endloop
  endfacet
  facet normal 0 0 1
    outer loop
      vertex 9.95324 19.789 22.5
      vertex 10.6583 19.8324 22.5
      vertex 10.6512 19.8348 22.5
    endloop
  endfacet
  facet normal 0 0 1
    outer loop
      vertex 10.6583 19.8324 22.5
      vertex 9.95324 19.789 22.5
      vertex 11.1386 19.6693 22.5
    endloop
  endfacet
  facet normal 0 0 1
    outer loop
      vertex 9.31886 19.4795 22.5
      vertex 9.95324 19.789 22.5
      vertex 9.94573 19.7885 22.5
    endloop
  endfacet
  facet normal 0 0 1
    outer loop
      vertex 9.95324 19.789 22.5
      vertex 9.31886 19.4795 22.5
      vertex 11.1386 19.6693 22.5
    endloop
  endfacet
  facet normal 0 0 1
    outer loop
      vertex 8.85136 18.9505 22.5
      vertex 9.31886 19.4795 22.5
      vertex 9.31212 19.4762 22.5
    endloop
  endfacet
  facet normal -0 0 1
    outer loop
      vertex 9.31886 19.4795 22.5
      vertex 8.85136 18.9505 22.5
      vertex 11.1386 19.6693 22.5
    endloop
  endfacet
  facet normal 0 0 1
    outer loop
      vertex 8.84641 18.9449 22.5
      vertex 11.1386 19.6693 22.5
      vertex 8.85136 18.9505 22.5
    endloop
  endfacet
  facet normal 0 0 1
    outer loop
      vertex 3.99547 10.3641 22.5
      vertex 11.1386 19.6693 22.5
      vertex 8.84641 18.9449 22.5
    endloop
  endfacet
  facet normal 0 0 1
    outer loop
      vertex 11.1386 19.6693 22.5
      vertex 3.99547 10.3641 22.5
      vertex 4.51484 7.97264 22.5
    endloop
  endfacet
  facet normal -0 0 1
    outer loop
      vertex 3.94333 10.2719 22.5
      vertex 4.51484 7.97264 22.5
      vertex 3.99547 10.3641 22.5
    endloop
  endfacet
  facet normal 0 0 1
    outer loop
      vertex 4.51484 7.97264 22.5
      vertex 4.06524 8.37052 22.5
      vertex 4.0684 8.36412 22.5
    endloop
  endfacet
  facet normal -0 0 1
    outer loop
      vertex 3.77082 8.97308 22.5
      vertex 4.51484 7.97264 22.5
      vertex 3.94333 10.2719 22.5
    endloop
  endfacet
  facet normal 0 0 1
    outer loop
      vertex 4.51484 7.97264 22.5
      vertex 3.77082 8.97308 22.5
      vertex 4.06524 8.37052 22.5
    endloop
  endfacet
  facet normal 0 0 1
    outer loop
      vertex 4.06524 8.37052 22.5
      vertex 3.77082 8.97308 22.5
      vertex 3.77128 8.96595 22.5
    endloop
  endfacet
  facet normal -0 0 1
    outer loop
      vertex 3.73004 9.64294 22.5
      vertex 3.77082 8.97308 22.5
      vertex 3.94333 10.2719 22.5
    endloop
  endfacet
  facet normal 0 0 1
    outer loop
      vertex 3.77082 8.97308 22.5
      vertex 3.73004 9.64294 22.5
      vertex 3.72775 9.63618 22.5
    endloop
  endfacet
  facet normal -0 0 1
    outer loop
      vertex 9.95324 -19.789 22.5
      vertex 10.6583 -19.8324 22.5
      vertex 11.1386 -19.6693 22.5
    endloop
  endfacet
  facet normal 0 0 1
    outer loop
      vertex 10.6583 -19.8324 22.5
      vertex 9.95324 -19.789 22.5
      vertex 10.6512 -19.8348 22.5
    endloop
  endfacet
  facet normal 0 0 1
    outer loop
      vertex 9.31886 -19.4795 22.5
      vertex 9.95324 -19.789 22.5
      vertex 11.1386 -19.6693 22.5
    endloop
  endfacet
  facet normal 0 0 1
    outer loop
      vertex 9.95324 -19.789 22.5
      vertex 9.31886 -19.4795 22.5
      vertex 9.94573 -19.7885 22.5
    endloop
  endfacet
  facet normal 0 0 1
    outer loop
      vertex 8.85136 -18.9505 22.5
      vertex 9.31886 -19.4795 22.5
      vertex 11.1386 -19.6693 22.5
    endloop
  endfacet
  facet normal 0 0 1
    outer loop
      vertex 9.31886 -19.4795 22.5
      vertex 8.85136 -18.9505 22.5
      vertex 9.31212 -19.4762 22.5
    endloop
  endfacet
  facet normal 0 0 1
    outer loop
      vertex 11.1386 -19.6693 22.5
      vertex 8.84641 -18.9449 22.5
      vertex 8.85136 -18.9505 22.5
    endloop
  endfacet
  facet normal -0 0 1
    outer loop
      vertex 3.99547 -10.3641 22.5
      vertex 11.1386 -19.6693 22.5
      vertex 4.51484 -7.97264 22.5
    endloop
  endfacet
  facet normal 0 0 1
    outer loop
      vertex 4.06524 -8.37052 22.5
      vertex 4.51484 -7.97264 22.5
      vertex 4.0684 -8.36412 22.5
    endloop
  endfacet
  facet normal 0 0 1
    outer loop
      vertex 3.77082 -8.97308 22.5
      vertex 4.51484 -7.97264 22.5
      vertex 4.06524 -8.37052 22.5
    endloop
  endfacet
  facet normal 0 0 1
    outer loop
      vertex 11.1386 -19.6693 22.5
      vertex 3.99547 -10.3641 22.5
      vertex 8.84641 -18.9449 22.5
    endloop
  endfacet
  facet normal 0 0 1
    outer loop
      vertex 4.51484 -7.97264 22.5
      vertex 3.94333 -10.2719 22.5
      vertex 3.99547 -10.3641 22.5
    endloop
  endfacet
  facet normal 0 0 1
    outer loop
      vertex 3.77082 -8.97308 22.5
      vertex 4.06524 -8.37052 22.5
      vertex 3.77128 -8.96595 22.5
    endloop
  endfacet
  facet normal 0 0 1
    outer loop
      vertex 4.51484 -7.97264 22.5
      vertex 3.77082 -8.97308 22.5
      vertex 3.94333 -10.2719 22.5
    endloop
  endfacet
  facet normal 0 0 1
    outer loop
      vertex 3.77082 -8.97308 22.5
      vertex 3.73004 -9.64294 22.5
      vertex 3.94333 -10.2719 22.5
    endloop
  endfacet
  facet normal 0 -0 1
    outer loop
      vertex 3.73004 -9.64294 22.5
      vertex 3.77082 -8.97308 22.5
      vertex 3.72775 -9.63618 22.5
    endloop
  endfacet
  facet normal 0 0 1
    outer loop
      vertex 12.1611 18.5149 22.5
      vertex 12.2102 17.8102 22.5
      vertex 12.1644 18.5082 22.5
    endloop
  endfacet
  facet normal 0 0 1
    outer loop
      vertex 11.4649 19.4811 22.5
      vertex 12.2102 17.8102 22.5
      vertex 12.1611 18.5149 22.5
    endloop
  endfacet
  facet normal 0 0 1
    outer loop
      vertex 12.2102 17.8102 22.5
      vertex 11.9858 17.1403 22.5
      vertex 12.2107 17.8027 22.5
    endloop
  endfacet
  facet normal 0 0 1
    outer loop
      vertex 12.2102 17.8102 22.5
      vertex 11.4649 19.4811 22.5
      vertex 11.9858 17.1403 22.5
    endloop
  endfacet
  facet normal 0 0 1
    outer loop
      vertex 11.8465 19.1467 22.5
      vertex 12.1611 18.5149 22.5
      vertex 11.8521 19.1418 22.5
    endloop
  endfacet
  facet normal 0 0 1
    outer loop
      vertex 11.4649 19.4811 22.5
      vertex 12.1611 18.5149 22.5
      vertex 11.8465 19.1467 22.5
    endloop
  endfacet
  facet normal 0 0 1
    outer loop
      vertex 11.9858 17.1403 22.5
      vertex 11.4649 19.4811 22.5
      vertex 11.9834 17.1331 22.5
    endloop
  endfacet
  facet normal 0 0 1
    outer loop
      vertex 11.4649 19.4811 22.5
      vertex 6.97795 8.64262 22.5
      vertex 11.9834 17.1331 22.5
    endloop
  endfacet
  facet normal 0 0 1
    outer loop
      vertex 4.64706 7.89626 22.5
      vertex 6.97795 8.64262 22.5
      vertex 11.4649 19.4811 22.5
    endloop
  endfacet
  facet normal 0 0 1
    outer loop
      vertex 6.97795 8.64262 22.5
      vertex 4.64706 7.89626 22.5
      vertex 6.92415 8.55137 22.5
    endloop
  endfacet
  facet normal 0 0 1
    outer loop
      vertex 6.92415 8.55137 22.5
      vertex 4.64706 7.89626 22.5
      vertex 6.48595 8.05165 22.5
    endloop
  endfacet
  facet normal 0 -0 1
    outer loop
      vertex 5.88513 7.75232 22.5
      vertex 6.48595 8.05165 22.5
      vertex 4.64706 7.89626 22.5
    endloop
  endfacet
  facet normal 0 0 1
    outer loop
      vertex 6.48595 8.05165 22.5
      vertex 5.88513 7.75232 22.5
      vertex 6.48124 8.04628 22.5
    endloop
  endfacet
  facet normal 0 -0 1
    outer loop
      vertex 5.2163 7.70609 22.5
      vertex 5.88513 7.75232 22.5
      vertex 4.64706 7.89626 22.5
    endloop
  endfacet
  facet normal 0 0 1
    outer loop
      vertex 5.88513 7.75232 22.5
      vertex 5.2163 7.70609 22.5
      vertex 5.87872 7.74916 22.5
    endloop
  endfacet
  facet normal 0 0 1
    outer loop
      vertex 5.2163 7.70609 22.5
      vertex 4.64706 7.89626 22.5
      vertex 5.20918 7.70563 22.5
    endloop
  endfacet
  facet normal 0 0 1
    outer loop
      vertex 11.9858 -17.1403 22.5
      vertex 12.2102 -17.8102 22.5
      vertex 12.2107 -17.8027 22.5
    endloop
  endfacet
  facet normal 0 0 1
    outer loop
      vertex 12.2102 -17.8102 22.5
      vertex 12.1611 -18.5149 22.5
      vertex 12.1644 -18.5082 22.5
    endloop
  endfacet
  facet normal 0 0 1
    outer loop
      vertex 11.4649 -19.4811 22.5
      vertex 12.2102 -17.8102 22.5
      vertex 11.9858 -17.1403 22.5
    endloop
  endfacet
  facet normal 0 0 1
    outer loop
      vertex 11.4649 -19.4811 22.5
      vertex 11.9858 -17.1403 22.5
      vertex 11.9834 -17.1331 22.5
    endloop
  endfacet
  facet normal 0 0 1
    outer loop
      vertex 12.2102 -17.8102 22.5
      vertex 11.4649 -19.4811 22.5
      vertex 12.1611 -18.5149 22.5
    endloop
  endfacet
  facet normal 0 0 1
    outer loop
      vertex 12.1611 -18.5149 22.5
      vertex 11.8465 -19.1467 22.5
      vertex 11.8521 -19.1418 22.5
    endloop
  endfacet
  facet normal 0 0 1
    outer loop
      vertex 12.1611 -18.5149 22.5
      vertex 11.4649 -19.4811 22.5
      vertex 11.8465 -19.1467 22.5
    endloop
  endfacet
  facet normal 0 0 1
    outer loop
      vertex 6.97795 -8.64262 22.5
      vertex 11.4649 -19.4811 22.5
      vertex 11.9834 -17.1331 22.5
    endloop
  endfacet
  facet normal 0 0 1
    outer loop
      vertex 4.64706 -7.89626 22.5
      vertex 6.97795 -8.64262 22.5
      vertex 6.92415 -8.55137 22.5
    endloop
  endfacet
  facet normal 0 0 1
    outer loop
      vertex 4.64706 -7.89626 22.5
      vertex 6.92415 -8.55137 22.5
      vertex 6.48595 -8.05165 22.5
    endloop
  endfacet
  facet normal 0 0 1
    outer loop
      vertex 5.88513 -7.75232 22.5
      vertex 6.48595 -8.05165 22.5
      vertex 6.48124 -8.04628 22.5
    endloop
  endfacet
  facet normal 0 0 1
    outer loop
      vertex 6.48595 -8.05165 22.5
      vertex 5.88513 -7.75232 22.5
      vertex 4.64706 -7.89626 22.5
    endloop
  endfacet
  facet normal 0 0 1
    outer loop
      vertex 5.2163 -7.70609 22.5
      vertex 5.88513 -7.75232 22.5
      vertex 5.87872 -7.74916 22.5
    endloop
  endfacet
  facet normal 0 0 1
    outer loop
      vertex 5.88513 -7.75232 22.5
      vertex 5.2163 -7.70609 22.5
      vertex 4.64706 -7.89626 22.5
    endloop
  endfacet
  facet normal 0 0 1
    outer loop
      vertex 4.64706 -7.89626 22.5
      vertex 5.2163 -7.70609 22.5
      vertex 5.20918 -7.70563 22.5
    endloop
  endfacet
  facet normal 0 0 1
    outer loop
      vertex 6.97795 -8.64262 22.5
      vertex 4.64706 -7.89626 22.5
      vertex 11.4649 -19.4811 22.5
    endloop
  endfacet
  facet normal 0 0 1
    outer loop
      vertex 18.5149 12.1611 22.5
      vertex 19.1467 11.8465 22.5
      vertex 19.1418 11.8521 22.5
    endloop
  endfacet
  facet normal 0 0 1
    outer loop
      vertex 19.1467 11.8465 22.5
      vertex 18.5149 12.1611 22.5
      vertex 19.4811 11.4649 22.5
    endloop
  endfacet
  facet normal 0 0 1
    outer loop
      vertex 17.8102 12.2102 22.5
      vertex 18.5149 12.1611 22.5
      vertex 18.5082 12.1644 22.5
    endloop
  endfacet
  facet normal 0 0 1
    outer loop
      vertex 18.5149 12.1611 22.5
      vertex 17.8102 12.2102 22.5
      vertex 19.4811 11.4649 22.5
    endloop
  endfacet
  facet normal 0 0 1
    outer loop
      vertex 17.1403 11.9858 22.5
      vertex 17.8102 12.2102 22.5
      vertex 17.8027 12.2107 22.5
    endloop
  endfacet
  facet normal 0 0 1
    outer loop
      vertex 17.8102 12.2102 22.5
      vertex 17.1403 11.9858 22.5
      vertex 19.4811 11.4649 22.5
    endloop
  endfacet
  facet normal -0 0 1
    outer loop
      vertex 17.1331 11.9834 22.5
      vertex 19.4811 11.4649 22.5
      vertex 17.1403 11.9858 22.5
    endloop
  endfacet
  facet normal 0 0 1
    outer loop
      vertex 8.64262 6.97795 22.5
      vertex 19.4811 11.4649 22.5
      vertex 17.1331 11.9834 22.5
    endloop
  endfacet
  facet normal 0 0 1
    outer loop
      vertex 7.89626 4.64706 22.5
      vertex 8.64262 6.97795 22.5
      vertex 8.55137 6.92415 22.5
    endloop
  endfacet
  facet normal 0 0 1
    outer loop
      vertex 7.89626 4.64706 22.5
      vertex 8.55137 6.92415 22.5
      vertex 8.05165 6.48595 22.5
    endloop
  endfacet
  facet normal 0 0 1
    outer loop
      vertex 7.75232 5.88513 22.5
      vertex 8.05165 6.48595 22.5
      vertex 8.04628 6.48124 22.5
    endloop
  endfacet
  facet normal -0 0 1
    outer loop
      vertex 8.64262 6.97795 22.5
      vertex 7.89626 4.64706 22.5
      vertex 19.4811 11.4649 22.5
    endloop
  endfacet
  facet normal 0 0 1
    outer loop
      vertex 8.05165 6.48595 22.5
      vertex 7.75232 5.88513 22.5
      vertex 7.89626 4.64706 22.5
    endloop
  endfacet
  facet normal 0 0 1
    outer loop
      vertex 7.70609 5.2163 22.5
      vertex 7.75232 5.88513 22.5
      vertex 7.74916 5.87872 22.5
    endloop
  endfacet
  facet normal 0 0 1
    outer loop
      vertex 7.75232 5.88513 22.5
      vertex 7.70609 5.2163 22.5
      vertex 7.89626 4.64706 22.5
    endloop
  endfacet
  facet normal 0 0 1
    outer loop
      vertex 7.89626 4.64706 22.5
      vertex 7.70609 5.2163 22.5
      vertex 7.70563 5.20918 22.5
    endloop
  endfacet
  facet normal 0 0 1
    outer loop
      vertex 18.5149 -12.1611 22.5
      vertex 19.1467 -11.8465 22.5
      vertex 19.4811 -11.4649 22.5
    endloop
  endfacet
  facet normal 0 0 1
    outer loop
      vertex 19.1467 -11.8465 22.5
      vertex 18.5149 -12.1611 22.5
      vertex 19.1418 -11.8521 22.5
    endloop
  endfacet
  facet normal 0 0 1
    outer loop
      vertex 17.8102 -12.2102 22.5
      vertex 18.5149 -12.1611 22.5
      vertex 19.4811 -11.4649 22.5
    endloop
  endfacet
  facet normal 0 0 1
    outer loop
      vertex 18.5149 -12.1611 22.5
      vertex 17.8102 -12.2102 22.5
      vertex 18.5082 -12.1644 22.5
    endloop
  endfacet
  facet normal -0 0 1
    outer loop
      vertex 17.1403 -11.9858 22.5
      vertex 17.8102 -12.2102 22.5
      vertex 19.4811 -11.4649 22.5
    endloop
  endfacet
  facet normal 0 0 1
    outer loop
      vertex 17.8102 -12.2102 22.5
      vertex 17.1403 -11.9858 22.5
      vertex 17.8027 -12.2107 22.5
    endloop
  endfacet
  facet normal 0 0 1
    outer loop
      vertex 19.4811 -11.4649 22.5
      vertex 17.1331 -11.9834 22.5
      vertex 17.1403 -11.9858 22.5
    endloop
  endfacet
  facet normal 0 0 1
    outer loop
      vertex 19.4811 -11.4649 22.5
      vertex 8.64262 -6.97795 22.5
      vertex 17.1331 -11.9834 22.5
    endloop
  endfacet
  facet normal 0 0 1
    outer loop
      vertex 7.89626 -4.64706 22.5
      vertex 8.64262 -6.97795 22.5
      vertex 19.4811 -11.4649 22.5
    endloop
  endfacet
  facet normal 0 0 1
    outer loop
      vertex 8.64262 -6.97795 22.5
      vertex 7.89626 -4.64706 22.5
      vertex 8.55137 -6.92415 22.5
    endloop
  endfacet
  facet normal 0 0 1
    outer loop
      vertex 8.55137 -6.92415 22.5
      vertex 7.89626 -4.64706 22.5
      vertex 8.05165 -6.48595 22.5
    endloop
  endfacet
  facet normal -0 0 1
    outer loop
      vertex 7.75232 -5.88513 22.5
      vertex 8.05165 -6.48595 22.5
      vertex 7.89626 -4.64706 22.5
    endloop
  endfacet
  facet normal 0 0 1
    outer loop
      vertex 8.05165 -6.48595 22.5
      vertex 7.75232 -5.88513 22.5
      vertex 8.04628 -6.48124 22.5
    endloop
  endfacet
  facet normal -0 0 1
    outer loop
      vertex 7.70609 -5.2163 22.5
      vertex 7.75232 -5.88513 22.5
      vertex 7.89626 -4.64706 22.5
    endloop
  endfacet
  facet normal 0 0 1
    outer loop
      vertex 7.75232 -5.88513 22.5
      vertex 7.70609 -5.2163 22.5
      vertex 7.74916 -5.87872 22.5
    endloop
  endfacet
  facet normal 0 -0 1
    outer loop
      vertex 7.70609 -5.2163 22.5
      vertex 7.89626 -4.64706 22.5
      vertex 7.70563 -5.20918 22.5
    endloop
  endfacet
  facet normal 0 0 1
    outer loop
      vertex 19.8324 10.6583 22.5
      vertex 19.789 9.95324 22.5
      vertex 19.8348 10.6512 22.5
    endloop
  endfacet
  facet normal 0 0 1
    outer loop
      vertex 19.6693 11.1386 22.5
      vertex 19.789 9.95324 22.5
      vertex 19.8324 10.6583 22.5
    endloop
  endfacet
  facet normal 0 0 1
    outer loop
      vertex 19.4795 9.31886 22.5
      vertex 19.789 9.95324 22.5
      vertex 19.6693 11.1386 22.5
    endloop
  endfacet
  facet normal 0 0 1
    outer loop
      vertex 19.789 9.95324 22.5
      vertex 19.4795 9.31886 22.5
      vertex 19.7885 9.94573 22.5
    endloop
  endfacet
  facet normal 0 0 1
    outer loop
      vertex 18.9505 8.85136 22.5
      vertex 19.4795 9.31886 22.5
      vertex 19.6693 11.1386 22.5
    endloop
  endfacet
  facet normal 0 0 1
    outer loop
      vertex 19.4795 9.31886 22.5
      vertex 18.9505 8.85136 22.5
      vertex 19.4762 9.31212 22.5
    endloop
  endfacet
  facet normal 0 0 1
    outer loop
      vertex 19.6693 11.1386 22.5
      vertex 18.9449 8.84641 22.5
      vertex 18.9505 8.85136 22.5
    endloop
  endfacet
  facet normal 0 0 1
    outer loop
      vertex 19.6693 11.1386 22.5
      vertex 10.3641 3.99547 22.5
      vertex 18.9449 8.84641 22.5
    endloop
  endfacet
  facet normal -0 0 1
    outer loop
      vertex 7.97264 4.51484 22.5
      vertex 10.3641 3.99547 22.5
      vertex 19.6693 11.1386 22.5
    endloop
  endfacet
  facet normal 0 0 1
    outer loop
      vertex 10.3641 3.99547 22.5
      vertex 7.97264 4.51484 22.5
      vertex 10.2719 3.94333 22.5
    endloop
  endfacet
  facet normal 0 0 1
    outer loop
      vertex 10.2719 3.94333 22.5
      vertex 7.97264 4.51484 22.5
      vertex 9.64294 3.73004 22.5
    endloop
  endfacet
  facet normal -0 -0 1
    outer loop
      vertex 8.97308 3.77082 22.5
      vertex 9.64294 3.73004 22.5
      vertex 7.97264 4.51484 22.5
    endloop
  endfacet
  facet normal 0 0 1
    outer loop
      vertex 9.64294 3.73004 22.5
      vertex 8.97308 3.77082 22.5
      vertex 9.63618 3.72775 22.5
    endloop
  endfacet
  facet normal -0 -0 1
    outer loop
      vertex 8.37052 4.06524 22.5
      vertex 8.97308 3.77082 22.5
      vertex 7.97264 4.51484 22.5
    endloop
  endfacet
  facet normal 0 0 1
    outer loop
      vertex 8.97308 3.77082 22.5
      vertex 8.37052 4.06524 22.5
      vertex 8.96595 3.77128 22.5
    endloop
  endfacet
  facet normal 0 0 1
    outer loop
      vertex 8.37052 4.06524 22.5
      vertex 7.97264 4.51484 22.5
      vertex 8.36412 4.0684 22.5
    endloop
  endfacet
  facet normal 0 0 1
    outer loop
      vertex 19.789 -9.95324 22.5
      vertex 19.8324 -10.6583 22.5
      vertex 19.8348 -10.6512 22.5
    endloop
  endfacet
  facet normal 0 0 1
    outer loop
      vertex 19.4795 -9.31886 22.5
      vertex 19.789 -9.95324 22.5
      vertex 19.7885 -9.94573 22.5
    endloop
  endfacet
  facet normal 0 0 1
    outer loop
      vertex 19.789 -9.95324 22.5
      vertex 19.6693 -11.1386 22.5
      vertex 19.8324 -10.6583 22.5
    endloop
  endfacet
  facet normal 0 0 1
    outer loop
      vertex 19.789 -9.95324 22.5
      vertex 19.4795 -9.31886 22.5
      vertex 19.6693 -11.1386 22.5
    endloop
  endfacet
  facet normal 0 0 1
    outer loop
      vertex 18.9505 -8.85136 22.5
      vertex 19.4795 -9.31886 22.5
      vertex 19.4762 -9.31212 22.5
    endloop
  endfacet
  facet normal 0 0 1
    outer loop
      vertex 19.4795 -9.31886 22.5
      vertex 18.9505 -8.85136 22.5
      vertex 19.6693 -11.1386 22.5
    endloop
  endfacet
  facet normal 0 0 1
    outer loop
      vertex 18.9449 -8.84641 22.5
      vertex 19.6693 -11.1386 22.5
      vertex 18.9505 -8.85136 22.5
    endloop
  endfacet
  facet normal 0 0 1
    outer loop
      vertex 10.3641 -3.99547 22.5
      vertex 19.6693 -11.1386 22.5
      vertex 18.9449 -8.84641 22.5
    endloop
  endfacet
  facet normal 0 0 1
    outer loop
      vertex 7.97264 -4.51484 22.5
      vertex 10.3641 -3.99547 22.5
      vertex 10.2719 -3.94333 22.5
    endloop
  endfacet
  facet normal 0 0 1
    outer loop
      vertex 7.97264 -4.51484 22.5
      vertex 10.2719 -3.94333 22.5
      vertex 9.64294 -3.73004 22.5
    endloop
  endfacet
  facet normal 0 0 1
    outer loop
      vertex 8.97308 -3.77082 22.5
      vertex 9.64294 -3.73004 22.5
      vertex 9.63618 -3.72775 22.5
    endloop
  endfacet
  facet normal 0 0 1
    outer loop
      vertex 9.64294 -3.73004 22.5
      vertex 8.97308 -3.77082 22.5
      vertex 7.97264 -4.51484 22.5
    endloop
  endfacet
  facet normal 0 0 1
    outer loop
      vertex 8.37052 -4.06524 22.5
      vertex 8.97308 -3.77082 22.5
      vertex 8.96595 -3.77128 22.5
    endloop
  endfacet
  facet normal 0 0 1
    outer loop
      vertex 8.97308 -3.77082 22.5
      vertex 8.37052 -4.06524 22.5
      vertex 7.97264 -4.51484 22.5
    endloop
  endfacet
  facet normal 0 0 1
    outer loop
      vertex 7.97264 -4.51484 22.5
      vertex 8.37052 -4.06524 22.5
      vertex 8.36412 -4.0684 22.5
    endloop
  endfacet
  facet normal 0 0 1
    outer loop
      vertex 10.3641 -3.99547 22.5
      vertex 7.97264 -4.51484 22.5
      vertex 19.6693 -11.1386 22.5
    endloop
  endfacet
  facet normal 0 0 1
    outer loop
      vertex 22.115 1.27411 22.5
      vertex 22.5048 0.685668 22.5
      vertex 22.5033 0.693036 22.5
    endloop
  endfacet
  facet normal 0 0 1
    outer loop
      vertex 22.115 1.27411 22.5
      vertex 22.6039 0.188367 22.5
      vertex 22.5048 0.685668 22.5
    endloop
  endfacet
  facet normal 0 0 1
    outer loop
      vertex 21.5291 1.66865 22.5
      vertex 22.115 1.27411 22.5
      vertex 22.1108 1.28036 22.5
    endloop
  endfacet
  facet normal 0 0 1
    outer loop
      vertex 22.115 1.27411 22.5
      vertex 21.5291 1.66865 22.5
      vertex 22.6039 0.188367 22.5
    endloop
  endfacet
  facet normal 0 0 1
    outer loop
      vertex 20.8372 1.80955 22.5
      vertex 21.5291 1.66865 22.5
      vertex 21.5228 1.67282 22.5
    endloop
  endfacet
  facet normal 0 0 1
    outer loop
      vertex 21.5291 1.66865 22.5
      vertex 20.8372 1.80955 22.5
      vertex 22.6039 0.188367 22.5
    endloop
  endfacet
  facet normal 0 0 1
    outer loop
      vertex 20.8298 1.81102 22.5
      vertex 22.6039 0.188367 22.5
      vertex 20.8372 1.80955 22.5
    endloop
  endfacet
  facet normal -0 0 1
    outer loop
      vertex 10.9734 1.72146 22.5
      vertex 22.6039 0.188367 22.5
      vertex 20.8298 1.81102 22.5
    endloop
  endfacet
  facet normal 0 0 1
    outer loop
      vertex 9.16212 0.0763458 22.5
      vertex 10.9734 1.72146 22.5
      vertex 10.8675 1.7205 22.5
    endloop
  endfacet
  facet normal 0 0 1
    outer loop
      vertex 9.16212 0.0763458 22.5
      vertex 10.8675 1.7205 22.5
      vertex 10.216 1.59061 22.5
    endloop
  endfacet
  facet normal 0 0 1
    outer loop
      vertex 9.65663 1.22006 22.5
      vertex 10.216 1.59061 22.5
      vertex 10.209 1.58922 22.5
    endloop
  endfacet
  facet normal 0 0 1
    outer loop
      vertex 10.216 1.59061 22.5
      vertex 9.65663 1.22006 22.5
      vertex 9.16212 0.0763458 22.5
    endloop
  endfacet
  facet normal 0 0 1
    outer loop
      vertex 9.28154 0.664417 22.5
      vertex 9.65663 1.22006 22.5
      vertex 9.65069 1.2161 22.5
    endloop
  endfacet
  facet normal 0 0 1
    outer loop
      vertex 9.65663 1.22006 22.5
      vertex 9.28154 0.664417 22.5
      vertex 9.16212 0.0763458 22.5
    endloop
  endfacet
  facet normal 0 0 1
    outer loop
      vertex 9.16212 0.0763458 22.5
      vertex 9.28154 0.664417 22.5
      vertex 9.27757 0.658488 22.5
    endloop
  endfacet
  facet normal 0 0 1
    outer loop
      vertex 10.9734 1.72146 22.5
      vertex 9.16212 0.0763458 22.5
      vertex 22.6039 0.188367 22.5
    endloop
  endfacet
  facet normal 0 0 1
    outer loop
      vertex 22.5048 -0.685668 22.5
      vertex 22.115 -1.27411 22.5
      vertex 22.5033 -0.693036 22.5
    endloop
  endfacet
  facet normal 0 0 1
    outer loop
      vertex 22.6039 -0.188367 22.5
      vertex 22.115 -1.27411 22.5
      vertex 22.5048 -0.685668 22.5
    endloop
  endfacet
  facet normal 0 0 1
    outer loop
      vertex 21.5291 -1.66865 22.5
      vertex 22.115 -1.27411 22.5
      vertex 22.6039 -0.188367 22.5
    endloop
  endfacet
  facet normal 0 0 1
    outer loop
      vertex 22.115 -1.27411 22.5
      vertex 21.5291 -1.66865 22.5
      vertex 22.1108 -1.28036 22.5
    endloop
  endfacet
  facet normal 0 0 1
    outer loop
      vertex 20.8372 -1.80955 22.5
      vertex 21.5291 -1.66865 22.5
      vertex 22.6039 -0.188367 22.5
    endloop
  endfacet
  facet normal 0 0 1
    outer loop
      vertex 21.5291 -1.66865 22.5
      vertex 20.8372 -1.80955 22.5
      vertex 21.5228 -1.67282 22.5
    endloop
  endfacet
  facet normal 0 0 1
    outer loop
      vertex 22.6039 -0.188367 22.5
      vertex 20.8298 -1.81102 22.5
      vertex 20.8372 -1.80955 22.5
    endloop
  endfacet
  facet normal 0 0 1
    outer loop
      vertex 22.6039 -0.188367 22.5
      vertex 10.9734 -1.72146 22.5
      vertex 20.8298 -1.81102 22.5
    endloop
  endfacet
  facet normal 0 0 1
    outer loop
      vertex 9.16212 -0.0763458 22.5
      vertex 10.9734 -1.72146 22.5
      vertex 22.6039 -0.188367 22.5
    endloop
  endfacet
  facet normal 0 0 1
    outer loop
      vertex 10.9734 -1.72146 22.5
      vertex 9.16212 -0.0763458 22.5
      vertex 10.8675 -1.7205 22.5
    endloop
  endfacet
  facet normal 0 0 1
    outer loop
      vertex 10.8675 -1.7205 22.5
      vertex 9.16212 -0.0763458 22.5
      vertex 10.216 -1.59061 22.5
    endloop
  endfacet
  facet normal -0 -0 1
    outer loop
      vertex 9.65663 -1.22006 22.5
      vertex 10.216 -1.59061 22.5
      vertex 9.16212 -0.0763458 22.5
    endloop
  endfacet
  facet normal 0 0 1
    outer loop
      vertex 10.216 -1.59061 22.5
      vertex 9.65663 -1.22006 22.5
      vertex 10.209 -1.58922 22.5
    endloop
  endfacet
  facet normal -0 -0 1
    outer loop
      vertex 9.28154 -0.664417 22.5
      vertex 9.65663 -1.22006 22.5
      vertex 9.16212 -0.0763458 22.5
    endloop
  endfacet
  facet normal 0 0 1
    outer loop
      vertex 9.65663 -1.22006 22.5
      vertex 9.28154 -0.664417 22.5
      vertex 9.65069 -1.2161 22.5
    endloop
  endfacet
  facet normal 0 0 1
    outer loop
      vertex 9.28154 -0.664417 22.5
      vertex 9.16212 -0.0763458 22.5
      vertex 9.27757 -0.658488 22.5
    endloop
  endfacet
  facet normal -0.544747 0.838601 0.000534219
    outer loop
      vertex -28.5188 42.2809 17.144
      vertex -28.0031 42.6158 17.291
      vertex -27.0259 43.2505 17.4158
    endloop
  endfacet
  facet normal -0.536417 0.843059 -0.0388434
    outer loop
      vertex -28.0031 42.6158 17.291
      vertex -28.5188 42.2809 17.144
      vertex -28.0073 42.6131 17.2904
    endloop
  endfacet
  facet normal -0.544678 0.838645 0
    outer loop
      vertex -27.0259 43.2505 5.5
      vertex -28.5188 42.2809 17.144
      vertex -27.0259 43.2505 17.4158
    endloop
  endfacet
  facet normal -0.544678 0.838645 0
    outer loop
      vertex -28.5188 42.2809 17.144
      vertex -27.0259 43.2505 5.5
      vertex -28.5188 42.2809 5.5
    endloop
  endfacet
  facet normal -0.514336 0.857573 -0.00519112
    outer loop
      vertex -26.8414 43.3613 17.4397
      vertex -27.0259 43.2505 17.4158
      vertex -26.8464 43.3583 17.4395
    endloop
  endfacet
  facet normal -0.515116 0.857115 0.00295377
    outer loop
      vertex -25.8643 43.9484 17.4762
      vertex -27.0259 43.2505 17.4158
      vertex -26.8414 43.3613 17.4397
    endloop
  endfacet
  facet normal -0.515006 0.857187 0
    outer loop
      vertex -25.8643 43.9484 5.5
      vertex -27.0259 43.2505 17.4158
      vertex -25.8643 43.9484 17.4762
    endloop
  endfacet
  facet normal -0.515006 0.857187 0
    outer loop
      vertex -27.0259 43.2505 17.4158
      vertex -25.8643 43.9484 5.5
      vertex -27.0259 43.2505 5.5
    endloop
  endfacet
  facet normal -0.156499 0.987678 0
    outer loop
      vertex -7.09783 50.5037 6.12817
      vertex -7.96813 50.3658 7.97564
      vertex -7.09783 50.5037 10.1253
    endloop
  endfacet
  facet normal -0.156376 0.987698 5.9132e-05
    outer loop
      vertex -7.84353 50.3856 6.75919
      vertex -7.96813 50.3658 7.97564
      vertex -7.09783 50.5037 6.12817
    endloop
  endfacet
  facet normal -0.147185 0.989108 0.00102351
    outer loop
      vertex -7.96813 50.3658 7.97564
      vertex -7.84353 50.3856 6.75919
      vertex -7.9736 50.365 7.96214
    endloop
  endfacet
  facet normal -0.171753 0.984964 -0.0186238
    outer loop
      vertex -7.84353 50.3856 6.75919
      vertex -7.09783 50.5037 6.12817
      vertex -7.84344 50.3856 6.75836
    endloop
  endfacet
  facet normal -0.121844 0.992549 0
    outer loop
      vertex -5.33095 50.7206 5.5
      vertex -7.09783 50.5037 10.1253
      vertex -5.33095 50.7206 14.4881
    endloop
  endfacet
  facet normal -0.121844 0.992549 0
    outer loop
      vertex -7.09783 50.5037 10.1253
      vertex -5.33095 50.7206 5.5
      vertex -7.09783 50.5037 6.12817
    endloop
  endfacet
  facet normal -0.121857 0.992548 -3.55345e-05
    outer loop
      vertex -7.09783 50.5037 6.12817
      vertex -5.33095 50.7206 5.5
      vertex -6.37599 50.5923 5.53121
    endloop
  endfacet
  facet normal -0.121819 0.992552 0.00123394
    outer loop
      vertex -6.28994 50.6029 5.5
      vertex -6.37599 50.5923 5.53121
      vertex -5.33095 50.7206 5.5
    endloop
  endfacet
  facet normal -0.118361 0.992911 0.0108894
    outer loop
      vertex -6.37599 50.5923 5.53121
      vertex -6.28994 50.6029 5.5
      vertex -6.37521 50.5924 5.53057
    endloop
  endfacet
  facet normal 0.999847 -0.0174671 0
    outer loop
      vertex 50.9727 -1.56406 17.4397
      vertex 50.9926 -0.424952 5.5
      vertex 50.9926 -0.424952 17.4763
    endloop
  endfacet
  facet normal 0.999846 -0.01729 -0.00283598
    outer loop
      vertex 50.9689 -1.77987 17.4157
      vertex 50.9727 -1.56406 17.4397
      vertex 50.9726 -1.56981 17.4395
    endloop
  endfacet
  facet normal 0.999845 -0.0176039 -1.30513e-05
    outer loop
      vertex 50.9727 -1.56406 17.4397
      vertex 50.9689 -1.77987 17.4157
      vertex 50.9926 -0.424952 5.5
    endloop
  endfacet
  facet normal 0.999847 -0.0174892 0
    outer loop
      vertex 50.9926 -0.424952 5.5
      vertex 50.9689 -1.77987 17.4157
      vertex 50.9689 -1.77987 5.5
    endloop
  endfacet
  facet normal 0.0658824 -0.996189 0.0571575
    outer loop
      vertex 2.9429 -50.908 17.291
      vertex 3.55758 -50.8758 17.1437
      vertex 2.94787 -50.9077 17.2905
    endloop
  endfacet
  facet normal 0.0522916 -0.998632 0
    outer loop
      vertex 1.77987 -50.9689 5.5
      vertex 2.9429 -50.908 17.291
      vertex 1.77987 -50.9689 17.4157
    endloop
  endfacet
  facet normal 0.0523128 -0.998631 -2.09364e-06
    outer loop
      vertex 2.9429 -50.908 17.291
      vertex 1.77987 -50.9689 5.5
      vertex 3.55758 -50.8758 17.1437
    endloop
  endfacet
  facet normal 0.0522991 -0.998631 0
    outer loop
      vertex 3.55758 -50.8758 17.1437
      vertex 1.77987 -50.9689 5.5
      vertex 3.55758 -50.8758 5.5
    endloop
  endfacet
  facet normal 0.346319 -0.938116 -0.00136602
    outer loop
      vertex 18.3976 -47.5579 6.75947
      vertex 18.2805 -47.6029 7.97556
      vertex 18.2753 -47.6048 7.96206
    endloop
  endfacet
  facet normal 0.358327 -0.933596 -4.259e-05
    outer loop
      vertex 18.2805 -47.6029 7.97556
      vertex 18.3976 -47.5579 6.75947
      vertex 19.1049 -47.2864 6.12506
    endloop
  endfacet
  facet normal 0.294474 -0.952367 -0.0792642
    outer loop
      vertex 19.1049 -47.2864 6.12506
      vertex 18.3976 -47.5579 6.75947
      vertex 18.3977 -47.5578 6.75864
    endloop
  endfacet
  facet normal 0.35841 -0.933564 0
    outer loop
      vertex 18.2805 -47.6029 7.97556
      vertex 19.1049 -47.2864 6.12506
      vertex 19.1049 -47.2864 10.1291
    endloop
  endfacet
  facet normal 0.629273 -0.777184 0
    outer loop
      vertex 31.3987 -40.1885 6.12561
      vertex 32.0844 -39.6333 7.97622
      vertex 31.3987 -40.1885 10.1284
    endloop
  endfacet
  facet normal 0.630198 -0.776434 -0.00056785
    outer loop
      vertex 32.0844 -39.6333 7.97622
      vertex 31.3987 -40.1885 6.12561
      vertex 32.0887 -39.6298 7.96272
    endloop
  endfacet
  facet normal 0.62926 -0.777195 1.60285e-05
    outer loop
      vertex 32.0887 -39.6298 7.96272
      vertex 31.3987 -40.1885 6.12561
      vertex 31.9877 -39.7116 6.75918
    endloop
  endfacet
  facet normal 0.615555 -0.787821 0.0207549
    outer loop
      vertex 31.9877 -39.7116 6.75918
      vertex 31.3987 -40.1885 6.12561
      vertex 31.9876 -39.7117 6.75835
    endloop
  endfacet
  facet normal 0.425613 -0.897256 0.117411
    outer loop
      vertex 22.3569 -45.8385 17.1441
      vertex 22.904 -45.5598 17.2907
      vertex 22.8995 -45.562 17.2902
    endloop
  endfacet
  facet normal 0.454119 -0.89094 -0.000979408
    outer loop
      vertex 22.3569 -45.8385 17.1441
      vertex 23.9431 -45.0303 17.4157
      vertex 22.904 -45.5598 17.2907
    endloop
  endfacet
  facet normal 0.453986 -0.891009 0
    outer loop
      vertex 23.9431 -45.0303 5.5
      vertex 22.3569 -45.8385 17.1441
      vertex 22.3569 -45.8385 5.5
    endloop
  endfacet
  facet normal 0.453986 -0.891009 0
    outer loop
      vertex 22.3569 -45.8385 17.1441
      vertex 23.9431 -45.0303 5.5
      vertex 23.9431 -45.0303 17.4157
    endloop
  endfacet
  facet normal 0.390737 -0.920502 0
    outer loop
      vertex 20.7436 -46.5908 5.5
      vertex 19.1049 -47.2864 10.1291
      vertex 19.1049 -47.2864 6.12506
    endloop
  endfacet
  facet normal 0.390708 -0.920515 -9.19734e-05
    outer loop
      vertex 20.7436 -46.5908 5.5
      vertex 19.1049 -47.2864 6.12506
      vertex 19.7701 -47.004 5.53077
    endloop
  endfacet
  facet normal 0.387563 -0.921808 -0.00807487
    outer loop
      vertex 19.8489 -46.9706 5.5
      vertex 19.7701 -47.004 5.53077
      vertex 19.7708 -47.0037 5.53012
    endloop
  endfacet
  facet normal 0.39075 -0.920496 0.00151332
    outer loop
      vertex 19.7701 -47.004 5.53077
      vertex 19.8489 -46.9706 5.5
      vertex 20.7436 -46.5908 5.5
    endloop
  endfacet
  facet normal 0.390737 -0.920502 0
    outer loop
      vertex 19.1049 -47.2864 10.1291
      vertex 20.7436 -46.5908 5.5
      vertex 20.7436 -46.5908 14.4901
    endloop
  endfacet
  facet normal 0.514336 -0.857573 -0.00519112
    outer loop
      vertex 26.8414 -43.3613 17.4397
      vertex 27.0259 -43.2505 17.4158
      vertex 26.8464 -43.3583 17.4395
    endloop
  endfacet
  facet normal 0.515116 -0.857115 0.00295377
    outer loop
      vertex 25.8643 -43.9484 17.4762
      vertex 27.0259 -43.2505 17.4158
      vertex 26.8414 -43.3613 17.4397
    endloop
  endfacet
  facet normal 0.515006 -0.857187 0
    outer loop
      vertex 25.8643 -43.9484 5.5
      vertex 27.0259 -43.2505 17.4158
      vertex 25.8643 -43.9484 17.4762
    endloop
  endfacet
  facet normal 0.515006 -0.857187 0
    outer loop
      vertex 27.0259 -43.2505 17.4158
      vertex 25.8643 -43.9484 5.5
      vertex 27.0259 -43.2505 5.5
    endloop
  endfacet
  facet normal 0.544747 -0.838601 0.000534219
    outer loop
      vertex 28.5188 -42.2809 17.144
      vertex 28.0031 -42.6158 17.291
      vertex 27.0259 -43.2505 17.4158
    endloop
  endfacet
  facet normal 0.536417 -0.843059 -0.0388434
    outer loop
      vertex 28.0031 -42.6158 17.291
      vertex 28.5188 -42.2809 17.144
      vertex 28.0073 -42.6131 17.2904
    endloop
  endfacet
  facet normal 0.544678 -0.838645 0
    outer loop
      vertex 27.0259 -43.2505 5.5
      vertex 28.5188 -42.2809 17.144
      vertex 27.0259 -43.2505 17.4158
    endloop
  endfacet
  facet normal 0.544678 -0.838645 0
    outer loop
      vertex 28.5188 -42.2809 17.144
      vertex 27.0259 -43.2505 5.5
      vertex 28.5188 -42.2809 5.5
    endloop
  endfacet
  facet normal 0.819312 -0.573348 -0.000506501
    outer loop
      vertex 41.7866 -29.2248 16.7455
      vertex 42.2809 -28.5188 17.144
      vertex 42.0553 -28.8411 17.0521
    endloop
  endfacet
  facet normal 0.804563 -0.592733 0.0366779
    outer loop
      vertex 41.7866 -29.2248 16.7455
      vertex 42.0553 -28.8411 17.0521
      vertex 42.0532 -28.844 17.0513
    endloop
  endfacet
  facet normal 0.819184 -0.573531 -2.39236e-05
    outer loop
      vertex 42.2809 -28.5188 17.144
      vertex 41.7866 -29.2248 16.7455
      vertex 41.2599 -29.977 14.4905
    endloop
  endfacet
  facet normal 0.823238 -0.567688 -0.00292004
    outer loop
      vertex 41.2599 -29.977 14.4905
      vertex 41.7866 -29.2248 16.7455
      vertex 41.7857 -29.2261 16.7445
    endloop
  endfacet
  facet normal 0.819163 -0.57356 0
    outer loop
      vertex 42.2809 -28.5188 17.144
      vertex 41.2599 -29.977 14.4905
      vertex 42.2809 -28.5188 5.5
    endloop
  endfacet
  facet normal 0.819163 -0.57356 0
    outer loop
      vertex 42.2809 -28.5188 5.5
      vertex 41.2599 -29.977 14.4905
      vertex 41.2599 -29.977 5.5
    endloop
  endfacet
  facet normal 0.777184 -0.629273 0
    outer loop
      vertex 39.6333 -32.0844 7.97622
      vertex 40.1885 -31.3987 6.12561
      vertex 40.1885 -31.3987 10.1284
    endloop
  endfacet
  facet normal 0.787821 -0.615555 0.0207549
    outer loop
      vertex 40.1885 -31.3987 6.12561
      vertex 39.7116 -31.9877 6.75918
      vertex 39.7117 -31.9876 6.75835
    endloop
  endfacet
  facet normal 0.777188 -0.629268 2.92822e-06
    outer loop
      vertex 40.1885 -31.3987 6.12561
      vertex 39.6333 -32.0844 7.97622
      vertex 39.7116 -31.9877 6.75918
    endloop
  endfacet
  facet normal 0.775883 -0.630877 -0.000208841
    outer loop
      vertex 39.7116 -31.9877 6.75918
      vertex 39.6333 -32.0844 7.97622
      vertex 39.6298 -32.0887 7.96272
    endloop
  endfacet
  facet normal 0.920502 -0.390737 0
    outer loop
      vertex 46.5908 -20.7436 5.5
      vertex 47.2864 -19.1049 6.12506
      vertex 47.2864 -19.1049 10.1291
    endloop
  endfacet
  facet normal 0.920515 -0.390708 -9.19734e-05
    outer loop
      vertex 47.2864 -19.1049 6.12506
      vertex 46.5908 -20.7436 5.5
      vertex 47.004 -19.7701 5.53077
    endloop
  endfacet
  facet normal 0.920496 -0.39075 0.00151332
    outer loop
      vertex 46.9706 -19.8489 5.5
      vertex 47.004 -19.7701 5.53077
      vertex 46.5908 -20.7436 5.5
    endloop
  endfacet
  facet normal 0.920502 -0.390737 0
    outer loop
      vertex 46.5908 -20.7436 5.5
      vertex 47.2864 -19.1049 10.1291
      vertex 46.5908 -20.7436 14.4901
    endloop
  endfacet
  facet normal 0.921808 -0.387563 -0.00807487
    outer loop
      vertex 47.004 -19.7701 5.53077
      vertex 46.9706 -19.8489 5.5
      vertex 47.0037 -19.7708 5.53012
    endloop
  endfacet
  facet normal 0.873333 -0.465913 0.142176
    outer loop
      vertex 44.9259 -24.1315 17.4396
      vertex 45.0303 -23.9431 17.4157
      vertex 44.9286 -24.1265 17.4394
    endloop
  endfacet
  facet normal 0.874681 -0.484698 -1.68992e-05
    outer loop
      vertex 44.3733 -25.1283 5.5
      vertex 45.0303 -23.9431 17.4157
      vertex 44.9259 -24.1315 17.4396
    endloop
  endfacet
  facet normal 0.874596 -0.484853 0
    outer loop
      vertex 44.3733 -25.1283 5.5
      vertex 44.9259 -24.1315 17.4396
      vertex 44.3733 -25.1283 17.4761
    endloop
  endfacet
  facet normal 0.874609 -0.484828 0
    outer loop
      vertex 45.0303 -23.9431 17.4157
      vertex 44.3733 -25.1283 5.5
      vertex 45.0303 -23.9431 5.5
    endloop
  endfacet
  facet normal -0.390737 -0.920502 0
    outer loop
      vertex -20.7436 -46.5908 5.5
      vertex -19.1049 -47.2864 10.1291
      vertex -20.7436 -46.5908 14.4901
    endloop
  endfacet
  facet normal -0.390737 -0.920502 -0
    outer loop
      vertex -19.1049 -47.2864 10.1291
      vertex -20.7436 -46.5908 5.5
      vertex -19.1049 -47.2864 6.12506
    endloop
  endfacet
  facet normal -0.390708 -0.920515 -9.19734e-05
    outer loop
      vertex -19.1049 -47.2864 6.12506
      vertex -20.7436 -46.5908 5.5
      vertex -19.7701 -47.004 5.53077
    endloop
  endfacet
  facet normal -0.39075 -0.920496 0.00151332
    outer loop
      vertex -19.8489 -46.9706 5.5
      vertex -19.7701 -47.004 5.53077
      vertex -20.7436 -46.5908 5.5
    endloop
  endfacet
  facet normal -0.387563 -0.921808 -0.00807487
    outer loop
      vertex -19.7701 -47.004 5.53077
      vertex -19.8489 -46.9706 5.5
      vertex -19.7708 -47.0037 5.53012
    endloop
  endfacet
  facet normal -0.0840649 -0.996449 -0.00483334
    outer loop
      vertex -4.41523 -50.8007 16.7457
      vertex -3.94804 -50.8416 17.052
      vertex -3.95155 -50.8413 17.0512
    endloop
  endfacet
  facet normal -0.0872794 -0.996184 0.000104918
    outer loop
      vertex -3.94804 -50.8416 17.052
      vertex -4.41523 -50.8007 16.7457
      vertex -3.55758 -50.8758 17.1437
    endloop
  endfacet
  facet normal -0.0551482 -0.998393 -0.0130541
    outer loop
      vertex -5.33095 -50.7206 14.4881
      vertex -4.41523 -50.8007 16.7457
      vertex -4.41678 -50.8006 16.7446
    endloop
  endfacet
  facet normal -0.0872523 -0.996186 4.61449e-05
    outer loop
      vertex -4.41523 -50.8007 16.7457
      vertex -5.33095 -50.7206 14.4881
      vertex -3.55758 -50.8758 17.1437
    endloop
  endfacet
  facet normal -0.0871837 -0.996192 0
    outer loop
      vertex -3.55758 -50.8758 5.5
      vertex -5.33095 -50.7206 14.4881
      vertex -5.33095 -50.7206 5.5
    endloop
  endfacet
  facet normal -0.0871837 -0.996192 0
    outer loop
      vertex -5.33095 -50.7206 14.4881
      vertex -3.55758 -50.8758 5.5
      vertex -3.55758 -50.8758 17.1437
    endloop
  endfacet
  facet normal -0.147185 -0.989108 0.00102351
    outer loop
      vertex -7.84353 -50.3856 6.75919
      vertex -7.96813 -50.3658 7.97564
      vertex -7.9736 -50.365 7.96214
    endloop
  endfacet
  facet normal -0.156376 -0.987698 5.9132e-05
    outer loop
      vertex -7.96813 -50.3658 7.97564
      vertex -7.84353 -50.3856 6.75919
      vertex -7.09783 -50.5037 6.12817
    endloop
  endfacet
  facet normal -0.171753 -0.984964 -0.0186238
    outer loop
      vertex -7.09783 -50.5037 6.12817
      vertex -7.84353 -50.3856 6.75919
      vertex -7.84344 -50.3856 6.75836
    endloop
  endfacet
  facet normal -0.156499 -0.987678 0
    outer loop
      vertex -7.96813 -50.3658 7.97564
      vertex -7.09783 -50.5037 6.12817
      vertex -7.09783 -50.5037 10.1253
    endloop
  endfacet
  facet normal -0.536417 -0.843059 -0.0388434
    outer loop
      vertex -28.5188 -42.2809 17.144
      vertex -28.0031 -42.6158 17.291
      vertex -28.0073 -42.6131 17.2904
    endloop
  endfacet
  facet normal -0.544747 -0.838601 0.000534219
    outer loop
      vertex -28.0031 -42.6158 17.291
      vertex -28.5188 -42.2809 17.144
      vertex -27.0259 -43.2505 17.4158
    endloop
  endfacet
  facet normal -0.544678 -0.838645 0
    outer loop
      vertex -27.0259 -43.2505 5.5
      vertex -28.5188 -42.2809 17.144
      vertex -28.5188 -42.2809 5.5
    endloop
  endfacet
  facet normal -0.544678 -0.838645 0
    outer loop
      vertex -28.5188 -42.2809 17.144
      vertex -27.0259 -43.2505 5.5
      vertex -27.0259 -43.2505 17.4158
    endloop
  endfacet
  facet normal -0.514336 -0.857573 -0.00519112
    outer loop
      vertex -27.0259 -43.2505 17.4158
      vertex -26.8414 -43.3613 17.4397
      vertex -26.8464 -43.3583 17.4395
    endloop
  endfacet
  facet normal -0.515116 -0.857115 0.00295377
    outer loop
      vertex -27.0259 -43.2505 17.4158
      vertex -25.8643 -43.9484 17.4762
      vertex -26.8414 -43.3613 17.4397
    endloop
  endfacet
  facet normal -0.515006 -0.857187 0
    outer loop
      vertex -25.8643 -43.9484 5.5
      vertex -27.0259 -43.2505 17.4158
      vertex -27.0259 -43.2505 5.5
    endloop
  endfacet
  facet normal -0.515006 -0.857187 0
    outer loop
      vertex -27.0259 -43.2505 17.4158
      vertex -25.8643 -43.9484 5.5
      vertex -25.8643 -43.9484 17.4762
    endloop
  endfacet
  facet normal -0.425406 -0.90499 -0.00476875
    outer loop
      vertex -22.0001 -46.0049 17.0521
      vertex -21.5763 -46.2025 16.7457
      vertex -21.9969 -46.0064 17.0513
    endloop
  endfacet
  facet normal -0.422708 -0.906266 -0.00021441
    outer loop
      vertex -22.3569 -45.8385 17.1441
      vertex -21.5763 -46.2025 16.7457
      vertex -22.0001 -46.0049 17.0521
    endloop
  endfacet
  facet normal -0.422617 -0.906308 2.65111e-06
    outer loop
      vertex -20.7436 -46.5908 14.4901
      vertex -21.5763 -46.2025 16.7457
      vertex -22.3569 -45.8385 17.1441
    endloop
  endfacet
  facet normal -0.455732 -0.88999 -0.0150313
    outer loop
      vertex -21.5763 -46.2025 16.7457
      vertex -20.7436 -46.5908 14.4901
      vertex -21.5749 -46.2032 16.7447
    endloop
  endfacet
  facet normal -0.422621 -0.906307 0
    outer loop
      vertex -22.3569 -45.8385 5.5
      vertex -20.7436 -46.5908 14.4901
      vertex -22.3569 -45.8385 17.1441
    endloop
  endfacet
  facet normal -0.422621 -0.906307 -0
    outer loop
      vertex -20.7436 -46.5908 14.4901
      vertex -22.3569 -45.8385 5.5
      vertex -20.7436 -46.5908 5.5
    endloop
  endfacet
  facet normal -0.601841 -0.798616 0
    outer loop
      vertex -29.977 -41.2599 5.5
      vertex -31.3987 -40.1885 10.1284
      vertex -31.3987 -40.1885 6.12561
    endloop
  endfacet
  facet normal -0.601782 -0.79866 0.000208529
    outer loop
      vertex -29.977 -41.2599 5.5
      vertex -31.3987 -40.1885 6.12561
      vertex -30.82 -40.6247 5.53055
    endloop
  endfacet
  facet normal -0.618723 -0.782909 -0.0650803
    outer loop
      vertex -30.752 -40.6759 5.5
      vertex -30.82 -40.6247 5.53055
      vertex -30.8193 -40.6252 5.52991
    endloop
  endfacet
  facet normal -0.601812 -0.798637 -0.00107941
    outer loop
      vertex -30.82 -40.6247 5.53055
      vertex -30.752 -40.6759 5.5
      vertex -29.977 -41.2599 5.5
    endloop
  endfacet
  facet normal -0.601841 -0.798616 0
    outer loop
      vertex -31.3987 -40.1885 10.1284
      vertex -29.977 -41.2599 5.5
      vertex -29.977 -41.2599 14.4905
    endloop
  endfacet
  facet normal -0.592733 -0.804563 0.0366779
    outer loop
      vertex -29.2248 -41.7866 16.7455
      vertex -28.8411 -42.0553 17.0521
      vertex -28.844 -42.0532 17.0513
    endloop
  endfacet
  facet normal -0.573348 -0.819312 -0.000506501
    outer loop
      vertex -28.8411 -42.0553 17.0521
      vertex -29.2248 -41.7866 16.7455
      vertex -28.5188 -42.2809 17.144
    endloop
  endfacet
  facet normal -0.567688 -0.823238 -0.00292004
    outer loop
      vertex -29.977 -41.2599 14.4905
      vertex -29.2248 -41.7866 16.7455
      vertex -29.2261 -41.7857 16.7445
    endloop
  endfacet
  facet normal -0.573531 -0.819184 -2.39236e-05
    outer loop
      vertex -29.2248 -41.7866 16.7455
      vertex -29.977 -41.2599 14.4905
      vertex -28.5188 -42.2809 17.144
    endloop
  endfacet
  facet normal -0.57356 -0.819163 0
    outer loop
      vertex -28.5188 -42.2809 5.5
      vertex -29.977 -41.2599 14.4905
      vertex -29.977 -41.2599 5.5
    endloop
  endfacet
  facet normal -0.57356 -0.819163 0
    outer loop
      vertex -29.977 -41.2599 14.4905
      vertex -28.5188 -42.2809 5.5
      vertex -28.5188 -42.2809 17.144
    endloop
  endfacet
  facet normal -0.787821 -0.615555 0.0207549
    outer loop
      vertex -39.7116 -31.9877 6.75918
      vertex -40.1885 -31.3987 6.12561
      vertex -39.7117 -31.9876 6.75835
    endloop
  endfacet
  facet normal -0.777188 -0.629268 2.92822e-06
    outer loop
      vertex -39.6333 -32.0844 7.97622
      vertex -40.1885 -31.3987 6.12561
      vertex -39.7116 -31.9877 6.75918
    endloop
  endfacet
  facet normal -0.777184 -0.629273 0
    outer loop
      vertex -40.1885 -31.3987 6.12561
      vertex -39.6333 -32.0844 7.97622
      vertex -40.1885 -31.3987 10.1284
    endloop
  endfacet
  facet normal -0.775883 -0.630877 -0.000208841
    outer loop
      vertex -39.6333 -32.0844 7.97622
      vertex -39.7116 -31.9877 6.75918
      vertex -39.6298 -32.0887 7.96272
    endloop
  endfacet
  facet normal -0.838645 -0.544678 0
    outer loop
      vertex -42.2809 -28.5188 17.144
      vertex -43.2505 -27.0259 17.4158
      vertex -43.2505 -27.0259 5.5
    endloop
  endfacet
  facet normal -0.838601 -0.544747 0.000534219
    outer loop
      vertex -43.2505 -27.0259 17.4158
      vertex -42.2809 -28.5188 17.144
      vertex -42.6158 -28.0031 17.291
    endloop
  endfacet
  facet normal -0.838645 -0.544678 -0
    outer loop
      vertex -42.2809 -28.5188 17.144
      vertex -43.2505 -27.0259 5.5
      vertex -42.2809 -28.5188 5.5
    endloop
  endfacet
  facet normal -0.843059 -0.536417 -0.0388434
    outer loop
      vertex -42.6158 -28.0031 17.291
      vertex -42.2809 -28.5188 17.144
      vertex -42.6131 -28.0073 17.2904
    endloop
  endfacet
  facet normal -0.891009 -0.453986 0
    outer loop
      vertex -45.0303 -23.9431 5.5
      vertex -45.8385 -22.3569 17.1441
      vertex -45.8385 -22.3569 5.5
    endloop
  endfacet
  facet normal -0.891046 -0.453914 -1.24527e-05
    outer loop
      vertex -45.5598 -22.904 17.2907
      vertex -45.8385 -22.3569 17.1441
      vertex -45.0303 -23.9431 5.5
    endloop
  endfacet
  facet normal -0.897256 -0.425613 0.117411
    outer loop
      vertex -45.8385 -22.3569 17.1441
      vertex -45.5598 -22.904 17.2907
      vertex -45.562 -22.8995 17.2902
    endloop
  endfacet
  facet normal -0.890988 -0.454026 0
    outer loop
      vertex -45.5598 -22.904 17.2907
      vertex -45.0303 -23.9431 5.5
      vertex -45.0303 -23.9431 17.4157
    endloop
  endfacet
  facet normal -0.992552 -0.121819 7.11039e-05
    outer loop
      vertex -50.5037 -7.09783 6.12817
      vertex -50.7206 -5.33095 5.5
      vertex -50.6029 -6.28994 5.5
    endloop
  endfacet
  facet normal -0.992911 -0.118361 0.0108894
    outer loop
      vertex -50.5923 -6.37599 5.53121
      vertex -50.6029 -6.28994 5.5
      vertex -50.5924 -6.37521 5.53057
    endloop
  endfacet
  facet normal -0.992456 -0.122598 -0.000945456
    outer loop
      vertex -50.5037 -7.09783 6.12817
      vertex -50.6029 -6.28994 5.5
      vertex -50.5923 -6.37599 5.53121
    endloop
  endfacet
  facet normal -0.992549 -0.121844 0
    outer loop
      vertex -50.7206 -5.33095 5.5
      vertex -50.5037 -7.09783 6.12817
      vertex -50.5037 -7.09783 10.1253
    endloop
  endfacet
  facet normal -0.992549 -0.121844 0
    outer loop
      vertex -50.7206 -5.33095 5.5
      vertex -50.5037 -7.09783 10.1253
      vertex -50.7206 -5.33095 14.4881
    endloop
  endfacet
  facet normal -0.998632 -0.0522916 0
    outer loop
      vertex -50.9689 -1.77987 5.5
      vertex -50.908 -2.9429 17.291
      vertex -50.9689 -1.77987 17.4157
    endloop
  endfacet
  facet normal -0.998631 -0.0523128 -2.09364e-06
    outer loop
      vertex -50.8758 -3.55758 17.1437
      vertex -50.908 -2.9429 17.291
      vertex -50.9689 -1.77987 5.5
    endloop
  endfacet
  facet normal -0.998631 -0.0522991 -0
    outer loop
      vertex -50.8758 -3.55758 17.1437
      vertex -50.9689 -1.77987 5.5
      vertex -50.8758 -3.55758 5.5
    endloop
  endfacet
  facet normal -0.996189 -0.0658824 0.0571575
    outer loop
      vertex -50.908 -2.9429 17.291
      vertex -50.8758 -3.55758 17.1437
      vertex -50.9077 -2.94787 17.2905
    endloop
  endfacet
  facet normal -0.996192 -0.0871837 0
    outer loop
      vertex -50.7206 -5.33095 14.4881
      vertex -50.8758 -3.55758 17.1437
      vertex -50.8758 -3.55758 5.5
    endloop
  endfacet
  facet normal -0.996186 -0.0872523 4.61449e-05
    outer loop
      vertex -50.8007 -4.41523 16.7457
      vertex -50.8758 -3.55758 17.1437
      vertex -50.7206 -5.33095 14.4881
    endloop
  endfacet
  facet normal -0.996184 -0.0872794 0.000104918
    outer loop
      vertex -50.8758 -3.55758 17.1437
      vertex -50.8007 -4.41523 16.7457
      vertex -50.8416 -3.94804 17.052
    endloop
  endfacet
  facet normal -0.996449 -0.0840649 -0.00483334
    outer loop
      vertex -50.8416 -3.94804 17.052
      vertex -50.8007 -4.41523 16.7457
      vertex -50.8413 -3.95155 17.0512
    endloop
  endfacet
  facet normal -0.996192 -0.0871837 -0
    outer loop
      vertex -50.7206 -5.33095 14.4881
      vertex -50.8758 -3.55758 5.5
      vertex -50.7206 -5.33095 5.5
    endloop
  endfacet
  facet normal -0.998393 -0.0551482 -0.0130541
    outer loop
      vertex -50.8007 -4.41523 16.7457
      vertex -50.7206 -5.33095 14.4881
      vertex -50.8006 -4.41678 16.7446
    endloop
  endfacet
  facet normal -0.938116 -0.346319 -0.00136602
    outer loop
      vertex -47.5579 -18.3976 6.75947
      vertex -47.6029 -18.2805 7.97556
      vertex -47.6048 -18.2753 7.96206
    endloop
  endfacet
  facet normal -0.952367 -0.294474 -0.0792642
    outer loop
      vertex -47.2864 -19.1049 6.12506
      vertex -47.5579 -18.3976 6.75947
      vertex -47.5578 -18.3977 6.75864
    endloop
  endfacet
  facet normal -0.933596 -0.358327 -4.259e-05
    outer loop
      vertex -47.5579 -18.3976 6.75947
      vertex -47.2864 -19.1049 6.12506
      vertex -47.6029 -18.2805 7.97556
    endloop
  endfacet
  facet normal -0.933564 -0.35841 0
    outer loop
      vertex -47.6029 -18.2805 7.97556
      vertex -47.2864 -19.1049 6.12506
      vertex -47.2864 -19.1049 10.1291
    endloop
  endfacet
  facet normal 0.992549 0.121844 0
    outer loop
      vertex 50.7206 5.33095 5.5
      vertex 50.5037 7.09783 6.12817
      vertex 50.5037 7.09783 10.1253
    endloop
  endfacet
  facet normal 0.992548 0.121857 -3.55345e-05
    outer loop
      vertex 50.5037 7.09783 6.12817
      vertex 50.7206 5.33095 5.5
      vertex 50.5923 6.37599 5.53121
    endloop
  endfacet
  facet normal 0.992552 0.121819 0.00123394
    outer loop
      vertex 50.6029 6.28994 5.5
      vertex 50.5923 6.37599 5.53121
      vertex 50.7206 5.33095 5.5
    endloop
  endfacet
  facet normal 0.992549 0.121844 -0
    outer loop
      vertex 50.7206 5.33095 5.5
      vertex 50.5037 7.09783 10.1253
      vertex 50.7206 5.33095 14.4881
    endloop
  endfacet
  facet normal 0.992911 0.118361 0.0108894
    outer loop
      vertex 50.5923 6.37599 5.53121
      vertex 50.6029 6.28994 5.5
      vertex 50.5924 6.37521 5.53057
    endloop
  endfacet
  facet normal 0.933564 0.35841 0
    outer loop
      vertex 47.6029 18.2805 7.97556
      vertex 47.2864 19.1049 6.12506
      vertex 47.2864 19.1049 10.1291
    endloop
  endfacet
  facet normal 0.952367 0.294474 -0.0792642
    outer loop
      vertex 47.2864 19.1049 6.12506
      vertex 47.5579 18.3976 6.75947
      vertex 47.5578 18.3977 6.75864
    endloop
  endfacet
  facet normal 0.933596 0.358327 -4.259e-05
    outer loop
      vertex 47.2864 19.1049 6.12506
      vertex 47.6029 18.2805 7.97556
      vertex 47.5579 18.3976 6.75947
    endloop
  endfacet
  facet normal 0.938116 0.346319 -0.00136602
    outer loop
      vertex 47.5579 18.3976 6.75947
      vertex 47.6029 18.2805 7.97556
      vertex 47.6048 18.2753 7.96206
    endloop
  endfacet
  facet normal 0.890988 0.454026 0
    outer loop
      vertex 45.5598 22.904 17.2907
      vertex 45.0303 23.9431 5.5
      vertex 45.0303 23.9431 17.4157
    endloop
  endfacet
  facet normal 0.897256 0.425613 0.117411
    outer loop
      vertex 45.8385 22.3569 17.1441
      vertex 45.5598 22.904 17.2907
      vertex 45.562 22.8995 17.2902
    endloop
  endfacet
  facet normal 0.891046 0.453914 -1.24527e-05
    outer loop
      vertex 45.5598 22.904 17.2907
      vertex 45.8385 22.3569 17.1441
      vertex 45.0303 23.9431 5.5
    endloop
  endfacet
  facet normal 0.891009 0.453986 0
    outer loop
      vertex 45.0303 23.9431 5.5
      vertex 45.8385 22.3569 17.1441
      vertex 45.8385 22.3569 5.5
    endloop
  endfacet
  facet normal 0.0840649 0.996449 -0.00483334
    outer loop
      vertex 4.41523 50.8007 16.7457
      vertex 3.94804 50.8416 17.052
      vertex 3.95155 50.8413 17.0512
    endloop
  endfacet
  facet normal 0.0872794 0.996184 0.000104918
    outer loop
      vertex 3.94804 50.8416 17.052
      vertex 4.41523 50.8007 16.7457
      vertex 3.55758 50.8758 17.1437
    endloop
  endfacet
  facet normal 0.0551482 0.998393 -0.0130541
    outer loop
      vertex 5.33095 50.7206 14.4881
      vertex 4.41523 50.8007 16.7457
      vertex 4.41678 50.8006 16.7446
    endloop
  endfacet
  facet normal 0.0872523 0.996186 4.61449e-05
    outer loop
      vertex 4.41523 50.8007 16.7457
      vertex 5.33095 50.7206 14.4881
      vertex 3.55758 50.8758 17.1437
    endloop
  endfacet
  facet normal 0.0871837 0.996192 0
    outer loop
      vertex 3.55758 50.8758 5.5
      vertex 5.33095 50.7206 14.4881
      vertex 5.33095 50.7206 5.5
    endloop
  endfacet
  facet normal 0.0871837 0.996192 0
    outer loop
      vertex 5.33095 50.7206 14.4881
      vertex 3.55758 50.8758 5.5
      vertex 3.55758 50.8758 17.1437
    endloop
  endfacet
  facet normal 0.147185 0.989108 0.00102351
    outer loop
      vertex 7.84353 50.3856 6.75919
      vertex 7.96813 50.3658 7.97564
      vertex 7.9736 50.365 7.96214
    endloop
  endfacet
  facet normal 0.156376 0.987698 5.9132e-05
    outer loop
      vertex 7.96813 50.3658 7.97564
      vertex 7.84353 50.3856 6.75919
      vertex 7.09783 50.5037 6.12817
    endloop
  endfacet
  facet normal 0.171753 0.984964 -0.0186238
    outer loop
      vertex 7.09783 50.5037 6.12817
      vertex 7.84353 50.3856 6.75919
      vertex 7.84344 50.3856 6.75836
    endloop
  endfacet
  facet normal 0.156499 0.987678 0
    outer loop
      vertex 7.96813 50.3658 7.97564
      vertex 7.09783 50.5037 6.12817
      vertex 7.09783 50.5037 10.1253
    endloop
  endfacet
  facet normal 0.425406 0.90499 -0.00476875
    outer loop
      vertex 22.0001 46.0049 17.0521
      vertex 21.5763 46.2025 16.7457
      vertex 21.9969 46.0064 17.0513
    endloop
  endfacet
  facet normal 0.422708 0.906266 -0.00021441
    outer loop
      vertex 22.3569 45.8385 17.1441
      vertex 21.5763 46.2025 16.7457
      vertex 22.0001 46.0049 17.0521
    endloop
  endfacet
  facet normal 0.422617 0.906308 2.65111e-06
    outer loop
      vertex 20.7436 46.5908 14.4901
      vertex 21.5763 46.2025 16.7457
      vertex 22.3569 45.8385 17.1441
    endloop
  endfacet
  facet normal 0.455732 0.88999 -0.0150313
    outer loop
      vertex 21.5763 46.2025 16.7457
      vertex 20.7436 46.5908 14.4901
      vertex 21.5749 46.2032 16.7447
    endloop
  endfacet
  facet normal 0.422621 0.906307 -0
    outer loop
      vertex 22.3569 45.8385 5.5
      vertex 20.7436 46.5908 14.4901
      vertex 22.3569 45.8385 17.1441
    endloop
  endfacet
  facet normal 0.422621 0.906307 0
    outer loop
      vertex 20.7436 46.5908 14.4901
      vertex 22.3569 45.8385 5.5
      vertex 20.7436 46.5908 5.5
    endloop
  endfacet
  facet normal -0.819163 0.57356 0
    outer loop
      vertex -42.2809 28.5188 5.5
      vertex -41.2599 29.977 14.4905
      vertex -41.2599 29.977 5.5
    endloop
  endfacet
  facet normal -0.819163 0.57356 0
    outer loop
      vertex -42.2809 28.5188 17.144
      vertex -41.2599 29.977 14.4905
      vertex -42.2809 28.5188 5.5
    endloop
  endfacet
  facet normal -0.819184 0.573531 -2.39236e-05
    outer loop
      vertex -41.7866 29.2248 16.7455
      vertex -41.2599 29.977 14.4905
      vertex -42.2809 28.5188 17.144
    endloop
  endfacet
  facet normal -0.823238 0.567688 -0.00292004
    outer loop
      vertex -41.2599 29.977 14.4905
      vertex -41.7866 29.2248 16.7455
      vertex -41.7857 29.2261 16.7445
    endloop
  endfacet
  facet normal -0.804563 0.592733 0.0366779
    outer loop
      vertex -41.7866 29.2248 16.7455
      vertex -42.0553 28.8411 17.0521
      vertex -42.0532 28.844 17.0513
    endloop
  endfacet
  facet normal -0.819312 0.573348 -0.000506501
    outer loop
      vertex -41.7866 29.2248 16.7455
      vertex -42.2809 28.5188 17.144
      vertex -42.0553 28.8411 17.0521
    endloop
  endfacet
  facet normal -0.79866 0.601782 0.000208529
    outer loop
      vertex -41.2599 29.977 5.5
      vertex -40.1885 31.3987 6.12561
      vertex -40.6247 30.82 5.53055
    endloop
  endfacet
  facet normal -0.782909 0.618723 -0.0650803
    outer loop
      vertex -40.6759 30.752 5.5
      vertex -40.6247 30.82 5.53055
      vertex -40.6252 30.8193 5.52991
    endloop
  endfacet
  facet normal -0.798637 0.601812 -0.00107941
    outer loop
      vertex -40.6247 30.82 5.53055
      vertex -40.6759 30.752 5.5
      vertex -41.2599 29.977 5.5
    endloop
  endfacet
  facet normal -0.798616 0.601841 0
    outer loop
      vertex -40.1885 31.3987 6.12561
      vertex -41.2599 29.977 5.5
      vertex -40.1885 31.3987 10.1284
    endloop
  endfacet
  facet normal -0.798616 0.601841 0
    outer loop
      vertex -40.1885 31.3987 10.1284
      vertex -41.2599 29.977 5.5
      vertex -41.2599 29.977 14.4905
    endloop
  endfacet
  facet normal -0.906307 0.422621 0
    outer loop
      vertex -46.5908 20.7436 14.4901
      vertex -45.8385 22.3569 17.1441
      vertex -45.8385 22.3569 5.5
    endloop
  endfacet
  facet normal -0.906308 0.422617 2.65111e-06
    outer loop
      vertex -46.2025 21.5763 16.7457
      vertex -45.8385 22.3569 17.1441
      vertex -46.5908 20.7436 14.4901
    endloop
  endfacet
  facet normal -0.906266 0.422708 -0.00021441
    outer loop
      vertex -45.8385 22.3569 17.1441
      vertex -46.2025 21.5763 16.7457
      vertex -46.0049 22.0001 17.0521
    endloop
  endfacet
  facet normal -0.90499 0.425406 -0.00476875
    outer loop
      vertex -46.0049 22.0001 17.0521
      vertex -46.2025 21.5763 16.7457
      vertex -46.0064 21.9969 17.0513
    endloop
  endfacet
  facet normal -0.906307 0.422621 0
    outer loop
      vertex -46.5908 20.7436 14.4901
      vertex -45.8385 22.3569 5.5
      vertex -46.5908 20.7436 5.5
    endloop
  endfacet
  facet normal -0.88999 0.455732 -0.0150313
    outer loop
      vertex -46.2025 21.5763 16.7457
      vertex -46.5908 20.7436 14.4901
      vertex -46.2032 21.5749 16.7447
    endloop
  endfacet
  facet normal -0.996192 0.0871837 0
    outer loop
      vertex -50.8758 3.55758 5.5
      vertex -50.7206 5.33095 14.4881
      vertex -50.7206 5.33095 5.5
    endloop
  endfacet
  facet normal -0.996192 0.0871837 0
    outer loop
      vertex -50.8758 3.55758 17.1437
      vertex -50.7206 5.33095 14.4881
      vertex -50.8758 3.55758 5.5
    endloop
  endfacet
  facet normal -0.996186 0.0872523 4.61449e-05
    outer loop
      vertex -50.8007 4.41523 16.7457
      vertex -50.7206 5.33095 14.4881
      vertex -50.8758 3.55758 17.1437
    endloop
  endfacet
  facet normal -0.998393 0.0551482 -0.0130541
    outer loop
      vertex -50.7206 5.33095 14.4881
      vertex -50.8007 4.41523 16.7457
      vertex -50.8006 4.41678 16.7446
    endloop
  endfacet
  facet normal -0.996449 0.0840649 -0.00483334
    outer loop
      vertex -50.8007 4.41523 16.7457
      vertex -50.8416 3.94804 17.052
      vertex -50.8413 3.95155 17.0512
    endloop
  endfacet
  facet normal -0.996184 0.0872794 0.000104918
    outer loop
      vertex -50.8007 4.41523 16.7457
      vertex -50.8758 3.55758 17.1437
      vertex -50.8416 3.94804 17.052
    endloop
  endfacet
  facet normal -0.989108 0.147185 0.00102351
    outer loop
      vertex -50.3856 7.84353 6.75919
      vertex -50.3658 7.96813 7.97564
      vertex -50.365 7.9736 7.96214
    endloop
  endfacet
  facet normal -0.984964 0.171753 -0.0186238
    outer loop
      vertex -50.5037 7.09783 6.12817
      vertex -50.3856 7.84353 6.75919
      vertex -50.3856 7.84344 6.75836
    endloop
  endfacet
  facet normal -0.987698 0.156376 5.9132e-05
    outer loop
      vertex -50.3856 7.84353 6.75919
      vertex -50.5037 7.09783 6.12817
      vertex -50.3658 7.96813 7.97564
    endloop
  endfacet
  facet normal -0.987678 0.156499 0
    outer loop
      vertex -50.3658 7.96813 7.97564
      vertex -50.5037 7.09783 6.12817
      vertex -50.5037 7.09783 10.1253
    endloop
  endfacet
  facet normal -0.629273 0.777184 0
    outer loop
      vertex -31.3987 40.1885 6.12561
      vertex -32.0844 39.6333 7.97622
      vertex -31.3987 40.1885 10.1284
    endloop
  endfacet
  facet normal -0.630198 0.776434 -0.00056785
    outer loop
      vertex -32.0844 39.6333 7.97622
      vertex -31.3987 40.1885 6.12561
      vertex -32.0887 39.6298 7.96272
    endloop
  endfacet
  facet normal -0.62926 0.777195 1.60285e-05
    outer loop
      vertex -32.0887 39.6298 7.96272
      vertex -31.3987 40.1885 6.12561
      vertex -31.9877 39.7116 6.75918
    endloop
  endfacet
  facet normal -0.615555 0.787821 0.0207549
    outer loop
      vertex -31.9877 39.7116 6.75918
      vertex -31.3987 40.1885 6.12561
      vertex -31.9876 39.7117 6.75835
    endloop
  endfacet
  facet normal -0.390737 0.920502 0
    outer loop
      vertex -20.7436 46.5908 5.5
      vertex -19.1049 47.2864 10.1291
      vertex -19.1049 47.2864 6.12506
    endloop
  endfacet
  facet normal -0.390708 0.920515 -9.19734e-05
    outer loop
      vertex -20.7436 46.5908 5.5
      vertex -19.1049 47.2864 6.12506
      vertex -19.7701 47.004 5.53077
    endloop
  endfacet
  facet normal -0.387563 0.921808 -0.00807487
    outer loop
      vertex -19.8489 46.9706 5.5
      vertex -19.7701 47.004 5.53077
      vertex -19.7708 47.0037 5.53012
    endloop
  endfacet
  facet normal -0.39075 0.920496 0.00151332
    outer loop
      vertex -19.7701 47.004 5.53077
      vertex -19.8489 46.9706 5.5
      vertex -20.7436 46.5908 5.5
    endloop
  endfacet
  facet normal -0.390737 0.920502 0
    outer loop
      vertex -19.1049 47.2864 10.1291
      vertex -20.7436 46.5908 5.5
      vertex -20.7436 46.5908 14.4901
    endloop
  endfacet
  facet normal -0.0658824 0.996189 0.0571575
    outer loop
      vertex -2.9429 50.908 17.291
      vertex -3.55758 50.8758 17.1437
      vertex -2.94787 50.9077 17.2905
    endloop
  endfacet
  facet normal -0.0522916 0.998632 0
    outer loop
      vertex -1.77987 50.9689 5.5
      vertex -2.9429 50.908 17.291
      vertex -1.77987 50.9689 17.4157
    endloop
  endfacet
  facet normal -0.0523128 0.998631 -2.09364e-06
    outer loop
      vertex -2.9429 50.908 17.291
      vertex -1.77987 50.9689 5.5
      vertex -3.55758 50.8758 17.1437
    endloop
  endfacet
  facet normal -0.0522991 0.998631 0
    outer loop
      vertex -3.55758 50.8758 17.1437
      vertex -1.77987 50.9689 5.5
      vertex -3.55758 50.8758 5.5
    endloop
  endfacet
  facet normal 0.156499 -0.987678 0
    outer loop
      vertex 7.09783 -50.5037 6.12817
      vertex 7.96813 -50.3658 7.97564
      vertex 7.09783 -50.5037 10.1253
    endloop
  endfacet
  facet normal 0.156376 -0.987698 5.9132e-05
    outer loop
      vertex 7.84353 -50.3856 6.75919
      vertex 7.96813 -50.3658 7.97564
      vertex 7.09783 -50.5037 6.12817
    endloop
  endfacet
  facet normal 0.147185 -0.989108 0.00102351
    outer loop
      vertex 7.96813 -50.3658 7.97564
      vertex 7.84353 -50.3856 6.75919
      vertex 7.9736 -50.365 7.96214
    endloop
  endfacet
  facet normal 0.171753 -0.984964 -0.0186238
    outer loop
      vertex 7.84353 -50.3856 6.75919
      vertex 7.09783 -50.5037 6.12817
      vertex 7.84344 -50.3856 6.75836
    endloop
  endfacet
  facet normal 0.121844 -0.992549 0
    outer loop
      vertex 5.33095 -50.7206 5.5
      vertex 7.09783 -50.5037 10.1253
      vertex 5.33095 -50.7206 14.4881
    endloop
  endfacet
  facet normal 0.121844 -0.992549 0
    outer loop
      vertex 7.09783 -50.5037 10.1253
      vertex 5.33095 -50.7206 5.5
      vertex 7.09783 -50.5037 6.12817
    endloop
  endfacet
  facet normal 0.121857 -0.992548 -3.55345e-05
    outer loop
      vertex 7.09783 -50.5037 6.12817
      vertex 5.33095 -50.7206 5.5
      vertex 6.37599 -50.5923 5.53121
    endloop
  endfacet
  facet normal 0.121819 -0.992552 0.00123394
    outer loop
      vertex 6.28994 -50.6029 5.5
      vertex 6.37599 -50.5923 5.53121
      vertex 5.33095 -50.7206 5.5
    endloop
  endfacet
  facet normal 0.118361 -0.992911 0.0108894
    outer loop
      vertex 6.37599 -50.5923 5.53121
      vertex 6.28994 -50.6029 5.5
      vertex 6.37521 -50.5924 5.53057
    endloop
  endfacet
  facet normal 0.601841 -0.798616 0
    outer loop
      vertex 29.977 -41.2599 5.5
      vertex 31.3987 -40.1885 10.1284
      vertex 29.977 -41.2599 14.4905
    endloop
  endfacet
  facet normal 0.601841 -0.798616 0
    outer loop
      vertex 31.3987 -40.1885 10.1284
      vertex 29.977 -41.2599 5.5
      vertex 31.3987 -40.1885 6.12561
    endloop
  endfacet
  facet normal 0.601782 -0.79866 0.000208529
    outer loop
      vertex 31.3987 -40.1885 6.12561
      vertex 29.977 -41.2599 5.5
      vertex 30.82 -40.6247 5.53055
    endloop
  endfacet
  facet normal 0.601812 -0.798637 -0.00107941
    outer loop
      vertex 30.752 -40.6759 5.5
      vertex 30.82 -40.6247 5.53055
      vertex 29.977 -41.2599 5.5
    endloop
  endfacet
  facet normal 0.618723 -0.782909 -0.0650803
    outer loop
      vertex 30.82 -40.6247 5.53055
      vertex 30.752 -40.6759 5.5
      vertex 30.8193 -40.6252 5.52991
    endloop
  endfacet
  facet normal 0.857168 -0.515037 0
    outer loop
      vertex 43.3613 -26.8414 17.4397
      vertex 43.9484 -25.8643 5.5
      vertex 43.9484 -25.8643 17.4762
    endloop
  endfacet
  facet normal 0.857573 -0.514336 -0.00519112
    outer loop
      vertex 43.2505 -27.0259 17.4158
      vertex 43.3613 -26.8414 17.4397
      vertex 43.3583 -26.8464 17.4395
    endloop
  endfacet
  facet normal 0.857287 -0.514839 2.20538e-05
    outer loop
      vertex 43.3613 -26.8414 17.4397
      vertex 43.2505 -27.0259 17.4158
      vertex 43.9484 -25.8643 5.5
    endloop
  endfacet
  facet normal 0.857187 -0.515006 0
    outer loop
      vertex 43.9484 -25.8643 5.5
      vertex 43.2505 -27.0259 17.4158
      vertex 43.2505 -27.0259 5.5
    endloop
  endfacet
  facet normal 0.992549 -0.121844 0
    outer loop
      vertex 50.5037 -7.09783 10.1253
      vertex 50.7206 -5.33095 5.5
      vertex 50.7206 -5.33095 14.4881
    endloop
  endfacet
  facet normal 0.992549 -0.121844 0
    outer loop
      vertex 50.5037 -7.09783 6.12817
      vertex 50.7206 -5.33095 5.5
      vertex 50.5037 -7.09783 10.1253
    endloop
  endfacet
  facet normal 0.992552 -0.121819 7.11039e-05
    outer loop
      vertex 50.7206 -5.33095 5.5
      vertex 50.5037 -7.09783 6.12817
      vertex 50.6029 -6.28994 5.5
    endloop
  endfacet
  facet normal 0.992911 -0.118361 0.0108894
    outer loop
      vertex 50.6029 -6.28994 5.5
      vertex 50.5923 -6.37599 5.53121
      vertex 50.5924 -6.37521 5.53057
    endloop
  endfacet
  facet normal 0.992456 -0.122598 -0.000945456
    outer loop
      vertex 50.6029 -6.28994 5.5
      vertex 50.5037 -7.09783 6.12817
      vertex 50.5923 -6.37599 5.53121
    endloop
  endfacet
  facet normal -0.0658824 -0.996189 0.0571575
    outer loop
      vertex -3.55758 -50.8758 17.1437
      vertex -2.9429 -50.908 17.291
      vertex -2.94787 -50.9077 17.2905
    endloop
  endfacet
  facet normal -0.0523128 -0.998631 -2.09364e-06
    outer loop
      vertex -1.77987 -50.9689 5.5
      vertex -2.9429 -50.908 17.291
      vertex -3.55758 -50.8758 17.1437
    endloop
  endfacet
  facet normal -0.0522991 -0.998631 0
    outer loop
      vertex -1.77987 -50.9689 5.5
      vertex -3.55758 -50.8758 17.1437
      vertex -3.55758 -50.8758 5.5
    endloop
  endfacet
  facet normal -0.0522916 -0.998632 0
    outer loop
      vertex -2.9429 -50.908 17.291
      vertex -1.77987 -50.9689 5.5
      vertex -1.77987 -50.9689 17.4157
    endloop
  endfacet
  facet normal -0.121844 -0.992549 0
    outer loop
      vertex -5.33095 -50.7206 5.5
      vertex -7.09783 -50.5037 10.1253
      vertex -7.09783 -50.5037 6.12817
    endloop
  endfacet
  facet normal -0.121857 -0.992548 -3.55345e-05
    outer loop
      vertex -5.33095 -50.7206 5.5
      vertex -7.09783 -50.5037 6.12817
      vertex -6.37599 -50.5923 5.53121
    endloop
  endfacet
  facet normal -0.118361 -0.992911 0.0108894
    outer loop
      vertex -6.28994 -50.6029 5.5
      vertex -6.37599 -50.5923 5.53121
      vertex -6.37521 -50.5924 5.53057
    endloop
  endfacet
  facet normal -0.121819 -0.992552 0.00123394
    outer loop
      vertex -6.37599 -50.5923 5.53121
      vertex -6.28994 -50.6029 5.5
      vertex -5.33095 -50.7206 5.5
    endloop
  endfacet
  facet normal -0.121844 -0.992549 0
    outer loop
      vertex -7.09783 -50.5037 10.1253
      vertex -5.33095 -50.7206 5.5
      vertex -5.33095 -50.7206 14.4881
    endloop
  endfacet
  facet normal -0.906307 -0.422621 0
    outer loop
      vertex -45.8385 -22.3569 5.5
      vertex -46.5908 -20.7436 14.4901
      vertex -46.5908 -20.7436 5.5
    endloop
  endfacet
  facet normal -0.906307 -0.422621 -0
    outer loop
      vertex -45.8385 -22.3569 17.1441
      vertex -46.5908 -20.7436 14.4901
      vertex -45.8385 -22.3569 5.5
    endloop
  endfacet
  facet normal -0.906308 -0.422617 2.65111e-06
    outer loop
      vertex -46.2025 -21.5763 16.7457
      vertex -46.5908 -20.7436 14.4901
      vertex -45.8385 -22.3569 17.1441
    endloop
  endfacet
  facet normal -0.88999 -0.455732 -0.0150313
    outer loop
      vertex -46.5908 -20.7436 14.4901
      vertex -46.2025 -21.5763 16.7457
      vertex -46.2032 -21.5749 16.7447
    endloop
  endfacet
  facet normal -0.90499 -0.425406 -0.00476875
    outer loop
      vertex -46.2025 -21.5763 16.7457
      vertex -46.0049 -22.0001 17.0521
      vertex -46.0064 -21.9969 17.0513
    endloop
  endfacet
  facet normal -0.906266 -0.422708 -0.00021441
    outer loop
      vertex -46.2025 -21.5763 16.7457
      vertex -45.8385 -22.3569 17.1441
      vertex -46.0049 -22.0001 17.0521
    endloop
  endfacet
  facet normal -0.984964 -0.171753 -0.0186238
    outer loop
      vertex -50.3856 -7.84353 6.75919
      vertex -50.5037 -7.09783 6.12817
      vertex -50.3856 -7.84344 6.75836
    endloop
  endfacet
  facet normal -0.987698 -0.156376 5.9132e-05
    outer loop
      vertex -50.3658 -7.96813 7.97564
      vertex -50.5037 -7.09783 6.12817
      vertex -50.3856 -7.84353 6.75919
    endloop
  endfacet
  facet normal -0.987678 -0.156499 0
    outer loop
      vertex -50.5037 -7.09783 6.12817
      vertex -50.3658 -7.96813 7.97564
      vertex -50.5037 -7.09783 10.1253
    endloop
  endfacet
  facet normal -0.989108 -0.147185 0.00102351
    outer loop
      vertex -50.3658 -7.96813 7.97564
      vertex -50.3856 -7.84353 6.75919
      vertex -50.365 -7.9736 7.96214
    endloop
  endfacet
  facet normal 0.0872794 -0.996184 0.000104918
    outer loop
      vertex 4.41523 -50.8007 16.7457
      vertex 3.94804 -50.8416 17.052
      vertex 3.55758 -50.8758 17.1437
    endloop
  endfacet
  facet normal 0.0840649 -0.996449 -0.00483334
    outer loop
      vertex 3.94804 -50.8416 17.052
      vertex 4.41523 -50.8007 16.7457
      vertex 3.95155 -50.8413 17.0512
    endloop
  endfacet
  facet normal 0.0872523 -0.996186 4.61449e-05
    outer loop
      vertex 5.33095 -50.7206 14.4881
      vertex 4.41523 -50.8007 16.7457
      vertex 3.55758 -50.8758 17.1437
    endloop
  endfacet
  facet normal 0.0551482 -0.998393 -0.0130541
    outer loop
      vertex 4.41523 -50.8007 16.7457
      vertex 5.33095 -50.7206 14.4881
      vertex 4.41678 -50.8006 16.7446
    endloop
  endfacet
  facet normal 0.0871837 -0.996192 0
    outer loop
      vertex 3.55758 -50.8758 5.5
      vertex 5.33095 -50.7206 14.4881
      vertex 3.55758 -50.8758 17.1437
    endloop
  endfacet
  facet normal 0.0871837 -0.996192 0
    outer loop
      vertex 5.33095 -50.7206 14.4881
      vertex 3.55758 -50.8758 5.5
      vertex 5.33095 -50.7206 5.5
    endloop
  endfacet
  facet normal 0.999965 0.00833374 0
    outer loop
      vertex -0.424952 50.9926 17.4763
      vertex -0.400855 48.1012 5.5
      vertex -0.424952 50.9926 5.5
    endloop
  endfacet
  facet normal 0.999965 0.00833349 5.82036e-08
    outer loop
      vertex -0.188367 22.6039 22.5
      vertex -0.400855 48.1012 5.5
      vertex -0.424952 50.9926 17.4763
    endloop
  endfacet
  facet normal 0.999965 0.00833352 9.27459e-08
    outer loop
      vertex -0.400855 48.1012 5.5
      vertex -0.188367 22.6039 22.5
      vertex -0.0763458 9.16212 22.5
    endloop
  endfacet
  facet normal -0.999965 0.00833374 0
    outer loop
      vertex 0.400855 48.1012 5.5
      vertex 0.424952 50.9926 17.4763
      vertex 0.424952 50.9926 5.5
    endloop
  endfacet
  facet normal -0.999965 0.00833349 5.82036e-08
    outer loop
      vertex 0.400855 48.1012 5.5
      vertex 0.188367 22.6039 22.5
      vertex 0.424952 50.9926 17.4763
    endloop
  endfacet
  facet normal -0.999965 0.00833352 9.27459e-08
    outer loop
      vertex 0.188367 22.6039 22.5
      vertex 0.400855 48.1012 5.5
      vertex 0.0763458 9.16212 22.5
    endloop
  endfacet
  facet normal 0.870147 -0.492792 0
    outer loop
      vertex 25.1283 44.3733 17.4761
      vertex 23.7029 41.8564 5.5
      vertex 25.1283 44.3733 5.5
    endloop
  endfacet
  facet normal 0.870161 -0.492767 -6.78543e-06
    outer loop
      vertex 11.1386 19.6693 22.5
      vertex 23.7029 41.8564 5.5
      vertex 25.1283 44.3733 17.4761
    endloop
  endfacet
  facet normal 0.870161 -0.492768 -7.353e-06
    outer loop
      vertex 23.7029 41.8564 5.5
      vertex 11.1386 19.6693 22.5
      vertex 4.51484 7.97264 22.5
    endloop
  endfacet
  facet normal -0.861824 0.507207 0
    outer loop
      vertex 24.3971 41.4554 5.5
      vertex 25.8643 43.9484 17.4762
      vertex 25.8643 43.9484 5.5
    endloop
  endfacet
  facet normal -0.861828 0.5072 2.02619e-06
    outer loop
      vertex 24.3971 41.4554 5.5
      vertex 11.4649 19.4811 22.5
      vertex 25.8643 43.9484 17.4762
    endloop
  endfacet
  facet normal -0.861829 0.507199 -9.02937e-07
    outer loop
      vertex 11.4649 19.4811 22.5
      vertex 24.3971 41.4554 5.5
      vertex 4.64706 7.89626 22.5
    endloop
  endfacet
  facet normal -0.870147 -0.492792 0
    outer loop
      vertex -23.7029 41.8564 5.5
      vertex -25.1283 44.3733 17.4761
      vertex -25.1283 44.3733 5.5
    endloop
  endfacet
  facet normal -0.870161 -0.492767 -6.78543e-06
    outer loop
      vertex -23.7029 41.8564 5.5
      vertex -11.1386 19.6693 22.5
      vertex -25.1283 44.3733 17.4761
    endloop
  endfacet
  facet normal -0.870161 -0.492768 -7.353e-06
    outer loop
      vertex -11.1386 19.6693 22.5
      vertex -23.7029 41.8564 5.5
      vertex -4.51484 7.97264 22.5
    endloop
  endfacet
  facet normal 0.861824 0.507207 0
    outer loop
      vertex -25.8643 43.9484 17.4762
      vertex -24.3971 41.4554 5.5
      vertex -25.8643 43.9484 5.5
    endloop
  endfacet
  facet normal 0.861828 0.5072 2.02619e-06
    outer loop
      vertex -11.4649 19.4811 22.5
      vertex -24.3971 41.4554 5.5
      vertex -25.8643 43.9484 17.4762
    endloop
  endfacet
  facet normal 0.861829 0.507199 -9.02937e-07
    outer loop
      vertex -24.3971 41.4554 5.5
      vertex -11.4649 19.4811 22.5
      vertex -4.64706 7.89626 22.5
    endloop
  endfacet
  facet normal 0.507199 -0.861829 -9.02937e-07
    outer loop
      vertex 41.4554 24.3971 5.5
      vertex 19.4811 11.4649 22.5
      vertex 7.89626 4.64706 22.5
    endloop
  endfacet
  facet normal 0.5072 -0.861828 2.02619e-06
    outer loop
      vertex 19.4811 11.4649 22.5
      vertex 41.4554 24.3971 5.5
      vertex 43.9484 25.8643 17.4762
    endloop
  endfacet
  facet normal 0.507207 -0.861824 0
    outer loop
      vertex 43.9484 25.8643 17.4762
      vertex 41.4554 24.3971 5.5
      vertex 43.9484 25.8643 5.5
    endloop
  endfacet
  facet normal -0.492767 0.870161 -6.78543e-06
    outer loop
      vertex 41.8564 23.7029 5.5
      vertex 19.6693 11.1386 22.5
      vertex 44.3733 25.1283 17.4761
    endloop
  endfacet
  facet normal -0.492792 0.870147 0
    outer loop
      vertex 41.8564 23.7029 5.5
      vertex 44.3733 25.1283 17.4761
      vertex 44.3733 25.1283 5.5
    endloop
  endfacet
  facet normal -0.492768 0.870161 -7.353e-06
    outer loop
      vertex 19.6693 11.1386 22.5
      vertex 41.8564 23.7029 5.5
      vertex 7.97264 4.51484 22.5
    endloop
  endfacet
  facet normal -0.5072 -0.861828 2.02619e-06
    outer loop
      vertex -41.4554 24.3971 5.5
      vertex -19.4811 11.4649 22.5
      vertex -43.9484 25.8643 17.4762
    endloop
  endfacet
  facet normal -0.507207 -0.861824 0
    outer loop
      vertex -41.4554 24.3971 5.5
      vertex -43.9484 25.8643 17.4762
      vertex -43.9484 25.8643 5.5
    endloop
  endfacet
  facet normal -0.507199 -0.861829 -9.02937e-07
    outer loop
      vertex -19.4811 11.4649 22.5
      vertex -41.4554 24.3971 5.5
      vertex -7.89626 4.64706 22.5
    endloop
  endfacet
  facet normal 0.492768 0.870161 -7.353e-06
    outer loop
      vertex -41.8564 23.7029 5.5
      vertex -19.6693 11.1386 22.5
      vertex -7.97264 4.51484 22.5
    endloop
  endfacet
  facet normal 0.492767 0.870161 -6.78543e-06
    outer loop
      vertex -19.6693 11.1386 22.5
      vertex -41.8564 23.7029 5.5
      vertex -44.3733 25.1283 17.4761
    endloop
  endfacet
  facet normal 0.492792 0.870147 0
    outer loop
      vertex -44.3733 25.1283 17.4761
      vertex -41.8564 23.7029 5.5
      vertex -44.3733 25.1283 5.5
    endloop
  endfacet
  facet normal 0.00833352 -0.999965 9.27459e-08
    outer loop
      vertex 48.1012 0.400855 5.5
      vertex 22.6039 0.188367 22.5
      vertex 9.16212 0.0763458 22.5
    endloop
  endfacet
  facet normal 0.00833349 -0.999965 5.82036e-08
    outer loop
      vertex 22.6039 0.188367 22.5
      vertex 48.1012 0.400855 5.5
      vertex 50.9926 0.424952 17.4763
    endloop
  endfacet
  facet normal 0.00833374 -0.999965 0
    outer loop
      vertex 50.9926 0.424952 17.4763
      vertex 48.1012 0.400855 5.5
      vertex 50.9926 0.424952 5.5
    endloop
  endfacet
  facet normal 0.00833349 0.999965 5.82036e-08
    outer loop
      vertex 48.1012 -0.400855 5.5
      vertex 22.6039 -0.188367 22.5
      vertex 50.9926 -0.424952 17.4763
    endloop
  endfacet
  facet normal 0.00833374 0.999965 0
    outer loop
      vertex 48.1012 -0.400855 5.5
      vertex 50.9926 -0.424952 17.4763
      vertex 50.9926 -0.424952 5.5
    endloop
  endfacet
  facet normal 0.00833352 0.999965 9.27459e-08
    outer loop
      vertex 22.6039 -0.188367 22.5
      vertex 48.1012 -0.400855 5.5
      vertex 9.16212 -0.0763458 22.5
    endloop
  endfacet
  facet normal -0.00833349 -0.999965 5.82036e-08
    outer loop
      vertex -48.1012 0.400855 5.5
      vertex -22.6039 0.188367 22.5
      vertex -50.9926 0.424952 17.4763
    endloop
  endfacet
  facet normal -0.00833374 -0.999965 0
    outer loop
      vertex -48.1012 0.400855 5.5
      vertex -50.9926 0.424952 17.4763
      vertex -50.9926 0.424952 5.5
    endloop
  endfacet
  facet normal -0.00833352 -0.999965 9.27459e-08
    outer loop
      vertex -22.6039 0.188367 22.5
      vertex -48.1012 0.400855 5.5
      vertex -9.16212 0.0763458 22.5
    endloop
  endfacet
  facet normal -0.00833352 0.999965 9.27459e-08
    outer loop
      vertex -48.1012 -0.400855 5.5
      vertex -22.6039 -0.188367 22.5
      vertex -9.16212 -0.0763458 22.5
    endloop
  endfacet
  facet normal -0.00833349 0.999965 5.82036e-08
    outer loop
      vertex -22.6039 -0.188367 22.5
      vertex -48.1012 -0.400855 5.5
      vertex -50.9926 -0.424952 17.4763
    endloop
  endfacet
  facet normal -0.00833374 0.999965 0
    outer loop
      vertex -50.9926 -0.424952 17.4763
      vertex -48.1012 -0.400855 5.5
      vertex -50.9926 -0.424952 5.5
    endloop
  endfacet
  facet normal 0.492767 -0.870161 -6.78543e-06
    outer loop
      vertex -41.8564 -23.7029 5.5
      vertex -19.6693 -11.1386 22.5
      vertex -44.3733 -25.1283 17.4761
    endloop
  endfacet
  facet normal 0.492792 -0.870147 0
    outer loop
      vertex -41.8564 -23.7029 5.5
      vertex -44.3733 -25.1283 17.4761
      vertex -44.3733 -25.1283 5.5
    endloop
  endfacet
  facet normal 0.492768 -0.870161 -7.353e-06
    outer loop
      vertex -19.6693 -11.1386 22.5
      vertex -41.8564 -23.7029 5.5
      vertex -7.97264 -4.51484 22.5
    endloop
  endfacet
  facet normal -0.507199 0.861829 -9.02937e-07
    outer loop
      vertex -41.4554 -24.3971 5.5
      vertex -19.4811 -11.4649 22.5
      vertex -7.89626 -4.64706 22.5
    endloop
  endfacet
  facet normal -0.5072 0.861828 2.02619e-06
    outer loop
      vertex -19.4811 -11.4649 22.5
      vertex -41.4554 -24.3971 5.5
      vertex -43.9484 -25.8643 17.4762
    endloop
  endfacet
  facet normal -0.507207 0.861824 0
    outer loop
      vertex -43.9484 -25.8643 17.4762
      vertex -41.4554 -24.3971 5.5
      vertex -43.9484 -25.8643 5.5
    endloop
  endfacet
  facet normal -0.492768 -0.870161 -7.353e-06
    outer loop
      vertex 41.8564 -23.7029 5.5
      vertex 19.6693 -11.1386 22.5
      vertex 7.97264 -4.51484 22.5
    endloop
  endfacet
  facet normal -0.492767 -0.870161 -6.78543e-06
    outer loop
      vertex 19.6693 -11.1386 22.5
      vertex 41.8564 -23.7029 5.5
      vertex 44.3733 -25.1283 17.4761
    endloop
  endfacet
  facet normal -0.492792 -0.870147 -0
    outer loop
      vertex 44.3733 -25.1283 17.4761
      vertex 41.8564 -23.7029 5.5
      vertex 44.3733 -25.1283 5.5
    endloop
  endfacet
  facet normal 0.5072 0.861828 2.02619e-06
    outer loop
      vertex 41.4554 -24.3971 5.5
      vertex 19.4811 -11.4649 22.5
      vertex 43.9484 -25.8643 17.4762
    endloop
  endfacet
  facet normal 0.507207 0.861824 0
    outer loop
      vertex 41.4554 -24.3971 5.5
      vertex 43.9484 -25.8643 17.4762
      vertex 43.9484 -25.8643 5.5
    endloop
  endfacet
  facet normal 0.507199 0.861829 -9.02937e-07
    outer loop
      vertex 19.4811 -11.4649 22.5
      vertex 41.4554 -24.3971 5.5
      vertex 7.89626 -4.64706 22.5
    endloop
  endfacet
  facet normal 0.861829 -0.507199 -9.02937e-07
    outer loop
      vertex -11.4649 -19.4811 22.5
      vertex -24.3971 -41.4554 5.5
      vertex -4.64706 -7.89626 22.5
    endloop
  endfacet
  facet normal 0.861828 -0.5072 2.02619e-06
    outer loop
      vertex -25.8643 -43.9484 17.4762
      vertex -24.3971 -41.4554 5.5
      vertex -11.4649 -19.4811 22.5
    endloop
  endfacet
  facet normal 0.861824 -0.507207 0
    outer loop
      vertex -24.3971 -41.4554 5.5
      vertex -25.8643 -43.9484 17.4762
      vertex -25.8643 -43.9484 5.5
    endloop
  endfacet
  facet normal -0.870161 0.492768 -7.353e-06
    outer loop
      vertex -23.7029 -41.8564 5.5
      vertex -11.1386 -19.6693 22.5
      vertex -4.51484 -7.97264 22.5
    endloop
  endfacet
  facet normal -0.870147 0.492792 0
    outer loop
      vertex -25.1283 -44.3733 17.4761
      vertex -23.7029 -41.8564 5.5
      vertex -25.1283 -44.3733 5.5
    endloop
  endfacet
  facet normal -0.870161 0.492767 -6.78543e-06
    outer loop
      vertex -23.7029 -41.8564 5.5
      vertex -25.1283 -44.3733 17.4761
      vertex -11.1386 -19.6693 22.5
    endloop
  endfacet
  facet normal -0.861829 -0.507199 -9.02937e-07
    outer loop
      vertex 24.3971 -41.4554 5.5
      vertex 11.4649 -19.4811 22.5
      vertex 4.64706 -7.89626 22.5
    endloop
  endfacet
  facet normal -0.861824 -0.507207 -0
    outer loop
      vertex 25.8643 -43.9484 17.4762
      vertex 24.3971 -41.4554 5.5
      vertex 25.8643 -43.9484 5.5
    endloop
  endfacet
  facet normal -0.861828 -0.5072 2.02619e-06
    outer loop
      vertex 24.3971 -41.4554 5.5
      vertex 25.8643 -43.9484 17.4762
      vertex 11.4649 -19.4811 22.5
    endloop
  endfacet
  facet normal 0.870161 0.492768 -7.353e-06
    outer loop
      vertex 11.1386 -19.6693 22.5
      vertex 23.7029 -41.8564 5.5
      vertex 4.51484 -7.97264 22.5
    endloop
  endfacet
  facet normal 0.870161 0.492767 -6.78543e-06
    outer loop
      vertex 25.1283 -44.3733 17.4761
      vertex 23.7029 -41.8564 5.5
      vertex 11.1386 -19.6693 22.5
    endloop
  endfacet
  facet normal 0.870147 0.492792 0
    outer loop
      vertex 23.7029 -41.8564 5.5
      vertex 25.1283 -44.3733 17.4761
      vertex 25.1283 -44.3733 5.5
    endloop
  endfacet
  facet normal 0.999965 -0.00833352 9.27459e-08
    outer loop
      vertex -0.188367 -22.6039 22.5
      vertex -0.400855 -48.1012 5.5
      vertex -0.0763458 -9.16212 22.5
    endloop
  endfacet
  facet normal 0.999965 -0.00833349 5.82036e-08
    outer loop
      vertex -0.424952 -50.9926 17.4763
      vertex -0.400855 -48.1012 5.5
      vertex -0.188367 -22.6039 22.5
    endloop
  endfacet
  facet normal 0.999965 -0.00833374 0
    outer loop
      vertex -0.400855 -48.1012 5.5
      vertex -0.424952 -50.9926 17.4763
      vertex -0.424952 -50.9926 5.5
    endloop
  endfacet
  facet normal -0.999965 -0.00833352 9.27459e-08
    outer loop
      vertex 0.400855 -48.1012 5.5
      vertex 0.188367 -22.6039 22.5
      vertex 0.0763458 -9.16212 22.5
    endloop
  endfacet
  facet normal -0.999965 -0.00833374 -0
    outer loop
      vertex 0.424952 -50.9926 17.4763
      vertex 0.400855 -48.1012 5.5
      vertex 0.424952 -50.9926 5.5
    endloop
  endfacet
  facet normal -0.999965 -0.00833349 5.82036e-08
    outer loop
      vertex 0.400855 -48.1012 5.5
      vertex 0.424952 -50.9926 17.4763
      vertex 0.188367 -22.6039 22.5
    endloop
  endfacet
endsolid OpenSCAD_Model
