shape,width_mm,depth_mm,height_mm,standoff_mm,total_depth_mm,length_mm,shadow_x_mm,shadow_y_mm,source_height_mm,declared_cut_mm,blur_mm,visible_artwork_percent,score
Cylinder,80,80,44,10,54,800,0,0,48,0.4559,1.9056,89.81,0.1663156047042303
Cylinder,100,100,44,0,44,800,0,0,38,0.4559,1.4669,91.39,0.1661640097659055
Rectangle,80,80,44,10,54,800,0,0,48,0.4526,1.9056,88.29,0.16349979521385524
Cylinder,100,100,30,10,40,800,0,0,34,0.4079,1.4669,79.7,0.15939968404423382
Cylinder,60,60,30,20,50,600,0,0,44,0.4106,1.9432,78.28,0.15655608214849923
Cylinder,80,80,30,20,50,800,0,0,44,0.4179,1.9056,78.28,0.15655608214849923
Cylinder,60,60,44,10,54,600,0,0,48,0.4479,1.9432,82.11,0.15205371248025276
Rectangle,60,60,44,10,54,600,0,0,48,0.4422,1.9432,82.11,0.15205371248025276
Cylinder,80,80,44,0,44,600,0,0,38,0.4812,1.3792,88.47,0.15079707022834987
Cylinder,80,80,30,0,30,450,0,0,24,0.4052,0.9844,79.54,0.1491409952606635
Cylinder,80,80,36,20,56,800,0,0,50,0.4749,1.9056,83.43,0.14898583841119387
Rectangle,80,80,44,0,44,600,0,0,38,0.4774,1.3792,87.26,0.14874380654890135
Cylinder,80,80,60,0,60,800,0,0,54,0.5129,1.9056,87.38,0.14563586097946288
Rectangle,80,80,60,0,60,800,0,0,54,0.5082,1.9056,87.38,0.14563586097946288
Cylinder,100,100,36,10,46,800,0,0,40,0.4799,1.4669,83.43,0.1450992513222062
Rectangle,60,60,30,20,50,600,0,0,44,0.4062,1.9432,72.49,0.14498420221169037
Rectangle,80,80,30,20,50,800,0,0,44,0.4154,1.9056,72.49,0.14498420221169037
Cylinder,60,60,30,10,40,450,0,0,34,0.423,1.4074,77.03,0.14443868483412323
Cylinder,80,80,30,10,40,600,0,0,34,0.4305,1.3792,77.03,0.14443868483412323
Cylinder,60,60,36,20,56,600,0,0,50,0.4665,1.9432,80.73,0.14415481832543442
Rectangle,100,80,44,10,54,800,0,0,48,0.4526,1.9056,86.08,0.14257533663801975
Rectangle,80,100,44,10,54,800,0,0,48,0.4526,1.9056,85.96,0.1423790870349392
Rectangle,80,80,36,20,56,800,0,0,50,0.4712,1.9056,79.09,0.1412279959377116
Rectangle,60,60,36,20,56,600,0,0,50,0.4602,1.9432,78.16,0.13957063868201305
Cylinder,100,100,36,0,36,600,0,0,30,0.4799,1.0502,83.43,0.13905344918378096
Rectangle,80,80,30,0,30,450,0,0,24,0.4029,0.9844,74.05,0.13884774881516587
Cylinder,60,60,44,0,44,450,0,0,38,0.4728,1.4074,80.35,0.1369627854373115
Rectangle,60,60,44,0,44,450,0,0,38,0.4662,1.4074,80.35,0.1369627854373115
Cylinder,80,80,44,20,64,800,0,0,58,0.5508,1.9056,85.23,0.1331704186413902
Cylinder,80,80,36,10,46,600,0,0,40,0.5065,1.3792,81.26,0.13248892437667423
Rectangle,60,60,30,10,40,450,0,0,34,0.4182,1.4074,70.62,0.13240521327014218
Rectangle,80,80,30,10,40,600,0,0,34,0.4278,1.3792,70.62,0.13240521327014218
Rectangle,80,60,44,10,54,600,0,0,48,0.4422,1.9432,81.46,0.13063727951154147
Rectangle,60,80,44,10,54,600,0,0,48,0.4422,1.9432,81.42,0.13057394022450558
Rectangle,80,100,60,0,60,800,0,0,54,0.5082,1.9056,87.38,0.13026067404471522
Rectangle,100,80,60,0,60,800,0,0,54,0.5082,1.9056,87.38,0.13026067404471522
Rectangle,80,80,44,20,64,800,0,0,58,0.5451,1.9056,83.23,0.13005405805687204
Cylinder,60,60,60,0,60,600,0,0,54,0.5039,1.9432,77.82,0.12970642443391256
Rectangle,60,60,60,0,60,600,0,0,54,0.4959,1.9432,77.82,0.12970642443391256
Rectangle,80,100,44,0,44,600,0,0,38,0.4774,1.3792,84.46,0.12876538587578898
Rectangle,100,80,44,0,44,600,0,0,38,0.4774,1.3792,84.46,0.12876538587578898
Cylinder,100,100,44,10,54,800,0,0,48,0.5758,1.4669,86.73,0.12848867825171142
Cylinder,60,60,36,10,46,450,0,0,40,0.4976,1.4074,78.44,0.12788481351741193
Cylinder,80,80,36,0,36,450,0,0,30,0.5065,0.9844,81.26,0.12696855252764613
Rectangle,80,80,36,10,46,600,0,0,40,0.5021,1.3792,76.3,0.12440758293838863
Cylinder,60,60,30,0,30,300,0,0,24,0.4479,0.8716,74.53,0.12421011058451815
Rectangle,100,80,30,20,50,800,0,0,44,0.4154,1.9056,68.8,0.12307205108387469
Rectangle,60,60,36,10,46,450,0,0,40,0.49,1.4074,75.47,0.1230553266021018
Rectangle,100,80,36,20,56,800,0,0,50,0.4712,1.9056,75.32,0.12029399777398159
Rectangle,80,80,36,0,36,450,0,0,30,0.5021,0.9844,76.3,0.1192239336492891
Rectangle,100,80,30,0,30,450,0,0,24,0.4029,0.9844,70.44,0.11812876889427948
Rectangle,80,100,36,20,56,800,0,0,50,0.4712,1.9056,73.8,0.11786540893585978
Rectangle,80,60,44,0,44,450,0,0,38,0.4662,1.4074,79.62,0.11753468427061531
Rectangle,60,80,44,0,44,450,0,0,38,0.4662,1.4074,79.6,0.11750553380328628
Rectangle,80,60,30,20,50,600,0,0,44,0.4062,1.9432,67.83,0.11748804352288887
Rectangle,80,100,30,20,50,800,0,0,44,0.4154,1.9056,65.62,0.11738473758660034
Cylinder,80,80,60,10,70,800,0,0,64,0.6078,1.9056,82.11,0.11729857819905212
Rectangle,80,80,60,10,70,800,0,0,64,0.6002,1.9056,82.11,0.11729857819905212
Cylinder,60,60,44,20,64,600,0,0,58,0.5412,1.9432,74.74,0.11678638428120064
Rectangle,60,60,44,20,64,600,0,0,58,0.5313,1.9432,74.74,0.11678638428120064
Cylinder,80,80,36,30,66,800,0,0,60,0.5698,1.9056,77.03,0.11671812915888746
Cylinder,100,100,60,0,60,800,0,0,54,0.6478,1.4669,87.38,0.11650868878357029
Cylinder,100,100,44,0,44,600,0,0,38,0.6078,1.0502,85.07,0.11600603188280911
Cylinder,80,80,30,30,60,800,0,0,54,0.5129,1.9056,68.88,0.11479726171669302
Cylinder,60,60,30,30,60,600,0,0,54,0.5039,1.9432,68.88,0.114797261716693
Cylinder,100,100,26,0,26,450,0,0,20,0.4265,0.7376,66.31,0.11476941305140356
Rectangle,80,60,36,20,56,600,0,0,50,0.4602,1.9432,73.89,0.1142753843997323
Cylinder,80,80,44,10,54,600,0,0,48,0.6078,1.3792,82.11,0.11404028436018958
Rectangle,80,100,30,0,30,450,0,0,24,0.4029,0.9844,67.24,0.11276379537006494
Rectangle,60,60,30,0,30,300,0,0,24,0.4422,0.8716,67.59,0.11265797788309637
Rectangle,100,80,30,10,40,600,0,0,34,0.4278,1.3792,67.06,0.11246574128538635
Rectangle,60,80,60,0,60,600,0,0,54,0.4959,1.9432,77.82,0.11232905859381491
Rectangle,80,60,60,0,60,600,0,0,54,0.4959,1.9432,77.82,0.11232905859381491
Rectangle,100,80,44,20,64,800,0,0,58,0.5451,1.9056,79.84,0.11157709855143723
Rectangle,80,100,44,20,64,800,0,0,58,0.5451,1.9056,79.66,0.11132872014753842
Cylinder,60,60,36,30,66,600,0,0,60,0.5598,1.9432,73.34,0.11112307913255781
Rectangle,60,80,36,20,56,600,0,0,50,0.4602,1.9432,71.68,0.11085506289979377
Rectangle,80,80,44,10,54,600,0,0,48,0.6002,1.3792,79.52,0.11044738458837985
Rectangle,60,80,30,20,50,600,0,0,44,0.4062,1.9432,63.43,0.10986072657802592
Cylinder,100,100,30,20,50,800,0,0,44,0.5279,1.4669,67.81,0.10849921011058453
Cylinder,80,80,44,30,74,800,0,0,68,0.6458,1.9056,80.23,0.10842299645617182
Rectangle,80,80,36,30,66,800,0,0,60,0.5635,1.9056,71.11,0.10774211307386664
Rectangle,80,60,30,10,40,450,0,0,34,0.4182,1.4074,66.21,0.10751566864963057
Cylinder,100,100,36,20,56,800,0,0,50,0.5998,1.4669,75.06,0.10722748815165879
Rectangle,80,100,30,10,40,600,0,0,34,0.4278,1.3792,63.7,0.10683583079701305
Rectangle,100,80,36,10,46,600,0,0,40,0.5021,1.3792,72.61,0.1058883931751845
Rectangle,60,60,36,30,66,600,0,0,60,0.549,1.9432,69.85,0.10582722964239553
Cylinder,80,80,26,30,56,800,0,0,50,0.4749,1.9056,59.2,0.10571823516136312
Cylinder,60,60,26,30,56,600,0,0,50,0.4665,1.9432,59.2,0.10571823516136311
Rectangle,80,100,60,10,70,800,0,0,64,0.6002,1.9056,82.11,0.10491503780686216
Rectangle,100,80,60,10,70,800,0,0,64,0.6002,1.9056,82.11,0.10491503780686216
Rectangle,80,80,44,30,74,800,0,0,68,0.6367,1.9056,77.35,0.10452692028521413
Cylinder,100,100,30,0,30,450,0,0,24,0.5119,0.7376,69.21,0.10382109004739337
Rectangle,80,80,30,30,60,800,0,0,54,0.5082,1.9056,62.2,0.10367298578199054
Rectangle,60,60,30,30,60,600,0,0,54,0.4959,1.9432,62.2,0.10367298578199052
Cylinder,100,100,26,20,46,800,0,0,40,0.4799,1.4669,59.2,0.10296036815715365
Cylinder,80,80,44,0,44,450,0,0,38,0.6416,0.9844,80.35,0.10272208907798364
Rectangle,80,100,36,10,46,600,0,0,40,0.5021,1.3792,70.3,0.1025190861309918
Cylinder,60,60,36,0,36,300,0,0,30,0.5598,0.8716,73.34,0.101862822538178
Rectangle,100,80,36,0,36,450,0,0,30,0.5021,0.9844,72.61,0.10147637679288515
Rectangle,80,60,36,10,46,450,0,0,40,0.49,1.4074,71.39,0.10079724637726489
Cylinder,100,100,44,20,64,800,0,0,58,0.6958,1.4669,80.63,0.10078495260663507
Rectangle,80,60,44,20,64,600,0,0,58,0.5313,1.9432,74.03,0.10017801018179368
Cylinder,60,60,60,10,70,600,0,0,64,0.5972,1.9432,70.1,0.10014669374858948
Rectangle,60,60,60,10,70,600,0,0,64,0.584,1.9432,70.1,0.10014669374858948
Rectangle,60,80,44,20,64,600,0,0,58,0.5313,1.9432,73.97,0.10009784639663886
Rectangle,60,80,30,10,40,450,0,0,34,0.4182,1.4074,61.47,0.09981994527476885
Cylinder,100,100,30,10,40,600,0,0,34,0.5438,1.0502,66.37,0.09955568720379146
Rectangle,80,80,44,0,44,450,0,0,38,0.6326,0.9844,77.39,0.09893533229211547
Cylinder,100,100,26,10,36,600,0,0,30,0.4799,1.0502,59.2,0.09867035281727225
Rectangle,80,100,36,0,36,450,0,0,30,0.5021,0.9844,70.3,0.09824745754220048
Cylinder,60,60,44,10,54,450,0,0,48,0.5972,1.4074,70.1,0.097364841144462
Rectangle,60,60,44,10,54,450,0,0,48,0.584,1.4074,70.1,0.097364841144462
Cylinder,80,80,60,0,60,600,0,0,54,0.6838,1.3792,77.82,0.09727981832543443
Rectangle,80,80,60,0,60,600,0,0,54,0.673,1.3792,77.82,0.09727981832543443
Rectangle,60,60,36,0,36,300,0,0,30,0.549,0.8716,69.85,0.09700829383886257
Cylinder,80,80,36,20,56,600,0,0,50,0.6332,1.3792,72.41,0.09698184664861205
Cylinder,60,60,30,20,50,450,0,0,44,0.5474,1.4074,64.53,0.09680094786729858
Cylinder,80,80,30,20,50,600,0,0,44,0.5572,1.3792,64.53,0.09680094786729858
Rectangle,60,80,36,10,46,450,0,0,40,0.49,1.4074,68.29,0.09641960663141963
Cylinder,80,80,60,20,80,800,0,0,74,0.7028,1.9056,76.7,0.09587282780410743
Rectangle,80,80,60,20,80,800,0,0,74,0.6911,1.9056,76.7,0.09587282780410743
Rectangle,100,80,44,10,54,600,0,0,48,0.6002,1.3792,76.24,0.09471496468675056
Cylinder,100,100,36,10,46,600,0,0,40,0.6398,1.0502,72.41,0.09445188543169174
Cylinder,100,100,60,10,70,800,0,0,64,0.7678,1.4669,82.11,0.0938388625592417
Rectangle,80,100,44,10,54,600,0,0,48,0.6002,1.3792,74.96,0.0931204366617211
Rectangle,80,80,26,30,56,800,0,0,50,0.4712,1.9056,52.01,0.09288253215978334
Rectangle,60,60,26,30,56,600,0,0,50,0.4602,1.9432,52.01,0.09288253215978333
Rectangle,100,80,36,30,66,800,0,0,60,0.5635,1.9056,67.44,0.09138987198001078
Rectangle,80,60,30,0,30,300,0,0,24,0.4422,0.8716,63.29,0.0913510867275252
Cylinder,60,60,36,20,56,450,0,0,50,0.622,1.4074,67.95,0.0910047816519973
Cylinder,60,60,44,30,74,600,0,0,68,0.6345,1.9432,67.1,0.09067717006105633
Rectangle,60,60,44,30,74,600,0,0,68,0.6188,1.9432,67.1,0.09067717006105633
Cylinder,100,100,36,0,36,450,0,0,30,0.6398,0.7376,72.41,0.09051639020537125
Cylinder,60,60,26,20,46,450,0,0,40,0.4976,1.4074,54.96,0.08960308056872038
Cylinder,80,80,26,20,46,600,0,0,40,0.5065,1.3792,54.96,0.08960308056872038
Rectangle,100,80,44,30,74,800,0,0,68,0.6367,1.9056,73.74,0.08912384001520232
Cylinder,100,100,22,10,32,600,0,0,26,0.4159,1.0502,46.9,0.08793690758293839
Cylinder,80,80,30,10,40,450,0,0,34,0.5741,0.9844,62.48,0.08786285545023696
Rectangle,80,80,36,20,56,600,0,0,50,0.6245,1.3792,65.58,0.08783111882193637
Cylinder,80,80,44,20,64,600,0,0,58,0.7345,1.3792,74.74,0.08758978821090048
Rectangle,80,100,44,30,74,800,0,0,68,0.6367,1.9056,72.41,0.08752467095226216
Cylinder,100,100,44,20,64,600,150.0,0,58,0.4124,1.6752,93.25,0.08741854265402844
Rectangle,80,100,60,0,60,600,0,0,54,0.673,1.3792,77.82,0.08700971464580046
Rectangle,100,80,60,0,60,600,0,0,54,0.673,1.3792,77.82,0.08700971464580046
Rectangle,60,80,60,10,70,600,0,0,64,0.584,1.9432,70.1,0.08672958089129872
Rectangle,80,60,60,10,70,600,0,0,64,0.584,1.9432,70.1,0.08672958089129872
Cylinder,100,100,44,20,64,600,-150.0,0,58,0.4124,1.6752,92.34,0.08656694312796208
Rectangle,80,100,36,30,66,800,0,0,60,0.5635,1.9056,63.86,0.08654607495852265
Rectangle,60,60,36,20,56,450,0,0,50,0.6072,1.4074,64.47,0.08635007616790794
Rectangle,80,60,36,30,66,600,0,0,60,0.549,1.9432,65.74,0.08625947176738942
Rectangle,100,80,30,30,60,800,0,0,54,0.5082,1.9056,57.64,0.08592788870881894
Cylinder,80,80,26,10,36,450,0,0,30,0.5065,0.9844,54.96,0.08586961887835703
Rectangle,80,100,60,20,80,800,0,0,74,0.6911,1.9056,76.7,0.08575126406604644
Rectangle,100,80,60,20,80,800,0,0,74,0.6911,1.9056,76.7,0.08575126406604644
Cylinder,80,80,60,0,60,450,112.5,0,54,0.4053,1.5765,91.37,0.08565980450236967
Rectangle,80,80,60,0,60,450,112.5,0,54,0.4002,1.5765,91.37,0.08565980450236967
Rectangle,60,60,30,20,50,450,0,0,44,0.5372,1.4074,57.05,0.08557464454976303
Rectangle,80,80,30,20,50,600,0,0,44,0.5513,1.3792,57.05,0.08557464454976303
Cylinder,100,100,44,10,54,600,0,0,48,0.7678,1.0502,76.76,0.08528611549938564
Cylinder,80,80,60,0,60,450,-112.5,0,54,0.4053,1.5765,90.68,0.08501184834123222
Rectangle,80,80,60,0,60,450,-112.5,0,54,0.4002,1.5765,90.68,0.08501184834123222
Cylinder,80,80,36,10,46,450,0,0,40,0.6754,0.9844,69.0,0.08437113641046776
Rectangle,100,80,44,0,44,450,0,0,38,0.6326,0.9844,73.76,0.08433575805109982
Rectangle,80,80,44,20,64,600,0,0,58,0.7211,1.3792,71.52,0.0838177577014218
Cylinder,100,100,22,20,42,800,0,0,36,0.4319,1.4669,43.98,0.08376589182276387
Rectangle,80,60,44,10,54,450,0,0,48,0.584,1.4074,69.23,0.08327532763044809
Rectangle,60,80,30,0,30,300,0,0,24,0.4422,0.8716,57.6,0.0831423151276727
Rectangle,60,80,44,10,54,450,0,0,48,0.584,1.4074,68.92,0.0828952919082327
Rectangle,80,100,44,0,44,450,0,0,38,0.6326,0.9844,72.43,0.08282290777280699
Cylinder,80,80,22,0,22,300,0,0,16,0.4052,0.5896,48.06,0.08192858681602759
Cylinder,60,60,22,30,52,600,0,0,46,0.4292,1.9432,42.46,0.08164722323490096
Cylinder,80,80,22,30,52,800,0,0,46,0.4369,1.9056,42.46,0.08164722323490096
Cylinder,100,100,44,20,64,600,0,-150.0,58,0.4124,1.6752,86.89,0.08145734597156398
Rectangle,80,60,30,30,60,600,0,0,54,0.4959,1.9432,56.18,0.08109012222770957
Cylinder,100,100,60,10,70,600,150.0,0,64,0.455,1.6752,94.29,0.08082261340555179
Cylinder,100,100,36,30,66,800,0,0,60,0.7198,1.4669,66.41,0.08049691225046675
Rectangle,60,80,36,30,66,600,0,0,60,0.549,1.9432,61.24,0.08035164372204104
Cylinder,100,100,44,30,74,800,0,0,68,0.8158,1.4669,74.19,0.08020579821527687
Rectangle,80,100,30,30,60,800,0,0,54,0.5082,1.9056,53.57,0.07986377597362992
Cylinder,100,100,60,10,70,600,-150.0,0,64,0.455,1.6752,93.17,0.07985781990521328
Cylinder,80,80,60,0,60,450,0,-112.5,54,0.4053,1.5765,85.13,0.07980968601895734
Rectangle,80,80,60,0,60,450,0,-112.5,54,0.4002,1.5765,85.13,0.07980968601895734
Cylinder,60,60,60,0,60,450,0,0,54,0.6718,1.4074,63.84,0.0798035150078989
Rectangle,60,60,60,0,60,450,0,0,54,0.6533,1.4074,63.84,0.0798035150078989
Cylinder,80,80,26,0,26,300,0,0,20,0.5065,0.5896,54.96,0.07926426358002187
Rectangle,80,60,36,0,36,300,0,0,30,0.549,0.8716,65.74,0.0790711824534403
Cylinder,80,80,60,30,90,800,0,0,84,0.7978,1.9056,70.85,0.07872564507635599
Rectangle,80,80,60,30,90,800,0,0,84,0.7807,1.9056,70.85,0.07872564507635599
Cylinder,80,80,44,20,64,450,112.5,0,58,0.4353,1.5765,88.94,0.07817128258293839
Cylinder,80,80,44,20,64,450,-112.5,0,58,0.4353,1.5765,88.7,0.07796301095971564
Rectangle,80,80,30,10,40,450,0,0,34,0.5676,0.9844,55.41,0.0779213566350711
Cylinder,100,100,60,0,60,600,0,0,54,0.8638,1.0502,77.82,0.07782385466034755
Rectangle,80,60,44,30,74,600,0,0,68,0.6188,1.9432,66.39,0.07769676272157686
Cylinder,60,60,60,20,80,600,0,0,74,0.6905,1.9432,62.14,0.07768068720379147
Rectangle,60,60,60,20,80,600,0,0,74,0.6704,1.9432,62.14,0.07768068720379147
Rectangle,60,60,26,20,46,450,0,0,40,0.49,1.4074,47.37,0.07723959406552648
Rectangle,80,80,26,20,46,600,0,0,40,0.5021,1.3792,47.37,0.07723959406552648
Rectangle,60,80,44,30,74,600,0,0,68,0.6188,1.9432,65.92,0.07714211599185711
Cylinder,100,100,60,20,80,800,0,0,74,0.8877,1.4669,76.7,0.07669826224328595
Rectangle,80,100,60,0,60,450,112.5,0,54,0.4002,1.5765,91.37,0.07661645832265644
Rectangle,100,80,60,0,60,450,112.5,0,54,0.4002,1.5765,91.37,0.07661645832265644
Rectangle,80,80,36,10,46,450,0,0,40,0.6649,0.9844,62.6,0.07654736760766537
Cylinder,80,80,44,0,44,300,75.0,0,38,0.4278,0.9843,89.57,0.07634101680310212
Cylinder,100,100,44,0,44,450,0,0,38,0.8104,0.7376,74.41,0.07609866436880655
Rectangle,80,100,60,0,60,450,-112.5,0,54,0.4002,1.5765,90.68,0.0760369087135592
Rectangle,100,80,60,0,60,450,-112.5,0,54,0.4002,1.5765,90.68,0.0760369087135592
Cylinder,80,80,44,0,44,300,-75.0,0,38,0.4278,0.9843,89.14,0.075970756139595
Rectangle,80,80,44,20,64,450,112.5,0,58,0.429,1.5765,86.0,0.07558524326125593
Rectangle,80,80,44,20,64,450,-112.5,0,58,0.429,1.5765,85.9,0.07549846341824645
Cylinder,100,100,60,10,70,600,0,-150.0,64,0.455,1.6752,88.03,0.07545700744752877
Cylinder,100,100,44,10,54,450,112.5,0,48,0.455,1.2064,90.44,0.0753686150605582
Cylinder,80,80,60,10,70,600,0,0,64,0.8104,1.3792,70.1,0.07511002031144211
Rectangle,80,80,60,10,70,600,0,0,64,0.7926,1.3792,70.1,0.07511002031144211
Cylinder,100,100,44,10,54,450,-112.5,0,48,0.455,1.2064,90.01,0.07500658241179568
Cylinder,100,100,36,30,66,600,-150.0,0,60,0.4266,1.6752,82.46,0.07496768634209393
Cylinder,80,80,22,10,32,450,0,0,26,0.439,0.9844,42.26,0.07428354561611375
Cylinder,100,100,36,30,66,600,150.0,0,60,0.4266,1.6752,81.67,0.07424960505529227
Rectangle,100,80,26,30,56,800,0,0,50,0.4712,1.9056,46.39,0.0740877296201056
Rectangle,100,80,36,20,56,600,0,0,50,0.6245,1.3792,61.81,0.07404041944793438
Rectangle,80,80,26,10,36,450,0,0,30,0.5021,0.9844,47.37,0.07402127764612954
Rectangle,80,80,44,0,44,300,75.0,0,38,0.4218,0.9843,86.79,0.07396798255062474
Cylinder,100,100,30,30,60,800,0,0,54,0.6478,1.4669,55.43,0.0739073196419168
Rectangle,80,80,44,0,44,300,-75.0,0,38,0.4218,0.9843,86.57,0.07378285221887118
Cylinder,80,80,30,0,30,300,0,0,24,0.6078,0.5896,58.95,0.0736818720379147
Rectangle,60,80,30,30,60,600,0,0,54,0.4959,1.9432,51.05,0.07367942564450941
Rectangle,60,80,36,0,36,300,0,0,30,0.549,0.8716,61.24,0.07365567341187094
Cylinder,80,80,44,20,64,450,0,-112.5,58,0.4353,1.5765,83.41,0.07331161137440757
Cylinder,80,80,44,10,54,450,0,0,48,0.8104,0.9844,70.1,0.0730236308583465
Rectangle,80,80,44,20,64,450,0,-112.5,58,0.429,1.5765,82.54,0.07254794875592417
Cylinder,100,100,44,30,74,600,150.0,0,68,0.4835,1.6752,88.43,0.07169847572691175
Cylinder,100,100,44,30,74,600,-150.0,0,68,0.4835,1.6752,88.21,0.07152235173562188
Cylinder,80,80,44,0,44,300,0,-75.0,38,0.4278,0.9843,83.89,0.07149396811719087
Cylinder,100,100,36,30,66,600,0,-150.0,60,0.4266,1.6752,78.59,0.07144908803676576
Rectangle,100,80,44,20,64,600,0,0,58,0.7211,1.3792,68.15,0.07142948932123606
Cylinder,100,100,44,20,64,600,0,150.0,58,0.4124,1.6752,76.15,0.07138625592417062
Rectangle,80,100,60,0,60,450,0,-112.5,54,0.4002,1.5765,85.13,0.07138395328052127
Rectangle,100,80,60,0,60,450,0,-112.5,54,0.4002,1.5765,85.13,0.07138395328052127
Cylinder,80,80,36,30,66,600,0,0,60,0.7598,1.3792,62.5,0.07102272727272728
Rectangle,80,80,44,0,44,300,0,-75.0,38,0.4218,0.9843,82.94,0.070686126669539
Rectangle,60,60,22,30,52,600,0,0,46,0.4243,1.9432,36.67,0.070520415603354
Rectangle,80,80,22,30,52,800,0,0,46,0.434,1.9056,36.67,0.070520415603354
Cylinder,100,100,44,10,54,450,0,-112.5,48,0.455,1.2064,84.52,0.07043180621379674
Rectangle,80,100,60,30,90,800,0,0,84,0.7807,1.9056,70.85,0.07041435758530144
Rectangle,100,80,60,30,90,800,0,0,84,0.7807,1.9056,70.85,0.07041435758530144
Cylinder,60,60,36,20,56,300,-75.0,0,50,0.4147,1.4073,78.65,0.07022610584518167
Rectangle,100,80,30,20,50,600,0,0,44,0.5513,1.3792,52.17,0.06999634593073985
Rectangle,80,80,22,0,22,300,0,0,16,0.4029,0.5896,41.03,0.06994560534252478
Rectangle,80,100,26,30,56,800,0,0,50,0.4712,1.9056,43.76,0.06989289435425883
Rectangle,80,60,26,30,56,600,0,0,50,0.4602,1.9432,45.16,0.06984174348535216
Cylinder,80,80,22,20,42,600,0,0,36,0.4559,1.3792,39.04,0.06971479350033853
Cylinder,60,60,22,20,42,450,0,0,36,0.4479,1.4074,39.04,0.06971479350033852
Cylinder,60,60,44,20,64,450,0,0,58,0.7216,1.4074,59.42,0.06963214603080568
Rectangle,60,60,44,20,64,450,0,0,58,0.6987,1.4074,59.42,0.06963214603080568
Rectangle,80,60,36,20,56,450,0,0,50,0.6072,1.4074,59.62,0.06914699068067717
Rectangle,60,80,60,0,60,450,0,0,54,0.6533,1.4074,63.84,0.06911187130813315
Rectangle,80,60,60,0,60,450,0,0,54,0.6533,1.4074,63.84,0.06911187130813315
Cylinder,60,60,36,20,56,300,75.0,0,50,0.4147,1.4073,77.25,0.06897427217332429
Rectangle,80,80,44,10,54,450,0,0,48,0.7926,0.9844,66.21,0.06897133359662981
Rectangle,80,100,36,20,56,600,0,0,50,0.6245,1.3792,57.52,0.06890726576735874
Cylinder,60,60,44,0,44,300,0,0,38,0.7091,0.8716,60.55,0.06880116329168462
Rectangle,60,60,44,0,44,300,0,0,38,0.6874,0.8716,60.55,0.06880116329168462
Cylinder,80,80,60,0,60,450,0,112.5,54,0.4053,1.5765,73.36,0.0687759182464455
Rectangle,80,80,60,0,60,450,0,112.5,54,0.4002,1.5765,73.36,0.0687759182464455
Cylinder,60,60,30,10,40,300,0,0,34,0.6345,0.8716,55.02,0.06876974723538705
Cylinder,100,100,36,0,36,300,-75.0,0,30,0.4266,0.7376,82.46,0.06872037914691943
Cylinder,100,100,60,0,60,450,112.5,0,54,0.5119,1.2064,91.37,0.06852784360189573
Rectangle,80,100,44,20,64,600,0,0,58,0.7211,1.3792,65.3,0.0684489484744502
Cylinder,80,80,60,10,70,450,-112.5,0,64,0.4803,1.5765,85.05,0.06834482904536222
Rectangle,80,80,60,10,70,450,-112.5,0,64,0.4719,1.5765,85.05,0.06834482904536222
Rectangle,80,80,26,0,26,300,0,0,20,0.5021,0.5896,47.37,0.06832733321181188
Cylinder,80,80,60,10,70,450,112.5,0,64,0.4803,1.5765,84.95,0.06826548747461071
Rectangle,80,80,60,10,70,450,112.5,0,64,0.4719,1.5765,84.95,0.06826548747461071
Cylinder,100,100,36,0,36,300,75.0,0,30,0.4266,0.7376,81.67,0.06806213796735125
Cylinder,100,100,60,0,60,450,-112.5,0,54,0.5119,1.2064,90.68,0.06800947867298578
Cylinder,80,80,44,30,74,600,0,0,68,0.8611,1.3792,67.1,0.06800787754579224
Cylinder,60,60,36,20,56,300,0,-75.0,50,0.4147,1.4073,76.01,0.06786349018280297
Cylinder,80,80,36,30,66,450,-112.5,0,60,0.4503,1.5765,79.5,0.06775770142180094
Cylinder,100,100,60,20,80,600,150.0,0,74,0.5261,1.6752,90.34,0.06775770142180094
Cylinder,100,100,60,20,80,600,-150.0,0,74,0.5261,1.6752,90.01,0.06750592417061611
Rectangle,60,60,36,20,56,300,0,-75.0,50,0.4049,1.4073,75.36,0.0672816519972918
Rectangle,60,80,60,20,80,600,0,0,74,0.6704,1.9432,62.14,0.06727344850191617
Rectangle,80,60,60,20,80,600,0,0,74,0.6704,1.9432,62.14,0.06727344850191617
Cylinder,100,100,44,30,74,600,0,-150.0,68,0.4835,1.6752,82.96,0.06726335340079416
Rectangle,80,100,60,10,70,600,0,0,64,0.7926,1.3792,70.1,0.0671804444831098
Rectangle,100,80,60,10,70,600,0,0,64,0.7926,1.3792,70.1,0.0671804444831098
Rectangle,60,60,36,20,56,300,-75.0,0,50,0.4049,1.4073,75.18,0.06712296885578875
Cylinder,80,80,36,30,66,450,112.5,0,60,0.4503,1.5765,78.42,0.06683204976303318
Rectangle,80,100,44,20,64,450,-112.5,0,58,0.429,1.5765,84.93,0.06676721969805192
Cylinder,100,100,60,10,70,600,0,150.0,64,0.455,1.6752,77.84,0.06672308733920108
Cylinder,80,80,30,30,60,450,-112.5,0,54,0.4053,1.5765,70.36,0.06596193720379147
Cylinder,100,100,36,0,36,300,0,-75.0,30,0.4266,0.7376,78.59,0.06549499736703529
Rectangle,80,60,30,20,50,450,0,0,44,0.5372,1.4074,50.39,0.06546495350882367
Cylinder,80,80,36,30,66,450,0,-112.5,60,0.4503,1.5765,76.72,0.06538466716932358
Rectangle,80,100,44,0,44,300,-75.0,0,38,0.4218,0.9843,85.6,0.06525578066069036
Cylinder,80,80,30,30,60,450,0,-112.5,54,0.4053,1.5765,69.59,0.0652399289099526
Rectangle,80,100,44,20,64,450,112.5,0,58,0.429,1.5765,82.82,0.06510618912197856
Cylinder,80,80,36,0,36,300,0,0,30,0.7598,0.5896,62.5,0.06510416666666667
Rectangle,60,60,36,20,56,300,75.0,0,50,0.4049,1.4073,72.89,0.06507771947641615
Cylinder,60,60,36,30,66,450,0,0,60,0.7465,1.4074,57.27,0.06507611661640098
Cylinder,80,80,60,10,70,450,0,-112.5,64,0.4803,1.5765,80.83,0.06494900981719702
Rectangle,80,80,60,10,70,450,0,-112.5,64,0.4719,1.5765,80.83,0.06494900981719702
Cylinder,80,80,36,10,46,300,-75.0,0,40,0.4503,0.9843,79.5,0.06481171440346177
Cylinder,60,60,26,10,36,300,0,0,30,0.5598,0.8716,46.56,0.06467219589257504
Rectangle,80,100,30,20,50,600,0,0,44,0.5513,1.3792,48.16,0.06461812555831738
Rectangle,100,80,44,20,64,450,0,-112.5,58,0.429,1.5765,82.01,0.06446971946198783
Rectangle,80,80,30,0,30,300,0,0,24,0.6002,0.5896,51.52,0.06440067140600315
Rectangle,80,80,44,30,74,600,0,0,68,0.8398,1.3792,63.53,0.06438532727039836
Cylinder,100,100,36,20,56,600,0,0,50,0.7998,1.0502,59.97,0.06425609343263372
Rectangle,60,80,26,30,56,600,0,0,50,0.4602,1.9432,41.53,0.06422264387831028
Cylinder,80,80,36,10,46,300,75.0,0,40,0.4503,0.9843,78.42,0.06392630846898827
Cylinder,60,60,30,30,60,450,0,0,54,0.6718,1.4074,51.09,0.0638576224328594
Cylinder,80,80,30,30,60,600,0,0,54,0.6838,1.3792,51.09,0.0638576224328594
Cylinder,100,100,60,0,60,450,0,-112.5,54,0.5119,1.2064,85.13,0.06384774881516588
Rectangle,80,100,44,0,44,300,75.0,0,38,0.4218,0.9843,83.65,0.06376551023729743
Rectangle,80,80,22,10,32,450,0,0,26,0.4361,0.9844,36.18,0.06359226895734597
Cylinder,100,100,44,20,64,600,0,0,58,0.9277,1.0502,67.75,0.06351821682464455
Rectangle,60,80,36,20,56,450,0,0,50,0.6072,1.4074,54.74,0.06348971784260918
Rectangle,100,80,36,10,46,450,0,0,40,0.6649,0.9844,58.04,0.0634768807877075
Cylinder,100,100,60,20,80,600,0,-150.0,74,0.5261,1.6752,84.5,0.06337381516587677
Rectangle,80,80,36,30,66,450,0,-112.5,60,0.4433,1.5765,74.33,0.06334823352003448
Cylinder,80,80,30,30,60,450,112.5,0,54,0.4053,1.5765,67.46,0.06324052132701422
Cylinder,80,80,44,30,74,450,-112.5,0,68,0.5103,1.5765,82.96,0.06305939381324453
Rectangle,100,80,44,20,64,450,112.5,0,58,0.429,1.5765,80.21,0.06305706728981328
Rectangle,100,80,30,10,40,450,0,0,34,0.5676,0.9844,50.1,0.063013601069131
Cylinder,100,100,60,30,90,800,0,0,84,1.0077,1.4669,70.85,0.06298051606108479
Rectangle,80,80,36,30,66,600,0,0,60,0.745,1.3792,55.41,0.0629667528364211
Rectangle,100,80,44,20,64,450,-112.5,0,58,0.429,1.5765,80.09,0.06296392538835123
Rectangle,100,80,44,0,44,300,0,-75.0,38,0.4218,0.9843,82.44,0.06284726280470178
Rectangle,80,80,30,30,60,450,0,-112.5,54,0.4002,1.5765,66.9,0.06272215639810427
Cylinder,80,80,44,30,74,450,112.5,0,68,0.5103,1.5765,82.31,0.06256404508774177
Cylinder,80,80,36,10,46,300,0,-75.0,40,0.4503,0.9843,76.72,0.06254185555326602
Cylinder,100,100,36,20,56,450,-112.5,0,50,0.474,1.2064,77.69,0.06242594786729858
Rectangle,80,80,36,30,66,450,-112.5,0,60,0.4433,1.5765,73.06,0.06227111158983198
Cylinder,100,100,26,30,56,800,0,0,50,0.5998,1.4669,43.58,0.062260212141728735
Cylinder,60,60,36,10,46,300,0,0,40,0.7465,0.8716,57.27,0.06224672024177485
Cylinder,100,100,30,20,50,450,-112.5,0,44,0.4171,1.2064,69.12,0.06220379146919431
Cylinder,60,60,60,0,60,300,-75.0,0,54,0.4479,1.4073,74.61,0.0621708794102159
Rectangle,60,60,60,0,60,300,-75.0,0,54,0.4355,1.4073,74.61,0.0621708794102159
Cylinder,100,100,30,20,50,450,0,-112.5,44,0.4171,1.2064,68.7,0.06183056872037914
Rectangle,100,80,44,0,44,300,-75.0,0,38,0.4218,0.9843,80.92,0.061688163586507284
Cylinder,80,80,44,20,64,450,0,112.5,58,0.4353,1.5765,70.14,0.06164840047393365
Rectangle,100,80,44,0,44,300,75.0,0,38,0.4218,0.9843,80.86,0.0616430038767075
Rectangle,100,80,26,20,46,600,0,0,40,0.5021,1.3792,42.24,0.06159784416690771
Rectangle,80,100,60,0,60,450,0,112.5,54,0.4002,1.5765,73.36,0.06151505136560811
Rectangle,100,80,60,0,60,450,0,112.5,54,0.4002,1.5765,73.36,0.06151505136560811
Rectangle,80,100,44,20,64,450,0,-112.5,58,0.429,1.5765,78.1,0.061396036713739915
Cylinder,100,100,36,20,56,450,112.5,0,50,0.474,1.2064,76.2,0.06123582430602573
Cylinder,60,60,60,0,60,300,0,-75.0,54,0.4479,1.4073,73.44,0.06119997367035282
Rectangle,60,60,60,0,60,300,0,-75.0,54,0.4355,1.4073,73.44,0.06119997367035282
Rectangle,80,100,60,10,70,450,-112.5,0,64,0.4719,1.5765,85.05,0.061129473462412785
Rectangle,100,80,60,10,70,450,-112.5,0,64,0.4719,1.5765,85.05,0.061129473462412785
Rectangle,80,100,60,10,70,450,112.5,0,64,0.4719,1.5765,84.95,0.06105850820415599
Rectangle,100,80,60,10,70,450,112.5,0,64,0.4719,1.5765,84.95,0.06105850820415599
Rectangle,60,60,36,30,66,450,0,0,60,0.7213,1.4074,53.65,0.060969589257503946
Cylinder,60,60,60,0,60,300,75.0,0,54,0.4479,1.4073,72.73,0.06060755660874144
Rectangle,60,60,60,0,60,300,75.0,0,54,0.4355,1.4073,72.73,0.06060755660874144
Rectangle,80,80,44,30,74,450,-112.5,0,68,0.5003,1.5765,79.72,0.06059766075317023
Rectangle,80,80,36,10,46,300,0,-75.0,40,0.4433,0.9843,74.33,0.06059396249742428
Rectangle,80,80,22,20,42,600,0,0,36,0.4526,1.3792,33.91,0.06054643421349583
Rectangle,60,60,22,20,42,450,0,0,36,0.4422,1.4074,33.91,0.06054643421349582
Cylinder,100,100,36,20,56,450,0,-112.5,50,0.474,1.2064,75.34,0.060537618483412325
Cylinder,80,80,44,0,44,300,0,75.0,38,0.4278,0.9843,70.93,0.06045346833261525
Cylinder,100,100,44,10,54,450,0,112.5,48,0.455,1.2064,72.22,0.06017969984202212
Cylinder,100,100,60,10,70,600,0,0,64,1.0237,1.0502,70.1,0.06008801624915369
Cylinder,80,80,44,30,74,450,0,-112.5,68,0.5103,1.5765,79.03,0.060072290892788524
Cylinder,60,60,60,30,90,600,0,0,84,0.7838,1.9432,53.99,0.05998771283131473
Rectangle,60,60,60,30,90,600,0,0,84,0.7548,1.9432,53.99,0.05998771283131473
Cylinder,100,100,30,20,50,600,0,0,44,0.7038,1.0502,49.94,0.05992890995260663
Cylinder,80,80,60,0,60,450,0,0,54,0.9117,0.9844,63.84,0.05985263625592417
Rectangle,80,80,60,0,60,450,0,0,54,0.8866,0.9844,63.84,0.05985263625592417
Rectangle,80,100,44,0,44,300,0,-75.0,38,0.4218,0.9843,78.52,0.059851668721316
Rectangle,80,80,36,30,66,450,112.5,0,60,0.4433,1.5765,70.1,0.05974660706591987
Rectangle,60,80,30,20,50,450,0,0,44,0.5372,1.4074,45.95,0.059693160977677386
Rectangle,80,80,44,30,74,450,0,-112.5,68,0.5003,1.5765,78.48,0.059651995004483156
Cylinder,100,100,30,20,50,450,112.5,0,44,0.4171,1.2064,66.25,0.059626777251184836
Rectangle,80,80,36,10,46,300,-75.0,0,40,0.4433,0.9843,73.06,0.05956367195549145
Rectangle,80,60,44,20,64,450,0,0,58,0.6987,1.4074,58.59,0.05946148763857999
Rectangle,80,80,44,30,74,450,112.5,0,68,0.5003,1.5765,78.0,0.0592917413859357
Rectangle,60,60,30,10,40,300,0,0,34,0.6188,0.8716,47.37,0.059217022116903634
Rectangle,60,80,44,20,64,450,0,0,58,0.6987,1.4074,58.23,0.05910075060538334
Rectangle,100,80,26,10,36,450,0,0,30,0.5021,0.9844,42.24,0.059031267326619896
Rectangle,80,60,26,20,46,450,0,0,40,0.49,1.4074,41.63,0.05877748142829167
Rectangle,80,60,44,0,44,300,0,0,38,0.6874,0.8716,59.7,0.05874790849042165
Rectangle,80,100,36,10,46,450,0,0,40,0.6649,0.9844,53.71,0.05874689205259081
Rectangle,100,80,22,30,52,800,0,0,46,0.434,1.9056,34.14,0.058727693721854664
Rectangle,80,80,44,20,64,450,0,112.5,58,0.429,1.5765,66.79,0.058697885811611374
Cylinder,100,100,44,20,64,450,-112.5,0,58,0.5498,1.2064,83.45,0.0586770586492891
Rectangle,100,80,44,10,54,450,0,0,48,0.7926,0.9844,62.91,0.05861730332012186
Rectangle,80,100,30,10,40,450,0,0,34,0.5676,0.9844,46.45,0.0584186005970028
Cylinder,100,100,44,20,64,450,112.5,0,58,0.5498,1.2064,82.96,0.058329939277251185
Rectangle,60,60,36,10,46,300,0,0,40,0.7213,0.8716,53.65,0.058318737550655954
Cylinder,80,80,60,20,80,600,0,0,74,0.9371,1.3792,62.14,0.058260515402843605
Rectangle,80,80,60,20,80,600,0,0,74,0.9098,1.3792,62.14,0.058260515402843605
Rectangle,60,80,44,0,44,300,0,0,38,0.6874,0.8716,59.16,0.05822320007849925
Rectangle,80,100,60,10,70,450,0,-112.5,64,0.4719,1.5765,80.83,0.05809216040902149
Rectangle,100,80,60,10,70,450,0,-112.5,64,0.4719,1.5765,80.83,0.05809216040902149
Rectangle,80,80,44,0,44,300,0,75.0,38,0.4218,0.9843,67.83,0.057811153597587255
Rectangle,80,100,26,20,46,600,0,0,40,0.5021,1.3792,39.61,0.05776777718504762
Rectangle,80,80,36,0,36,300,0,0,30,0.745,0.5896,55.41,0.057719523433386
Cylinder,100,100,44,0,44,300,-75.0,0,38,0.5403,0.7376,84.06,0.057316350710900466
Rectangle,80,60,36,20,56,300,0,-75.0,50,0.4049,1.4073,74.03,0.05724457724673924
Rectangle,80,80,36,10,46,300,75.0,0,40,0.4433,0.9843,70.1,0.05714892849783639
Cylinder,100,100,44,0,44,300,75.0,0,38,0.5403,0.7376,83.79,0.05712785437311503
Cylinder,100,100,60,30,90,600,-150.0,0,84,0.5972,1.6752,85.68,0.05712216956292786
Cylinder,100,100,60,30,90,600,150.0,0,84,0.5972,1.6752,85.58,0.05705634544497104
Rectangle,100,80,22,0,22,300,0,0,16,0.4029,0.5896,37.42,0.05705176671372928
Rectangle,80,80,30,30,60,450,-112.5,0,54,0.4002,1.5765,60.58,0.05679798578199052
Cylinder,60,60,60,10,70,450,0,0,64,0.7962,1.4074,52.84,0.05661814488828707
Rectangle,60,60,60,10,70,450,0,0,64,0.7658,1.4074,52.84,0.05661814488828707
Rectangle,80,60,22,30,52,600,0,0,46,0.4243,1.9432,33.93,0.05650108016244629
Rectangle,60,80,36,20,56,300,-75.0,0,50,0.4049,1.4073,72.95,0.05640476616416504
Cylinder,100,100,44,30,74,600,0,150.0,68,0.4835,1.6752,69.35,0.056231587037274246
Cylinder,80,80,36,20,56,450,0,0,50,0.8442,0.9844,55.85,0.05609449052132701
Cylinder,100,100,44,20,64,450,0,-112.5,58,0.5498,1.2064,79.48,0.05588621889810426
Rectangle,60,60,26,10,36,300,0,0,30,0.549,0.8716,40.23,0.055868220115850444
Rectangle,100,80,36,30,66,450,0,-112.5,60,0.4433,1.5765,73.2,0.05580234807593521
Cylinder,80,80,60,20,80,450,-112.5,0,74,0.5554,1.5765,79.19,0.05567794727488151
Rectangle,80,80,60,20,80,450,-112.5,0,74,0.5425,1.5765,79.19,0.05567794727488151
Cylinder,80,80,44,10,54,300,-75.0,0,48,0.5403,0.9843,80.17,0.05567623310514306
Rectangle,80,100,26,10,36,450,0,0,30,0.5021,0.9844,39.61,0.05536078646900398
Cylinder,60,60,44,20,64,300,-75.0,0,58,0.4811,1.4073,70.81,0.05532311413902054
Rectangle,60,60,44,20,64,300,-75.0,0,58,0.4659,1.4073,70.81,0.05532311413902054
Rectangle,80,100,44,10,54,450,0,0,48,0.7926,0.9844,59.22,0.05517680246611596
Rectangle,100,80,30,30,60,450,0,-112.5,54,0.4002,1.5765,65.8,0.0551731227860582
Cylinder,80,80,44,10,54,300,75.0,0,48,0.5403,0.9843,79.44,0.05516883886255924
Cylinder,100,100,36,30,66,600,0,150.0,60,0.4266,1.6752,60.53,0.055022978601177656
Cylinder,100,100,60,0,60,450,0,112.5,54,0.5119,1.2064,73.36,0.055020734597156395
Cylinder,80,80,60,20,80,450,112.5,0,74,0.5554,1.5765,77.98,0.054830976007109004
Rectangle,80,80,60,20,80,450,112.5,0,74,0.5425,1.5765,77.98,0.054830976007109004
Cylinder,100,100,60,10,70,450,-112.5,0,64,0.6067,1.2064,85.05,0.05467586323628978
Cylinder,100,100,36,10,46,450,0,0,40,0.8531,0.7376,55.85,0.05463115598598805
Cylinder,60,60,44,20,64,300,0,-75.0,58,0.4811,1.4073,69.91,0.054613447867298576
Rectangle,60,60,44,20,64,300,0,-75.0,58,0.4659,1.4073,69.91,0.054613447867298576
Cylinder,100,100,60,10,70,450,112.5,0,64,0.6067,1.2064,84.95,0.054612389979688564
Cylinder,100,100,44,0,44,300,0,-75.0,38,0.5403,0.7376,79.98,0.05452929771650151
Rectangle,100,80,26,0,26,300,0,0,20,0.5021,0.5896,42.24,0.05449040060918759
Rectangle,60,60,30,30,60,450,0,0,54,0.6533,1.4074,43.56,0.05445300157977883
Rectangle,80,80,30,30,60,600,0,0,54,0.673,1.3792,43.56,0.05445300157977883
Rectangle,100,80,44,30,74,600,0,0,68,0.8398,1.3792,59.74,0.05415096733649981
Cylinder,100,100,60,30,90,600,0,-150.0,84,0.5972,1.6752,81.14,0.05409426013691416
Cylinder,100,100,60,20,80,600,0,150.0,74,0.5261,1.6752,72.12,0.05408767772511849
Rectangle,60,80,60,0,60,300,-75.0,0,54,0.4355,1.4073,74.61,0.05384156094486586
Rectangle,80,60,60,0,60,300,-75.0,0,54,0.4355,1.4073,74.61,0.05384156094486586
Cylinder,60,60,30,30,60,300,0,-75.0,54,0.4479,1.4073,64.53,0.05377830437072143
Cylinder,80,80,60,20,80,450,0,-112.5,74,0.5554,1.5765,76.48,0.05377573311611374
Rectangle,80,80,60,20,80,450,0,-112.5,74,0.5425,1.5765,76.48,0.05377573311611374
Rectangle,80,100,36,30,66,450,-112.5,0,60,0.4433,1.5765,70.54,0.05377016113494486
Cylinder,80,80,44,10,54,300,0,-75.0,48,0.5403,0.9843,77.25,0.0536466561348078
Cylinder,100,100,30,10,40,450,0,0,34,0.7251,0.7376,47.67,0.05362855450236967
Rectangle,80,80,44,10,54,300,-75.0,0,48,0.5285,0.9843,77.13,0.05356437598736177
Rectangle,80,100,60,0,60,450,0,0,54,0.8866,0.9844,63.84,0.05353382532032598
Rectangle,100,80,60,0,60,450,0,0,54,0.8866,0.9844,63.84,0.05353382532032598
Rectangle,60,80,36,20,56,300,75.0,0,50,0.4049,1.4073,69.21,0.0535188698985919
Rectangle,80,100,44,30,74,450,-112.5,0,68,0.5003,1.5765,78.71,0.05351547664544336
Rectangle,100,80,36,10,46,300,0,-75.0,40,0.4433,0.9843,73.2,0.053376159029155414
Rectangle,80,80,44,10,54,300,0,-75.0,48,0.5285,0.9843,76.72,0.05327639547130069
Rectangle,100,80,22,10,32,450,0,0,26,0.4361,0.9844,33.83,0.053184025734835126
Rectangle,80,80,30,30,60,450,112.5,0,54,0.4002,1.5765,56.71,0.05316943127962086
Cylinder,60,60,44,20,64,300,75.0,0,58,0.4811,1.4073,67.93,0.05307069510268562
Rectangle,60,60,44,20,64,300,75.0,0,58,0.4659,1.4073,67.93,0.05307069510268562
Rectangle,60,80,60,0,60,300,0,-75.0,54,0.4355,1.4073,73.44,0.05300073190946431
Rectangle,80,60,60,0,60,300,0,-75.0,54,0.4355,1.4073,73.44,0.05300073190946431
Rectangle,100,80,44,30,74,450,0,-112.5,68,0.5003,1.5765,77.76,0.05287103538127344
Rectangle,60,80,60,0,60,300,75.0,0,54,0.4355,1.4073,72.73,0.05248768368447353
Rectangle,80,60,60,0,60,300,75.0,0,54,0.4355,1.4073,72.73,0.05248768368447353
Rectangle,60,80,26,20,46,450,0,0,40,0.49,1.4074,37.03,0.052280729448788844
Cylinder,60,60,22,10,32,300,0,0,26,0.4852,0.8716,33.45,0.05226846366508689
Cylinder,80,80,44,20,64,450,0,0,58,0.9793,0.9844,59.42,0.05222410952310426
Cylinder,80,80,60,10,70,450,0,112.5,64,0.4803,1.5765,64.85,0.052111543669600545
Rectangle,80,80,60,10,70,450,0,112.5,64,0.4719,1.5765,64.85,0.052111543669600545
Rectangle,80,100,60,20,80,600,0,0,74,0.9098,1.3792,62.14,0.052109789137972734
Rectangle,100,80,60,20,80,600,0,0,74,0.9098,1.3792,62.14,0.052109789137972734
Rectangle,80,80,44,10,54,300,75.0,0,48,0.5285,0.9843,74.96,0.052055906617517994
Cylinder,100,100,60,10,70,450,0,-112.5,64,0.6067,1.2064,80.83,0.05195920785375762
Cylinder,60,60,30,30,60,300,-75.0,0,54,0.4479,1.4073,62.34,0.05195168509741969
Rectangle,60,80,60,30,90,600,0,0,84,0.7548,1.9432,53.99,0.05195088322684428
Rectangle,80,60,60,30,90,600,0,0,84,0.7548,1.9432,53.99,0.05195088322684428
Cylinder,60,60,36,30,66,300,-75.0,0,60,0.4977,1.4073,68.52,0.0519112930250371
Cylinder,100,100,44,10,54,450,0,0,48,1.0237,0.7376,62.28,0.051902317008952085
Cylinder,60,60,36,30,66,300,0,-75.0,60,0.4977,1.4073,68.36,0.05179161281057015
Cylinder,60,60,26,30,56,450,0,0,50,0.622,1.4074,38.63,0.05173070412999324
Cylinder,80,80,26,30,56,600,0,0,50,0.6332,1.3792,38.63,0.05173070412999323
Cylinder,80,80,44,0,44,300,0,0,38,0.9624,0.5896,60.55,0.05160087246876347
Rectangle,80,100,36,10,46,300,-75.0,0,40,0.4433,0.9843,70.54,0.05143232804212117
Rectangle,60,80,36,20,56,300,0,-75.0,50,0.4049,1.4073,66.51,0.05142697683836163
Rectangle,100,80,22,20,42,600,0,0,36,0.4526,1.3792,32.15,0.051347306863146834
Rectangle,80,100,44,30,74,450,112.5,0,68,0.5003,1.5765,75.47,0.05131363565952948
Rectangle,60,60,30,30,60,300,0,-75.0,54,0.4355,1.4073,61.57,0.051309899947340705
Rectangle,100,80,30,0,30,300,0,0,24,0.6002,0.5896,45.77,0.05117699024333049
Rectangle,80,100,26,0,26,300,0,0,20,0.5021,0.5896,39.61,0.051102264432926744
Rectangle,60,60,36,30,66,300,0,-75.0,60,0.4809,1.4073,67.38,0.051043611470151753
Rectangle,100,80,36,30,66,600,0,0,60,0.745,1.3792,50.22,0.05104050756482448
Rectangle,80,100,44,30,74,600,0,0,68,0.8398,1.3792,55.96,0.05073184840715387
Rectangle,80,100,36,30,66,450,112.5,0,60,0.4433,1.5765,66.47,0.05066919439535957
Cylinder,80,80,30,20,50,450,0,0,44,0.7429,0.9844,45.02,0.050651658767772514
Rectangle,80,100,36,30,66,450,0,-112.5,60,0.4433,1.5765,66.27,0.05051866202936029
Cylinder,100,100,36,0,36,300,0,75.0,30,0.4266,0.7376,60.53,0.050437730384412856
Cylinder,100,100,26,20,46,600,0,0,40,0.6398,1.0502,38.63,0.05038120750051514
Rectangle,100,80,44,20,64,450,0,112.5,58,0.429,1.5765,64.08,0.05037424504072971
Rectangle,80,100,22,0,22,300,0,0,16,0.4029,0.5896,32.76,0.049946639038563
Rectangle,80,100,60,20,80,450,-112.5,0,74,0.5425,1.5765,79.19,0.04979986998171369
Rectangle,100,80,60,20,80,450,-112.5,0,74,0.5425,1.5765,79.19,0.04979986998171369
Cylinder,60,60,36,30,66,300,75.0,0,60,0.4977,1.4073,65.68,0.049757049164632104
Rectangle,100,80,44,0,44,300,0,75.0,38,0.4218,0.9843,65.15,0.04966062754316436
Rectangle,80,60,22,20,42,450,0,0,36,0.4422,1.4074,31.91,0.0493503530705418
Rectangle,80,100,44,30,74,450,0,-112.5,68,0.5003,1.5765,72.49,0.04928633084932829
Cylinder,60,60,44,30,74,450,0,0,68,0.846,1.4074,48.62,0.04927468938132445
Rectangle,60,60,44,30,74,450,0,0,68,0.8098,1.4074,48.62,0.04927468938132445
Rectangle,80,100,60,20,80,450,112.5,0,74,0.5425,1.5765,77.98,0.04904231584982229
Rectangle,100,80,60,20,80,450,112.5,0,74,0.5425,1.5765,77.98,0.04904231584982229
Rectangle,60,80,60,10,70,450,0,0,64,0.7658,1.4074,52.84,0.04903275178840465
Rectangle,80,60,60,10,70,450,0,0,64,0.7658,1.4074,52.84,0.04903275178840465
Rectangle,80,80,44,20,64,450,0,0,58,0.9483,0.9844,55.69,0.048943831457345974
Cylinder,60,60,36,20,56,300,0,75.0,50,0.4147,1.4073,54.78,0.048909670503272384
Rectangle,100,80,44,30,74,450,-112.5,0,68,0.5003,1.5765,71.84,0.04884327748021147
Cylinder,60,60,30,30,60,300,75.0,0,54,0.4479,1.4073,58.57,0.04880858346498157
Cylinder,60,60,26,30,56,300,0,-75.0,50,0.4147,1.4073,54.4,0.048574672760099295
Rectangle,80,100,30,0,30,300,0,0,24,0.6002,0.5896,43.42,0.04854969868208963
Rectangle,80,60,36,20,56,300,-75.0,0,50,0.4049,1.4073,62.74,0.0485105419879676
Rectangle,80,100,36,10,46,300,75.0,0,40,0.4433,0.9843,66.47,0.04846618594338741
Rectangle,80,100,22,30,52,800,0,0,46,0.434,1.9056,28.16,0.0484359116526112
Rectangle,80,80,44,0,44,300,0,0,38,0.9329,0.5896,56.77,0.04838633670831538
Rectangle,80,100,36,10,46,300,0,-75.0,40,0.4433,0.9843,66.27,0.04832219846286636
Cylinder,100,100,26,10,36,450,0,0,30,0.6398,0.7376,38.63,0.04828199052132701
Rectangle,60,60,36,30,66,300,-75.0,0,60,0.4809,1.4073,63.51,0.04811144621571162
Rectangle,80,80,36,20,56,450,0,0,50,0.8241,0.9844,47.89,0.04810082726811104
Rectangle,80,100,60,20,80,450,0,-112.5,74,0.5425,1.5765,76.48,0.048098477915006765
Rectangle,100,80,60,20,80,450,0,-112.5,74,0.5425,1.5765,76.48,0.048098477915006765
Cylinder,80,80,36,30,66,450,0,112.5,60,0.4503,1.5765,56.36,0.04803290607496769
Rectangle,80,100,30,30,60,450,-112.5,0,54,0.4002,1.5765,57.21,0.04797014907299238
Cylinder,100,100,60,0,60,450,0,0,54,1.1517,0.7376,63.84,0.04788210900473933
Rectangle,100,80,44,30,74,450,112.5,0,68,0.5003,1.5765,70.34,0.04782291214527577
Rectangle,60,80,44,20,64,300,-75.0,0,58,0.4659,1.4073,70.66,0.04780433721398476
Rectangle,80,100,36,30,66,600,0,0,60,0.745,1.3792,46.66,0.04742773078084162
Cylinder,100,100,44,30,74,600,0,0,68,1.0877,1.0502,58.39,0.04734533111310362
Rectangle,80,60,44,20,64,300,0,-75.0,58,0.4659,1.4073,69.77,0.04720310882532369
Rectangle,80,100,44,10,54,300,-75.0,0,48,0.5285,0.9843,75.79,0.047075373538946995
Rectangle,100,80,44,10,54,300,0,-75.0,48,0.5285,0.9843,75.75,0.047050842338561924
Rectangle,100,80,36,30,66,450,-112.5,0,60,0.4433,1.5765,61.65,0.046996204664977004
Rectangle,60,80,44,20,64,300,0,-75.0,58,0.4659,1.4073,69.21,0.04682901116126792
Rectangle,100,80,36,0,36,300,0,0,30,0.745,0.5896,50.22,0.04678713193442243
Cylinder,100,100,30,10,40,300,0,-75.0,34,0.4835,0.7376,62.32,0.046741706161137445
Rectangle,80,60,44,20,64,300,-75.0,0,58,0.4659,1.4073,69.06,0.04672212611439484
Cylinder,60,60,60,10,70,300,0,-75.0,64,0.5309,1.4073,65.4,0.04671631685849695
Rectangle,60,60,60,10,70,300,0,-75.0,64,0.5106,1.4073,65.4,0.04671631685849695
Rectangle,80,60,36,20,56,300,75.0,0,50,0.4049,1.4073,60.37,0.04667822689871481
Cylinder,80,80,60,0,60,300,-75.0,0,54,0.6079,0.9843,74.61,0.046628159557661926
Rectangle,80,80,60,0,60,300,-75.0,0,54,0.5911,0.9843,74.61,0.046628159557661926
Cylinder,80,80,44,30,74,450,0,112.5,68,0.5103,1.5765,61.33,0.04662282246701678
Rectangle,80,100,60,10,70,450,0,112.5,64,0.4719,1.5765,64.85,0.04660998162307026
Rectangle,100,80,60,10,70,450,0,112.5,64,0.4719,1.5765,64.85,0.04660998162307026
Cylinder,100,100,60,20,80,600,0,0,74,1.1837,1.0502,62.14,0.04660841232227488
Rectangle,60,60,22,10,32,300,0,0,26,0.4781,0.8716,29.8,0.04656027843601896
Cylinder,100,100,44,30,74,450,-112.5,0,68,0.6446,1.2064,76.42,0.04647271679262201
Rectangle,80,60,36,30,66,450,0,0,60,0.7213,1.4074,47.18,0.04642697763268849
Rectangle,80,100,44,20,64,450,0,112.5,58,0.429,1.5765,58.65,0.04610524122371872
Cylinder,100,100,36,30,66,450,-112.5,0,60,0.5688,1.2064,67.44,0.04597964239551917
Cylinder,100,100,36,30,66,450,0,-112.5,60,0.5688,1.2064,67.4,0.045952714347264105
Rectangle,80,100,30,30,60,450,0,-112.5,54,0.4002,1.5765,54.8,0.04595000472128196
Cylinder,80,80,36,10,46,300,0,75.0,40,0.4503,0.9843,56.36,0.04594451885431692
Cylinder,80,80,60,0,60,300,0,-75.0,54,0.6079,0.9843,73.44,0.045899980252764615
Rectangle,80,80,60,0,60,300,0,-75.0,54,0.5911,0.9843,73.44,0.045899980252764615
Cylinder,60,60,60,10,70,300,-75.0,0,64,0.5309,1.4073,64.16,0.04582769126607989
Rectangle,60,60,60,10,70,300,-75.0,0,64,0.5106,1.4073,64.16,0.04582769126607989
Rectangle,60,80,44,20,64,300,75.0,0,58,0.4659,1.4073,67.44,0.04562655438394577
Rectangle,80,100,44,0,44,300,0,75.0,38,0.4218,0.9843,59.7,0.04550593424158408
Cylinder,80,80,60,30,90,450,-112.5,0,84,0.6304,1.5765,72.81,0.0455050355450237
Rectangle,80,80,60,30,90,450,-112.5,0,84,0.6117,1.5765,72.81,0.0455050355450237
Cylinder,80,80,60,0,60,300,75.0,0,54,0.6079,0.9843,72.73,0.04545566745655608
Rectangle,80,80,60,0,60,300,75.0,0,54,0.5911,0.9843,72.73,0.04545566745655608
Rectangle,60,60,26,30,56,450,0,0,50,0.6072,1.4074,33.91,0.045409825660121875
Rectangle,80,80,26,30,56,600,0,0,50,0.6245,1.3792,33.91,0.04540982566012187
Cylinder,100,100,26,10,36,300,0,-75.0,30,0.4266,0.7376,54.4,0.04533636124275935
Cylinder,100,100,44,30,74,450,112.5,0,68,0.6446,1.2064,74.53,0.04531990521327014
Rectangle,60,60,36,30,66,300,75.0,0,60,0.4809,1.4073,59.77,0.04528400114893006
Cylinder,100,100,44,30,74,450,0,-112.5,68,0.6446,1.2064,74.47,0.045283879851415396
Cylinder,80,80,30,20,50,300,0,-75.0,44,0.4953,0.9843,60.37,0.045275473933649286
Cylinder,80,80,36,20,56,300,-75.0,0,50,0.5629,0.9843,67.44,0.04515857735274204
Cylinder,80,80,36,20,56,300,0,-75.0,50,0.5629,0.9843,67.4,0.045132130162491534
Rectangle,80,60,30,10,40,300,0,0,34,0.6188,0.8716,41.63,0.04506273576169028
Cylinder,80,80,60,30,90,600,0,0,84,1.0637,1.3792,53.99,0.04499078462348605
Rectangle,80,80,60,30,90,600,0,0,84,1.0243,1.3792,53.99,0.04499078462348605
Rectangle,100,80,36,10,46,300,-75.0,0,40,0.4433,0.9843,61.65,0.04495289141867365
Cylinder,80,80,60,30,90,450,0,-112.5,84,0.6304,1.5765,71.78,0.04486325039494471
Rectangle,80,80,60,30,90,450,0,-112.5,84,0.6117,1.5765,71.78,0.04486325039494471
Rectangle,80,100,44,10,54,300,75.0,0,48,0.5285,0.9843,72.16,0.04481850310352067
Cylinder,100,100,22,30,52,800,0,0,46,0.5518,1.4669,29.13,0.04481103414752704
Rectangle,80,60,44,20,64,300,75.0,0,58,0.4659,1.4073,66.11,0.04473139211638373
Rectangle,100,80,36,30,66,450,112.5,0,60,0.4433,1.5765,58.63,0.04469305946518793
Rectangle,80,100,30,30,60,450,112.5,0,54,0.4002,1.5765,53.16,0.044575644219708485
Cylinder,100,100,26,0,26,300,0,0,20,0.6398,0.4251,38.63,0.0445679912504557
Cylinder,100,100,60,20,80,450,-112.5,0,74,0.7015,1.2064,79.19,0.04454235781990521
Rectangle,60,60,36,20,56,300,0,75.0,50,0.4049,1.4073,49.84,0.0445018054615211
Rectangle,80,60,36,10,46,300,0,0,40,0.7213,0.8716,47.18,0.04440841338778899
Rectangle,60,80,22,30,52,600,0,0,46,0.4243,1.9432,26.66,0.04439840408574068
Cylinder,100,100,30,30,60,450,0,-112.5,54,0.5119,1.2064,58.98,0.04423874407582939
Cylinder,80,80,60,30,90,450,112.5,0,84,0.6304,1.5765,70.56,0.044098045023696686
Rectangle,80,80,60,30,90,450,112.5,0,84,0.6117,1.5765,70.56,0.044098045023696686
Cylinder,100,100,36,10,46,300,-75.0,0,40,0.5688,0.7376,67.44,0.043980527508757465
Cylinder,100,100,36,10,46,300,0,-75.0,40,0.5688,0.7376,67.4,0.04395477024520915
Cylinder,100,100,60,30,90,600,0,150.0,84,0.5972,1.6752,65.9,0.043931016324381254
Rectangle,100,80,30,30,60,600,0,0,54,0.673,1.3792,39.26,0.04389122372896506
Cylinder,100,100,60,20,80,450,112.5,0,74,0.7015,1.2064,77.98,0.043864780805687204
Cylinder,100,100,36,30,66,450,112.5,0,60,0.5688,1.2064,64.3,0.04383886255924171
Cylinder,100,100,22,0,22,300,0,0,16,0.5119,0.4251,32.13,0.043811934510986646
Cylinder,100,100,44,20,64,450,0,112.5,58,0.5498,1.2064,62.26,0.0437786952014218
Rectangle,80,60,26,10,36,300,0,0,30,0.549,0.8716,36.39,0.04377536475268564
Cylinder,100,100,30,10,40,300,-75.0,0,34,0.4835,0.7376,58.31,0.04373518957345972
Rectangle,80,100,22,10,32,450,0,0,26,0.4361,0.9844,27.78,0.04368355178570521
Rectangle,80,80,36,20,56,300,0,-75.0,50,0.5495,0.9843,65.15,0.043624640318212594
Rectangle,80,100,44,10,54,300,0,-75.0,48,0.5285,0.9843,70.08,0.04353061508330455
Rectangle,80,100,36,0,36,300,0,0,30,0.745,0.5896,46.66,0.04347541988243815
Rectangle,80,80,30,20,50,450,0,0,44,0.7291,0.9844,38.63,0.043453791469194314
Rectangle,60,80,36,30,66,450,0,0,60,0.7213,1.4074,44.14,0.04343419632024227
Cylinder,100,100,36,30,66,600,0,0,60,0.9597,1.0502,47.77,0.04342596581933075
Rectangle,80,60,36,30,66,300,0,-75.0,60,0.4809,1.4073,66.05,0.0433370280958122
Cylinder,60,60,60,10,70,300,75.0,0,64,0.5309,1.4073,60.66,0.043331076506431955
Rectangle,60,60,60,10,70,300,75.0,0,64,0.5106,1.4073,60.66,0.043331076506431955
Cylinder,100,100,30,0,30,300,0,0,24,0.7678,0.4251,43.33,0.04332543443917852
Rectangle,80,80,44,30,74,450,0,112.5,68,0.5003,1.5765,56.83,0.04320041309081593
Cylinder,100,100,44,0,44,300,0,75.0,38,0.5403,0.7376,63.31,0.04316566135286515
Cylinder,80,80,36,20,56,300,75.0,0,50,0.5629,0.9843,64.3,0.04305602572782668
Cylinder,100,100,60,20,80,450,0,-112.5,74,0.7015,1.2064,76.48,0.04302058649289099
Rectangle,60,60,26,30,56,300,0,-75.0,50,0.4049,1.4073,47.97,0.0428268167456556
Cylinder,100,100,36,20,56,450,0,112.5,50,0.474,1.2064,53.28,0.042812711577522006
Rectangle,100,80,36,10,46,300,75.0,0,40,0.4433,0.9843,58.63,0.0427498829667015
Cylinder,60,60,44,30,74,300,0,-75.0,68,0.564,1.4073,63.05,0.042603326074890056
Rectangle,60,60,44,30,74,300,0,-75.0,68,0.5399,1.4073,63.05,0.042603326074890056
Rectangle,100,80,44,10,54,300,-75.0,0,48,0.5285,0.9843,68.54,0.04257389826828687
Cylinder,80,80,60,10,70,450,0,0,64,1.0806,0.9844,52.84,0.0424636086662153
Rectangle,80,80,60,10,70,450,0,0,64,1.0394,0.9844,52.84,0.0424636086662153
Rectangle,80,60,30,30,60,450,0,0,54,0.6533,1.4074,38.94,0.04215546248674252
Rectangle,80,100,22,20,42,600,0,0,36,0.4526,1.3792,26.28,0.04197989277324842
Cylinder,100,100,36,10,46,300,75.0,0,40,0.5688,0.7376,64.3,0.041932825056665984
Rectangle,60,80,44,30,74,450,0,0,68,0.8098,1.4074,47.59,0.04177183183201968
Cylinder,60,60,26,30,56,300,-75.0,0,50,0.4147,1.4073,46.74,0.04173366621530128
Rectangle,80,100,60,0,60,300,-75.0,0,54,0.5911,0.9843,74.61,0.04170549377465543
Rectangle,100,80,60,0,60,300,-75.0,0,54,0.5911,0.9843,74.61,0.04170549377465543
Cylinder,100,100,60,10,70,450,0,112.5,64,0.6067,1.2064,64.85,0.04168923493568044
Rectangle,80,80,30,20,50,300,0,-75.0,44,0.4861,0.9843,55.53,0.04164691943127962
Rectangle,80,60,44,30,74,450,0,0,68,0.8098,1.4074,47.43,0.04163317014958974
Rectangle,60,60,30,30,60,300,-75.0,0,54,0.4355,1.4073,49.86,0.04155147446024223
Rectangle,60,80,36,10,46,300,0,0,40,0.7213,0.8716,44.14,0.041545753001970866
Cylinder,80,80,26,20,46,450,0,0,40,0.6754,0.9844,33.97,0.04153358747166701
Cylinder,80,80,44,20,64,300,-75.0,0,58,0.6529,0.9843,70.81,0.04149233560426541
Cylinder,80,80,30,20,50,300,-75.0,0,44,0.4953,0.9843,55.17,0.041380331753554496
Rectangle,100,80,44,10,54,300,75.0,0,48,0.5285,0.9843,66.15,0.04108976064499021
Rectangle,80,100,60,0,60,300,0,-75.0,54,0.5911,0.9843,73.44,0.04105419040443186
Rectangle,100,80,60,0,60,300,0,-75.0,54,0.5911,0.9843,73.44,0.04105419040443186
Rectangle,80,60,30,30,60,300,0,-75.0,54,0.4355,1.4073,56.85,0.04102960665967941
Cylinder,60,60,44,10,54,300,0,0,48,0.8957,0.8716,44.29,0.04101208238254052
Rectangle,60,60,44,10,54,300,0,0,48,0.8531,0.8716,44.29,0.04101208238254052
Cylinder,80,80,44,20,64,300,0,-75.0,58,0.6529,0.9843,69.91,0.04096008590047393
Cylinder,100,100,22,10,32,450,0,0,26,0.5545,0.7376,29.01,0.04079346860189574
Cylinder,80,80,30,30,60,450,0,112.5,54,0.4053,1.5765,43.5,0.04078421208530806
Cylinder,100,100,44,10,54,300,-75.0,0,48,0.6825,0.7376,73.4,0.0407780410742496
Cylinder,100,100,30,10,40,300,75.0,0,34,0.4835,0.7376,54.36,0.04077310426540284
Rectangle,80,100,60,30,90,450,-112.5,0,84,0.6117,1.5765,72.81,0.04070094111888687
Rectangle,100,80,60,30,90,450,-112.5,0,84,0.6117,1.5765,72.81,0.04070094111888687
Rectangle,80,100,60,0,60,300,75.0,0,54,0.5911,0.9843,72.73,0.04065678495819375
Rectangle,100,80,60,0,60,300,75.0,0,54,0.5911,0.9843,72.73,0.04065678495819375
Rectangle,60,80,60,10,70,300,0,-75.0,64,0.5106,1.4073,65.4,0.0404575171707016
Rectangle,80,60,60,10,70,300,0,-75.0,64,0.5106,1.4073,65.4,0.0404575171707016
Cylinder,60,60,60,0,60,300,0,75.0,54,0.4479,1.4073,48.54,0.04044892048446551
Rectangle,60,60,60,0,60,300,0,75.0,54,0.4355,1.4073,48.54,0.04044892048446551
Rectangle,80,80,36,30,66,450,0,112.5,60,0.4433,1.5765,47.41,0.04040890241275313
Rectangle,80,100,60,30,90,600,0,0,84,1.0243,1.3792,53.99,0.04024098111166683
Rectangle,100,80,60,30,90,600,0,0,84,1.0243,1.3792,53.99,0.04024098111166683
Rectangle,80,80,44,20,64,300,0,-75.0,58,0.6322,0.9843,68.62,0.040207993927725116
Cylinder,100,100,44,10,54,300,0,-75.0,48,0.6825,0.7376,72.37,0.0402075653852905
Cylinder,60,60,44,30,74,300,-75.0,0,68,0.564,1.4073,59.4,0.04013492165150933
Rectangle,60,60,44,30,74,300,-75.0,0,68,0.5399,1.4073,59.4,0.04013492165150933
Rectangle,80,100,60,30,90,450,0,-112.5,84,0.6117,1.5765,71.78,0.04012691102987626
Rectangle,100,80,60,30,90,450,0,-112.5,84,0.6117,1.5765,71.78,0.04012691102987626
Rectangle,100,80,44,20,64,450,0,0,58,0.9483,0.9844,51.03,0.04011311222965966
Rectangle,60,80,30,10,40,300,0,0,34,0.6188,0.8716,37.03,0.04008189257740478
Rectangle,80,100,30,30,60,600,0,0,54,0.673,1.3792,35.66,0.039873013105890795
Cylinder,80,80,44,10,54,300,0,75.0,48,0.5403,0.9843,57.35,0.03982359136387573
Cylinder,100,100,36,0,36,300,0,0,30,0.9597,0.4251,47.77,0.039807135334386526
Cylinder,80,80,44,20,64,300,75.0,0,58,0.6529,0.9843,67.93,0.039803021327014215
Cylinder,60,60,60,20,80,450,0,0,74,0.9206,1.4074,42.42,0.0397659952606635
Rectangle,60,60,60,20,80,450,0,0,74,0.8746,1.4074,42.42,0.0397659952606635
Rectangle,100,80,44,0,44,300,0,0,38,0.9329,0.5896,52.15,0.03975559786041135
Cylinder,100,100,30,30,60,450,-112.5,0,54,0.5119,1.2064,52.92,0.039691943127962086
Rectangle,60,80,60,10,70,300,-75.0,0,64,0.5106,1.4073,64.16,0.03968794483321542
Rectangle,80,60,60,10,70,300,-75.0,0,64,0.5106,1.4073,64.16,0.03968794483321542
Cylinder,100,100,22,20,42,600,0,0,36,0.5758,1.0502,27.69,0.03955089144662605
Cylinder,100,100,44,10,54,300,75.0,0,48,0.6825,0.7376,71.11,0.03950544146041776
Rectangle,80,100,60,30,90,450,112.5,0,84,0.6117,1.5765,70.56,0.039442490539132846
Rectangle,100,80,60,30,90,450,112.5,0,84,0.6117,1.5765,70.56,0.039442490539132846
Cylinder,80,80,26,20,46,300,0,-75.0,40,0.4503,0.9843,48.2,0.039295925200906655
Cylinder,80,80,60,20,80,450,0,112.5,74,0.5554,1.5765,55.71,0.0391689499407583
Rectangle,80,80,60,20,80,450,0,112.5,74,0.5425,1.5765,55.71,0.0391689499407583
Rectangle,60,80,36,30,66,300,-75.0,0,60,0.4809,1.4073,59.66,0.039139360800433086
Cylinder,100,100,26,10,36,300,-75.0,0,30,0.4266,0.7376,46.74,0.03895142180094787
Rectangle,80,80,36,10,46,300,0,75.0,40,0.4433,0.9843,47.41,0.03865199361219864
Rectangle,80,80,44,20,64,300,-75.0,0,58,0.6322,0.9843,65.84,0.03857653287914692
Rectangle,100,80,26,30,56,600,0,0,50,0.6245,1.3792,32.13,0.03848682506127452
Rectangle,100,80,36,20,56,450,0,0,50,0.8241,0.9844,42.79,0.03844542866062472
Rectangle,100,80,36,20,56,300,0,-75.0,50,0.5495,0.9843,64.08,0.038380377173889306
Cylinder,80,80,30,20,50,300,75.0,0,44,0.4953,0.9843,51.17,0.03837381516587677
Cylinder,60,60,22,30,52,450,0,0,46,0.5723,1.4074,26.58,0.03833621946773605
Cylinder,80,80,22,30,52,600,0,0,46,0.5825,1.3792,26.58,0.03833621946773605
Rectangle,60,80,22,20,42,450,0,0,36,0.4422,1.4074,24.78,0.038325923950204184
Cylinder,100,100,30,20,50,450,0,112.5,44,0.4171,1.2064,42.56,0.03829976303317535
Rectangle,60,60,30,30,60,300,75.0,0,54,0.4355,1.4073,45.89,0.03824381253291206
Rectangle,80,60,22,10,32,300,0,0,26,0.4781,0.8716,28.26,0.03823812551884415
Rectangle,80,100,60,10,70,450,0,0,64,1.0394,0.9844,52.84,0.03798060621904263
Rectangle,100,80,60,10,70,450,0,0,64,1.0394,0.9844,52.84,0.03798060621904263
Cylinder,60,60,26,30,56,300,75.0,0,50,0.4147,1.4073,42.42,0.037872376438727144
Rectangle,80,80,36,20,56,300,-75.0,0,50,0.5495,0.9843,56.44,0.037793034867975625
Rectangle,80,100,44,20,64,450,0,0,58,0.9483,0.9844,47.95,0.03769142279164615
Cylinder,60,60,44,30,74,300,75.0,0,68,0.564,1.4073,55.59,0.037559775415225656
Rectangle,60,60,44,30,74,300,75.0,0,68,0.5399,1.4073,55.59,0.037559775415225656
Rectangle,60,80,60,10,70,300,75.0,0,64,0.5106,1.4073,60.66,0.037525813027897134
Rectangle,80,60,60,10,70,300,75.0,0,64,0.5106,1.4073,60.66,0.037525813027897134
Cylinder,100,100,60,0,60,300,-75.0,0,54,0.7679,0.7376,74.61,0.03730252764612954
Rectangle,80,100,44,0,44,300,0,0,38,0.9329,0.5896,48.82,0.037211600875023426
Cylinder,60,60,36,20,56,300,0,0,50,0.9331,0.8716,41.49,0.0370436978108779
Rectangle,80,80,26,20,46,450,0,0,40,0.6649,0.9844,30.29,0.0370421646404286
Rectangle,80,60,26,30,56,450,0,0,50,0.6072,1.4074,31.87,0.03696695692567504
Cylinder,80,80,44,30,74,450,0,0,68,1.1481,0.9844,48.62,0.03695601703599334
Cylinder,100,100,30,30,60,450,112.5,0,54,0.5119,1.2064,49.11,0.0368335308056872
Rectangle,100,80,30,30,60,450,-112.5,0,54,0.4002,1.5765,43.92,0.036826238018065255
Rectangle,80,60,44,30,74,300,0,-75.0,68,0.5399,1.4073,62.91,0.036814676685149296
Rectangle,80,80,44,10,54,300,0,75.0,48,0.5285,0.9843,52.92,0.036751799192557486
Cylinder,100,100,60,0,60,300,0,-75.0,54,0.7679,0.7376,73.44,0.036719984202211696
Cylinder,80,80,36,30,66,450,0,0,60,1.013,0.9844,42.99,0.03663897565704438
Rectangle,60,80,44,30,74,300,0,-75.0,68,0.5399,1.4073,62.32,0.03646802247907445
Cylinder,100,100,60,30,90,450,-112.5,0,84,0.7963,1.2064,72.81,0.03640402843601896
Rectangle,80,80,44,20,64,300,75.0,0,58,0.6322,0.9843,62.09,0.03637811018957346
Cylinder,100,100,60,0,60,300,75.0,0,54,0.7679,0.7376,72.73,0.03636453396524487
Rectangle,60,80,36,30,66,300,75.0,0,60,0.4809,1.4073,55.41,0.036353871700104345
Rectangle,100,80,44,30,74,450,0,112.5,68,0.5003,1.5765,53.42,0.03631695040790875
Cylinder,60,60,60,20,80,300,0,-75.0,74,0.6138,1.4073,58.0,0.036248518957345974
Rectangle,60,60,60,20,80,300,0,-75.0,74,0.5831,1.4073,58.0,0.036248518957345974
Rectangle,80,100,36,20,56,450,0,0,50,0.8241,0.9844,40.28,0.03619228171097112
Cylinder,60,60,30,20,50,300,0,0,44,0.8211,0.8716,36.08,0.036078199052132706
Cylinder,100,100,60,30,90,600,0,0,84,1.3436,1.0502,53.99,0.03599262769878884
Rectangle,80,60,36,20,56,300,0,75.0,50,0.4049,1.4073,46.47,0.035928645041765114
Rectangle,60,80,30,30,60,450,0,0,54,0.6533,1.4074,33.16,0.035891998739980065
Cylinder,100,100,60,30,90,450,0,-112.5,84,0.7963,1.2064,71.78,0.03589060031595577
Rectangle,100,80,30,20,50,450,0,0,44,0.7291,0.9844,35.66,0.03588571179530172
Rectangle,60,80,36,30,66,300,0,-75.0,60,0.4809,1.4073,54.64,0.03584859693306797
Rectangle,80,80,30,30,60,450,0,112.5,54,0.4002,1.5765,38.11,0.03573015402843602
Rectangle,60,80,26,10,36,300,0,0,30,0.549,0.8716,29.48,0.035462083329223903
Rectangle,100,80,44,20,64,300,0,-75.0,58,0.6322,0.9843,67.59,0.0354249698560694
Cylinder,100,100,26,10,36,300,75.0,0,30,0.4266,0.7376,42.42,0.03534755134281201
Cylinder,100,100,60,30,90,450,112.5,0,84,0.7963,1.2064,70.56,0.03527843601895735
Cylinder,100,100,26,30,56,450,0,-112.5,50,0.474,1.2064,43.86,0.03524352572782668
Cylinder,100,100,44,20,64,450,0,0,58,1.237,0.7376,49.94,0.03511459567535545
Cylinder,80,80,36,10,46,300,0,0,40,1.013,0.5896,42.99,0.03504597671543375
Cylinder,80,80,60,10,70,300,0,-75.0,64,0.7205,0.9843,65.4,0.03503723764387271
Rectangle,80,80,60,10,70,300,0,-75.0,64,0.693,0.9843,65.4,0.03503723764387271
Rectangle,80,100,60,20,80,450,0,112.5,74,0.5425,1.5765,55.71,0.035033773869928765
Rectangle,100,80,60,20,80,450,0,112.5,74,0.5425,1.5765,55.71,0.035033773869928765
Rectangle,60,80,60,0,60,300,0,75.0,54,0.4355,1.4073,48.54,0.03502979269520389
Rectangle,80,60,60,0,60,300,0,75.0,54,0.4355,1.4073,48.54,0.03502979269520389
Rectangle,80,80,36,20,56,300,75.0,0,50,0.5495,0.9843,52.29,0.035016079891672304
Rectangle,60,80,44,10,54,300,0,0,48,0.8531,0.8716,43.38,0.03478910340446747
Cylinder,100,100,44,0,44,300,0,0,38,1.2157,0.4251,51.01,0.03477757432141318
Rectangle,80,60,44,10,54,300,0,0,48,0.8531,0.8716,43.31,0.03472576411743157
Cylinder,100,100,30,30,60,600,0,0,54,0.8638,1.0502,34.68,0.03467614533965245
Rectangle,100,80,36,30,66,450,0,112.5,60,0.4433,1.5765,45.3,0.03453212476023614
Rectangle,60,60,22,30,52,450,0,0,46,0.5607,1.4074,23.91,0.034491204885162226
Rectangle,80,80,22,30,52,600,0,0,46,0.5758,1.3792,23.91,0.034491204885162226
Rectangle,60,80,60,20,80,450,0,0,74,0.8746,1.4074,42.42,0.034438362102506184
Rectangle,80,60,60,20,80,450,0,0,74,0.8746,1.4074,42.42,0.034438362102506184
Rectangle,60,60,36,20,56,300,0,0,50,0.8852,0.8716,38.51,0.03438134732566012
Cylinder,80,80,60,10,70,300,-75.0,0,64,0.7205,0.9843,64.16,0.03437076844955992
Rectangle,80,80,60,10,70,300,-75.0,0,64,0.693,0.9843,64.16,0.03437076844955992
Cylinder,60,60,44,20,64,300,0,75.0,58,0.4811,1.4073,43.92,0.0343108214849921
Rectangle,60,60,44,20,64,300,0,75.0,58,0.4659,1.4073,43.92,0.0343108214849921
Rectangle,60,80,44,30,74,300,-75.0,0,68,0.5399,1.4073,58.23,0.034076108457157965
Rectangle,100,80,30,30,60,450,112.5,0,54,0.4002,1.5765,40.58,0.03402784133413853
Cylinder,100,100,60,10,70,450,0,0,64,1.3649,0.7376,52.84,0.03397088693297224
Rectangle,80,80,44,30,74,450,0,0,68,1.099,0.9844,44.51,0.03383381900858204
Rectangle,100,80,30,20,50,300,0,-75.0,44,0.4861,0.9843,50.39,0.03380595662665559
Rectangle,80,60,26,30,56,300,0,-75.0,50,0.4049,1.4073,43.52,0.03365352047260957
Rectangle,80,60,44,30,74,300,-75.0,0,68,0.5399,1.4073,57.44,0.03361390284905816
Cylinder,80,80,36,30,66,300,0,-75.0,60,0.6754,0.9843,58.43,0.03320003949447078
Rectangle,80,80,26,20,46,300,0,-75.0,40,0.4433,0.9843,40.52,0.033033690500721205
Rectangle,100,80,36,10,46,300,0,75.0,40,0.4433,0.9843,45.3,0.033030728031530225
Rectangle,80,100,44,20,64,300,-75.0,0,58,0.6322,0.9843,62.84,0.03293083671691874
Cylinder,80,80,22,20,42,450,0,0,36,0.6078,0.9844,24.57,0.032900304671631686
Cylinder,80,80,60,10,70,300,75.0,0,64,0.7205,0.9843,60.66,0.03249830737982397
Rectangle,80,80,60,10,70,300,75.0,0,64,0.693,0.9843,60.66,0.03249830737982397
Rectangle,80,100,44,30,74,450,0,112.5,68,0.5003,1.5765,47.69,0.03242345110354885
Cylinder,60,60,60,20,80,300,-75.0,0,74,0.6138,1.4073,51.72,0.03232375592417062
Rectangle,60,60,60,20,80,300,-75.0,0,74,0.5831,1.4073,51.72,0.03232375592417062
Rectangle,80,100,44,20,64,300,0,-75.0,58,0.6322,0.9843,61.49,0.032227097905872075
Cylinder,80,80,30,10,40,300,0,0,34,0.8611,0.5896,34.08,0.03195349526066351
Cylinder,80,80,44,30,74,300,0,-75.0,68,0.7655,0.9843,63.05,0.03195249455616754
Rectangle,100,80,26,20,46,450,0,0,40,0.6649,0.9844,29.19,0.03192202443151809
Cylinder,100,100,36,20,56,450,0,0,50,1.0664,0.7376,39.69,0.03189531144211239
Rectangle,60,60,30,20,50,300,0,0,44,0.7879,0.8716,31.83,0.03183254344391785
Rectangle,60,80,44,30,74,300,75.0,0,68,0.5399,1.4073,54.38,0.03182285611767143
Cylinder,60,60,36,30,66,300,0,75.0,60,0.4977,1.4073,41.96,0.03179005696778209
Cylinder,80,80,26,20,46,300,-75.0,0,40,0.4503,0.9843,38.92,0.03172972903358747
Rectangle,80,100,36,20,56,300,-75.0,0,50,0.5495,0.9843,52.84,0.031650505182535524
Rectangle,80,80,36,30,66,450,0,0,60,0.9789,0.9844,37.07,0.03158996660922017
Rectangle,60,80,30,30,60,300,-75.0,0,54,0.4355,1.4073,43.68,0.031523963157766885
Rectangle,80,80,44,30,74,300,0,-75.0,68,0.7328,0.9843,62.16,0.03150217753298322
Rectangle,60,80,60,20,80,300,0,-75.0,74,0.5831,1.4073,58.0,0.031392138266623425
Rectangle,80,60,60,20,80,300,0,-75.0,74,0.5831,1.4073,58.0,0.031392138266623425
Rectangle,80,60,44,30,74,300,75.0,0,68,0.5399,1.4073,53.61,0.03137220564977412
Rectangle,80,100,60,10,70,300,0,-75.0,64,0.693,0.9843,65.4,0.03133825804620558
Rectangle,100,80,60,10,70,300,0,-75.0,64,0.693,0.9843,65.4,0.03133825804620558
Cylinder,60,60,26,20,46,300,0,0,40,0.7465,0.8716,28.83,0.031338003983790094
Cylinder,100,100,60,20,80,450,0,112.5,74,0.7015,1.2064,55.71,0.03133515995260664
Cylinder,100,100,44,30,74,450,0,112.5,68,0.6446,1.2064,51.38,0.03124599718201614
Rectangle,80,100,26,30,56,600,0,0,50,0.6245,1.3792,26.07,0.031224713632994696
Rectangle,100,80,30,30,60,450,0,112.5,54,0.4002,1.5765,37.2,0.031196327529691974
Rectangle,60,80,36,20,56,300,0,75.0,50,0.4049,1.4073,40.15,0.031042471470424344
Cylinder,80,80,44,10,54,300,0,0,48,1.2157,0.5896,44.29,0.030759061786905392
Rectangle,80,100,60,10,70,300,-75.0,0,64,0.693,0.9843,64.16,0.03074214987684841
Rectangle,100,80,60,10,70,300,-75.0,0,64,0.693,0.9843,64.16,0.03074214987684841
Rectangle,80,80,30,20,50,300,-75.0,0,44,0.4861,0.9843,40.98,0.030731635071090047
Rectangle,80,100,44,20,64,300,75.0,0,58,0.6322,0.9843,58.43,0.030622987380692187
Rectangle,100,80,44,10,54,300,0,75.0,48,0.5285,0.9843,49.29,0.03061493808056584
Rectangle,80,80,22,20,42,450,0,0,36,0.6002,0.9844,22.79,0.030520057549085985
Rectangle,80,100,36,20,56,300,0,-75.0,50,0.5495,0.9843,50.69,0.03036130299087022
Cylinder,80,80,60,0,60,300,0,75.0,54,0.6079,0.9843,48.54,0.03033669036334913
Rectangle,80,80,60,0,60,300,0,75.0,54,0.5911,0.9843,48.54,0.03033669036334913
Rectangle,80,80,36,30,66,300,0,-75.0,60,0.6526,0.9843,53.32,0.030294054286945284
Rectangle,80,100,30,20,50,450,0,0,44,0.7291,0.9844,30.04,0.03022268418640859
Rectangle,80,80,36,10,46,300,0,0,40,0.9789,0.5896,37.07,0.030216489800123637
Cylinder,80,80,44,30,74,300,-75.0,0,68,0.7655,0.9843,59.4,0.030101191238631995
Cylinder,80,80,26,10,36,300,0,0,30,0.7598,0.5896,28.83,0.030032253817798844
Rectangle,80,60,36,30,66,300,-75.0,0,60,0.4809,1.4073,45.58,0.02990190159794755
Cylinder,100,100,44,20,64,300,0,-75.0,58,0.8247,0.7376,63.72,0.029870779028436018
Cylinder,60,60,30,30,60,300,0,75.0,54,0.4479,1.4073,35.82,0.029851237493417587
Cylinder,80,80,36,30,66,300,-75.0,0,60,0.6754,0.9843,52.51,0.029834033462587964
Cylinder,80,80,60,20,80,450,0,0,74,1.2494,0.9844,42.42,0.02982449644549763
Rectangle,80,80,60,20,80,450,0,0,74,1.1869,0.9844,42.42,0.02982449644549763
Rectangle,60,80,22,10,32,300,0,0,26,0.4781,0.8716,22.02,0.02979420681587088
Cylinder,60,60,60,20,80,300,75.0,0,74,0.6138,1.4073,47.63,0.029768957345971563
Rectangle,60,60,60,20,80,300,75.0,0,74,0.5831,1.4073,47.63,0.029768957345971563
Cylinder,100,100,36,20,56,300,0,-75.0,50,0.711,0.7376,55.45,0.029705484089370342
Cylinder,60,60,60,0,60,300,0,0,54,1.0077,0.8716,35.49,0.029571484992101105
Rectangle,60,60,60,0,60,300,0,0,54,0.9482,0.8716,35.49,0.029571484992101105
Rectangle,80,100,36,30,66,450,0,112.5,60,0.4433,1.5765,38.59,0.029414024316260425
Cylinder,100,100,26,30,56,600,0,0,50,0.7998,1.0502,27.39,0.029345802301963434
Rectangle,60,80,44,20,64,300,0,75.0,58,0.4659,1.4073,43.09,0.029152896534632405
Rectangle,60,60,36,30,66,300,0,75.0,60,0.4809,1.4073,38.43,0.029112212169084207
Rectangle,80,100,36,20,56,300,75.0,0,50,0.5495,0.9843,48.6,0.02910758342833331
Rectangle,80,100,60,10,70,300,75.0,0,64,0.693,0.9843,60.66,0.029067369781987786
Rectangle,100,80,60,10,70,300,75.0,0,64,0.693,0.9843,60.66,0.029067369781987786
Cylinder,80,80,30,30,60,450,0,0,54,0.9117,0.9844,31.0,0.02906546208530806
Rectangle,60,60,26,30,56,300,-75.0,0,50,0.4049,1.4073,32.54,0.02905664635522455
Cylinder,80,80,60,30,90,450,0,112.5,84,0.6304,1.5765,46.31,0.02894204186413902
Rectangle,80,80,60,30,90,450,0,112.5,84,0.6117,1.5765,46.31,0.02894204186413902
Rectangle,80,60,44,20,64,300,0,75.0,58,0.4659,1.4073,42.61,0.02883224139401317
Rectangle,60,80,26,30,56,450,0,0,50,0.6072,1.4074,24.68,0.028629923269574843
Rectangle,60,80,30,30,60,300,75.0,0,54,0.4355,1.4073,39.65,0.028616689882819128
Rectangle,80,80,44,10,54,300,0,0,48,1.1578,0.5896,41.11,0.028551211163770407
Cylinder,100,100,44,20,64,300,-75.0,0,58,0.8247,0.7376,60.82,0.02851007109004739
Cylinder,80,80,26,20,46,300,75.0,0,40,0.4503,0.9843,34.87,0.028429579641458893
Rectangle,80,80,30,10,40,300,0,0,34,0.8398,0.5896,30.29,0.02839899289099526
Cylinder,80,80,44,30,74,300,75.0,0,68,0.7655,0.9843,55.59,0.02816983156141924
Rectangle,60,80,30,30,60,300,0,-75.0,54,0.4355,1.4073,39.0,0.028146395676577576
Rectangle,80,100,36,10,46,300,0,75.0,40,0.4433,0.9843,38.59,0.02813515369381432
Rectangle,60,60,30,30,60,300,0,75.0,54,0.4355,1.4073,33.69,0.028073986308583463
Cylinder,100,100,60,10,70,300,0,-75.0,64,0.9101,0.7376,65.4,0.028029790115098173
Rectangle,80,80,30,20,50,300,75.0,0,44,0.4861,0.9843,37.36,0.02802132701421801
Rectangle,60,80,60,20,80,300,-75.0,0,74,0.5831,1.4073,51.72,0.027993193776059497
Rectangle,80,60,60,20,80,300,-75.0,0,74,0.5831,1.4073,51.72,0.027993193776059497
Rectangle,100,80,44,20,64,300,-75.0,0,58,0.6322,0.9843,53.34,0.02795291953877986
Rectangle,80,60,36,30,66,300,75.0,0,60,0.4809,1.4073,42.42,0.027828979476772677
Cylinder,60,60,60,30,90,450,0,0,84,1.045,1.4074,33.21,0.027679041600842547
Rectangle,60,60,60,30,90,450,0,0,84,0.9791,1.4074,33.21,0.027679041600842547
Rectangle,80,100,44,10,54,300,0,75.0,48,0.5285,0.9843,44.47,0.02762213163358745
Rectangle,100,80,26,20,46,300,0,-75.0,40,0.4433,0.9843,37.88,0.02761679876393852
Rectangle,100,80,44,30,74,300,0,-75.0,68,0.7328,0.9843,60.92,0.02761251805505817
Cylinder,100,100,36,30,66,450,0,112.5,60,0.5688,1.2064,40.42,0.027560857389056437
Cylinder,100,100,60,10,70,300,-75.0,0,64,0.9101,0.7376,64.16,0.027496614759647934
Rectangle,60,60,26,20,46,300,0,0,40,0.7213,0.8716,25.28,0.027474414451541997
Cylinder,80,80,36,30,66,300,75.0,0,60,0.6754,0.9843,48.3,0.027444169179951173
Rectangle,100,80,22,30,52,600,0,0,46,0.5758,1.3792,21.25,0.02741078590719301
Cylinder,100,100,30,20,50,450,0,0,44,0.9384,0.7376,30.29,0.02726303317535545
Rectangle,100,80,44,30,74,450,0,0,68,1.099,0.9844,40.03,0.027214217551508702
Cylinder,80,80,60,20,80,300,0,-75.0,74,0.833,0.9843,58.0,0.02718638921800948
Rectangle,80,80,60,20,80,300,0,-75.0,74,0.7913,0.9843,58.0,0.02718638921800948
Rectangle,80,60,36,20,56,300,0,0,50,0.8852,0.8716,35.15,0.027179340490583043
Cylinder,100,100,26,30,56,450,-112.5,0,50,0.474,1.2064,33.79,0.027150685511171297
Rectangle,80,100,60,0,60,300,0,75.0,54,0.5911,0.9843,48.54,0.02713396074592458
Rectangle,100,80,60,0,60,300,0,75.0,54,0.5911,0.9843,48.54,0.02713396074592458
Cylinder,80,80,36,20,56,300,0,75.0,50,0.5629,0.9843,40.42,0.027068699221394717
Cylinder,60,60,60,10,70,300,0,75.0,64,0.5309,1.4073,37.7,0.026926765967050327
Rectangle,60,60,60,10,70,300,0,75.0,64,0.5106,1.4073,37.7,0.026926765967050327
Rectangle,80,100,60,20,80,450,0,0,74,1.1869,0.9844,42.42,0.026675840578733418
Rectangle,100,80,60,20,80,450,0,0,74,1.1869,0.9844,42.42,0.026675840578733418
Cylinder,100,100,44,20,64,300,75.0,0,58,0.8247,0.7376,56.89,0.026668024289099528
Rectangle,80,80,44,30,74,300,-75.0,0,68,0.7328,0.9843,52.39,0.026548690277955683
Rectangle,60,60,26,30,56,300,75.0,0,50,0.4049,1.4073,29.64,0.02646482171067479
Cylinder,100,100,36,10,46,300,0,75.0,40,0.5688,0.7376,40.42,0.02636255924170616
Rectangle,80,80,26,10,36,300,0,0,30,0.745,0.5896,25.28,0.02632964718272775
Cylinder,80,80,30,30,60,300,0,-75.0,54,0.6079,0.9843,42.12,0.02632553317535545
Rectangle,100,80,36,30,66,450,0,0,60,0.9789,0.9844,34.48,0.026282951103475283
Rectangle,80,60,30,20,50,300,0,0,44,0.7879,0.8716,30.21,0.026165459474529834
Cylinder,100,100,44,10,54,300,0,75.0,48,0.6825,0.7376,47.04,0.026132174828857293
Rectangle,100,80,44,20,64,300,75.0,0,58,0.6322,0.9843,49.74,0.0260693833092138
Rectangle,80,100,44,30,74,450,0,0,68,1.099,0.9844,38.25,0.02600589018119011
Cylinder,60,60,60,30,90,300,0,-75.0,84,0.6968,1.4073,46.8,0.026000526592943655
Rectangle,60,60,60,30,90,300,0,-75.0,84,0.6528,1.4073,46.8,0.026000526592943655
Cylinder,100,100,60,10,70,300,75.0,0,64,0.9101,0.7376,60.66,0.025998645903859176
Rectangle,80,100,26,20,46,450,0,0,40,0.6649,0.9844,23.76,0.025982540860024533
Rectangle,80,80,30,30,60,450,0,0,54,0.8866,0.9844,27.69,0.025955272511848343
Cylinder,100,100,36,20,56,300,-75.0,0,50,0.711,0.7376,48.36,0.025907667569397427
Rectangle,80,100,60,30,90,450,0,112.5,84,0.6117,1.5765,46.31,0.025886549206343833
Rectangle,100,80,60,30,90,450,0,112.5,84,0.6117,1.5765,46.31,0.025886549206343833
Rectangle,60,80,60,20,80,300,75.0,0,74,0.5831,1.4073,47.63,0.02578067330578675
Rectangle,80,60,60,20,80,300,75.0,0,74,0.5831,1.4073,47.63,0.02578067330578675
Cylinder,80,80,44,20,64,300,0,75.0,58,0.6529,0.9843,43.92,0.025733116113744077
Rectangle,60,80,60,0,60,300,0,0,54,0.9482,0.8716,35.49,0.025609657230789826
Rectangle,80,60,60,0,60,300,0,0,54,0.9482,0.8716,35.49,0.025609657230789826
Rectangle,80,100,30,30,60,450,0,112.5,54,0.4002,1.5765,30.0,0.02515245303482065
Rectangle,100,80,36,10,46,300,0,0,40,0.9789,0.5896,34.48,0.02514021409897636
Cylinder,80,80,22,10,32,300,0,0,26,0.6585,0.5896,21.41,0.025085159952606635
Cylinder,100,100,26,30,56,450,112.5,0,50,0.474,1.2064,31.1,0.02499259478672986
Cylinder,100,100,30,10,40,300,0,75.0,34,0.4835,0.7376,33.1,0.024822274881516587
Rectangle,80,100,30,20,50,300,0,-75.0,44,0.4861,0.9843,36.95,0.02478485299705039
Cylinder,60,60,26,30,56,300,0,75.0,50,0.4147,1.4073,27.69,0.024719307154141276
Rectangle,80,60,36,30,66,300,0,75.0,60,0.4809,1.4073,37.46,0.024577082899179592
Rectangle,100,80,36,30,66,300,0,-75.0,60,0.6526,0.9843,48.24,0.024516704675750334
Cylinder,80,80,26,30,56,450,0,0,50,0.8442,0.9844,24.37,0.024476874576844956
Rectangle,100,80,30,10,40,300,0,0,34,0.8398,0.5896,29.19,0.024473552064163875
Cylinder,60,60,44,20,64,300,0,0,58,1.0824,0.8716,31.3,0.024452631319115327
Rectangle,60,60,44,20,64,300,0,0,58,1.0095,0.8716,31.3,0.024452631319115327
Rectangle,80,80,36,20,56,300,0,75.0,50,0.5495,0.9843,36.45,0.024410756601218685
Rectangle,80,80,44,30,74,300,75.0,0,68,0.7328,0.9843,48.14,0.02439717561163059
Rectangle,80,100,60,20,80,300,0,-75.0,74,0.7913,0.9843,58.0,0.02431624574169462
Rectangle,100,80,60,20,80,300,0,-75.0,74,0.7913,0.9843,58.0,0.02431624574169462
Cylinder,100,100,60,0,60,300,0,75.0,54,0.7679,0.7376,48.54,0.024269352290679308
Cylinder,80,80,60,20,80,300,-75.0,0,74,0.833,0.9843,51.72,0.024242816943127965
Rectangle,80,80,60,20,80,300,-75.0,0,74,0.7913,0.9843,51.72,0.024242816943127965
Cylinder,100,100,30,20,50,300,0,-75.0,44,0.6257,0.7376,40.13,0.024075829383886256
Rectangle,60,80,60,30,90,450,0,0,84,0.9791,1.4074,33.21,0.02397075317873594
Rectangle,80,60,60,30,90,450,0,0,84,0.9791,1.4074,33.21,0.02397075317873594
Rectangle,80,80,22,10,32,300,0,0,26,0.6488,0.5896,20.38,0.023881812796208532
Cylinder,100,100,60,20,80,450,0,0,74,1.5782,0.7376,42.42,0.023859597156398106
Cylinder,100,100,26,20,46,450,0,0,40,0.8531,0.7376,24.37,0.023838347413970742
Rectangle,80,100,22,30,52,600,0,0,46,0.5758,1.3792,18.44,0.023793377358102483
Cylinder,100,100,36,20,56,300,75.0,0,50,0.711,0.7376,44.1,0.023622630331753554
Rectangle,100,80,36,20,56,300,-75.0,0,50,0.5495,0.9843,39.4,0.02359594837038803
Cylinder,80,80,30,20,50,300,0,75.0,44,0.4953,0.9843,31.42,0.023563388625592416
Cylinder,60,60,22,20,42,300,0,0,36,0.6718,0.8716,19.71,0.02346159632889491
Rectangle,80,100,30,20,50,300,-75.0,0,44,0.4861,0.9843,34.83,0.023367440238801114
Rectangle,80,80,44,20,64,300,0,75.0,58,0.6322,0.9843,39.87,0.02336113373815166
Rectangle,60,80,60,10,70,300,0,75.0,64,0.5106,1.4073,37.7,0.02331926336922384
Rectangle,80,60,60,10,70,300,0,75.0,64,0.5106,1.4073,37.7,0.02331926336922384
Rectangle,80,60,22,30,52,450,0,0,46,0.5607,1.4074,18.66,0.023309162145013853
Rectangle,60,60,26,30,56,300,0,75.0,50,0.4049,1.4073,26.07,0.02327352742044685
Rectangle,100,80,44,10,54,300,0,0,48,1.1578,0.5896,37.34,0.023194249964082533
Cylinder,100,100,60,30,90,450,0,112.5,84,0.7963,1.2064,46.31,0.023153633491311217
Cylinder,100,100,26,10,36,300,0,75.0,30,0.4266,0.7376,27.69,0.023071353343865196
Rectangle,60,80,36,20,56,300,0,0,50,0.8852,0.8716,29.7,0.022965015785301628
Cylinder,100,100,44,30,74,450,0,0,68,1.4503,0.7376,37.66,0.022900121685666706
Cylinder,60,60,44,30,74,300,0,75.0,68,0.564,1.4073,33.83,0.022856090687844242
Rectangle,60,60,44,30,74,300,0,75.0,68,0.5399,1.4073,33.83,0.022856090687844242
Cylinder,100,100,30,30,60,450,0,112.5,54,0.5119,1.2064,30.47,0.02285248815165877
Rectangle,80,80,26,30,56,450,0,0,50,0.8241,0.9844,22.65,0.022751195412999324
Rectangle,80,60,30,30,60,300,0,75.0,54,0.4355,1.4073,31.52,0.022745137974591295
Cylinder,60,60,36,30,66,300,0,0,60,1.1197,0.8716,29.96,0.02269436066829432
Rectangle,80,80,30,20,50,300,0,75.0,44,0.4861,0.9843,30.11,0.02258590047393365
Rectangle,60,80,60,30,90,300,0,-75.0,84,0.6528,1.4073,46.8,0.02251711654126206
Rectangle,80,60,60,30,90,300,0,-75.0,84,0.6528,1.4073,46.8,0.02251711654126206
Rectangle,100,80,22,20,42,450,0,0,36,0.6002,0.9844,18.72,0.022425021609150733
Rectangle,100,80,26,10,36,300,0,0,30,0.745,0.5896,23.99,0.02235405635089393
Cylinder,80,80,60,20,80,300,75.0,0,74,0.833,0.9843,47.63,0.02232671800947867
Rectangle,80,80,60,20,80,300,75.0,0,74,0.7913,0.9843,47.63,0.02232671800947867
Rectangle,100,80,30,30,60,450,0,0,54,0.8866,0.9844,26.58,0.022287822109854243
Rectangle,60,60,22,20,42,300,0,0,36,0.6533,0.8716,18.66,0.02221563981042654
Cylinder,80,80,22,20,42,300,0,-75.0,36,0.4053,0.9843,24.84,0.02218037689009253
Cylinder,80,80,60,0,60,300,0,0,54,1.3676,0.5896,35.49,0.02217861374407583
Rectangle,80,80,60,0,60,300,0,0,54,1.2868,0.5896,35.49,0.02217861374407583
Cylinder,60,60,30,30,60,300,0,0,54,1.0077,0.8716,26.58,0.022149815692469717
Rectangle,80,100,44,30,74,300,-75.0,0,68,0.7328,0.9843,48.58,0.022018409859138766
Rectangle,80,100,44,30,74,300,0,-75.0,68,0.7328,0.9843,48.46,0.02196470642045794
Rectangle,100,80,36,20,56,300,75.0,0,50,0.5495,0.9843,36.53,0.021880954629181888
Cylinder,100,100,60,20,80,300,0,-75.0,74,1.0522,0.7376,58.0,0.021749111374407583
Cylinder,100,100,44,30,74,300,0,-75.0,68,0.9669,0.7376,53.55,0.0217112847444601
Rectangle,80,100,36,30,66,450,0,0,60,0.9789,0.9844,28.46,0.02169171394049707
Rectangle,80,100,60,20,80,300,-75.0,0,74,0.7913,0.9843,51.72,0.021683434660367113
Rectangle,100,80,60,20,80,300,-75.0,0,74,0.7913,0.9843,51.72,0.021683434660367113
Rectangle,80,80,26,20,46,300,-75.0,0,40,0.4433,0.9843,26.42,0.021539511642283123
Rectangle,80,80,36,30,66,300,-75.0,0,60,0.6526,0.9843,37.89,0.021531218583943707
Rectangle,80,100,44,10,54,300,0,0,48,1.1578,0.5896,34.6,0.021489331537320255
Rectangle,60,60,36,30,66,300,0,0,60,1.0396,0.8716,28.18,0.021347958255541196
Rectangle,100,80,36,20,56,300,0,75.0,50,0.5495,0.9843,35.31,0.021147646960528222
Rectangle,80,60,30,30,60,300,-75.0,0,54,0.4355,1.4073,29.11,0.021006474545455872
Rectangle,80,60,44,20,64,300,0,0,58,1.0095,0.8716,31.04,0.021002911710560103
Rectangle,80,60,26,20,46,300,0,0,40,0.7213,0.8716,22.29,0.020986646594731588
Rectangle,80,100,30,20,50,300,75.0,0,44,0.4861,0.9843,31.12,0.020877032775708935
Rectangle,60,80,44,20,64,300,0,0,58,1.0095,0.8716,30.83,0.02085594477110962
Rectangle,80,60,30,30,60,300,75.0,0,54,0.4355,1.4073,28.89,0.02084970981004202
Cylinder,80,80,60,30,90,450,0,0,84,1.4183,0.9844,33.21,0.02075928120063191
Rectangle,80,80,60,30,90,450,0,0,84,1.3287,0.9844,33.21,0.02075928120063191
Rectangle,80,100,36,10,46,300,0,0,40,0.9789,0.5896,28.46,0.020748595943084154
Rectangle,80,80,30,30,60,300,0,-75.0,54,0.5911,0.9843,33.18,0.020734597156398103
Rectangle,60,80,26,30,56,300,0,-75.0,50,0.4049,1.4073,26.7,0.020644083338914765
Cylinder,60,60,60,30,90,300,-75.0,0,84,0.6968,1.4073,36.99,0.020548095488853783
Rectangle,60,60,60,30,90,300,-75.0,0,84,0.6528,1.4073,36.99,0.020548095488853783
Rectangle,100,80,44,20,64,300,0,75.0,58,0.6322,0.9843,39.02,0.020449821921002965
Rectangle,60,80,22,30,52,450,0,0,46,0.5607,1.4074,16.33,0.020398600099393073
Rectangle,60,80,30,20,50,300,0,0,44,0.7879,0.8716,23.36,0.02023120167213647
Cylinder,80,80,60,10,70,300,0,75.0,64,0.7205,0.9843,37.7,0.020195074475287744
Rectangle,80,80,60,10,70,300,0,75.0,64,0.693,0.9843,37.7,0.020195074475287744
Rectangle,80,100,22,20,42,450,0,0,36,0.6002,0.9844,16.75,0.02005951300059053
Rectangle,80,80,26,20,46,300,75.0,0,40,0.4433,0.9843,24.61,0.02005846898825469
Rectangle,80,100,44,30,74,300,75.0,0,68,0.7328,0.9843,44.25,0.02005823434728861
Cylinder,100,100,36,30,66,450,0,0,60,1.2796,0.7376,29.34,0.02000753985351142
Cylinder,100,100,22,30,52,600,0,0,46,0.7358,1.0502,17.34,0.0200054684651841
Rectangle,80,100,60,20,80,300,75.0,0,74,0.7913,0.9843,47.63,0.01996962367346524
Rectangle,100,80,60,20,80,300,75.0,0,74,0.7913,0.9843,47.63,0.01996962367346524
Cylinder,80,80,26,20,46,300,0,75.0,40,0.4503,0.9843,24.49,0.019961879249948484
Rectangle,80,80,22,20,42,300,0,-75.0,36,0.4002,0.9843,22.35,0.019958812909049876
Rectangle,60,60,30,30,60,300,0,0,54,0.9482,0.8716,23.91,0.019928251711427064
Rectangle,80,100,30,10,40,300,0,0,34,0.8398,0.5896,23.76,0.01991994799268548
Cylinder,60,60,60,10,70,300,0,0,64,1.1943,0.8716,27.88,0.01991649740464906
Rectangle,60,60,60,10,70,300,0,0,64,1.0985,0.8716,27.88,0.01991649740464906
Cylinder,80,80,30,30,60,300,-75.0,0,54,0.6079,0.9843,31.79,0.01987065560821485
Rectangle,80,100,60,0,60,300,0,0,54,1.2868,0.5896,35.49,0.01983715519138587
Rectangle,100,80,60,0,60,300,0,0,54,1.2868,0.5896,35.49,0.01983715519138587
Rectangle,80,60,44,30,74,300,0,75.0,68,0.5399,1.4073,33.75,0.019747734606064077
Rectangle,60,80,44,30,74,300,0,75.0,68,0.5399,1.4073,33.71,0.019724624325659086
Cylinder,80,80,36,20,56,300,0,0,50,1.2663,0.5896,29.34,0.019650262356127286
Rectangle,80,80,36,30,66,300,75.0,0,60,0.6526,0.9843,34.52,0.019612595145770503
Rectangle,60,80,36,30,66,300,0,75.0,60,0.4809,1.4073,29.86,0.01958911404510255
Cylinder,80,80,60,30,90,300,0,-75.0,84,0.9456,0.9843,46.8,0.019500394944707743
Rectangle,80,80,60,30,90,300,0,-75.0,84,0.8859,0.9843,46.8,0.019500394944707743
Cylinder,100,100,60,20,80,300,-75.0,0,74,1.0522,0.7376,51.72,0.01939425355450237
Cylinder,100,100,36,10,46,300,0,0,40,1.2796,0.4251,29.34,0.019137646816402225
Rectangle,80,60,26,30,56,300,0,75.0,50,0.4049,1.4073,24.31,0.018796498957251533
Rectangle,100,80,30,20,50,300,0,75.0,44,0.4861,0.9843,28.0,0.018784030758854868
Cylinder,100,100,44,10,54,300,0,0,48,1.5356,0.4251,33.81,0.018781814990345792
Cylinder,100,100,22,30,52,450,0,-112.5,46,0.4361,1.2064,21.7,0.01878076011666059
Rectangle,80,100,26,10,36,300,0,0,30,0.745,0.5896,20.12,0.018747969894288816
Cylinder,60,60,60,30,90,300,75.0,0,84,0.6968,1.4073,33.53,0.018628225381779884
Rectangle,60,60,60,30,90,300,75.0,0,84,0.6528,1.4073,33.53,0.018628225381779884
Cylinder,60,60,60,20,80,300,0,75.0,74,0.6138,1.4073,29.8,0.018624111374407584
Rectangle,60,60,60,20,80,300,0,75.0,74,0.5831,1.4073,29.8,0.018624111374407584
Cylinder,80,80,30,30,60,300,75.0,0,54,0.6079,0.9843,29.78,0.01861176935229068
Rectangle,80,100,30,30,60,450,0,0,54,0.8866,0.9844,22.16,0.018578704611631844
Rectangle,80,100,60,30,90,450,0,0,84,1.3287,0.9844,33.21,0.01856766557145856
Rectangle,100,80,60,30,90,450,0,0,84,1.3287,0.9844,33.21,0.01856766557145856
Rectangle,80,80,26,20,46,300,0,75.0,40,0.4433,0.9843,22.59,0.01841644343704925
Cylinder,80,80,44,20,64,300,0,0,58,1.4689,0.5896,31.3,0.018339473489336493
Cylinder,100,100,44,30,74,300,-75.0,0,68,0.9669,0.7376,45.22,0.018332906366081723
Rectangle,100,80,30,30,60,300,0,-75.0,54,0.5911,0.9843,32.78,0.01832480668764638
Cylinder,100,100,30,10,40,300,0,0,34,1.0877,0.4251,24.37,0.018276066350710902
Rectangle,80,100,26,20,46,300,0,-75.0,40,0.4433,0.9843,24.9,0.018156821293705147
Cylinder,100,100,30,20,50,300,-75.0,0,44,0.6257,0.7376,30.13,0.018080568720379147
Rectangle,80,100,60,10,70,300,0,75.0,64,0.693,0.9843,37.7,0.018063023734965718
Rectangle,100,80,60,10,70,300,0,75.0,64,0.693,0.9843,37.7,0.018063023734965718
Rectangle,60,80,26,30,56,300,-75.0,0,50,0.4049,1.4073,23.2,0.0179414185822669
Cylinder,100,100,26,30,56,450,0,112.5,50,0.474,1.2064,22.27,0.01789945836154367
Cylinder,100,100,60,20,80,300,75.0,0,74,1.0522,0.7376,47.63,0.017861374407582935
Rectangle,100,80,22,20,42,300,0,-75.0,36,0.4002,0.9843,22.35,0.01785170496593434
Rectangle,60,80,60,30,90,300,-75.0,0,84,0.6528,1.4073,36.99,0.017795172692735797
Rectangle,80,60,60,30,90,300,-75.0,0,84,0.6528,1.4073,36.99,0.017795172692735797
Cylinder,100,100,60,0,60,300,0,0,54,1.7275,0.4251,35.49,0.017742890995260663
Rectangle,100,80,30,20,50,300,75.0,0,44,0.4861,0.9843,26.42,0.017724282902219893
Rectangle,100,80,30,20,50,300,-75.0,0,44,0.4861,0.9843,26.36,0.017684542357596086
Rectangle,80,100,44,20,64,300,0,75.0,58,0.6322,0.9843,33.73,0.017676263077466125
Rectangle,80,60,36,30,66,300,0,0,60,1.0396,0.8716,26.74,0.017542103450442364
Rectangle,80,100,60,30,90,300,0,-75.0,84,0.8859,0.9843,46.8,0.017441683473783904
Rectangle,100,80,60,30,90,300,0,-75.0,84,0.8859,0.9843,46.8,0.017441683473783904
Rectangle,80,100,36,30,66,300,0,-75.0,60,0.6526,0.9843,34.28,0.017421612491650668
Rectangle,80,80,44,20,64,300,0,0,58,1.3701,0.5896,29.72,0.01741382183056872
Cylinder,60,60,26,30,56,300,0,0,50,0.9331,0.8716,19.45,0.01736698826450011
Rectangle,80,80,36,20,56,300,0,0,50,1.2013,0.5896,25.87,0.0173229096140826
Rectangle,60,80,26,20,46,300,0,0,40,0.7213,0.8716,18.38,0.017306083241536853
Rectangle,60,80,60,10,70,300,0,0,64,1.0985,0.8716,27.88,0.017248192706832925
Rectangle,80,60,60,10,70,300,0,0,64,1.0985,0.8716,27.88,0.017248192706832925
Cylinder,80,80,44,30,74,300,0,75.0,68,0.7655,0.9843,33.83,0.01714206801588318
Cylinder,80,80,30,20,50,300,0,0,44,1.1144,0.5896,22.81,0.017106042654028437
Cylinder,80,80,36,30,66,300,0,75.0,60,0.6754,0.9843,30.09,0.017099310641964672
Cylinder,100,100,30,20,50,300,75.0,0,44,0.6257,0.7376,28.38,0.017026066350710897
Rectangle,80,80,44,30,74,300,0,75.0,68,0.7328,0.9843,33.49,0.016971948251569103
Cylinder,60,60,44,30,74,300,0,0,68,1.269,0.8716,24.9,0.01682517825882755
Rectangle,60,60,44,30,74,300,0,0,68,1.1558,0.8716,24.9,0.01682517825882755
Cylinder,100,100,44,30,74,300,75.0,0,68,0.9669,0.7376,41.29,0.016739784808505187
Rectangle,80,100,36,20,56,300,0,75.0,50,0.5495,0.9843,27.86,0.01668866323339224
Cylinder,100,100,60,30,90,450,0,0,84,1.7915,0.7376,33.21,0.01660742496050553
Rectangle,100,80,26,30,56,450,0,0,50,0.8241,0.9844,18.48,0.016605870432092634
Cylinder,100,100,36,30,66,300,0,-75.0,60,0.8532,0.7376,36.49,0.016587677725118485
Rectangle,100,80,44,30,74,300,-75.0,0,68,0.7328,0.9843,36.59,0.016585411979261843
Cylinder,100,100,30,30,60,450,0,0,54,1.1517,0.7376,21.96,0.01646919431279621
Cylinder,80,80,26,30,56,300,0,-75.0,50,0.5629,0.9843,24.57,0.016450152335815843
Rectangle,80,80,36,30,66,300,0,75.0,60,0.6526,0.9843,28.89,0.01641488941548183
Cylinder,100,100,44,20,64,300,0,75.0,58,0.8247,0.7376,34.85,0.016337751777251185
Rectangle,60,60,26,30,56,300,0,0,50,0.8852,0.8716,18.27,0.0163091006544798
Rectangle,80,80,30,20,50,300,0,0,44,1.0693,0.5896,21.74,0.01630627962085308
Cylinder,100,100,22,20,42,450,0,0,36,0.7678,0.7376,15.19,0.016270311442112387
Cylinder,100,100,26,10,36,300,0,0,30,0.9597,0.4251,19.45,0.016209189046866773
Cylinder,100,100,60,10,70,300,0,75.0,64,0.9101,0.7376,37.7,0.016156059580230198
Rectangle,60,80,60,30,90,300,75.0,0,84,0.6528,1.4073,33.53,0.01613251640804345
Rectangle,80,60,60,30,90,300,75.0,0,84,0.6528,1.4073,33.53,0.01613251640804345
Rectangle,60,80,60,20,80,300,0,75.0,74,0.5831,1.4073,29.8,0.016128953573147684
Rectangle,80,60,60,20,80,300,0,75.0,74,0.5831,1.4073,29.8,0.016128953573147684
Cylinder,100,100,26,20,46,300,0,-75.0,40,0.5688,0.7376,24.57,0.016021017927055427
Rectangle,80,100,36,30,66,300,-75.0,0,60,0.6526,0.9843,31.32,0.015916288831657813
Rectangle,100,80,22,10,32,300,0,0,26,0.6488,0.5896,15.15,0.015875519649199667
Rectangle,60,80,26,30,56,300,75.0,0,50,0.4049,1.4073,20.44,0.015803717644805308
Cylinder,80,80,22,20,42,300,-75.0,0,36,0.4053,0.9843,17.63,0.015744893929135636
Rectangle,60,80,30,30,60,300,0,75.0,54,0.4355,1.4073,21.62,0.015605216843469593
Cylinder,100,100,60,30,90,300,0,-75.0,84,1.1944,0.7376,46.8,0.015600315955766192
Rectangle,100,80,44,30,74,300,75.0,0,68,0.7328,0.9843,34.06,0.01543973862073755
Cylinder,80,80,60,30,90,300,-75.0,0,84,0.9456,0.9843,36.99,0.015411071616640338
Rectangle,80,80,60,30,90,300,-75.0,0,84,0.8859,0.9843,36.99,0.015411071616640338
Rectangle,100,80,26,20,46,300,0,75.0,40,0.4433,0.9843,21.07,0.015363464171596664
Cylinder,80,80,22,30,52,450,0,0,46,0.7767,0.9844,14.04,0.015187807601166604
Cylinder,80,80,22,20,42,300,75.0,0,36,0.4053,0.9843,17.0,0.015180687203791468
Cylinder,100,100,36,20,56,300,0,75.0,50,0.711,0.7376,28.22,0.015117213947190249
Cylinder,80,80,60,10,70,300,0,0,64,1.6209,0.5896,27.88,0.014937373053486795
Rectangle,80,80,60,10,70,300,0,0,64,1.4909,0.5896,27.88,0.014937373053486795
Rectangle,100,80,44,20,64,300,0,0,58,1.3701,0.5896,28.5,0.014933751534416638
Rectangle,80,80,26,30,56,300,0,-75.0,50,0.5495,0.9843,22.26,0.014902991706161136
Rectangle,80,100,26,30,56,450,0,0,50,0.8241,0.9844,16.55,0.014867221604800885
Rectangle,100,80,36,20,56,300,0,0,50,1.2013,0.5896,24.61,0.01473711863133007
Rectangle,80,60,26,30,56,300,75.0,0,50,0.4049,1.4073,19.04,0.014719597883664077
Rectangle,100,80,44,30,74,300,0,75.0,68,0.7328,0.9843,32.35,0.014661038759865568
Rectangle,60,80,36,30,66,300,0,0,60,1.0396,0.8716,22.26,0.014601145191025514
Rectangle,80,60,22,20,42,300,0,0,36,0.6533,0.8716,14.06,0.014495648261644293
Rectangle,60,80,44,30,74,300,0,0,68,1.1558,0.8716,24.76,0.01449014581392882
Rectangle,80,60,26,30,56,300,-75.0,0,50,0.4049,1.4073,18.72,0.014475289205097037
Rectangle,80,100,36,30,66,300,75.0,0,60,0.6526,0.9843,28.04,0.01425039731459905
Cylinder,80,80,60,30,90,300,75.0,0,84,0.9456,0.9843,33.53,0.013971169036334915
Rectangle,80,80,60,30,90,300,75.0,0,84,0.8859,0.9843,33.53,0.013971169036334915
Cylinder,80,80,60,20,80,300,0,75.0,74,0.833,0.9843,29.8,0.013968083530805687
Rectangle,80,80,60,20,80,300,0,75.0,74,0.7913,0.9843,29.8,0.013968083530805687
Rectangle,80,60,44,30,74,300,0,0,68,1.1558,0.8716,23.85,0.013958609364614046
Rectangle,80,100,22,10,32,300,0,0,26,0.6488,0.5896,13.21,0.013847096017359293
Cylinder,80,80,26,20,46,300,0,0,40,1.013,0.5896,16.98,0.013844529157222335
Rectangle,80,100,30,20,50,300,0,75.0,44,0.4861,0.9843,20.6,0.013816462680878439
Rectangle,80,100,26,20,46,300,-75.0,0,40,0.4433,0.9843,18.92,0.013794000633917156
Rectangle,80,100,60,30,90,300,-75.0,0,84,0.8859,0.9843,36.99,0.01378408149637015
Rectangle,100,80,60,30,90,300,-75.0,0,84,0.8859,0.9843,36.99,0.01378408149637015
Rectangle,100,80,36,30,66,300,0,75.0,60,0.6526,0.9843,26.84,0.013638232359535287
Rectangle,80,60,30,30,60,300,0,0,54,0.9482,0.8716,18.66,0.013467515906008006
Cylinder,60,60,60,20,80,300,0,0,74,1.3809,0.8716,21.54,0.013465146129541864
Rectangle,60,60,60,20,80,300,0,0,74,1.2385,0.8716,21.54,0.013465146129541864
Rectangle,80,100,60,10,70,300,0,0,64,1.4909,0.5896,27.88,0.013360392621148031
Rectangle,100,80,60,10,70,300,0,0,64,1.4909,0.5896,27.88,0.013360392621148031
Cylinder,80,80,30,30,60,300,0,75.0,54,0.6079,0.9843,21.35,0.013341725908372827
Rectangle,80,80,30,30,60,300,-75.0,0,54,0.5911,0.9843,21.35,0.013341725908372827
Rectangle,100,80,26,30,56,300,0,-75.0,50,0.5495,0.9843,22.26,0.013329641009236748
Rectangle,80,80,30,30,60,300,75.0,0,54,0.5911,0.9843,21.13,0.013205963665086888
Cylinder,60,60,60,30,90,300,0,75.0,84,0.6968,1.4073,23.7,0.013164823591363877
Rectangle,60,60,60,30,90,300,0,75.0,84,0.6528,1.4073,23.7,0.013164823591363877
Rectangle,80,100,44,20,64,300,0,0,58,1.3701,0.5896,24.64,0.012915677002738712
Cylinder,80,80,44,30,74,300,0,0,68,1.7222,0.5896,24.9,0.012618883694120661
Cylinder,100,100,36,30,66,300,-75.0,0,60,0.8532,0.7376,27.73,0.012602326583369237
Rectangle,80,100,26,20,46,300,75.0,0,40,0.4433,0.9843,17.28,0.012598904545592392
Rectangle,100,80,26,20,46,300,75.0,0,40,0.4433,0.9843,17.16,0.012512512057279757
Rectangle,80,100,60,30,90,300,75.0,0,84,0.8859,0.9843,33.53,0.012496193476154039
Rectangle,100,80,60,30,90,300,75.0,0,84,0.8859,0.9843,33.53,0.012496193476154039
Rectangle,80,100,60,20,80,300,0,75.0,74,0.7913,0.9843,29.8,0.012493433716110718
Rectangle,100,80,60,20,80,300,0,75.0,74,0.7913,0.9843,29.8,0.012493433716110718
Rectangle,100,80,36,30,66,300,75.0,0,60,0.6526,0.9843,24.43,0.012413902449407762
Rectangle,80,100,36,20,56,300,0,0,50,1.2013,0.5896,20.7,0.012395265108855467
Cylinder,80,80,36,30,66,300,0,0,60,1.5196,0.5896,21.78,0.012375682177222463
Cylinder,100,100,60,30,90,300,-75.0,0,84,1.1944,0.7376,36.99,0.012328857293312269
Rectangle,100,80,26,20,46,300,-75.0,0,40,0.4433,0.9843,16.88,0.01231092958455028
Cylinder,100,100,30,20,50,300,0,75.0,44,0.6257,0.7376,20.48,0.012286729857819905
Rectangle,100,80,36,30,66,300,-75.0,0,60,0.6526,0.9843,24.15,0.012273405574475095
Cylinder,100,100,44,20,64,300,0,0,58,1.8555,0.4251,25.77,0.01207975414691943
Rectangle,80,100,44,30,74,300,0,75.0,68,0.7328,0.9843,26.6,0.012056421983845494
Cylinder,100,100,26,30,56,450,0,0,50,1.0664,0.7376,14.93,0.011996445497630332
Cylinder,100,100,36,30,66,300,75.0,0,60,0.8532,0.7376,26.38,0.011991957489587823
Cylinder,100,100,60,10,70,300,0,0,64,2.0474,0.4251,27.88,0.011949898442789438
Rectangle,80,80,44,30,74,300,0,0,68,1.5686,0.5896,23.54,0.011928397591904703
Rectangle,80,80,36,30,66,300,0,0,60,1.4109,0.5896,20.75,0.011792241131696109
Rectangle,60,80,30,30,60,300,0,0,54,0.9482,0.8716,16.33,0.011785857835204888
Rectangle,80,80,26,20,46,300,0,0,40,0.9789,0.5896,14.45,0.011783948073356686
Cylinder,80,80,22,20,42,300,0,75.0,36,0.4053,0.9843,13.17,0.011760183931392464
Rectangle,60,80,60,20,80,300,0,0,74,1.2385,0.8716,21.54,0.011661158613852963
Rectangle,80,60,60,20,80,300,0,0,74,1.2385,0.8716,21.54,0.011661158613852963
Rectangle,80,80,30,30,60,300,0,75.0,54,0.5911,0.9843,18.36,0.01147808056872038
Rectangle,60,80,60,30,90,300,0,75.0,84,0.6528,1.4073,23.7,0.011401071666461803
Rectangle,80,60,60,30,90,300,0,75.0,84,0.6528,1.4073,23.7,0.011401071666461803
Cylinder,80,80,26,30,56,300,-75.0,0,50,0.5629,0.9843,17.02,0.011398738997968855
Rectangle,80,100,30,30,60,300,0,-75.0,54,0.5911,0.9843,20.38,0.011392289458825942
Rectangle,80,80,22,30,52,450,0,0,46,0.7609,0.9844,10.35,0.01119326467371491
Cylinder,100,100,60,30,90,300,75.0,0,84,1.1944,0.7376,33.53,0.01117693522906793
Cylinder,100,100,60,20,80,300,0,75.0,74,1.0522,0.7376,29.8,0.01117446682464455
Cylinder,100,100,26,20,46,300,-75.0,0,40,0.5688,0.7376,17.02,0.01110138058932619
Cylinder,80,80,26,30,56,300,75.0,0,50,0.5629,0.9843,16.57,0.011094596310088016
Cylinder,100,100,44,30,74,300,0,75.0,68,0.9669,0.7376,27.03,0.010959715639810429
Rectangle,100,80,30,20,50,300,0,0,44,1.0693,0.5896,16.23,0.01088890922692433
Cylinder,100,100,30,30,60,300,0,-75.0,54,0.7679,0.7376,21.72,0.010860979462875198
Cylinder,100,100,26,20,46,300,75.0,0,40,0.5688,0.7376,16.57,0.010805172058520503
Cylinder,100,100,36,20,56,300,0,0,50,1.5995,0.4251,20.04,0.010737559241706161
Rectangle,80,60,26,30,56,300,0,0,50,0.8852,0.8716,13.82,0.01068850468730794
Cylinder,100,100,22,30,52,450,-112.5,0,46,0.4361,1.2064,12.3,0.010646418155304411
Cylinder,100,100,22,30,52,450,112.5,0,46,0.4361,1.2064,12.18,0.010543884433102443
Cylinder,100,100,22,10,32,300,0,0,26,0.8318,0.4251,11.0,0.010311759478672985
Cylinder,80,80,60,20,80,300,0,0,74,1.8741,0.5896,21.54,0.010098859597156399
Rectangle,80,80,60,20,80,300,0,0,74,1.6808,0.5896,21.54,0.010098859597156399
Rectangle,80,100,30,20,50,300,0,0,44,1.0693,0.5896,15.05,0.0100940983344481
Rectangle,100,80,30,30,60,300,0,75.0,54,0.5911,0.9843,18.01,0.010067604638032229
Rectangle,100,80,44,30,74,300,0,0,68,1.5686,0.5896,22.12,0.010024641887087567
Rectangle,80,100,22,20,42,300,0,-75.0,36,0.4002,0.9843,12.48,0.00996667627073366
Cylinder,80,80,60,30,90,300,0,75.0,84,0.9456,0.9843,23.7,0.009873617693522909
Rectangle,80,80,60,30,90,300,0,75.0,84,0.8859,0.9843,23.7,0.009873617693522909
Rectangle,80,100,36,30,66,300,0,75.0,60,0.6526,0.9843,19.19,0.009754497316753716
Rectangle,100,80,22,30,52,450,0,0,46,0.7609,0.9844,9.95,0.009629439658846614
Rectangle,60,80,26,30,56,300,0,75.0,50,0.4049,1.4073,12.34,0.009543307756524946
Rectangle,80,100,60,20,80,300,0,0,74,1.6808,0.5896,21.54,0.00903269462178714
Rectangle,100,80,60,20,80,300,0,0,74,1.6808,0.5896,21.54,0.00903269462178714
Rectangle,80,100,44,30,74,300,0,0,68,1.5686,0.5896,19.89,0.00901322712526534
Cylinder,60,60,60,30,90,300,0,0,84,1.5676,0.8716,16.19,0.008995962787431982
Rectangle,60,60,60,30,90,300,0,0,84,1.3677,0.8716,16.19,0.008995962787431982
Cylinder,100,100,22,20,42,300,0,-75.0,36,0.5119,0.7376,12.58,0.008984992101105847
Rectangle,80,80,22,20,42,300,75.0,0,36,0.4002,0.9843,9.89,0.0088333615436696
Rectangle,80,100,60,30,90,300,0,75.0,84,0.8859,0.9843,23.7,0.008831232138624762
Rectangle,100,80,60,30,90,300,0,75.0,84,0.8859,0.9843,23.7,0.008831232138624762
Rectangle,60,80,22,20,42,300,0,0,36,0.6533,0.8716,8.53,0.008795112428413392
Cylinder,80,80,30,30,60,300,0,0,54,1.3676,0.5896,14.06,0.008787519747235387
Cylinder,100,100,36,30,66,300,0,75.0,60,0.8532,0.7376,19.14,0.00869775958638518
Rectangle,100,80,26,20,46,300,0,0,40,0.9789,0.5896,11.81,0.008610451335159143
Cylinder,80,80,26,30,56,300,0,75.0,50,0.5629,0.9843,12.78,0.00855566604603927
Rectangle,80,80,22,20,42,300,-75.0,0,36,0.4002,0.9843,9.48,0.008463100880162491
Cylinder,80,80,22,30,52,300,0,-75.0,46,0.5178,0.9843,11.61,0.008373587313160772
Cylinder,100,100,26,20,46,300,0,75.0,40,0.5688,0.7376,12.78,0.008332474757881724
Rectangle,80,80,22,30,52,300,0,-75.0,46,0.5073,0.9843,11.53,0.008316624134159678
Cylinder,100,100,22,30,52,450,0,112.5,46,0.4361,1.2064,9.52,0.008236875683558149
Rectangle,80,100,26,20,46,300,0,75.0,40,0.4433,0.9843,11.14,0.008120893901387552
Cylinder,100,100,60,20,80,300,0,0,74,2.3673,0.4251,21.54,0.008079087677725118
Rectangle,80,80,22,20,42,300,0,75.0,36,0.4002,0.9843,8.93,0.007969419995486346
Cylinder,60,60,22,30,52,300,0,0,46,0.8584,0.8716,8.27,0.00795585733381942
Cylinder,100,100,60,30,90,300,0,75.0,84,1.1944,0.7376,23.7,0.007898894154818325
Cylinder,100,100,30,20,50,300,0,0,44,1.4076,0.4251,13.15,0.007890995260663506
Rectangle,100,80,30,30,60,300,-75.0,0,54,0.5911,0.9843,14.06,0.007859796603376037
Rectangle,100,80,36,30,66,300,0,0,60,1.4109,0.5896,15.38,0.007817647540896238
Rectangle,60,80,60,30,90,300,0,0,84,1.3677,0.8716,16.19,0.007790732305415565
Rectangle,80,60,60,30,90,300,0,0,84,1.3677,0.8716,16.19,0.007790732305415565
Rectangle,100,80,30,30,60,300,75.0,0,54,0.5911,0.9843,13.88,0.007760445241816509
Cylinder,100,100,44,30,74,300,0,0,68,2.1754,0.4251,19.1,0.007741449980786475
Rectangle,100,80,22,30,52,300,0,-75.0,46,0.5073,0.9843,11.53,0.00743861476291855
Rectangle,80,100,30,30,60,300,-75.0,0,54,0.5911,0.9843,13.11,0.0073299226750585525
Rectangle,80,100,26,30,56,300,0,-75.0,50,0.5495,0.9843,12.16,0.007285766514365428
Rectangle,80,100,30,30,60,300,75.0,0,54,0.5911,0.9843,12.95,0.007241610353672304
Rectangle,100,80,22,20,42,300,0,75.0,36,0.4002,0.9843,8.93,0.007128065940461416
Rectangle,80,100,36,30,66,300,0,0,60,1.4109,0.5896,13.72,0.006974666291300238
Cylinder,80,80,60,30,90,300,0,0,84,2.1274,0.5896,16.19,0.006746972090573987
Rectangle,80,80,60,30,90,300,0,0,84,1.8562,0.5896,16.19,0.006746972090573987
Cylinder,100,100,26,30,56,300,0,-75.0,50,0.711,0.7376,12.3,0.00659063981042654
Rectangle,80,80,30,30,60,300,0,0,54,1.2868,0.5896,10.35,0.006467219589257504
Rectangle,80,80,26,30,56,300,75.0,0,50,0.5495,0.9843,9.62,0.0064398908259986455
Rectangle,60,80,26,30,56,300,0,0,50,0.8852,0.8716,8.14,0.006290948473101244
Cylinder,100,100,30,30,60,300,-75.0,0,54,0.7679,0.7376,12.38,0.006190758293838863
Rectangle,80,80,26,30,56,300,-75.0,0,50,0.5495,0.9843,9.12,0.006109300947867298
Cylinder,100,100,30,30,60,300,75.0,0,54,0.7679,0.7376,12.18,0.006092022116903634
Rectangle,80,100,60,30,90,300,0,0,84,1.8562,0.5896,16.19,0.006034675294726921
Rectangle,100,80,60,30,90,300,0,0,84,1.8562,0.5896,16.19,0.006034675294726921
Rectangle,80,80,26,30,56,300,0,75.0,50,0.5495,0.9843,8.75,0.0058580526404874746
Rectangle,100,80,30,30,60,300,0,0,54,1.2868,0.5896,9.95,0.0055636762473336
Rectangle,60,60,22,30,52,300,0,0,46,0.8207,0.8716,5.67,0.005449477457771297
Rectangle,100,80,22,20,42,300,-75.0,0,36,0.4002,0.9843,6.79,0.005424899742298069
Cylinder,100,100,60,30,90,300,0,0,84,2.6872,0.4251,16.19,0.005397577672459189
Rectangle,100,80,22,20,42,300,75.0,0,36,0.4002,0.9843,6.67,0.00533027939795566
Cylinder,80,80,22,20,42,300,0,0,36,0.9117,0.5896,5.96,0.005324700970435568
Cylinder,100,100,36,30,66,300,0,0,60,1.9195,0.4251,11.57,0.005259945425822203
Rectangle,100,80,26,30,56,300,0,75.0,50,0.5495,0.9843,8.75,0.005239601567960851
Cylinder,100,100,30,30,60,300,0,75.0,54,0.7679,0.7376,9.58,0.00478870458135861
Rectangle,80,100,22,20,42,300,75.0,0,36,0.4002,0.9843,5.96,0.004762557331901211
Rectangle,80,60,22,30,52,300,0,0,46,0.8207,0.8716,5.67,0.004719385915780583
Rectangle,80,100,26,20,46,300,0,0,40,0.9789,0.5896,6.34,0.004621998124725894
Rectangle,80,100,22,20,42,300,-75.0,0,36,0.4002,0.9843,5.55,0.004431386126702783
Rectangle,100,80,26,30,56,300,-75.0,0,50,0.5495,0.9843,6.46,0.0038676065749959332
Rectangle,100,80,26,30,56,300,75.0,0,50,0.5495,0.9843,6.34,0.0037966413167391275
Cylinder,80,80,26,30,56,300,0,0,50,1.2663,0.5896,5.67,0.003795171800947867
Cylinder,100,100,26,20,46,300,0,0,40,1.2796,0.4251,5.67,0.0036961673191840097
Rectangle,80,100,26,30,56,300,75.0,0,50,0.5495,0.9843,5.92,0.003548262912840306
Cylinder,100,100,22,20,42,300,0,75.0,36,0.5119,0.7376,4.96,0.003540397201534643
Rectangle,80,80,22,20,42,300,0,0,36,0.8866,0.5896,3.93,0.003508660573234033
Rectangle,80,100,30,30,60,300,0,75.0,54,0.5911,0.9843,6.24,0.0034883366947567806
Cylinder,80,80,22,30,52,300,0,75.0,46,0.5178,0.9843,4.68,0.003375068355814801
Rectangle,80,100,26,30,56,300,-75.0,0,50,0.5495,0.9843,5.43,0.0032525743367702803
Cylinder,100,100,22,20,42,300,-75.0,0,36,0.5119,0.7376,4.54,0.0032441886707289553
Rectangle,100,80,22,20,42,300,0,0,36,0.8866,0.5896,3.93,0.003138241420689871
Cylinder,100,100,22,20,42,300,75.0,0,36,0.5119,0.7376,4.34,0.003103136989392914
Cylinder,80,80,22,30,52,300,-75.0,0,46,0.5178,0.9843,4.19,0.0030190484870579654
Cylinder,80,80,22,30,52,300,75.0,0,46,0.5178,0.9843,4.05,0.0029193629238060516
Rectangle,80,100,22,20,42,300,0,75.0,36,0.4002,0.9843,3.38,0.002696679813758633
Cylinder,100,100,26,30,56,300,0,75.0,50,0.711,0.7376,4.9,0.0026235612728503725
Rectangle,80,80,26,30,56,300,0,0,50,1.2013,0.5896,3.69,0.0024728122884224778
Cylinder,100,100,26,30,56,300,-75.0,0,50,0.711,0.7376,4.4,0.0023590893703452943
Rectangle,80,80,22,30,52,300,0,75.0,46,0.5073,0.9843,3.26,0.002349731133795115
Cylinder,100,100,26,30,56,300,75.0,0,50,0.711,0.7376,4.23,0.002263879485443466
Rectangle,100,80,26,30,56,300,0,0,50,1.2013,0.5896,3.69,0.0022117505490037905
Rectangle,100,80,22,30,52,300,0,75.0,46,0.5073,0.9843,3.26,0.002101663417605412
Rectangle,80,100,26,30,56,300,0,75.0,50,0.5495,0.9843,3.34,0.0019988547742333723
Rectangle,80,80,22,30,52,300,-75.0,0,46,0.5073,0.9843,2.53,0.001822821728034998
Rectangle,80,80,22,30,52,300,75.0,0,46,0.5073,0.9843,2.43,0.001751617754283631
Cylinder,100,100,22,30,52,450,0,0,46,0.9811,0.7376,1.95,0.0016918064163324827
Rectangle,80,100,22,30,52,300,-75.0,0,46,0.5073,0.9843,2.53,0.001630381317899956
Rectangle,80,100,22,30,52,300,75.0,0,46,0.5073,0.9843,2.43,0.001566694547669489
Rectangle,80,100,22,30,52,450,0,0,46,0.7609,0.9844,1.46,0.001413846299116368
Cylinder,100,100,30,30,60,300,0,0,54,1.7275,0.4251,2.09,0.001046603475513428
Rectangle,80,100,30,30,60,300,0,0,54,1.2868,0.5896,1.46,0.0008168889728227905
Cylinder,100,100,22,30,52,300,0,75.0,46,0.6541,0.7376,1.26,0.0007291286912139992
Rectangle,80,100,22,30,52,300,0,75.0,46,0.5073,0.9843,0.87,0.0005604435780281098
Rectangle,80,100,22,30,52,300,0,-75.0,46,0.5073,0.9843,0.81,0.0005222315158898296
Cylinder,100,100,22,30,52,300,0,-75.0,46,0.6541,0.7376,0.87,0.0005012759752096245
Cylinder,80,80,22,30,52,300,0,0,46,1.165,0.5896,0.0,0.0
Cylinder,100,100,22,20,42,300,0,0,36,1.1517,0.4251,0.0,0.0
Cylinder,100,100,22,30,52,300,0,0,46,1.4716,0.4251,0.0,0.0
Cylinder,100,100,22,30,52,300,-75.0,0,46,0.6541,0.7376,0.0,0.0
Cylinder,100,100,22,30,52,300,75.0,0,46,0.6541,0.7376,0.0,0.0
Cylinder,100,100,26,30,56,300,0,0,50,1.5995,0.4251,0.0,0.0
Rectangle,60,80,22,30,52,300,0,0,46,0.8207,0.8716,0.0,0.0
Rectangle,80,80,22,30,52,300,0,0,46,1.1138,0.5896,0.0,0.0
Rectangle,80,100,22,20,42,300,0,0,36,0.8866,0.5896,0.0,0.0
Rectangle,80,100,22,30,52,300,0,0,46,1.1138,0.5896,0.0,0.0
Rectangle,80,100,26,30,56,300,0,0,50,1.2013,0.5896,0.0,0.0
Rectangle,100,80,22,30,52,300,0,0,46,1.1138,0.5896,0.0,0.0
Rectangle,100,80,22,30,52,300,-75.0,0,46,0.5073,0.9843,0.0,0.0
Rectangle,100,80,22,30,52,300,75.0,0,46,0.5073,0.9843,0.0,0.0
